ISO-10303-21;
HEADER;
FILE_DESCRIPTION(('HyperMesh mesh geometry decoded by hmdecoder'),'2;1');
FILE_NAME('1d_elements.step','',('hmdecoder'),(''),'hmdecoder','HyperMesh','');
FILE_SCHEMA(('CONFIG_CONTROL_DESIGN'));
ENDSEC;
DATA;
#1 = APPLICATION_CONTEXT('configuration control 3D design');
#2 = APPLICATION_PROTOCOL_DEFINITION('international standard','config_control_design',1994,#1);
#3 = ( LENGTH_UNIT() NAMED_UNIT(*) SI_UNIT(.MILLI.,.METRE.) );
#4 = ( NAMED_UNIT(*) PLANE_ANGLE_UNIT() SI_UNIT($,.RADIAN.) );
#5 = ( NAMED_UNIT(*) SI_UNIT($,.STERADIAN.) SOLID_ANGLE_UNIT() );
#6 = UNCERTAINTY_MEASURE_WITH_UNIT(LENGTH_MEASURE(1.E-06),#3,'distance_accuracy_value','Maximum model space deviation');
#7 = ( GEOMETRIC_REPRESENTATION_CONTEXT(3) GLOBAL_UNCERTAINTY_ASSIGNED_CONTEXT((#6)) GLOBAL_UNIT_ASSIGNED_CONTEXT((#3,#4,#5)) REPRESENTATION_CONTEXT('','') );
#8 = CARTESIAN_POINT('',(5.00000000e+00,-5.00000000e+00,0.00000000e+00));
#9 = VERTEX_POINT('',#8);
#10 = CARTESIAN_POINT('',(5.00000000e+00,-5.00000000e+00,-5.00000000e+00));
#11 = VERTEX_POINT('',#10);
#12 = CARTESIAN_POINT('',(5.00000000e+00,-4.50000000e+00,-5.00000000e+00));
#13 = VERTEX_POINT('',#12);
#14 = CARTESIAN_POINT('',(5.00000000e+00,-4.00000000e+00,-5.00000000e+00));
#15 = VERTEX_POINT('',#14);
#16 = CARTESIAN_POINT('',(5.00000000e+00,-3.50000000e+00,-5.00000000e+00));
#17 = VERTEX_POINT('',#16);
#18 = CARTESIAN_POINT('',(5.00000000e+00,-3.00000000e+00,-5.00000000e+00));
#19 = VERTEX_POINT('',#18);
#20 = CARTESIAN_POINT('',(5.00000000e+00,-2.50000000e+00,-5.00000000e+00));
#21 = VERTEX_POINT('',#20);
#22 = CARTESIAN_POINT('',(5.00000000e+00,-2.00000000e+00,-5.00000000e+00));
#23 = VERTEX_POINT('',#22);
#24 = CARTESIAN_POINT('',(5.00000000e+00,-1.50000000e+00,-5.00000000e+00));
#25 = VERTEX_POINT('',#24);
#26 = CARTESIAN_POINT('',(5.00000000e+00,-1.00000000e+00,-5.00000000e+00));
#27 = VERTEX_POINT('',#26);
#28 = CARTESIAN_POINT('',(5.00000000e+00,-5.00000000e-01,-5.00000000e+00));
#29 = VERTEX_POINT('',#28);
#30 = CARTESIAN_POINT('',(5.00000000e+00,2.77555756e-15,-5.00000000e+00));
#31 = VERTEX_POINT('',#30);
#32 = CARTESIAN_POINT('',(5.00000000e+00,5.00000000e-01,-5.00000000e+00));
#33 = VERTEX_POINT('',#32);
#34 = CARTESIAN_POINT('',(5.00000000e+00,1.00000000e+00,-5.00000000e+00));
#35 = VERTEX_POINT('',#34);
#36 = CARTESIAN_POINT('',(5.00000000e+00,1.50000000e+00,-5.00000000e+00));
#37 = VERTEX_POINT('',#36);
#38 = CARTESIAN_POINT('',(5.00000000e+00,2.00000000e+00,-5.00000000e+00));
#39 = VERTEX_POINT('',#38);
#40 = CARTESIAN_POINT('',(5.00000000e+00,2.50000000e+00,-5.00000000e+00));
#41 = VERTEX_POINT('',#40);
#42 = CARTESIAN_POINT('',(5.00000000e+00,3.00000000e+00,-5.00000000e+00));
#43 = VERTEX_POINT('',#42);
#44 = CARTESIAN_POINT('',(5.00000000e+00,3.50000000e+00,-5.00000000e+00));
#45 = VERTEX_POINT('',#44);
#46 = CARTESIAN_POINT('',(5.00000000e+00,4.00000000e+00,-5.00000000e+00));
#47 = VERTEX_POINT('',#46);
#48 = CARTESIAN_POINT('',(5.00000000e+00,4.50000000e+00,-5.00000000e+00));
#49 = VERTEX_POINT('',#48);
#50 = CARTESIAN_POINT('',(5.00000000e+00,5.00000000e+00,-5.00000000e+00));
#51 = VERTEX_POINT('',#50);
#52 = CARTESIAN_POINT('',(4.50000000e+00,5.00000000e+00,-5.00000000e+00));
#53 = VERTEX_POINT('',#52);
#54 = CARTESIAN_POINT('',(4.00000000e+00,5.00000000e+00,-5.00000000e+00));
#55 = VERTEX_POINT('',#54);
#56 = CARTESIAN_POINT('',(3.50000000e+00,5.00000000e+00,-5.00000000e+00));
#57 = VERTEX_POINT('',#56);
#58 = CARTESIAN_POINT('',(3.00000000e+00,5.00000000e+00,-5.00000000e+00));
#59 = VERTEX_POINT('',#58);
#60 = CARTESIAN_POINT('',(2.50000000e+00,5.00000000e+00,-5.00000000e+00));
#61 = VERTEX_POINT('',#60);
#62 = CARTESIAN_POINT('',(2.00000000e+00,5.00000000e+00,-5.00000000e+00));
#63 = VERTEX_POINT('',#62);
#64 = CARTESIAN_POINT('',(1.50000000e+00,5.00000000e+00,-5.00000000e+00));
#65 = VERTEX_POINT('',#64);
#66 = CARTESIAN_POINT('',(1.00000000e+00,5.00000000e+00,-5.00000000e+00));
#67 = VERTEX_POINT('',#66);
#68 = CARTESIAN_POINT('',(5.00000000e-01,5.00000000e+00,-5.00000000e+00));
#69 = VERTEX_POINT('',#68);
#70 = CARTESIAN_POINT('',(-2.77555756e-15,5.00000000e+00,-5.00000000e+00));
#71 = VERTEX_POINT('',#70);
#72 = CARTESIAN_POINT('',(-5.00000000e-01,5.00000000e+00,-5.00000000e+00));
#73 = VERTEX_POINT('',#72);
#74 = CARTESIAN_POINT('',(-1.00000000e+00,5.00000000e+00,-5.00000000e+00));
#75 = VERTEX_POINT('',#74);
#76 = CARTESIAN_POINT('',(-1.50000000e+00,5.00000000e+00,-5.00000000e+00));
#77 = VERTEX_POINT('',#76);
#78 = CARTESIAN_POINT('',(-2.00000000e+00,5.00000000e+00,-5.00000000e+00));
#79 = VERTEX_POINT('',#78);
#80 = CARTESIAN_POINT('',(-2.50000000e+00,5.00000000e+00,-5.00000000e+00));
#81 = VERTEX_POINT('',#80);
#82 = CARTESIAN_POINT('',(-3.00000000e+00,5.00000000e+00,-5.00000000e+00));
#83 = VERTEX_POINT('',#82);
#84 = CARTESIAN_POINT('',(-3.50000000e+00,5.00000000e+00,-5.00000000e+00));
#85 = VERTEX_POINT('',#84);
#86 = CARTESIAN_POINT('',(-4.00000000e+00,5.00000000e+00,-5.00000000e+00));
#87 = VERTEX_POINT('',#86);
#88 = CARTESIAN_POINT('',(-4.50000000e+00,5.00000000e+00,-5.00000000e+00));
#89 = VERTEX_POINT('',#88);
#90 = CARTESIAN_POINT('',(-5.00000000e+00,5.00000000e+00,-5.00000000e+00));
#91 = VERTEX_POINT('',#90);
#92 = CARTESIAN_POINT('',(-5.00000000e+00,4.50000000e+00,-5.00000000e+00));
#93 = VERTEX_POINT('',#92);
#94 = CARTESIAN_POINT('',(-5.00000000e+00,4.00000000e+00,-5.00000000e+00));
#95 = VERTEX_POINT('',#94);
#96 = CARTESIAN_POINT('',(-5.00000000e+00,3.50000000e+00,-5.00000000e+00));
#97 = VERTEX_POINT('',#96);
#98 = CARTESIAN_POINT('',(-5.00000000e+00,3.00000000e+00,-5.00000000e+00));
#99 = VERTEX_POINT('',#98);
#100 = CARTESIAN_POINT('',(-5.00000000e+00,2.50000000e+00,-5.00000000e+00));
#101 = VERTEX_POINT('',#100);
#102 = CARTESIAN_POINT('',(-5.00000000e+00,2.00000000e+00,-5.00000000e+00));
#103 = VERTEX_POINT('',#102);
#104 = CARTESIAN_POINT('',(-5.00000000e+00,1.50000000e+00,-5.00000000e+00));
#105 = VERTEX_POINT('',#104);
#106 = CARTESIAN_POINT('',(-5.00000000e+00,1.00000000e+00,-5.00000000e+00));
#107 = VERTEX_POINT('',#106);
#108 = CARTESIAN_POINT('',(-5.00000000e+00,5.00000000e-01,-5.00000000e+00));
#109 = VERTEX_POINT('',#108);
#110 = CARTESIAN_POINT('',(-5.00000000e+00,2.22044605e-15,-5.00000000e+00));
#111 = VERTEX_POINT('',#110);
#112 = CARTESIAN_POINT('',(-5.00000000e+00,-5.00000000e-01,-5.00000000e+00));
#113 = VERTEX_POINT('',#112);
#114 = CARTESIAN_POINT('',(-5.00000000e+00,-1.00000000e+00,-5.00000000e+00));
#115 = VERTEX_POINT('',#114);
#116 = CARTESIAN_POINT('',(-5.00000000e+00,-1.50000000e+00,-5.00000000e+00));
#117 = VERTEX_POINT('',#116);
#118 = CARTESIAN_POINT('',(-5.00000000e+00,-2.00000000e+00,-5.00000000e+00));
#119 = VERTEX_POINT('',#118);
#120 = CARTESIAN_POINT('',(-5.00000000e+00,-2.50000000e+00,-5.00000000e+00));
#121 = VERTEX_POINT('',#120);
#122 = CARTESIAN_POINT('',(-5.00000000e+00,-3.00000000e+00,-5.00000000e+00));
#123 = VERTEX_POINT('',#122);
#124 = CARTESIAN_POINT('',(-5.00000000e+00,-3.50000000e+00,-5.00000000e+00));
#125 = VERTEX_POINT('',#124);
#126 = CARTESIAN_POINT('',(-5.00000000e+00,-4.00000000e+00,-5.00000000e+00));
#127 = VERTEX_POINT('',#126);
#128 = CARTESIAN_POINT('',(-5.00000000e+00,-4.50000000e+00,-5.00000000e+00));
#129 = VERTEX_POINT('',#128);
#130 = CARTESIAN_POINT('',(-5.00000000e+00,-5.00000000e+00,-5.00000000e+00));
#131 = VERTEX_POINT('',#130);
#132 = CARTESIAN_POINT('',(-4.50000000e+00,-5.00000000e+00,-5.00000000e+00));
#133 = VERTEX_POINT('',#132);
#134 = CARTESIAN_POINT('',(-4.00000000e+00,-5.00000000e+00,-5.00000000e+00));
#135 = VERTEX_POINT('',#134);
#136 = CARTESIAN_POINT('',(-3.50000000e+00,-5.00000000e+00,-5.00000000e+00));
#137 = VERTEX_POINT('',#136);
#138 = CARTESIAN_POINT('',(-3.00000000e+00,-5.00000000e+00,-5.00000000e+00));
#139 = VERTEX_POINT('',#138);
#140 = CARTESIAN_POINT('',(-2.50000000e+00,-5.00000000e+00,-5.00000000e+00));
#141 = VERTEX_POINT('',#140);
#142 = CARTESIAN_POINT('',(-2.00000000e+00,-5.00000000e+00,-5.00000000e+00));
#143 = VERTEX_POINT('',#142);
#144 = CARTESIAN_POINT('',(-1.50000000e+00,-5.00000000e+00,-5.00000000e+00));
#145 = VERTEX_POINT('',#144);
#146 = CARTESIAN_POINT('',(-1.00000000e+00,-5.00000000e+00,-5.00000000e+00));
#147 = VERTEX_POINT('',#146);
#148 = CARTESIAN_POINT('',(-5.00000000e-01,-5.00000000e+00,-5.00000000e+00));
#149 = VERTEX_POINT('',#148);
#150 = CARTESIAN_POINT('',(-2.22044605e-15,-5.00000000e+00,-5.00000000e+00));
#151 = VERTEX_POINT('',#150);
#152 = CARTESIAN_POINT('',(5.00000000e-01,-5.00000000e+00,-5.00000000e+00));
#153 = VERTEX_POINT('',#152);
#154 = CARTESIAN_POINT('',(1.00000000e+00,-5.00000000e+00,-5.00000000e+00));
#155 = VERTEX_POINT('',#154);
#156 = CARTESIAN_POINT('',(1.50000000e+00,-5.00000000e+00,-5.00000000e+00));
#157 = VERTEX_POINT('',#156);
#158 = CARTESIAN_POINT('',(2.00000000e+00,-5.00000000e+00,-5.00000000e+00));
#159 = VERTEX_POINT('',#158);
#160 = CARTESIAN_POINT('',(2.50000000e+00,-5.00000000e+00,-5.00000000e+00));
#161 = VERTEX_POINT('',#160);
#162 = CARTESIAN_POINT('',(3.00000000e+00,-5.00000000e+00,-5.00000000e+00));
#163 = VERTEX_POINT('',#162);
#164 = CARTESIAN_POINT('',(3.50000000e+00,-5.00000000e+00,-5.00000000e+00));
#165 = VERTEX_POINT('',#164);
#166 = CARTESIAN_POINT('',(4.00000000e+00,-5.00000000e+00,-5.00000000e+00));
#167 = VERTEX_POINT('',#166);
#168 = CARTESIAN_POINT('',(4.50000000e+00,-5.00000000e+00,-5.00000000e+00));
#169 = VERTEX_POINT('',#168);
#170 = CARTESIAN_POINT('',(8.88178420e-16,4.50000000e+00,-5.00000000e+00));
#171 = VERTEX_POINT('',#170);
#172 = CARTESIAN_POINT('',(0.00000000e+00,4.00000000e+00,-5.00000000e+00));
#173 = VERTEX_POINT('',#172);
#174 = CARTESIAN_POINT('',(0.00000000e+00,3.50000000e+00,-5.00000000e+00));
#175 = VERTEX_POINT('',#174);
#176 = CARTESIAN_POINT('',(8.88178420e-16,3.00000000e+00,-5.00000000e+00));
#177 = VERTEX_POINT('',#176);
#178 = CARTESIAN_POINT('',(0.00000000e+00,2.50000000e+00,-5.00000000e+00));
#179 = VERTEX_POINT('',#178);
#180 = CARTESIAN_POINT('',(8.88178420e-16,2.00000000e+00,-5.00000000e+00));
#181 = VERTEX_POINT('',#180);
#182 = CARTESIAN_POINT('',(0.00000000e+00,1.50000000e+00,-5.00000000e+00));
#183 = VERTEX_POINT('',#182);
#184 = CARTESIAN_POINT('',(0.00000000e+00,1.00000000e+00,-5.00000000e+00));
#185 = VERTEX_POINT('',#184);
#186 = CARTESIAN_POINT('',(8.88178420e-16,5.00000000e-01,-5.00000000e+00));
#187 = VERTEX_POINT('',#186);
#188 = CARTESIAN_POINT('',(0.00000000e+00,0.00000000e+00,-5.00000000e+00));
#189 = VERTEX_POINT('',#188);
#190 = CARTESIAN_POINT('',(0.00000000e+00,-5.00000000e-01,-5.00000000e+00));
#191 = VERTEX_POINT('',#190);
#192 = CARTESIAN_POINT('',(0.00000000e+00,-1.00000000e+00,-5.00000000e+00));
#193 = VERTEX_POINT('',#192);
#194 = CARTESIAN_POINT('',(0.00000000e+00,-1.50000000e+00,-5.00000000e+00));
#195 = VERTEX_POINT('',#194);
#196 = CARTESIAN_POINT('',(0.00000000e+00,-2.00000000e+00,-5.00000000e+00));
#197 = VERTEX_POINT('',#196);
#198 = CARTESIAN_POINT('',(0.00000000e+00,-2.50000000e+00,-5.00000000e+00));
#199 = VERTEX_POINT('',#198);
#200 = CARTESIAN_POINT('',(0.00000000e+00,-3.00000000e+00,-5.00000000e+00));
#201 = VERTEX_POINT('',#200);
#202 = CARTESIAN_POINT('',(0.00000000e+00,-3.50000000e+00,-5.00000000e+00));
#203 = VERTEX_POINT('',#202);
#204 = CARTESIAN_POINT('',(0.00000000e+00,-4.00000000e+00,-5.00000000e+00));
#205 = VERTEX_POINT('',#204);
#206 = CARTESIAN_POINT('',(0.00000000e+00,-4.50000000e+00,-5.00000000e+00));
#207 = VERTEX_POINT('',#206);
#208 = CARTESIAN_POINT('',(5.00000000e-01,0.00000000e+00,-5.00000000e+00));
#209 = VERTEX_POINT('',#208);
#210 = CARTESIAN_POINT('',(1.00000000e+00,-8.88178420e-16,-5.00000000e+00));
#211 = VERTEX_POINT('',#210);
#212 = CARTESIAN_POINT('',(1.50000000e+00,0.00000000e+00,-5.00000000e+00));
#213 = VERTEX_POINT('',#212);
#214 = CARTESIAN_POINT('',(2.00000000e+00,0.00000000e+00,-5.00000000e+00));
#215 = VERTEX_POINT('',#214);
#216 = CARTESIAN_POINT('',(2.50000000e+00,0.00000000e+00,-5.00000000e+00));
#217 = VERTEX_POINT('',#216);
#218 = CARTESIAN_POINT('',(3.00000000e+00,0.00000000e+00,-5.00000000e+00));
#219 = VERTEX_POINT('',#218);
#220 = CARTESIAN_POINT('',(3.50000000e+00,0.00000000e+00,-5.00000000e+00));
#221 = VERTEX_POINT('',#220);
#222 = CARTESIAN_POINT('',(4.00000000e+00,0.00000000e+00,-5.00000000e+00));
#223 = VERTEX_POINT('',#222);
#224 = CARTESIAN_POINT('',(4.50000000e+00,0.00000000e+00,-5.00000000e+00));
#225 = VERTEX_POINT('',#224);
#226 = CARTESIAN_POINT('',(5.00000000e-01,2.50000000e+00,-5.00000000e+00));
#227 = VERTEX_POINT('',#226);
#228 = CARTESIAN_POINT('',(1.00000000e+00,2.50000000e+00,-5.00000000e+00));
#229 = VERTEX_POINT('',#228);
#230 = CARTESIAN_POINT('',(1.50000000e+00,2.50000000e+00,-5.00000000e+00));
#231 = VERTEX_POINT('',#230);
#232 = CARTESIAN_POINT('',(2.00000000e+00,2.50000000e+00,-5.00000000e+00));
#233 = VERTEX_POINT('',#232);
#234 = CARTESIAN_POINT('',(2.50000000e+00,2.50000000e+00,-5.00000000e+00));
#235 = VERTEX_POINT('',#234);
#236 = CARTESIAN_POINT('',(3.00000000e+00,2.50000000e+00,-5.00000000e+00));
#237 = VERTEX_POINT('',#236);
#238 = CARTESIAN_POINT('',(3.50000000e+00,2.50000000e+00,-5.00000000e+00));
#239 = VERTEX_POINT('',#238);
#240 = CARTESIAN_POINT('',(4.00000000e+00,2.50000000e+00,-5.00000000e+00));
#241 = VERTEX_POINT('',#240);
#242 = CARTESIAN_POINT('',(4.50000000e+00,2.50000000e+00,-5.00000000e+00));
#243 = VERTEX_POINT('',#242);
#244 = CARTESIAN_POINT('',(2.50000000e+00,3.00000000e+00,-5.00000000e+00));
#245 = VERTEX_POINT('',#244);
#246 = CARTESIAN_POINT('',(2.50000000e+00,3.50000000e+00,-5.00000000e+00));
#247 = VERTEX_POINT('',#246);
#248 = CARTESIAN_POINT('',(2.50000000e+00,4.00000000e+00,-5.00000000e+00));
#249 = VERTEX_POINT('',#248);
#250 = CARTESIAN_POINT('',(2.50000000e+00,4.50000000e+00,-5.00000000e+00));
#251 = VERTEX_POINT('',#250);
#252 = CARTESIAN_POINT('',(1.00000000e+00,3.00000000e+00,-5.00000000e+00));
#253 = VERTEX_POINT('',#252);
#254 = CARTESIAN_POINT('',(1.00000000e+00,3.50000000e+00,-5.00000000e+00));
#255 = VERTEX_POINT('',#254);
#256 = CARTESIAN_POINT('',(1.00000000e+00,4.00000000e+00,-5.00000000e+00));
#257 = VERTEX_POINT('',#256);
#258 = CARTESIAN_POINT('',(1.00000000e+00,4.50000000e+00,-5.00000000e+00));
#259 = VERTEX_POINT('',#258);
#260 = CARTESIAN_POINT('',(5.00000000e-01,3.50000000e+00,-5.00000000e+00));
#261 = VERTEX_POINT('',#260);
#262 = CARTESIAN_POINT('',(5.00000000e-01,3.00000000e+00,-5.00000000e+00));
#263 = VERTEX_POINT('',#262);
#264 = CARTESIAN_POINT('',(5.00000000e-01,4.00000000e+00,-5.00000000e+00));
#265 = VERTEX_POINT('',#264);
#266 = CARTESIAN_POINT('',(5.00000000e-01,4.50000000e+00,-5.00000000e+00));
#267 = VERTEX_POINT('',#266);
#268 = CARTESIAN_POINT('',(2.00000000e+00,3.50000000e+00,-5.00000000e+00));
#269 = VERTEX_POINT('',#268);
#270 = CARTESIAN_POINT('',(1.50000000e+00,3.50000000e+00,-5.00000000e+00));
#271 = VERTEX_POINT('',#270);
#272 = CARTESIAN_POINT('',(2.00000000e+00,3.00000000e+00,-5.00000000e+00));
#273 = VERTEX_POINT('',#272);
#274 = CARTESIAN_POINT('',(1.50000000e+00,3.00000000e+00,-5.00000000e+00));
#275 = VERTEX_POINT('',#274);
#276 = CARTESIAN_POINT('',(2.00000000e+00,4.00000000e+00,-5.00000000e+00));
#277 = VERTEX_POINT('',#276);
#278 = CARTESIAN_POINT('',(1.50000000e+00,4.00000000e+00,-5.00000000e+00));
#279 = VERTEX_POINT('',#278);
#280 = CARTESIAN_POINT('',(2.00000000e+00,4.50000000e+00,-5.00000000e+00));
#281 = VERTEX_POINT('',#280);
#282 = CARTESIAN_POINT('',(1.50000000e+00,4.50000000e+00,-5.00000000e+00));
#283 = VERTEX_POINT('',#282);
#284 = CARTESIAN_POINT('',(3.50000000e+00,3.00000000e+00,-5.00000000e+00));
#285 = VERTEX_POINT('',#284);
#286 = CARTESIAN_POINT('',(3.50000000e+00,3.50000000e+00,-5.00000000e+00));
#287 = VERTEX_POINT('',#286);
#288 = CARTESIAN_POINT('',(3.50000000e+00,4.00000000e+00,-5.00000000e+00));
#289 = VERTEX_POINT('',#288);
#290 = CARTESIAN_POINT('',(3.50000000e+00,4.50000000e+00,-5.00000000e+00));
#291 = VERTEX_POINT('',#290);
#292 = CARTESIAN_POINT('',(3.00000000e+00,3.50000000e+00,-5.00000000e+00));
#293 = VERTEX_POINT('',#292);
#294 = CARTESIAN_POINT('',(3.00000000e+00,3.00000000e+00,-5.00000000e+00));
#295 = VERTEX_POINT('',#294);
#296 = CARTESIAN_POINT('',(3.00000000e+00,4.00000000e+00,-5.00000000e+00));
#297 = VERTEX_POINT('',#296);
#298 = CARTESIAN_POINT('',(3.00000000e+00,4.50000000e+00,-5.00000000e+00));
#299 = VERTEX_POINT('',#298);
#300 = CARTESIAN_POINT('',(4.50000000e+00,3.50000000e+00,-5.00000000e+00));
#301 = VERTEX_POINT('',#300);
#302 = CARTESIAN_POINT('',(4.00000000e+00,3.50000000e+00,-5.00000000e+00));
#303 = VERTEX_POINT('',#302);
#304 = CARTESIAN_POINT('',(4.50000000e+00,3.00000000e+00,-5.00000000e+00));
#305 = VERTEX_POINT('',#304);
#306 = CARTESIAN_POINT('',(4.00000000e+00,3.00000000e+00,-5.00000000e+00));
#307 = VERTEX_POINT('',#306);
#308 = CARTESIAN_POINT('',(4.50000000e+00,4.00000000e+00,-5.00000000e+00));
#309 = VERTEX_POINT('',#308);
#310 = CARTESIAN_POINT('',(4.00000000e+00,4.00000000e+00,-5.00000000e+00));
#311 = VERTEX_POINT('',#310);
#312 = CARTESIAN_POINT('',(4.50000000e+00,4.50000000e+00,-5.00000000e+00));
#313 = VERTEX_POINT('',#312);
#314 = CARTESIAN_POINT('',(4.00000000e+00,4.50000000e+00,-5.00000000e+00));
#315 = VERTEX_POINT('',#314);
#316 = CARTESIAN_POINT('',(2.50000000e+00,5.00000000e-01,-5.00000000e+00));
#317 = VERTEX_POINT('',#316);
#318 = CARTESIAN_POINT('',(2.50000000e+00,1.00000000e+00,-5.00000000e+00));
#319 = VERTEX_POINT('',#318);
#320 = CARTESIAN_POINT('',(2.50000000e+00,1.50000000e+00,-5.00000000e+00));
#321 = VERTEX_POINT('',#320);
#322 = CARTESIAN_POINT('',(2.50000000e+00,2.00000000e+00,-5.00000000e+00));
#323 = VERTEX_POINT('',#322);
#324 = CARTESIAN_POINT('',(1.00000000e+00,5.00000000e-01,-5.00000000e+00));
#325 = VERTEX_POINT('',#324);
#326 = CARTESIAN_POINT('',(1.00000000e+00,1.00000000e+00,-5.00000000e+00));
#327 = VERTEX_POINT('',#326);
#328 = CARTESIAN_POINT('',(1.00000000e+00,1.50000000e+00,-5.00000000e+00));
#329 = VERTEX_POINT('',#328);
#330 = CARTESIAN_POINT('',(1.00000000e+00,2.00000000e+00,-5.00000000e+00));
#331 = VERTEX_POINT('',#330);
#332 = CARTESIAN_POINT('',(5.00000000e-01,1.00000000e+00,-5.00000000e+00));
#333 = VERTEX_POINT('',#332);
#334 = CARTESIAN_POINT('',(5.00000000e-01,5.00000000e-01,-5.00000000e+00));
#335 = VERTEX_POINT('',#334);
#336 = CARTESIAN_POINT('',(5.00000000e-01,1.50000000e+00,-5.00000000e+00));
#337 = VERTEX_POINT('',#336);
#338 = CARTESIAN_POINT('',(5.00000000e-01,2.00000000e+00,-5.00000000e+00));
#339 = VERTEX_POINT('',#338);
#340 = CARTESIAN_POINT('',(2.00000000e+00,1.00000000e+00,-5.00000000e+00));
#341 = VERTEX_POINT('',#340);
#342 = CARTESIAN_POINT('',(1.50000000e+00,1.00000000e+00,-5.00000000e+00));
#343 = VERTEX_POINT('',#342);
#344 = CARTESIAN_POINT('',(2.00000000e+00,5.00000000e-01,-5.00000000e+00));
#345 = VERTEX_POINT('',#344);
#346 = CARTESIAN_POINT('',(1.50000000e+00,5.00000000e-01,-5.00000000e+00));
#347 = VERTEX_POINT('',#346);
#348 = CARTESIAN_POINT('',(2.00000000e+00,1.50000000e+00,-5.00000000e+00));
#349 = VERTEX_POINT('',#348);
#350 = CARTESIAN_POINT('',(1.50000000e+00,1.50000000e+00,-5.00000000e+00));
#351 = VERTEX_POINT('',#350);
#352 = CARTESIAN_POINT('',(2.00000000e+00,2.00000000e+00,-5.00000000e+00));
#353 = VERTEX_POINT('',#352);
#354 = CARTESIAN_POINT('',(1.50000000e+00,2.00000000e+00,-5.00000000e+00));
#355 = VERTEX_POINT('',#354);
#356 = CARTESIAN_POINT('',(3.50000000e+00,5.00000000e-01,-5.00000000e+00));
#357 = VERTEX_POINT('',#356);
#358 = CARTESIAN_POINT('',(3.50000000e+00,1.00000000e+00,-5.00000000e+00));
#359 = VERTEX_POINT('',#358);
#360 = CARTESIAN_POINT('',(3.50000000e+00,1.50000000e+00,-5.00000000e+00));
#361 = VERTEX_POINT('',#360);
#362 = CARTESIAN_POINT('',(3.50000000e+00,2.00000000e+00,-5.00000000e+00));
#363 = VERTEX_POINT('',#362);
#364 = CARTESIAN_POINT('',(3.00000000e+00,1.00000000e+00,-5.00000000e+00));
#365 = VERTEX_POINT('',#364);
#366 = CARTESIAN_POINT('',(3.00000000e+00,5.00000000e-01,-5.00000000e+00));
#367 = VERTEX_POINT('',#366);
#368 = CARTESIAN_POINT('',(3.00000000e+00,1.50000000e+00,-5.00000000e+00));
#369 = VERTEX_POINT('',#368);
#370 = CARTESIAN_POINT('',(3.00000000e+00,2.00000000e+00,-5.00000000e+00));
#371 = VERTEX_POINT('',#370);
#372 = CARTESIAN_POINT('',(4.50000000e+00,1.00000000e+00,-5.00000000e+00));
#373 = VERTEX_POINT('',#372);
#374 = CARTESIAN_POINT('',(4.00000000e+00,1.00000000e+00,-5.00000000e+00));
#375 = VERTEX_POINT('',#374);
#376 = CARTESIAN_POINT('',(4.50000000e+00,5.00000000e-01,-5.00000000e+00));
#377 = VERTEX_POINT('',#376);
#378 = CARTESIAN_POINT('',(4.00000000e+00,5.00000000e-01,-5.00000000e+00));
#379 = VERTEX_POINT('',#378);
#380 = CARTESIAN_POINT('',(4.50000000e+00,1.50000000e+00,-5.00000000e+00));
#381 = VERTEX_POINT('',#380);
#382 = CARTESIAN_POINT('',(4.00000000e+00,1.50000000e+00,-5.00000000e+00));
#383 = VERTEX_POINT('',#382);
#384 = CARTESIAN_POINT('',(4.50000000e+00,2.00000000e+00,-5.00000000e+00));
#385 = VERTEX_POINT('',#384);
#386 = CARTESIAN_POINT('',(4.00000000e+00,2.00000000e+00,-5.00000000e+00));
#387 = VERTEX_POINT('',#386);
#388 = CARTESIAN_POINT('',(5.00000000e-01,-2.50000000e+00,-5.00000000e+00));
#389 = VERTEX_POINT('',#388);
#390 = CARTESIAN_POINT('',(1.00000000e+00,-2.50000000e+00,-5.00000000e+00));
#391 = VERTEX_POINT('',#390);
#392 = CARTESIAN_POINT('',(1.50000000e+00,-2.50000000e+00,-5.00000000e+00));
#393 = VERTEX_POINT('',#392);
#394 = CARTESIAN_POINT('',(2.00000000e+00,-2.50000000e+00,-5.00000000e+00));
#395 = VERTEX_POINT('',#394);
#396 = CARTESIAN_POINT('',(2.50000000e+00,-2.50000000e+00,-5.00000000e+00));
#397 = VERTEX_POINT('',#396);
#398 = CARTESIAN_POINT('',(3.00000000e+00,-2.50000000e+00,-5.00000000e+00));
#399 = VERTEX_POINT('',#398);
#400 = CARTESIAN_POINT('',(3.50000000e+00,-2.50000000e+00,-5.00000000e+00));
#401 = VERTEX_POINT('',#400);
#402 = CARTESIAN_POINT('',(4.00000000e+00,-2.50000000e+00,-5.00000000e+00));
#403 = VERTEX_POINT('',#402);
#404 = CARTESIAN_POINT('',(4.50000000e+00,-2.50000000e+00,-5.00000000e+00));
#405 = VERTEX_POINT('',#404);
#406 = CARTESIAN_POINT('',(2.50000000e+00,-2.00000000e+00,-5.00000000e+00));
#407 = VERTEX_POINT('',#406);
#408 = CARTESIAN_POINT('',(2.50000000e+00,-1.50000000e+00,-5.00000000e+00));
#409 = VERTEX_POINT('',#408);
#410 = CARTESIAN_POINT('',(2.50000000e+00,-1.00000000e+00,-5.00000000e+00));
#411 = VERTEX_POINT('',#410);
#412 = CARTESIAN_POINT('',(2.50000000e+00,-5.00000000e-01,-5.00000000e+00));
#413 = VERTEX_POINT('',#412);
#414 = CARTESIAN_POINT('',(1.00000000e+00,-2.00000000e+00,-5.00000000e+00));
#415 = VERTEX_POINT('',#414);
#416 = CARTESIAN_POINT('',(1.00000000e+00,-1.50000000e+00,-5.00000000e+00));
#417 = VERTEX_POINT('',#416);
#418 = CARTESIAN_POINT('',(1.00000000e+00,-1.00000000e+00,-5.00000000e+00));
#419 = VERTEX_POINT('',#418);
#420 = CARTESIAN_POINT('',(1.00000000e+00,-5.00000000e-01,-5.00000000e+00));
#421 = VERTEX_POINT('',#420);
#422 = CARTESIAN_POINT('',(5.00000000e-01,-1.50000000e+00,-5.00000000e+00));
#423 = VERTEX_POINT('',#422);
#424 = CARTESIAN_POINT('',(5.00000000e-01,-2.00000000e+00,-5.00000000e+00));
#425 = VERTEX_POINT('',#424);
#426 = CARTESIAN_POINT('',(5.00000000e-01,-1.00000000e+00,-5.00000000e+00));
#427 = VERTEX_POINT('',#426);
#428 = CARTESIAN_POINT('',(5.00000000e-01,-5.00000000e-01,-5.00000000e+00));
#429 = VERTEX_POINT('',#428);
#430 = CARTESIAN_POINT('',(2.00000000e+00,-1.50000000e+00,-5.00000000e+00));
#431 = VERTEX_POINT('',#430);
#432 = CARTESIAN_POINT('',(1.50000000e+00,-1.50000000e+00,-5.00000000e+00));
#433 = VERTEX_POINT('',#432);
#434 = CARTESIAN_POINT('',(2.00000000e+00,-2.00000000e+00,-5.00000000e+00));
#435 = VERTEX_POINT('',#434);
#436 = CARTESIAN_POINT('',(1.50000000e+00,-2.00000000e+00,-5.00000000e+00));
#437 = VERTEX_POINT('',#436);
#438 = CARTESIAN_POINT('',(2.00000000e+00,-1.00000000e+00,-5.00000000e+00));
#439 = VERTEX_POINT('',#438);
#440 = CARTESIAN_POINT('',(1.50000000e+00,-1.00000000e+00,-5.00000000e+00));
#441 = VERTEX_POINT('',#440);
#442 = CARTESIAN_POINT('',(2.00000000e+00,-5.00000000e-01,-5.00000000e+00));
#443 = VERTEX_POINT('',#442);
#444 = CARTESIAN_POINT('',(1.50000000e+00,-5.00000000e-01,-5.00000000e+00));
#445 = VERTEX_POINT('',#444);
#446 = CARTESIAN_POINT('',(3.50000000e+00,-2.00000000e+00,-5.00000000e+00));
#447 = VERTEX_POINT('',#446);
#448 = CARTESIAN_POINT('',(3.50000000e+00,-1.50000000e+00,-5.00000000e+00));
#449 = VERTEX_POINT('',#448);
#450 = CARTESIAN_POINT('',(3.50000000e+00,-1.00000000e+00,-5.00000000e+00));
#451 = VERTEX_POINT('',#450);
#452 = CARTESIAN_POINT('',(3.50000000e+00,-5.00000000e-01,-5.00000000e+00));
#453 = VERTEX_POINT('',#452);
#454 = CARTESIAN_POINT('',(3.00000000e+00,-1.50000000e+00,-5.00000000e+00));
#455 = VERTEX_POINT('',#454);
#456 = CARTESIAN_POINT('',(3.00000000e+00,-2.00000000e+00,-5.00000000e+00));
#457 = VERTEX_POINT('',#456);
#458 = CARTESIAN_POINT('',(3.00000000e+00,-1.00000000e+00,-5.00000000e+00));
#459 = VERTEX_POINT('',#458);
#460 = CARTESIAN_POINT('',(3.00000000e+00,-5.00000000e-01,-5.00000000e+00));
#461 = VERTEX_POINT('',#460);
#462 = CARTESIAN_POINT('',(4.50000000e+00,-1.50000000e+00,-5.00000000e+00));
#463 = VERTEX_POINT('',#462);
#464 = CARTESIAN_POINT('',(4.00000000e+00,-1.50000000e+00,-5.00000000e+00));
#465 = VERTEX_POINT('',#464);
#466 = CARTESIAN_POINT('',(4.50000000e+00,-2.00000000e+00,-5.00000000e+00));
#467 = VERTEX_POINT('',#466);
#468 = CARTESIAN_POINT('',(4.00000000e+00,-2.00000000e+00,-5.00000000e+00));
#469 = VERTEX_POINT('',#468);
#470 = CARTESIAN_POINT('',(4.50000000e+00,-1.00000000e+00,-5.00000000e+00));
#471 = VERTEX_POINT('',#470);
#472 = CARTESIAN_POINT('',(4.00000000e+00,-1.00000000e+00,-5.00000000e+00));
#473 = VERTEX_POINT('',#472);
#474 = CARTESIAN_POINT('',(4.50000000e+00,-5.00000000e-01,-5.00000000e+00));
#475 = VERTEX_POINT('',#474);
#476 = CARTESIAN_POINT('',(4.00000000e+00,-5.00000000e-01,-5.00000000e+00));
#477 = VERTEX_POINT('',#476);
#478 = CARTESIAN_POINT('',(2.50000000e+00,-4.50000000e+00,-5.00000000e+00));
#479 = VERTEX_POINT('',#478);
#480 = CARTESIAN_POINT('',(2.50000000e+00,-4.00000000e+00,-5.00000000e+00));
#481 = VERTEX_POINT('',#480);
#482 = CARTESIAN_POINT('',(2.50000000e+00,-3.50000000e+00,-5.00000000e+00));
#483 = VERTEX_POINT('',#482);
#484 = CARTESIAN_POINT('',(2.50000000e+00,-3.00000000e+00,-5.00000000e+00));
#485 = VERTEX_POINT('',#484);
#486 = CARTESIAN_POINT('',(1.00000000e+00,-4.50000000e+00,-5.00000000e+00));
#487 = VERTEX_POINT('',#486);
#488 = CARTESIAN_POINT('',(1.00000000e+00,-4.00000000e+00,-5.00000000e+00));
#489 = VERTEX_POINT('',#488);
#490 = CARTESIAN_POINT('',(1.00000000e+00,-3.50000000e+00,-5.00000000e+00));
#491 = VERTEX_POINT('',#490);
#492 = CARTESIAN_POINT('',(1.00000000e+00,-3.00000000e+00,-5.00000000e+00));
#493 = VERTEX_POINT('',#492);
#494 = CARTESIAN_POINT('',(5.00000000e-01,-4.00000000e+00,-5.00000000e+00));
#495 = VERTEX_POINT('',#494);
#496 = CARTESIAN_POINT('',(5.00000000e-01,-4.50000000e+00,-5.00000000e+00));
#497 = VERTEX_POINT('',#496);
#498 = CARTESIAN_POINT('',(5.00000000e-01,-3.50000000e+00,-5.00000000e+00));
#499 = VERTEX_POINT('',#498);
#500 = CARTESIAN_POINT('',(5.00000000e-01,-3.00000000e+00,-5.00000000e+00));
#501 = VERTEX_POINT('',#500);
#502 = CARTESIAN_POINT('',(2.00000000e+00,-4.00000000e+00,-5.00000000e+00));
#503 = VERTEX_POINT('',#502);
#504 = CARTESIAN_POINT('',(1.50000000e+00,-4.00000000e+00,-5.00000000e+00));
#505 = VERTEX_POINT('',#504);
#506 = CARTESIAN_POINT('',(2.00000000e+00,-4.50000000e+00,-5.00000000e+00));
#507 = VERTEX_POINT('',#506);
#508 = CARTESIAN_POINT('',(1.50000000e+00,-4.50000000e+00,-5.00000000e+00));
#509 = VERTEX_POINT('',#508);
#510 = CARTESIAN_POINT('',(2.00000000e+00,-3.50000000e+00,-5.00000000e+00));
#511 = VERTEX_POINT('',#510);
#512 = CARTESIAN_POINT('',(1.50000000e+00,-3.50000000e+00,-5.00000000e+00));
#513 = VERTEX_POINT('',#512);
#514 = CARTESIAN_POINT('',(2.00000000e+00,-3.00000000e+00,-5.00000000e+00));
#515 = VERTEX_POINT('',#514);
#516 = CARTESIAN_POINT('',(1.50000000e+00,-3.00000000e+00,-5.00000000e+00));
#517 = VERTEX_POINT('',#516);
#518 = CARTESIAN_POINT('',(3.50000000e+00,-4.50000000e+00,-5.00000000e+00));
#519 = VERTEX_POINT('',#518);
#520 = CARTESIAN_POINT('',(3.50000000e+00,-4.00000000e+00,-5.00000000e+00));
#521 = VERTEX_POINT('',#520);
#522 = CARTESIAN_POINT('',(3.50000000e+00,-3.50000000e+00,-5.00000000e+00));
#523 = VERTEX_POINT('',#522);
#524 = CARTESIAN_POINT('',(3.50000000e+00,-3.00000000e+00,-5.00000000e+00));
#525 = VERTEX_POINT('',#524);
#526 = CARTESIAN_POINT('',(3.00000000e+00,-4.00000000e+00,-5.00000000e+00));
#527 = VERTEX_POINT('',#526);
#528 = CARTESIAN_POINT('',(3.00000000e+00,-4.50000000e+00,-5.00000000e+00));
#529 = VERTEX_POINT('',#528);
#530 = CARTESIAN_POINT('',(3.00000000e+00,-3.50000000e+00,-5.00000000e+00));
#531 = VERTEX_POINT('',#530);
#532 = CARTESIAN_POINT('',(3.00000000e+00,-3.00000000e+00,-5.00000000e+00));
#533 = VERTEX_POINT('',#532);
#534 = CARTESIAN_POINT('',(4.50000000e+00,-4.00000000e+00,-5.00000000e+00));
#535 = VERTEX_POINT('',#534);
#536 = CARTESIAN_POINT('',(4.00000000e+00,-4.00000000e+00,-5.00000000e+00));
#537 = VERTEX_POINT('',#536);
#538 = CARTESIAN_POINT('',(4.50000000e+00,-4.50000000e+00,-5.00000000e+00));
#539 = VERTEX_POINT('',#538);
#540 = CARTESIAN_POINT('',(4.00000000e+00,-4.50000000e+00,-5.00000000e+00));
#541 = VERTEX_POINT('',#540);
#542 = CARTESIAN_POINT('',(4.50000000e+00,-3.50000000e+00,-5.00000000e+00));
#543 = VERTEX_POINT('',#542);
#544 = CARTESIAN_POINT('',(4.00000000e+00,-3.50000000e+00,-5.00000000e+00));
#545 = VERTEX_POINT('',#544);
#546 = CARTESIAN_POINT('',(4.50000000e+00,-3.00000000e+00,-5.00000000e+00));
#547 = VERTEX_POINT('',#546);
#548 = CARTESIAN_POINT('',(4.00000000e+00,-3.00000000e+00,-5.00000000e+00));
#549 = VERTEX_POINT('',#548);
#550 = CARTESIAN_POINT('',(-4.50000000e+00,0.00000000e+00,-5.00000000e+00));
#551 = VERTEX_POINT('',#550);
#552 = CARTESIAN_POINT('',(-4.00000000e+00,-8.88178420e-16,-5.00000000e+00));
#553 = VERTEX_POINT('',#552);
#554 = CARTESIAN_POINT('',(-3.50000000e+00,0.00000000e+00,-5.00000000e+00));
#555 = VERTEX_POINT('',#554);
#556 = CARTESIAN_POINT('',(-3.00000000e+00,0.00000000e+00,-5.00000000e+00));
#557 = VERTEX_POINT('',#556);
#558 = CARTESIAN_POINT('',(-2.50000000e+00,0.00000000e+00,-5.00000000e+00));
#559 = VERTEX_POINT('',#558);
#560 = CARTESIAN_POINT('',(-2.00000000e+00,0.00000000e+00,-5.00000000e+00));
#561 = VERTEX_POINT('',#560);
#562 = CARTESIAN_POINT('',(-1.50000000e+00,0.00000000e+00,-5.00000000e+00));
#563 = VERTEX_POINT('',#562);
#564 = CARTESIAN_POINT('',(-1.00000000e+00,0.00000000e+00,-5.00000000e+00));
#565 = VERTEX_POINT('',#564);
#566 = CARTESIAN_POINT('',(-5.00000000e-01,0.00000000e+00,-5.00000000e+00));
#567 = VERTEX_POINT('',#566);
#568 = CARTESIAN_POINT('',(-4.50000000e+00,2.50000000e+00,-5.00000000e+00));
#569 = VERTEX_POINT('',#568);
#570 = CARTESIAN_POINT('',(-4.00000000e+00,2.50000000e+00,-5.00000000e+00));
#571 = VERTEX_POINT('',#570);
#572 = CARTESIAN_POINT('',(-3.50000000e+00,2.50000000e+00,-5.00000000e+00));
#573 = VERTEX_POINT('',#572);
#574 = CARTESIAN_POINT('',(-3.00000000e+00,2.50000000e+00,-5.00000000e+00));
#575 = VERTEX_POINT('',#574);
#576 = CARTESIAN_POINT('',(-2.50000000e+00,2.50000000e+00,-5.00000000e+00));
#577 = VERTEX_POINT('',#576);
#578 = CARTESIAN_POINT('',(-2.00000000e+00,2.50000000e+00,-5.00000000e+00));
#579 = VERTEX_POINT('',#578);
#580 = CARTESIAN_POINT('',(-1.50000000e+00,2.50000000e+00,-5.00000000e+00));
#581 = VERTEX_POINT('',#580);
#582 = CARTESIAN_POINT('',(-1.00000000e+00,2.50000000e+00,-5.00000000e+00));
#583 = VERTEX_POINT('',#582);
#584 = CARTESIAN_POINT('',(-5.00000000e-01,2.50000000e+00,-5.00000000e+00));
#585 = VERTEX_POINT('',#584);
#586 = CARTESIAN_POINT('',(-2.50000000e+00,3.00000000e+00,-5.00000000e+00));
#587 = VERTEX_POINT('',#586);
#588 = CARTESIAN_POINT('',(-2.50000000e+00,3.50000000e+00,-5.00000000e+00));
#589 = VERTEX_POINT('',#588);
#590 = CARTESIAN_POINT('',(-2.50000000e+00,4.00000000e+00,-5.00000000e+00));
#591 = VERTEX_POINT('',#590);
#592 = CARTESIAN_POINT('',(-2.50000000e+00,4.50000000e+00,-5.00000000e+00));
#593 = VERTEX_POINT('',#592);
#594 = CARTESIAN_POINT('',(-4.00000000e+00,3.00000000e+00,-5.00000000e+00));
#595 = VERTEX_POINT('',#594);
#596 = CARTESIAN_POINT('',(-4.00000000e+00,3.50000000e+00,-5.00000000e+00));
#597 = VERTEX_POINT('',#596);
#598 = CARTESIAN_POINT('',(-4.00000000e+00,4.00000000e+00,-5.00000000e+00));
#599 = VERTEX_POINT('',#598);
#600 = CARTESIAN_POINT('',(-4.00000000e+00,4.50000000e+00,-5.00000000e+00));
#601 = VERTEX_POINT('',#600);
#602 = CARTESIAN_POINT('',(-4.50000000e+00,3.50000000e+00,-5.00000000e+00));
#603 = VERTEX_POINT('',#602);
#604 = CARTESIAN_POINT('',(-4.50000000e+00,3.00000000e+00,-5.00000000e+00));
#605 = VERTEX_POINT('',#604);
#606 = CARTESIAN_POINT('',(-4.50000000e+00,4.00000000e+00,-5.00000000e+00));
#607 = VERTEX_POINT('',#606);
#608 = CARTESIAN_POINT('',(-4.50000000e+00,4.50000000e+00,-5.00000000e+00));
#609 = VERTEX_POINT('',#608);
#610 = CARTESIAN_POINT('',(-3.00000000e+00,3.50000000e+00,-5.00000000e+00));
#611 = VERTEX_POINT('',#610);
#612 = CARTESIAN_POINT('',(-3.50000000e+00,3.50000000e+00,-5.00000000e+00));
#613 = VERTEX_POINT('',#612);
#614 = CARTESIAN_POINT('',(-3.00000000e+00,3.00000000e+00,-5.00000000e+00));
#615 = VERTEX_POINT('',#614);
#616 = CARTESIAN_POINT('',(-3.50000000e+00,3.00000000e+00,-5.00000000e+00));
#617 = VERTEX_POINT('',#616);
#618 = CARTESIAN_POINT('',(-3.00000000e+00,4.00000000e+00,-5.00000000e+00));
#619 = VERTEX_POINT('',#618);
#620 = CARTESIAN_POINT('',(-3.50000000e+00,4.00000000e+00,-5.00000000e+00));
#621 = VERTEX_POINT('',#620);
#622 = CARTESIAN_POINT('',(-3.00000000e+00,4.50000000e+00,-5.00000000e+00));
#623 = VERTEX_POINT('',#622);
#624 = CARTESIAN_POINT('',(-3.50000000e+00,4.50000000e+00,-5.00000000e+00));
#625 = VERTEX_POINT('',#624);
#626 = CARTESIAN_POINT('',(-1.50000000e+00,3.00000000e+00,-5.00000000e+00));
#627 = VERTEX_POINT('',#626);
#628 = CARTESIAN_POINT('',(-1.50000000e+00,3.50000000e+00,-5.00000000e+00));
#629 = VERTEX_POINT('',#628);
#630 = CARTESIAN_POINT('',(-1.50000000e+00,4.00000000e+00,-5.00000000e+00));
#631 = VERTEX_POINT('',#630);
#632 = CARTESIAN_POINT('',(-1.50000000e+00,4.50000000e+00,-5.00000000e+00));
#633 = VERTEX_POINT('',#632);
#634 = CARTESIAN_POINT('',(-2.00000000e+00,3.50000000e+00,-5.00000000e+00));
#635 = VERTEX_POINT('',#634);
#636 = CARTESIAN_POINT('',(-2.00000000e+00,3.00000000e+00,-5.00000000e+00));
#637 = VERTEX_POINT('',#636);
#638 = CARTESIAN_POINT('',(-2.00000000e+00,4.00000000e+00,-5.00000000e+00));
#639 = VERTEX_POINT('',#638);
#640 = CARTESIAN_POINT('',(-2.00000000e+00,4.50000000e+00,-5.00000000e+00));
#641 = VERTEX_POINT('',#640);
#642 = CARTESIAN_POINT('',(-5.00000000e-01,3.50000000e+00,-5.00000000e+00));
#643 = VERTEX_POINT('',#642);
#644 = CARTESIAN_POINT('',(-1.00000000e+00,3.50000000e+00,-5.00000000e+00));
#645 = VERTEX_POINT('',#644);
#646 = CARTESIAN_POINT('',(-5.00000000e-01,3.00000000e+00,-5.00000000e+00));
#647 = VERTEX_POINT('',#646);
#648 = CARTESIAN_POINT('',(-1.00000000e+00,3.00000000e+00,-5.00000000e+00));
#649 = VERTEX_POINT('',#648);
#650 = CARTESIAN_POINT('',(-5.00000000e-01,4.00000000e+00,-5.00000000e+00));
#651 = VERTEX_POINT('',#650);
#652 = CARTESIAN_POINT('',(-1.00000000e+00,4.00000000e+00,-5.00000000e+00));
#653 = VERTEX_POINT('',#652);
#654 = CARTESIAN_POINT('',(-5.00000000e-01,4.50000000e+00,-5.00000000e+00));
#655 = VERTEX_POINT('',#654);
#656 = CARTESIAN_POINT('',(-1.00000000e+00,4.50000000e+00,-5.00000000e+00));
#657 = VERTEX_POINT('',#656);
#658 = CARTESIAN_POINT('',(-2.50000000e+00,5.00000000e-01,-5.00000000e+00));
#659 = VERTEX_POINT('',#658);
#660 = CARTESIAN_POINT('',(-2.50000000e+00,1.00000000e+00,-5.00000000e+00));
#661 = VERTEX_POINT('',#660);
#662 = CARTESIAN_POINT('',(-2.50000000e+00,1.50000000e+00,-5.00000000e+00));
#663 = VERTEX_POINT('',#662);
#664 = CARTESIAN_POINT('',(-2.50000000e+00,2.00000000e+00,-5.00000000e+00));
#665 = VERTEX_POINT('',#664);
#666 = CARTESIAN_POINT('',(-4.00000000e+00,5.00000000e-01,-5.00000000e+00));
#667 = VERTEX_POINT('',#666);
#668 = CARTESIAN_POINT('',(-4.00000000e+00,1.00000000e+00,-5.00000000e+00));
#669 = VERTEX_POINT('',#668);
#670 = CARTESIAN_POINT('',(-4.00000000e+00,1.50000000e+00,-5.00000000e+00));
#671 = VERTEX_POINT('',#670);
#672 = CARTESIAN_POINT('',(-4.00000000e+00,2.00000000e+00,-5.00000000e+00));
#673 = VERTEX_POINT('',#672);
#674 = CARTESIAN_POINT('',(-4.50000000e+00,1.00000000e+00,-5.00000000e+00));
#675 = VERTEX_POINT('',#674);
#676 = CARTESIAN_POINT('',(-4.50000000e+00,5.00000000e-01,-5.00000000e+00));
#677 = VERTEX_POINT('',#676);
#678 = CARTESIAN_POINT('',(-4.50000000e+00,1.50000000e+00,-5.00000000e+00));
#679 = VERTEX_POINT('',#678);
#680 = CARTESIAN_POINT('',(-4.50000000e+00,2.00000000e+00,-5.00000000e+00));
#681 = VERTEX_POINT('',#680);
#682 = CARTESIAN_POINT('',(-3.00000000e+00,1.00000000e+00,-5.00000000e+00));
#683 = VERTEX_POINT('',#682);
#684 = CARTESIAN_POINT('',(-3.50000000e+00,1.00000000e+00,-5.00000000e+00));
#685 = VERTEX_POINT('',#684);
#686 = CARTESIAN_POINT('',(-3.00000000e+00,5.00000000e-01,-5.00000000e+00));
#687 = VERTEX_POINT('',#686);
#688 = CARTESIAN_POINT('',(-3.50000000e+00,5.00000000e-01,-5.00000000e+00));
#689 = VERTEX_POINT('',#688);
#690 = CARTESIAN_POINT('',(-3.00000000e+00,1.50000000e+00,-5.00000000e+00));
#691 = VERTEX_POINT('',#690);
#692 = CARTESIAN_POINT('',(-3.50000000e+00,1.50000000e+00,-5.00000000e+00));
#693 = VERTEX_POINT('',#692);
#694 = CARTESIAN_POINT('',(-3.00000000e+00,2.00000000e+00,-5.00000000e+00));
#695 = VERTEX_POINT('',#694);
#696 = CARTESIAN_POINT('',(-3.50000000e+00,2.00000000e+00,-5.00000000e+00));
#697 = VERTEX_POINT('',#696);
#698 = CARTESIAN_POINT('',(-1.50000000e+00,5.00000000e-01,-5.00000000e+00));
#699 = VERTEX_POINT('',#698);
#700 = CARTESIAN_POINT('',(-1.50000000e+00,1.00000000e+00,-5.00000000e+00));
#701 = VERTEX_POINT('',#700);
#702 = CARTESIAN_POINT('',(-1.50000000e+00,1.50000000e+00,-5.00000000e+00));
#703 = VERTEX_POINT('',#702);
#704 = CARTESIAN_POINT('',(-1.50000000e+00,2.00000000e+00,-5.00000000e+00));
#705 = VERTEX_POINT('',#704);
#706 = CARTESIAN_POINT('',(-2.00000000e+00,1.00000000e+00,-5.00000000e+00));
#707 = VERTEX_POINT('',#706);
#708 = CARTESIAN_POINT('',(-2.00000000e+00,5.00000000e-01,-5.00000000e+00));
#709 = VERTEX_POINT('',#708);
#710 = CARTESIAN_POINT('',(-2.00000000e+00,1.50000000e+00,-5.00000000e+00));
#711 = VERTEX_POINT('',#710);
#712 = CARTESIAN_POINT('',(-2.00000000e+00,2.00000000e+00,-5.00000000e+00));
#713 = VERTEX_POINT('',#712);
#714 = CARTESIAN_POINT('',(-5.00000000e-01,1.00000000e+00,-5.00000000e+00));
#715 = VERTEX_POINT('',#714);
#716 = CARTESIAN_POINT('',(-1.00000000e+00,1.00000000e+00,-5.00000000e+00));
#717 = VERTEX_POINT('',#716);
#718 = CARTESIAN_POINT('',(-5.00000000e-01,5.00000000e-01,-5.00000000e+00));
#719 = VERTEX_POINT('',#718);
#720 = CARTESIAN_POINT('',(-1.00000000e+00,5.00000000e-01,-5.00000000e+00));
#721 = VERTEX_POINT('',#720);
#722 = CARTESIAN_POINT('',(-5.00000000e-01,1.50000000e+00,-5.00000000e+00));
#723 = VERTEX_POINT('',#722);
#724 = CARTESIAN_POINT('',(-1.00000000e+00,1.50000000e+00,-5.00000000e+00));
#725 = VERTEX_POINT('',#724);
#726 = CARTESIAN_POINT('',(-5.00000000e-01,2.00000000e+00,-5.00000000e+00));
#727 = VERTEX_POINT('',#726);
#728 = CARTESIAN_POINT('',(-1.00000000e+00,2.00000000e+00,-5.00000000e+00));
#729 = VERTEX_POINT('',#728);
#730 = CARTESIAN_POINT('',(-4.50000000e+00,-2.50000000e+00,-5.00000000e+00));
#731 = VERTEX_POINT('',#730);
#732 = CARTESIAN_POINT('',(-4.00000000e+00,-2.50000000e+00,-5.00000000e+00));
#733 = VERTEX_POINT('',#732);
#734 = CARTESIAN_POINT('',(-3.50000000e+00,-2.50000000e+00,-5.00000000e+00));
#735 = VERTEX_POINT('',#734);
#736 = CARTESIAN_POINT('',(-3.00000000e+00,-2.50000000e+00,-5.00000000e+00));
#737 = VERTEX_POINT('',#736);
#738 = CARTESIAN_POINT('',(-2.50000000e+00,-2.50000000e+00,-5.00000000e+00));
#739 = VERTEX_POINT('',#738);
#740 = CARTESIAN_POINT('',(-2.00000000e+00,-2.50000000e+00,-5.00000000e+00));
#741 = VERTEX_POINT('',#740);
#742 = CARTESIAN_POINT('',(-1.50000000e+00,-2.50000000e+00,-5.00000000e+00));
#743 = VERTEX_POINT('',#742);
#744 = CARTESIAN_POINT('',(-1.00000000e+00,-2.50000000e+00,-5.00000000e+00));
#745 = VERTEX_POINT('',#744);
#746 = CARTESIAN_POINT('',(-5.00000000e-01,-2.50000000e+00,-5.00000000e+00));
#747 = VERTEX_POINT('',#746);
#748 = CARTESIAN_POINT('',(-2.50000000e+00,-2.00000000e+00,-5.00000000e+00));
#749 = VERTEX_POINT('',#748);
#750 = CARTESIAN_POINT('',(-2.50000000e+00,-1.50000000e+00,-5.00000000e+00));
#751 = VERTEX_POINT('',#750);
#752 = CARTESIAN_POINT('',(-2.50000000e+00,-1.00000000e+00,-5.00000000e+00));
#753 = VERTEX_POINT('',#752);
#754 = CARTESIAN_POINT('',(-2.50000000e+00,-5.00000000e-01,-5.00000000e+00));
#755 = VERTEX_POINT('',#754);
#756 = CARTESIAN_POINT('',(-4.00000000e+00,-2.00000000e+00,-5.00000000e+00));
#757 = VERTEX_POINT('',#756);
#758 = CARTESIAN_POINT('',(-4.00000000e+00,-1.50000000e+00,-5.00000000e+00));
#759 = VERTEX_POINT('',#758);
#760 = CARTESIAN_POINT('',(-4.00000000e+00,-1.00000000e+00,-5.00000000e+00));
#761 = VERTEX_POINT('',#760);
#762 = CARTESIAN_POINT('',(-4.00000000e+00,-5.00000000e-01,-5.00000000e+00));
#763 = VERTEX_POINT('',#762);
#764 = CARTESIAN_POINT('',(-4.50000000e+00,-1.50000000e+00,-5.00000000e+00));
#765 = VERTEX_POINT('',#764);
#766 = CARTESIAN_POINT('',(-4.50000000e+00,-2.00000000e+00,-5.00000000e+00));
#767 = VERTEX_POINT('',#766);
#768 = CARTESIAN_POINT('',(-4.50000000e+00,-1.00000000e+00,-5.00000000e+00));
#769 = VERTEX_POINT('',#768);
#770 = CARTESIAN_POINT('',(-4.50000000e+00,-5.00000000e-01,-5.00000000e+00));
#771 = VERTEX_POINT('',#770);
#772 = CARTESIAN_POINT('',(-3.00000000e+00,-1.50000000e+00,-5.00000000e+00));
#773 = VERTEX_POINT('',#772);
#774 = CARTESIAN_POINT('',(-3.50000000e+00,-1.50000000e+00,-5.00000000e+00));
#775 = VERTEX_POINT('',#774);
#776 = CARTESIAN_POINT('',(-3.00000000e+00,-2.00000000e+00,-5.00000000e+00));
#777 = VERTEX_POINT('',#776);
#778 = CARTESIAN_POINT('',(-3.50000000e+00,-2.00000000e+00,-5.00000000e+00));
#779 = VERTEX_POINT('',#778);
#780 = CARTESIAN_POINT('',(-3.00000000e+00,-1.00000000e+00,-5.00000000e+00));
#781 = VERTEX_POINT('',#780);
#782 = CARTESIAN_POINT('',(-3.50000000e+00,-1.00000000e+00,-5.00000000e+00));
#783 = VERTEX_POINT('',#782);
#784 = CARTESIAN_POINT('',(-3.00000000e+00,-5.00000000e-01,-5.00000000e+00));
#785 = VERTEX_POINT('',#784);
#786 = CARTESIAN_POINT('',(-3.50000000e+00,-5.00000000e-01,-5.00000000e+00));
#787 = VERTEX_POINT('',#786);
#788 = CARTESIAN_POINT('',(-1.50000000e+00,-2.00000000e+00,-5.00000000e+00));
#789 = VERTEX_POINT('',#788);
#790 = CARTESIAN_POINT('',(-1.50000000e+00,-1.50000000e+00,-5.00000000e+00));
#791 = VERTEX_POINT('',#790);
#792 = CARTESIAN_POINT('',(-1.50000000e+00,-1.00000000e+00,-5.00000000e+00));
#793 = VERTEX_POINT('',#792);
#794 = CARTESIAN_POINT('',(-1.50000000e+00,-5.00000000e-01,-5.00000000e+00));
#795 = VERTEX_POINT('',#794);
#796 = CARTESIAN_POINT('',(-2.00000000e+00,-1.50000000e+00,-5.00000000e+00));
#797 = VERTEX_POINT('',#796);
#798 = CARTESIAN_POINT('',(-2.00000000e+00,-2.00000000e+00,-5.00000000e+00));
#799 = VERTEX_POINT('',#798);
#800 = CARTESIAN_POINT('',(-2.00000000e+00,-1.00000000e+00,-5.00000000e+00));
#801 = VERTEX_POINT('',#800);
#802 = CARTESIAN_POINT('',(-2.00000000e+00,-5.00000000e-01,-5.00000000e+00));
#803 = VERTEX_POINT('',#802);
#804 = CARTESIAN_POINT('',(-5.00000000e-01,-1.50000000e+00,-5.00000000e+00));
#805 = VERTEX_POINT('',#804);
#806 = CARTESIAN_POINT('',(-1.00000000e+00,-1.50000000e+00,-5.00000000e+00));
#807 = VERTEX_POINT('',#806);
#808 = CARTESIAN_POINT('',(-5.00000000e-01,-2.00000000e+00,-5.00000000e+00));
#809 = VERTEX_POINT('',#808);
#810 = CARTESIAN_POINT('',(-1.00000000e+00,-2.00000000e+00,-5.00000000e+00));
#811 = VERTEX_POINT('',#810);
#812 = CARTESIAN_POINT('',(-5.00000000e-01,-1.00000000e+00,-5.00000000e+00));
#813 = VERTEX_POINT('',#812);
#814 = CARTESIAN_POINT('',(-1.00000000e+00,-1.00000000e+00,-5.00000000e+00));
#815 = VERTEX_POINT('',#814);
#816 = CARTESIAN_POINT('',(-5.00000000e-01,-5.00000000e-01,-5.00000000e+00));
#817 = VERTEX_POINT('',#816);
#818 = CARTESIAN_POINT('',(-1.00000000e+00,-5.00000000e-01,-5.00000000e+00));
#819 = VERTEX_POINT('',#818);
#820 = CARTESIAN_POINT('',(-2.50000000e+00,-4.50000000e+00,-5.00000000e+00));
#821 = VERTEX_POINT('',#820);
#822 = CARTESIAN_POINT('',(-2.50000000e+00,-4.00000000e+00,-5.00000000e+00));
#823 = VERTEX_POINT('',#822);
#824 = CARTESIAN_POINT('',(-2.50000000e+00,-3.50000000e+00,-5.00000000e+00));
#825 = VERTEX_POINT('',#824);
#826 = CARTESIAN_POINT('',(-2.50000000e+00,-3.00000000e+00,-5.00000000e+00));
#827 = VERTEX_POINT('',#826);
#828 = CARTESIAN_POINT('',(-4.00000000e+00,-4.50000000e+00,-5.00000000e+00));
#829 = VERTEX_POINT('',#828);
#830 = CARTESIAN_POINT('',(-4.00000000e+00,-4.00000000e+00,-5.00000000e+00));
#831 = VERTEX_POINT('',#830);
#832 = CARTESIAN_POINT('',(-4.00000000e+00,-3.50000000e+00,-5.00000000e+00));
#833 = VERTEX_POINT('',#832);
#834 = CARTESIAN_POINT('',(-4.00000000e+00,-3.00000000e+00,-5.00000000e+00));
#835 = VERTEX_POINT('',#834);
#836 = CARTESIAN_POINT('',(-4.50000000e+00,-4.00000000e+00,-5.00000000e+00));
#837 = VERTEX_POINT('',#836);
#838 = CARTESIAN_POINT('',(-4.50000000e+00,-4.50000000e+00,-5.00000000e+00));
#839 = VERTEX_POINT('',#838);
#840 = CARTESIAN_POINT('',(-4.50000000e+00,-3.50000000e+00,-5.00000000e+00));
#841 = VERTEX_POINT('',#840);
#842 = CARTESIAN_POINT('',(-4.50000000e+00,-3.00000000e+00,-5.00000000e+00));
#843 = VERTEX_POINT('',#842);
#844 = CARTESIAN_POINT('',(-3.00000000e+00,-4.00000000e+00,-5.00000000e+00));
#845 = VERTEX_POINT('',#844);
#846 = CARTESIAN_POINT('',(-3.50000000e+00,-4.00000000e+00,-5.00000000e+00));
#847 = VERTEX_POINT('',#846);
#848 = CARTESIAN_POINT('',(-3.00000000e+00,-4.50000000e+00,-5.00000000e+00));
#849 = VERTEX_POINT('',#848);
#850 = CARTESIAN_POINT('',(-3.50000000e+00,-4.50000000e+00,-5.00000000e+00));
#851 = VERTEX_POINT('',#850);
#852 = CARTESIAN_POINT('',(-3.00000000e+00,-3.50000000e+00,-5.00000000e+00));
#853 = VERTEX_POINT('',#852);
#854 = CARTESIAN_POINT('',(-3.50000000e+00,-3.50000000e+00,-5.00000000e+00));
#855 = VERTEX_POINT('',#854);
#856 = CARTESIAN_POINT('',(-3.00000000e+00,-3.00000000e+00,-5.00000000e+00));
#857 = VERTEX_POINT('',#856);
#858 = CARTESIAN_POINT('',(-3.50000000e+00,-3.00000000e+00,-5.00000000e+00));
#859 = VERTEX_POINT('',#858);
#860 = CARTESIAN_POINT('',(-1.50000000e+00,-4.50000000e+00,-5.00000000e+00));
#861 = VERTEX_POINT('',#860);
#862 = CARTESIAN_POINT('',(-1.50000000e+00,-4.00000000e+00,-5.00000000e+00));
#863 = VERTEX_POINT('',#862);
#864 = CARTESIAN_POINT('',(-1.50000000e+00,-3.50000000e+00,-5.00000000e+00));
#865 = VERTEX_POINT('',#864);
#866 = CARTESIAN_POINT('',(-1.50000000e+00,-3.00000000e+00,-5.00000000e+00));
#867 = VERTEX_POINT('',#866);
#868 = CARTESIAN_POINT('',(-2.00000000e+00,-4.00000000e+00,-5.00000000e+00));
#869 = VERTEX_POINT('',#868);
#870 = CARTESIAN_POINT('',(-2.00000000e+00,-4.50000000e+00,-5.00000000e+00));
#871 = VERTEX_POINT('',#870);
#872 = CARTESIAN_POINT('',(-2.00000000e+00,-3.50000000e+00,-5.00000000e+00));
#873 = VERTEX_POINT('',#872);
#874 = CARTESIAN_POINT('',(-2.00000000e+00,-3.00000000e+00,-5.00000000e+00));
#875 = VERTEX_POINT('',#874);
#876 = CARTESIAN_POINT('',(-5.00000000e-01,-4.00000000e+00,-5.00000000e+00));
#877 = VERTEX_POINT('',#876);
#878 = CARTESIAN_POINT('',(-1.00000000e+00,-4.00000000e+00,-5.00000000e+00));
#879 = VERTEX_POINT('',#878);
#880 = CARTESIAN_POINT('',(-5.00000000e-01,-4.50000000e+00,-5.00000000e+00));
#881 = VERTEX_POINT('',#880);
#882 = CARTESIAN_POINT('',(-1.00000000e+00,-4.50000000e+00,-5.00000000e+00));
#883 = VERTEX_POINT('',#882);
#884 = CARTESIAN_POINT('',(-5.00000000e-01,-3.50000000e+00,-5.00000000e+00));
#885 = VERTEX_POINT('',#884);
#886 = CARTESIAN_POINT('',(-1.00000000e+00,-3.50000000e+00,-5.00000000e+00));
#887 = VERTEX_POINT('',#886);
#888 = CARTESIAN_POINT('',(-5.00000000e-01,-3.00000000e+00,-5.00000000e+00));
#889 = VERTEX_POINT('',#888);
#890 = CARTESIAN_POINT('',(-1.00000000e+00,-3.00000000e+00,-5.00000000e+00));
#891 = VERTEX_POINT('',#890);
#892 = CARTESIAN_POINT('',(5.00000000e+00,-5.00000000e+00,-5.00000000e+00));
#893 = VERTEX_POINT('',#892);
#894 = PLANE('',#7,(0.0,0.0,1.0));
#895 = LINE('',#253,(1.0,0.0,0.0));
#896 = EDGE_CURVE('',#253,#263,#895,.T.);
#897 = ORIENTED_EDGE('',*,*,#896,.T.);
#898 = LINE('',#263,(1.0,0.0,0.0));
#899 = EDGE_CURVE('',#263,#227,#898,.T.);
#900 = ORIENTED_EDGE('',*,*,#899,.T.);
#901 = LINE('',#227,(1.0,0.0,0.0));
#902 = EDGE_CURVE('',#227,#229,#901,.T.);
#903 = ORIENTED_EDGE('',*,*,#902,.T.);
#904 = LINE('',#229,(1.0,0.0,0.0));
#905 = EDGE_CURVE('',#229,#253,#904,.T.);
#906 = ORIENTED_EDGE('',*,*,#905,.T.);
#907 = EDGE_LOOP('',(#897,#900,#903,#906));
#908 = FACE_OUTER_BOUND('',#907,.T.);
#909 = FACE_SURFACE('',(#908),#894,.T.);
#910 = PLANE('',#7,(0.0,0.0,1.0));
#911 = LINE('',#263,(1.0,0.0,0.0));
#912 = EDGE_CURVE('',#263,#177,#911,.T.);
#913 = ORIENTED_EDGE('',*,*,#912,.T.);
#914 = LINE('',#177,(1.0,0.0,0.0));
#915 = EDGE_CURVE('',#177,#179,#914,.T.);
#916 = ORIENTED_EDGE('',*,*,#915,.T.);
#917 = LINE('',#179,(1.0,0.0,0.0));
#918 = EDGE_CURVE('',#179,#227,#917,.T.);
#919 = ORIENTED_EDGE('',*,*,#918,.T.);
#920 = LINE('',#227,(1.0,0.0,0.0));
#921 = EDGE_CURVE('',#227,#263,#920,.T.);
#922 = ORIENTED_EDGE('',*,*,#921,.T.);
#923 = EDGE_LOOP('',(#913,#916,#919,#922));
#924 = FACE_OUTER_BOUND('',#923,.T.);
#925 = FACE_SURFACE('',(#924),#910,.T.);
#926 = PLANE('',#7,(0.0,0.0,1.0));
#927 = LINE('',#255,(1.0,0.0,0.0));
#928 = EDGE_CURVE('',#255,#261,#927,.T.);
#929 = ORIENTED_EDGE('',*,*,#928,.T.);
#930 = LINE('',#261,(1.0,0.0,0.0));
#931 = EDGE_CURVE('',#261,#263,#930,.T.);
#932 = ORIENTED_EDGE('',*,*,#931,.T.);
#933 = LINE('',#263,(1.0,0.0,0.0));
#934 = EDGE_CURVE('',#263,#253,#933,.T.);
#935 = ORIENTED_EDGE('',*,*,#934,.T.);
#936 = LINE('',#253,(1.0,0.0,0.0));
#937 = EDGE_CURVE('',#253,#255,#936,.T.);
#938 = ORIENTED_EDGE('',*,*,#937,.T.);
#939 = EDGE_LOOP('',(#929,#932,#935,#938));
#940 = FACE_OUTER_BOUND('',#939,.T.);
#941 = FACE_SURFACE('',(#940),#926,.T.);
#942 = PLANE('',#7,(0.0,0.0,1.0));
#943 = LINE('',#261,(1.0,0.0,0.0));
#944 = EDGE_CURVE('',#261,#175,#943,.T.);
#945 = ORIENTED_EDGE('',*,*,#944,.T.);
#946 = LINE('',#175,(1.0,0.0,0.0));
#947 = EDGE_CURVE('',#175,#177,#946,.T.);
#948 = ORIENTED_EDGE('',*,*,#947,.T.);
#949 = LINE('',#177,(1.0,0.0,0.0));
#950 = EDGE_CURVE('',#177,#263,#949,.T.);
#951 = ORIENTED_EDGE('',*,*,#950,.T.);
#952 = LINE('',#263,(1.0,0.0,0.0));
#953 = EDGE_CURVE('',#263,#261,#952,.T.);
#954 = ORIENTED_EDGE('',*,*,#953,.T.);
#955 = EDGE_LOOP('',(#945,#948,#951,#954));
#956 = FACE_OUTER_BOUND('',#955,.T.);
#957 = FACE_SURFACE('',(#956),#942,.T.);
#958 = PLANE('',#7,(0.0,0.0,1.0));
#959 = LINE('',#257,(1.0,0.0,0.0));
#960 = EDGE_CURVE('',#257,#265,#959,.T.);
#961 = ORIENTED_EDGE('',*,*,#960,.T.);
#962 = LINE('',#265,(1.0,0.0,0.0));
#963 = EDGE_CURVE('',#265,#261,#962,.T.);
#964 = ORIENTED_EDGE('',*,*,#963,.T.);
#965 = LINE('',#261,(1.0,0.0,0.0));
#966 = EDGE_CURVE('',#261,#255,#965,.T.);
#967 = ORIENTED_EDGE('',*,*,#966,.T.);
#968 = LINE('',#255,(1.0,0.0,0.0));
#969 = EDGE_CURVE('',#255,#257,#968,.T.);
#970 = ORIENTED_EDGE('',*,*,#969,.T.);
#971 = EDGE_LOOP('',(#961,#964,#967,#970));
#972 = FACE_OUTER_BOUND('',#971,.T.);
#973 = FACE_SURFACE('',(#972),#958,.T.);
#974 = PLANE('',#7,(0.0,0.0,1.0));
#975 = LINE('',#265,(1.0,0.0,0.0));
#976 = EDGE_CURVE('',#265,#173,#975,.T.);
#977 = ORIENTED_EDGE('',*,*,#976,.T.);
#978 = LINE('',#173,(1.0,0.0,0.0));
#979 = EDGE_CURVE('',#173,#175,#978,.T.);
#980 = ORIENTED_EDGE('',*,*,#979,.T.);
#981 = LINE('',#175,(1.0,0.0,0.0));
#982 = EDGE_CURVE('',#175,#261,#981,.T.);
#983 = ORIENTED_EDGE('',*,*,#982,.T.);
#984 = LINE('',#261,(1.0,0.0,0.0));
#985 = EDGE_CURVE('',#261,#265,#984,.T.);
#986 = ORIENTED_EDGE('',*,*,#985,.T.);
#987 = EDGE_LOOP('',(#977,#980,#983,#986));
#988 = FACE_OUTER_BOUND('',#987,.T.);
#989 = FACE_SURFACE('',(#988),#974,.T.);
#990 = PLANE('',#7,(0.0,0.0,1.0));
#991 = LINE('',#259,(1.0,0.0,0.0));
#992 = EDGE_CURVE('',#259,#267,#991,.T.);
#993 = ORIENTED_EDGE('',*,*,#992,.T.);
#994 = LINE('',#267,(1.0,0.0,0.0));
#995 = EDGE_CURVE('',#267,#265,#994,.T.);
#996 = ORIENTED_EDGE('',*,*,#995,.T.);
#997 = LINE('',#265,(1.0,0.0,0.0));
#998 = EDGE_CURVE('',#265,#257,#997,.T.);
#999 = ORIENTED_EDGE('',*,*,#998,.T.);
#1000 = LINE('',#257,(1.0,0.0,0.0));
#1001 = EDGE_CURVE('',#257,#259,#1000,.T.);
#1002 = ORIENTED_EDGE('',*,*,#1001,.T.);
#1003 = EDGE_LOOP('',(#993,#996,#999,#1002));
#1004 = FACE_OUTER_BOUND('',#1003,.T.);
#1005 = FACE_SURFACE('',(#1004),#990,.T.);
#1006 = PLANE('',#7,(0.0,0.0,1.0));
#1007 = LINE('',#267,(1.0,0.0,0.0));
#1008 = EDGE_CURVE('',#267,#171,#1007,.T.);
#1009 = ORIENTED_EDGE('',*,*,#1008,.T.);
#1010 = LINE('',#171,(1.0,0.0,0.0));
#1011 = EDGE_CURVE('',#171,#173,#1010,.T.);
#1012 = ORIENTED_EDGE('',*,*,#1011,.T.);
#1013 = LINE('',#173,(1.0,0.0,0.0));
#1014 = EDGE_CURVE('',#173,#265,#1013,.T.);
#1015 = ORIENTED_EDGE('',*,*,#1014,.T.);
#1016 = LINE('',#265,(1.0,0.0,0.0));
#1017 = EDGE_CURVE('',#265,#267,#1016,.T.);
#1018 = ORIENTED_EDGE('',*,*,#1017,.T.);
#1019 = EDGE_LOOP('',(#1009,#1012,#1015,#1018));
#1020 = FACE_OUTER_BOUND('',#1019,.T.);
#1021 = FACE_SURFACE('',(#1020),#1006,.T.);
#1022 = PLANE('',#7,(0.0,0.0,1.0));
#1023 = LINE('',#67,(1.0,0.0,0.0));
#1024 = EDGE_CURVE('',#67,#69,#1023,.T.);
#1025 = ORIENTED_EDGE('',*,*,#1024,.T.);
#1026 = LINE('',#69,(1.0,0.0,0.0));
#1027 = EDGE_CURVE('',#69,#267,#1026,.T.);
#1028 = ORIENTED_EDGE('',*,*,#1027,.T.);
#1029 = LINE('',#267,(1.0,0.0,0.0));
#1030 = EDGE_CURVE('',#267,#259,#1029,.T.);
#1031 = ORIENTED_EDGE('',*,*,#1030,.T.);
#1032 = LINE('',#259,(1.0,0.0,0.0));
#1033 = EDGE_CURVE('',#259,#67,#1032,.T.);
#1034 = ORIENTED_EDGE('',*,*,#1033,.T.);
#1035 = EDGE_LOOP('',(#1025,#1028,#1031,#1034));
#1036 = FACE_OUTER_BOUND('',#1035,.T.);
#1037 = FACE_SURFACE('',(#1036),#1022,.T.);
#1038 = PLANE('',#7,(0.0,0.0,1.0));
#1039 = LINE('',#69,(1.0,0.0,0.0));
#1040 = EDGE_CURVE('',#69,#71,#1039,.T.);
#1041 = ORIENTED_EDGE('',*,*,#1040,.T.);
#1042 = LINE('',#71,(1.0,0.0,0.0));
#1043 = EDGE_CURVE('',#71,#171,#1042,.T.);
#1044 = ORIENTED_EDGE('',*,*,#1043,.T.);
#1045 = LINE('',#171,(1.0,0.0,0.0));
#1046 = EDGE_CURVE('',#171,#267,#1045,.T.);
#1047 = ORIENTED_EDGE('',*,*,#1046,.T.);
#1048 = LINE('',#267,(1.0,0.0,0.0));
#1049 = EDGE_CURVE('',#267,#69,#1048,.T.);
#1050 = ORIENTED_EDGE('',*,*,#1049,.T.);
#1051 = EDGE_LOOP('',(#1041,#1044,#1047,#1050));
#1052 = FACE_OUTER_BOUND('',#1051,.T.);
#1053 = FACE_SURFACE('',(#1052),#1038,.T.);
#1054 = PLANE('',#7,(0.0,0.0,1.0));
#1055 = LINE('',#269,(1.0,0.0,0.0));
#1056 = EDGE_CURVE('',#269,#273,#1055,.T.);
#1057 = ORIENTED_EDGE('',*,*,#1056,.T.);
#1058 = LINE('',#273,(1.0,0.0,0.0));
#1059 = EDGE_CURVE('',#273,#245,#1058,.T.);
#1060 = ORIENTED_EDGE('',*,*,#1059,.T.);
#1061 = LINE('',#245,(1.0,0.0,0.0));
#1062 = EDGE_CURVE('',#245,#247,#1061,.T.);
#1063 = ORIENTED_EDGE('',*,*,#1062,.T.);
#1064 = LINE('',#247,(1.0,0.0,0.0));
#1065 = EDGE_CURVE('',#247,#269,#1064,.T.);
#1066 = ORIENTED_EDGE('',*,*,#1065,.T.);
#1067 = EDGE_LOOP('',(#1057,#1060,#1063,#1066));
#1068 = FACE_OUTER_BOUND('',#1067,.T.);
#1069 = FACE_SURFACE('',(#1068),#1054,.T.);
#1070 = PLANE('',#7,(0.0,0.0,1.0));
#1071 = LINE('',#273,(1.0,0.0,0.0));
#1072 = EDGE_CURVE('',#273,#233,#1071,.T.);
#1073 = ORIENTED_EDGE('',*,*,#1072,.T.);
#1074 = LINE('',#233,(1.0,0.0,0.0));
#1075 = EDGE_CURVE('',#233,#235,#1074,.T.);
#1076 = ORIENTED_EDGE('',*,*,#1075,.T.);
#1077 = LINE('',#235,(1.0,0.0,0.0));
#1078 = EDGE_CURVE('',#235,#245,#1077,.T.);
#1079 = ORIENTED_EDGE('',*,*,#1078,.T.);
#1080 = LINE('',#245,(1.0,0.0,0.0));
#1081 = EDGE_CURVE('',#245,#273,#1080,.T.);
#1082 = ORIENTED_EDGE('',*,*,#1081,.T.);
#1083 = EDGE_LOOP('',(#1073,#1076,#1079,#1082));
#1084 = FACE_OUTER_BOUND('',#1083,.T.);
#1085 = FACE_SURFACE('',(#1084),#1070,.T.);
#1086 = PLANE('',#7,(0.0,0.0,1.0));
#1087 = LINE('',#271,(1.0,0.0,0.0));
#1088 = EDGE_CURVE('',#271,#275,#1087,.T.);
#1089 = ORIENTED_EDGE('',*,*,#1088,.T.);
#1090 = LINE('',#275,(1.0,0.0,0.0));
#1091 = EDGE_CURVE('',#275,#273,#1090,.T.);
#1092 = ORIENTED_EDGE('',*,*,#1091,.T.);
#1093 = LINE('',#273,(1.0,0.0,0.0));
#1094 = EDGE_CURVE('',#273,#269,#1093,.T.);
#1095 = ORIENTED_EDGE('',*,*,#1094,.T.);
#1096 = LINE('',#269,(1.0,0.0,0.0));
#1097 = EDGE_CURVE('',#269,#271,#1096,.T.);
#1098 = ORIENTED_EDGE('',*,*,#1097,.T.);
#1099 = EDGE_LOOP('',(#1089,#1092,#1095,#1098));
#1100 = FACE_OUTER_BOUND('',#1099,.T.);
#1101 = FACE_SURFACE('',(#1100),#1086,.T.);
#1102 = PLANE('',#7,(0.0,0.0,1.0));
#1103 = LINE('',#275,(1.0,0.0,0.0));
#1104 = EDGE_CURVE('',#275,#231,#1103,.T.);
#1105 = ORIENTED_EDGE('',*,*,#1104,.T.);
#1106 = LINE('',#231,(1.0,0.0,0.0));
#1107 = EDGE_CURVE('',#231,#233,#1106,.T.);
#1108 = ORIENTED_EDGE('',*,*,#1107,.T.);
#1109 = LINE('',#233,(1.0,0.0,0.0));
#1110 = EDGE_CURVE('',#233,#273,#1109,.T.);
#1111 = ORIENTED_EDGE('',*,*,#1110,.T.);
#1112 = LINE('',#273,(1.0,0.0,0.0));
#1113 = EDGE_CURVE('',#273,#275,#1112,.T.);
#1114 = ORIENTED_EDGE('',*,*,#1113,.T.);
#1115 = EDGE_LOOP('',(#1105,#1108,#1111,#1114));
#1116 = FACE_OUTER_BOUND('',#1115,.T.);
#1117 = FACE_SURFACE('',(#1116),#1102,.T.);
#1118 = PLANE('',#7,(0.0,0.0,1.0));
#1119 = LINE('',#255,(1.0,0.0,0.0));
#1120 = EDGE_CURVE('',#255,#253,#1119,.T.);
#1121 = ORIENTED_EDGE('',*,*,#1120,.T.);
#1122 = LINE('',#253,(1.0,0.0,0.0));
#1123 = EDGE_CURVE('',#253,#275,#1122,.T.);
#1124 = ORIENTED_EDGE('',*,*,#1123,.T.);
#1125 = LINE('',#275,(1.0,0.0,0.0));
#1126 = EDGE_CURVE('',#275,#271,#1125,.T.);
#1127 = ORIENTED_EDGE('',*,*,#1126,.T.);
#1128 = LINE('',#271,(1.0,0.0,0.0));
#1129 = EDGE_CURVE('',#271,#255,#1128,.T.);
#1130 = ORIENTED_EDGE('',*,*,#1129,.T.);
#1131 = EDGE_LOOP('',(#1121,#1124,#1127,#1130));
#1132 = FACE_OUTER_BOUND('',#1131,.T.);
#1133 = FACE_SURFACE('',(#1132),#1118,.T.);
#1134 = PLANE('',#7,(0.0,0.0,1.0));
#1135 = LINE('',#253,(1.0,0.0,0.0));
#1136 = EDGE_CURVE('',#253,#229,#1135,.T.);
#1137 = ORIENTED_EDGE('',*,*,#1136,.T.);
#1138 = LINE('',#229,(1.0,0.0,0.0));
#1139 = EDGE_CURVE('',#229,#231,#1138,.T.);
#1140 = ORIENTED_EDGE('',*,*,#1139,.T.);
#1141 = LINE('',#231,(1.0,0.0,0.0));
#1142 = EDGE_CURVE('',#231,#275,#1141,.T.);
#1143 = ORIENTED_EDGE('',*,*,#1142,.T.);
#1144 = LINE('',#275,(1.0,0.0,0.0));
#1145 = EDGE_CURVE('',#275,#253,#1144,.T.);
#1146 = ORIENTED_EDGE('',*,*,#1145,.T.);
#1147 = EDGE_LOOP('',(#1137,#1140,#1143,#1146));
#1148 = FACE_OUTER_BOUND('',#1147,.T.);
#1149 = FACE_SURFACE('',(#1148),#1134,.T.);
#1150 = PLANE('',#7,(0.0,0.0,1.0));
#1151 = LINE('',#249,(1.0,0.0,0.0));
#1152 = EDGE_CURVE('',#249,#277,#1151,.T.);
#1153 = ORIENTED_EDGE('',*,*,#1152,.T.);
#1154 = LINE('',#277,(1.0,0.0,0.0));
#1155 = EDGE_CURVE('',#277,#269,#1154,.T.);
#1156 = ORIENTED_EDGE('',*,*,#1155,.T.);
#1157 = LINE('',#269,(1.0,0.0,0.0));
#1158 = EDGE_CURVE('',#269,#247,#1157,.T.);
#1159 = ORIENTED_EDGE('',*,*,#1158,.T.);
#1160 = LINE('',#247,(1.0,0.0,0.0));
#1161 = EDGE_CURVE('',#247,#249,#1160,.T.);
#1162 = ORIENTED_EDGE('',*,*,#1161,.T.);
#1163 = EDGE_LOOP('',(#1153,#1156,#1159,#1162));
#1164 = FACE_OUTER_BOUND('',#1163,.T.);
#1165 = FACE_SURFACE('',(#1164),#1150,.T.);
#1166 = PLANE('',#7,(0.0,0.0,1.0));
#1167 = LINE('',#277,(1.0,0.0,0.0));
#1168 = EDGE_CURVE('',#277,#279,#1167,.T.);
#1169 = ORIENTED_EDGE('',*,*,#1168,.T.);
#1170 = LINE('',#279,(1.0,0.0,0.0));
#1171 = EDGE_CURVE('',#279,#271,#1170,.T.);
#1172 = ORIENTED_EDGE('',*,*,#1171,.T.);
#1173 = LINE('',#271,(1.0,0.0,0.0));
#1174 = EDGE_CURVE('',#271,#269,#1173,.T.);
#1175 = ORIENTED_EDGE('',*,*,#1174,.T.);
#1176 = LINE('',#269,(1.0,0.0,0.0));
#1177 = EDGE_CURVE('',#269,#277,#1176,.T.);
#1178 = ORIENTED_EDGE('',*,*,#1177,.T.);
#1179 = EDGE_LOOP('',(#1169,#1172,#1175,#1178));
#1180 = FACE_OUTER_BOUND('',#1179,.T.);
#1181 = FACE_SURFACE('',(#1180),#1166,.T.);
#1182 = PLANE('',#7,(0.0,0.0,1.0));
#1183 = LINE('',#279,(1.0,0.0,0.0));
#1184 = EDGE_CURVE('',#279,#257,#1183,.T.);
#1185 = ORIENTED_EDGE('',*,*,#1184,.T.);
#1186 = LINE('',#257,(1.0,0.0,0.0));
#1187 = EDGE_CURVE('',#257,#255,#1186,.T.);
#1188 = ORIENTED_EDGE('',*,*,#1187,.T.);
#1189 = LINE('',#255,(1.0,0.0,0.0));
#1190 = EDGE_CURVE('',#255,#271,#1189,.T.);
#1191 = ORIENTED_EDGE('',*,*,#1190,.T.);
#1192 = LINE('',#271,(1.0,0.0,0.0));
#1193 = EDGE_CURVE('',#271,#279,#1192,.T.);
#1194 = ORIENTED_EDGE('',*,*,#1193,.T.);
#1195 = EDGE_LOOP('',(#1185,#1188,#1191,#1194));
#1196 = FACE_OUTER_BOUND('',#1195,.T.);
#1197 = FACE_SURFACE('',(#1196),#1182,.T.);
#1198 = PLANE('',#7,(0.0,0.0,1.0));
#1199 = LINE('',#63,(1.0,0.0,0.0));
#1200 = EDGE_CURVE('',#63,#281,#1199,.T.);
#1201 = ORIENTED_EDGE('',*,*,#1200,.T.);
#1202 = LINE('',#281,(1.0,0.0,0.0));
#1203 = EDGE_CURVE('',#281,#251,#1202,.T.);
#1204 = ORIENTED_EDGE('',*,*,#1203,.T.);
#1205 = LINE('',#251,(1.0,0.0,0.0));
#1206 = EDGE_CURVE('',#251,#61,#1205,.T.);
#1207 = ORIENTED_EDGE('',*,*,#1206,.T.);
#1208 = LINE('',#61,(1.0,0.0,0.0));
#1209 = EDGE_CURVE('',#61,#63,#1208,.T.);
#1210 = ORIENTED_EDGE('',*,*,#1209,.T.);
#1211 = EDGE_LOOP('',(#1201,#1204,#1207,#1210));
#1212 = FACE_OUTER_BOUND('',#1211,.T.);
#1213 = FACE_SURFACE('',(#1212),#1198,.T.);
#1214 = PLANE('',#7,(0.0,0.0,1.0));
#1215 = LINE('',#281,(1.0,0.0,0.0));
#1216 = EDGE_CURVE('',#281,#277,#1215,.T.);
#1217 = ORIENTED_EDGE('',*,*,#1216,.T.);
#1218 = LINE('',#277,(1.0,0.0,0.0));
#1219 = EDGE_CURVE('',#277,#249,#1218,.T.);
#1220 = ORIENTED_EDGE('',*,*,#1219,.T.);
#1221 = LINE('',#249,(1.0,0.0,0.0));
#1222 = EDGE_CURVE('',#249,#251,#1221,.T.);
#1223 = ORIENTED_EDGE('',*,*,#1222,.T.);
#1224 = LINE('',#251,(1.0,0.0,0.0));
#1225 = EDGE_CURVE('',#251,#281,#1224,.T.);
#1226 = ORIENTED_EDGE('',*,*,#1225,.T.);
#1227 = EDGE_LOOP('',(#1217,#1220,#1223,#1226));
#1228 = FACE_OUTER_BOUND('',#1227,.T.);
#1229 = FACE_SURFACE('',(#1228),#1214,.T.);
#1230 = PLANE('',#7,(0.0,0.0,1.0));
#1231 = LINE('',#65,(1.0,0.0,0.0));
#1232 = EDGE_CURVE('',#65,#283,#1231,.T.);
#1233 = ORIENTED_EDGE('',*,*,#1232,.T.);
#1234 = LINE('',#283,(1.0,0.0,0.0));
#1235 = EDGE_CURVE('',#283,#281,#1234,.T.);
#1236 = ORIENTED_EDGE('',*,*,#1235,.T.);
#1237 = LINE('',#281,(1.0,0.0,0.0));
#1238 = EDGE_CURVE('',#281,#63,#1237,.T.);
#1239 = ORIENTED_EDGE('',*,*,#1238,.T.);
#1240 = LINE('',#63,(1.0,0.0,0.0));
#1241 = EDGE_CURVE('',#63,#65,#1240,.T.);
#1242 = ORIENTED_EDGE('',*,*,#1241,.T.);
#1243 = EDGE_LOOP('',(#1233,#1236,#1239,#1242));
#1244 = FACE_OUTER_BOUND('',#1243,.T.);
#1245 = FACE_SURFACE('',(#1244),#1230,.T.);
#1246 = PLANE('',#7,(0.0,0.0,1.0));
#1247 = LINE('',#283,(1.0,0.0,0.0));
#1248 = EDGE_CURVE('',#283,#279,#1247,.T.);
#1249 = ORIENTED_EDGE('',*,*,#1248,.T.);
#1250 = LINE('',#279,(1.0,0.0,0.0));
#1251 = EDGE_CURVE('',#279,#277,#1250,.T.);
#1252 = ORIENTED_EDGE('',*,*,#1251,.T.);
#1253 = LINE('',#277,(1.0,0.0,0.0));
#1254 = EDGE_CURVE('',#277,#281,#1253,.T.);
#1255 = ORIENTED_EDGE('',*,*,#1254,.T.);
#1256 = LINE('',#281,(1.0,0.0,0.0));
#1257 = EDGE_CURVE('',#281,#283,#1256,.T.);
#1258 = ORIENTED_EDGE('',*,*,#1257,.T.);
#1259 = EDGE_LOOP('',(#1249,#1252,#1255,#1258));
#1260 = FACE_OUTER_BOUND('',#1259,.T.);
#1261 = FACE_SURFACE('',(#1260),#1246,.T.);
#1262 = PLANE('',#7,(0.0,0.0,1.0));
#1263 = LINE('',#67,(1.0,0.0,0.0));
#1264 = EDGE_CURVE('',#67,#259,#1263,.T.);
#1265 = ORIENTED_EDGE('',*,*,#1264,.T.);
#1266 = LINE('',#259,(1.0,0.0,0.0));
#1267 = EDGE_CURVE('',#259,#283,#1266,.T.);
#1268 = ORIENTED_EDGE('',*,*,#1267,.T.);
#1269 = LINE('',#283,(1.0,0.0,0.0));
#1270 = EDGE_CURVE('',#283,#65,#1269,.T.);
#1271 = ORIENTED_EDGE('',*,*,#1270,.T.);
#1272 = LINE('',#65,(1.0,0.0,0.0));
#1273 = EDGE_CURVE('',#65,#67,#1272,.T.);
#1274 = ORIENTED_EDGE('',*,*,#1273,.T.);
#1275 = EDGE_LOOP('',(#1265,#1268,#1271,#1274));
#1276 = FACE_OUTER_BOUND('',#1275,.T.);
#1277 = FACE_SURFACE('',(#1276),#1262,.T.);
#1278 = PLANE('',#7,(0.0,0.0,1.0));
#1279 = LINE('',#259,(1.0,0.0,0.0));
#1280 = EDGE_CURVE('',#259,#257,#1279,.T.);
#1281 = ORIENTED_EDGE('',*,*,#1280,.T.);
#1282 = LINE('',#257,(1.0,0.0,0.0));
#1283 = EDGE_CURVE('',#257,#279,#1282,.T.);
#1284 = ORIENTED_EDGE('',*,*,#1283,.T.);
#1285 = LINE('',#279,(1.0,0.0,0.0));
#1286 = EDGE_CURVE('',#279,#283,#1285,.T.);
#1287 = ORIENTED_EDGE('',*,*,#1286,.T.);
#1288 = LINE('',#283,(1.0,0.0,0.0));
#1289 = EDGE_CURVE('',#283,#259,#1288,.T.);
#1290 = ORIENTED_EDGE('',*,*,#1289,.T.);
#1291 = EDGE_LOOP('',(#1281,#1284,#1287,#1290));
#1292 = FACE_OUTER_BOUND('',#1291,.T.);
#1293 = FACE_SURFACE('',(#1292),#1278,.T.);
#1294 = PLANE('',#7,(0.0,0.0,1.0));
#1295 = LINE('',#285,(1.0,0.0,0.0));
#1296 = EDGE_CURVE('',#285,#295,#1295,.T.);
#1297 = ORIENTED_EDGE('',*,*,#1296,.T.);
#1298 = LINE('',#295,(1.0,0.0,0.0));
#1299 = EDGE_CURVE('',#295,#237,#1298,.T.);
#1300 = ORIENTED_EDGE('',*,*,#1299,.T.);
#1301 = LINE('',#237,(1.0,0.0,0.0));
#1302 = EDGE_CURVE('',#237,#239,#1301,.T.);
#1303 = ORIENTED_EDGE('',*,*,#1302,.T.);
#1304 = LINE('',#239,(1.0,0.0,0.0));
#1305 = EDGE_CURVE('',#239,#285,#1304,.T.);
#1306 = ORIENTED_EDGE('',*,*,#1305,.T.);
#1307 = EDGE_LOOP('',(#1297,#1300,#1303,#1306));
#1308 = FACE_OUTER_BOUND('',#1307,.T.);
#1309 = FACE_SURFACE('',(#1308),#1294,.T.);
#1310 = PLANE('',#7,(0.0,0.0,1.0));
#1311 = LINE('',#295,(1.0,0.0,0.0));
#1312 = EDGE_CURVE('',#295,#245,#1311,.T.);
#1313 = ORIENTED_EDGE('',*,*,#1312,.T.);
#1314 = LINE('',#245,(1.0,0.0,0.0));
#1315 = EDGE_CURVE('',#245,#235,#1314,.T.);
#1316 = ORIENTED_EDGE('',*,*,#1315,.T.);
#1317 = LINE('',#235,(1.0,0.0,0.0));
#1318 = EDGE_CURVE('',#235,#237,#1317,.T.);
#1319 = ORIENTED_EDGE('',*,*,#1318,.T.);
#1320 = LINE('',#237,(1.0,0.0,0.0));
#1321 = EDGE_CURVE('',#237,#295,#1320,.T.);
#1322 = ORIENTED_EDGE('',*,*,#1321,.T.);
#1323 = EDGE_LOOP('',(#1313,#1316,#1319,#1322));
#1324 = FACE_OUTER_BOUND('',#1323,.T.);
#1325 = FACE_SURFACE('',(#1324),#1310,.T.);
#1326 = PLANE('',#7,(0.0,0.0,1.0));
#1327 = LINE('',#287,(1.0,0.0,0.0));
#1328 = EDGE_CURVE('',#287,#293,#1327,.T.);
#1329 = ORIENTED_EDGE('',*,*,#1328,.T.);
#1330 = LINE('',#293,(1.0,0.0,0.0));
#1331 = EDGE_CURVE('',#293,#295,#1330,.T.);
#1332 = ORIENTED_EDGE('',*,*,#1331,.T.);
#1333 = LINE('',#295,(1.0,0.0,0.0));
#1334 = EDGE_CURVE('',#295,#285,#1333,.T.);
#1335 = ORIENTED_EDGE('',*,*,#1334,.T.);
#1336 = LINE('',#285,(1.0,0.0,0.0));
#1337 = EDGE_CURVE('',#285,#287,#1336,.T.);
#1338 = ORIENTED_EDGE('',*,*,#1337,.T.);
#1339 = EDGE_LOOP('',(#1329,#1332,#1335,#1338));
#1340 = FACE_OUTER_BOUND('',#1339,.T.);
#1341 = FACE_SURFACE('',(#1340),#1326,.T.);
#1342 = PLANE('',#7,(0.0,0.0,1.0));
#1343 = LINE('',#293,(1.0,0.0,0.0));
#1344 = EDGE_CURVE('',#293,#247,#1343,.T.);
#1345 = ORIENTED_EDGE('',*,*,#1344,.T.);
#1346 = LINE('',#247,(1.0,0.0,0.0));
#1347 = EDGE_CURVE('',#247,#245,#1346,.T.);
#1348 = ORIENTED_EDGE('',*,*,#1347,.T.);
#1349 = LINE('',#245,(1.0,0.0,0.0));
#1350 = EDGE_CURVE('',#245,#295,#1349,.T.);
#1351 = ORIENTED_EDGE('',*,*,#1350,.T.);
#1352 = LINE('',#295,(1.0,0.0,0.0));
#1353 = EDGE_CURVE('',#295,#293,#1352,.T.);
#1354 = ORIENTED_EDGE('',*,*,#1353,.T.);
#1355 = EDGE_LOOP('',(#1345,#1348,#1351,#1354));
#1356 = FACE_OUTER_BOUND('',#1355,.T.);
#1357 = FACE_SURFACE('',(#1356),#1342,.T.);
#1358 = PLANE('',#7,(0.0,0.0,1.0));
#1359 = LINE('',#289,(1.0,0.0,0.0));
#1360 = EDGE_CURVE('',#289,#297,#1359,.T.);
#1361 = ORIENTED_EDGE('',*,*,#1360,.T.);
#1362 = LINE('',#297,(1.0,0.0,0.0));
#1363 = EDGE_CURVE('',#297,#293,#1362,.T.);
#1364 = ORIENTED_EDGE('',*,*,#1363,.T.);
#1365 = LINE('',#293,(1.0,0.0,0.0));
#1366 = EDGE_CURVE('',#293,#287,#1365,.T.);
#1367 = ORIENTED_EDGE('',*,*,#1366,.T.);
#1368 = LINE('',#287,(1.0,0.0,0.0));
#1369 = EDGE_CURVE('',#287,#289,#1368,.T.);
#1370 = ORIENTED_EDGE('',*,*,#1369,.T.);
#1371 = EDGE_LOOP('',(#1361,#1364,#1367,#1370));
#1372 = FACE_OUTER_BOUND('',#1371,.T.);
#1373 = FACE_SURFACE('',(#1372),#1358,.T.);
#1374 = PLANE('',#7,(0.0,0.0,1.0));
#1375 = LINE('',#297,(1.0,0.0,0.0));
#1376 = EDGE_CURVE('',#297,#249,#1375,.T.);
#1377 = ORIENTED_EDGE('',*,*,#1376,.T.);
#1378 = LINE('',#249,(1.0,0.0,0.0));
#1379 = EDGE_CURVE('',#249,#247,#1378,.T.);
#1380 = ORIENTED_EDGE('',*,*,#1379,.T.);
#1381 = LINE('',#247,(1.0,0.0,0.0));
#1382 = EDGE_CURVE('',#247,#293,#1381,.T.);
#1383 = ORIENTED_EDGE('',*,*,#1382,.T.);
#1384 = LINE('',#293,(1.0,0.0,0.0));
#1385 = EDGE_CURVE('',#293,#297,#1384,.T.);
#1386 = ORIENTED_EDGE('',*,*,#1385,.T.);
#1387 = EDGE_LOOP('',(#1377,#1380,#1383,#1386));
#1388 = FACE_OUTER_BOUND('',#1387,.T.);
#1389 = FACE_SURFACE('',(#1388),#1374,.T.);
#1390 = PLANE('',#7,(0.0,0.0,1.0));
#1391 = LINE('',#291,(1.0,0.0,0.0));
#1392 = EDGE_CURVE('',#291,#299,#1391,.T.);
#1393 = ORIENTED_EDGE('',*,*,#1392,.T.);
#1394 = LINE('',#299,(1.0,0.0,0.0));
#1395 = EDGE_CURVE('',#299,#297,#1394,.T.);
#1396 = ORIENTED_EDGE('',*,*,#1395,.T.);
#1397 = LINE('',#297,(1.0,0.0,0.0));
#1398 = EDGE_CURVE('',#297,#289,#1397,.T.);
#1399 = ORIENTED_EDGE('',*,*,#1398,.T.);
#1400 = LINE('',#289,(1.0,0.0,0.0));
#1401 = EDGE_CURVE('',#289,#291,#1400,.T.);
#1402 = ORIENTED_EDGE('',*,*,#1401,.T.);
#1403 = EDGE_LOOP('',(#1393,#1396,#1399,#1402));
#1404 = FACE_OUTER_BOUND('',#1403,.T.);
#1405 = FACE_SURFACE('',(#1404),#1390,.T.);
#1406 = PLANE('',#7,(0.0,0.0,1.0));
#1407 = LINE('',#299,(1.0,0.0,0.0));
#1408 = EDGE_CURVE('',#299,#251,#1407,.T.);
#1409 = ORIENTED_EDGE('',*,*,#1408,.T.);
#1410 = LINE('',#251,(1.0,0.0,0.0));
#1411 = EDGE_CURVE('',#251,#249,#1410,.T.);
#1412 = ORIENTED_EDGE('',*,*,#1411,.T.);
#1413 = LINE('',#249,(1.0,0.0,0.0));
#1414 = EDGE_CURVE('',#249,#297,#1413,.T.);
#1415 = ORIENTED_EDGE('',*,*,#1414,.T.);
#1416 = LINE('',#297,(1.0,0.0,0.0));
#1417 = EDGE_CURVE('',#297,#299,#1416,.T.);
#1418 = ORIENTED_EDGE('',*,*,#1417,.T.);
#1419 = EDGE_LOOP('',(#1409,#1412,#1415,#1418));
#1420 = FACE_OUTER_BOUND('',#1419,.T.);
#1421 = FACE_SURFACE('',(#1420),#1406,.T.);
#1422 = PLANE('',#7,(0.0,0.0,1.0));
#1423 = LINE('',#57,(1.0,0.0,0.0));
#1424 = EDGE_CURVE('',#57,#59,#1423,.T.);
#1425 = ORIENTED_EDGE('',*,*,#1424,.T.);
#1426 = LINE('',#59,(1.0,0.0,0.0));
#1427 = EDGE_CURVE('',#59,#299,#1426,.T.);
#1428 = ORIENTED_EDGE('',*,*,#1427,.T.);
#1429 = LINE('',#299,(1.0,0.0,0.0));
#1430 = EDGE_CURVE('',#299,#291,#1429,.T.);
#1431 = ORIENTED_EDGE('',*,*,#1430,.T.);
#1432 = LINE('',#291,(1.0,0.0,0.0));
#1433 = EDGE_CURVE('',#291,#57,#1432,.T.);
#1434 = ORIENTED_EDGE('',*,*,#1433,.T.);
#1435 = EDGE_LOOP('',(#1425,#1428,#1431,#1434));
#1436 = FACE_OUTER_BOUND('',#1435,.T.);
#1437 = FACE_SURFACE('',(#1436),#1422,.T.);
#1438 = PLANE('',#7,(0.0,0.0,1.0));
#1439 = LINE('',#59,(1.0,0.0,0.0));
#1440 = EDGE_CURVE('',#59,#61,#1439,.T.);
#1441 = ORIENTED_EDGE('',*,*,#1440,.T.);
#1442 = LINE('',#61,(1.0,0.0,0.0));
#1443 = EDGE_CURVE('',#61,#251,#1442,.T.);
#1444 = ORIENTED_EDGE('',*,*,#1443,.T.);
#1445 = LINE('',#251,(1.0,0.0,0.0));
#1446 = EDGE_CURVE('',#251,#299,#1445,.T.);
#1447 = ORIENTED_EDGE('',*,*,#1446,.T.);
#1448 = LINE('',#299,(1.0,0.0,0.0));
#1449 = EDGE_CURVE('',#299,#59,#1448,.T.);
#1450 = ORIENTED_EDGE('',*,*,#1449,.T.);
#1451 = EDGE_LOOP('',(#1441,#1444,#1447,#1450));
#1452 = FACE_OUTER_BOUND('',#1451,.T.);
#1453 = FACE_SURFACE('',(#1452),#1438,.T.);
#1454 = PLANE('',#7,(0.0,0.0,1.0));
#1455 = LINE('',#301,(1.0,0.0,0.0));
#1456 = EDGE_CURVE('',#301,#305,#1455,.T.);
#1457 = ORIENTED_EDGE('',*,*,#1456,.T.);
#1458 = LINE('',#305,(1.0,0.0,0.0));
#1459 = EDGE_CURVE('',#305,#43,#1458,.T.);
#1460 = ORIENTED_EDGE('',*,*,#1459,.T.);
#1461 = LINE('',#43,(1.0,0.0,0.0));
#1462 = EDGE_CURVE('',#43,#45,#1461,.T.);
#1463 = ORIENTED_EDGE('',*,*,#1462,.T.);
#1464 = LINE('',#45,(1.0,0.0,0.0));
#1465 = EDGE_CURVE('',#45,#301,#1464,.T.);
#1466 = ORIENTED_EDGE('',*,*,#1465,.T.);
#1467 = EDGE_LOOP('',(#1457,#1460,#1463,#1466));
#1468 = FACE_OUTER_BOUND('',#1467,.T.);
#1469 = FACE_SURFACE('',(#1468),#1454,.T.);
#1470 = PLANE('',#7,(0.0,0.0,1.0));
#1471 = LINE('',#305,(1.0,0.0,0.0));
#1472 = EDGE_CURVE('',#305,#243,#1471,.T.);
#1473 = ORIENTED_EDGE('',*,*,#1472,.T.);
#1474 = LINE('',#243,(1.0,0.0,0.0));
#1475 = EDGE_CURVE('',#243,#41,#1474,.T.);
#1476 = ORIENTED_EDGE('',*,*,#1475,.T.);
#1477 = LINE('',#41,(1.0,0.0,0.0));
#1478 = EDGE_CURVE('',#41,#43,#1477,.T.);
#1479 = ORIENTED_EDGE('',*,*,#1478,.T.);
#1480 = LINE('',#43,(1.0,0.0,0.0));
#1481 = EDGE_CURVE('',#43,#305,#1480,.T.);
#1482 = ORIENTED_EDGE('',*,*,#1481,.T.);
#1483 = EDGE_LOOP('',(#1473,#1476,#1479,#1482));
#1484 = FACE_OUTER_BOUND('',#1483,.T.);
#1485 = FACE_SURFACE('',(#1484),#1470,.T.);
#1486 = PLANE('',#7,(0.0,0.0,1.0));
#1487 = LINE('',#303,(1.0,0.0,0.0));
#1488 = EDGE_CURVE('',#303,#307,#1487,.T.);
#1489 = ORIENTED_EDGE('',*,*,#1488,.T.);
#1490 = LINE('',#307,(1.0,0.0,0.0));
#1491 = EDGE_CURVE('',#307,#305,#1490,.T.);
#1492 = ORIENTED_EDGE('',*,*,#1491,.T.);
#1493 = LINE('',#305,(1.0,0.0,0.0));
#1494 = EDGE_CURVE('',#305,#301,#1493,.T.);
#1495 = ORIENTED_EDGE('',*,*,#1494,.T.);
#1496 = LINE('',#301,(1.0,0.0,0.0));
#1497 = EDGE_CURVE('',#301,#303,#1496,.T.);
#1498 = ORIENTED_EDGE('',*,*,#1497,.T.);
#1499 = EDGE_LOOP('',(#1489,#1492,#1495,#1498));
#1500 = FACE_OUTER_BOUND('',#1499,.T.);
#1501 = FACE_SURFACE('',(#1500),#1486,.T.);
#1502 = PLANE('',#7,(0.0,0.0,1.0));
#1503 = LINE('',#307,(1.0,0.0,0.0));
#1504 = EDGE_CURVE('',#307,#241,#1503,.T.);
#1505 = ORIENTED_EDGE('',*,*,#1504,.T.);
#1506 = LINE('',#241,(1.0,0.0,0.0));
#1507 = EDGE_CURVE('',#241,#243,#1506,.T.);
#1508 = ORIENTED_EDGE('',*,*,#1507,.T.);
#1509 = LINE('',#243,(1.0,0.0,0.0));
#1510 = EDGE_CURVE('',#243,#305,#1509,.T.);
#1511 = ORIENTED_EDGE('',*,*,#1510,.T.);
#1512 = LINE('',#305,(1.0,0.0,0.0));
#1513 = EDGE_CURVE('',#305,#307,#1512,.T.);
#1514 = ORIENTED_EDGE('',*,*,#1513,.T.);
#1515 = EDGE_LOOP('',(#1505,#1508,#1511,#1514));
#1516 = FACE_OUTER_BOUND('',#1515,.T.);
#1517 = FACE_SURFACE('',(#1516),#1502,.T.);
#1518 = PLANE('',#7,(0.0,0.0,1.0));
#1519 = LINE('',#287,(1.0,0.0,0.0));
#1520 = EDGE_CURVE('',#287,#285,#1519,.T.);
#1521 = ORIENTED_EDGE('',*,*,#1520,.T.);
#1522 = LINE('',#285,(1.0,0.0,0.0));
#1523 = EDGE_CURVE('',#285,#307,#1522,.T.);
#1524 = ORIENTED_EDGE('',*,*,#1523,.T.);
#1525 = LINE('',#307,(1.0,0.0,0.0));
#1526 = EDGE_CURVE('',#307,#303,#1525,.T.);
#1527 = ORIENTED_EDGE('',*,*,#1526,.T.);
#1528 = LINE('',#303,(1.0,0.0,0.0));
#1529 = EDGE_CURVE('',#303,#287,#1528,.T.);
#1530 = ORIENTED_EDGE('',*,*,#1529,.T.);
#1531 = EDGE_LOOP('',(#1521,#1524,#1527,#1530));
#1532 = FACE_OUTER_BOUND('',#1531,.T.);
#1533 = FACE_SURFACE('',(#1532),#1518,.T.);
#1534 = PLANE('',#7,(0.0,0.0,1.0));
#1535 = LINE('',#285,(1.0,0.0,0.0));
#1536 = EDGE_CURVE('',#285,#239,#1535,.T.);
#1537 = ORIENTED_EDGE('',*,*,#1536,.T.);
#1538 = LINE('',#239,(1.0,0.0,0.0));
#1539 = EDGE_CURVE('',#239,#241,#1538,.T.);
#1540 = ORIENTED_EDGE('',*,*,#1539,.T.);
#1541 = LINE('',#241,(1.0,0.0,0.0));
#1542 = EDGE_CURVE('',#241,#307,#1541,.T.);
#1543 = ORIENTED_EDGE('',*,*,#1542,.T.);
#1544 = LINE('',#307,(1.0,0.0,0.0));
#1545 = EDGE_CURVE('',#307,#285,#1544,.T.);
#1546 = ORIENTED_EDGE('',*,*,#1545,.T.);
#1547 = EDGE_LOOP('',(#1537,#1540,#1543,#1546));
#1548 = FACE_OUTER_BOUND('',#1547,.T.);
#1549 = FACE_SURFACE('',(#1548),#1534,.T.);
#1550 = PLANE('',#7,(0.0,0.0,1.0));
#1551 = LINE('',#47,(1.0,0.0,0.0));
#1552 = EDGE_CURVE('',#47,#309,#1551,.T.);
#1553 = ORIENTED_EDGE('',*,*,#1552,.T.);
#1554 = LINE('',#309,(1.0,0.0,0.0));
#1555 = EDGE_CURVE('',#309,#301,#1554,.T.);
#1556 = ORIENTED_EDGE('',*,*,#1555,.T.);
#1557 = LINE('',#301,(1.0,0.0,0.0));
#1558 = EDGE_CURVE('',#301,#45,#1557,.T.);
#1559 = ORIENTED_EDGE('',*,*,#1558,.T.);
#1560 = LINE('',#45,(1.0,0.0,0.0));
#1561 = EDGE_CURVE('',#45,#47,#1560,.T.);
#1562 = ORIENTED_EDGE('',*,*,#1561,.T.);
#1563 = EDGE_LOOP('',(#1553,#1556,#1559,#1562));
#1564 = FACE_OUTER_BOUND('',#1563,.T.);
#1565 = FACE_SURFACE('',(#1564),#1550,.T.);
#1566 = PLANE('',#7,(0.0,0.0,1.0));
#1567 = LINE('',#309,(1.0,0.0,0.0));
#1568 = EDGE_CURVE('',#309,#311,#1567,.T.);
#1569 = ORIENTED_EDGE('',*,*,#1568,.T.);
#1570 = LINE('',#311,(1.0,0.0,0.0));
#1571 = EDGE_CURVE('',#311,#303,#1570,.T.);
#1572 = ORIENTED_EDGE('',*,*,#1571,.T.);
#1573 = LINE('',#303,(1.0,0.0,0.0));
#1574 = EDGE_CURVE('',#303,#301,#1573,.T.);
#1575 = ORIENTED_EDGE('',*,*,#1574,.T.);
#1576 = LINE('',#301,(1.0,0.0,0.0));
#1577 = EDGE_CURVE('',#301,#309,#1576,.T.);
#1578 = ORIENTED_EDGE('',*,*,#1577,.T.);
#1579 = EDGE_LOOP('',(#1569,#1572,#1575,#1578));
#1580 = FACE_OUTER_BOUND('',#1579,.T.);
#1581 = FACE_SURFACE('',(#1580),#1566,.T.);
#1582 = PLANE('',#7,(0.0,0.0,1.0));
#1583 = LINE('',#311,(1.0,0.0,0.0));
#1584 = EDGE_CURVE('',#311,#289,#1583,.T.);
#1585 = ORIENTED_EDGE('',*,*,#1584,.T.);
#1586 = LINE('',#289,(1.0,0.0,0.0));
#1587 = EDGE_CURVE('',#289,#287,#1586,.T.);
#1588 = ORIENTED_EDGE('',*,*,#1587,.T.);
#1589 = LINE('',#287,(1.0,0.0,0.0));
#1590 = EDGE_CURVE('',#287,#303,#1589,.T.);
#1591 = ORIENTED_EDGE('',*,*,#1590,.T.);
#1592 = LINE('',#303,(1.0,0.0,0.0));
#1593 = EDGE_CURVE('',#303,#311,#1592,.T.);
#1594 = ORIENTED_EDGE('',*,*,#1593,.T.);
#1595 = EDGE_LOOP('',(#1585,#1588,#1591,#1594));
#1596 = FACE_OUTER_BOUND('',#1595,.T.);
#1597 = FACE_SURFACE('',(#1596),#1582,.T.);
#1598 = PLANE('',#7,(0.0,0.0,1.0));
#1599 = LINE('',#53,(1.0,0.0,0.0));
#1600 = EDGE_CURVE('',#53,#313,#1599,.T.);
#1601 = ORIENTED_EDGE('',*,*,#1600,.T.);
#1602 = LINE('',#313,(1.0,0.0,0.0));
#1603 = EDGE_CURVE('',#313,#49,#1602,.T.);
#1604 = ORIENTED_EDGE('',*,*,#1603,.T.);
#1605 = LINE('',#49,(1.0,0.0,0.0));
#1606 = EDGE_CURVE('',#49,#51,#1605,.T.);
#1607 = ORIENTED_EDGE('',*,*,#1606,.T.);
#1608 = LINE('',#51,(1.0,0.0,0.0));
#1609 = EDGE_CURVE('',#51,#53,#1608,.T.);
#1610 = ORIENTED_EDGE('',*,*,#1609,.T.);
#1611 = EDGE_LOOP('',(#1601,#1604,#1607,#1610));
#1612 = FACE_OUTER_BOUND('',#1611,.T.);
#1613 = FACE_SURFACE('',(#1612),#1598,.T.);
#1614 = PLANE('',#7,(0.0,0.0,1.0));
#1615 = LINE('',#313,(1.0,0.0,0.0));
#1616 = EDGE_CURVE('',#313,#309,#1615,.T.);
#1617 = ORIENTED_EDGE('',*,*,#1616,.T.);
#1618 = LINE('',#309,(1.0,0.0,0.0));
#1619 = EDGE_CURVE('',#309,#47,#1618,.T.);
#1620 = ORIENTED_EDGE('',*,*,#1619,.T.);
#1621 = LINE('',#47,(1.0,0.0,0.0));
#1622 = EDGE_CURVE('',#47,#49,#1621,.T.);
#1623 = ORIENTED_EDGE('',*,*,#1622,.T.);
#1624 = LINE('',#49,(1.0,0.0,0.0));
#1625 = EDGE_CURVE('',#49,#313,#1624,.T.);
#1626 = ORIENTED_EDGE('',*,*,#1625,.T.);
#1627 = EDGE_LOOP('',(#1617,#1620,#1623,#1626));
#1628 = FACE_OUTER_BOUND('',#1627,.T.);
#1629 = FACE_SURFACE('',(#1628),#1614,.T.);
#1630 = PLANE('',#7,(0.0,0.0,1.0));
#1631 = LINE('',#55,(1.0,0.0,0.0));
#1632 = EDGE_CURVE('',#55,#315,#1631,.T.);
#1633 = ORIENTED_EDGE('',*,*,#1632,.T.);
#1634 = LINE('',#315,(1.0,0.0,0.0));
#1635 = EDGE_CURVE('',#315,#313,#1634,.T.);
#1636 = ORIENTED_EDGE('',*,*,#1635,.T.);
#1637 = LINE('',#313,(1.0,0.0,0.0));
#1638 = EDGE_CURVE('',#313,#53,#1637,.T.);
#1639 = ORIENTED_EDGE('',*,*,#1638,.T.);
#1640 = LINE('',#53,(1.0,0.0,0.0));
#1641 = EDGE_CURVE('',#53,#55,#1640,.T.);
#1642 = ORIENTED_EDGE('',*,*,#1641,.T.);
#1643 = EDGE_LOOP('',(#1633,#1636,#1639,#1642));
#1644 = FACE_OUTER_BOUND('',#1643,.T.);
#1645 = FACE_SURFACE('',(#1644),#1630,.T.);
#1646 = PLANE('',#7,(0.0,0.0,1.0));
#1647 = LINE('',#315,(1.0,0.0,0.0));
#1648 = EDGE_CURVE('',#315,#311,#1647,.T.);
#1649 = ORIENTED_EDGE('',*,*,#1648,.T.);
#1650 = LINE('',#311,(1.0,0.0,0.0));
#1651 = EDGE_CURVE('',#311,#309,#1650,.T.);
#1652 = ORIENTED_EDGE('',*,*,#1651,.T.);
#1653 = LINE('',#309,(1.0,0.0,0.0));
#1654 = EDGE_CURVE('',#309,#313,#1653,.T.);
#1655 = ORIENTED_EDGE('',*,*,#1654,.T.);
#1656 = LINE('',#313,(1.0,0.0,0.0));
#1657 = EDGE_CURVE('',#313,#315,#1656,.T.);
#1658 = ORIENTED_EDGE('',*,*,#1657,.T.);
#1659 = EDGE_LOOP('',(#1649,#1652,#1655,#1658));
#1660 = FACE_OUTER_BOUND('',#1659,.T.);
#1661 = FACE_SURFACE('',(#1660),#1646,.T.);
#1662 = PLANE('',#7,(0.0,0.0,1.0));
#1663 = LINE('',#57,(1.0,0.0,0.0));
#1664 = EDGE_CURVE('',#57,#291,#1663,.T.);
#1665 = ORIENTED_EDGE('',*,*,#1664,.T.);
#1666 = LINE('',#291,(1.0,0.0,0.0));
#1667 = EDGE_CURVE('',#291,#315,#1666,.T.);
#1668 = ORIENTED_EDGE('',*,*,#1667,.T.);
#1669 = LINE('',#315,(1.0,0.0,0.0));
#1670 = EDGE_CURVE('',#315,#55,#1669,.T.);
#1671 = ORIENTED_EDGE('',*,*,#1670,.T.);
#1672 = LINE('',#55,(1.0,0.0,0.0));
#1673 = EDGE_CURVE('',#55,#57,#1672,.T.);
#1674 = ORIENTED_EDGE('',*,*,#1673,.T.);
#1675 = EDGE_LOOP('',(#1665,#1668,#1671,#1674));
#1676 = FACE_OUTER_BOUND('',#1675,.T.);
#1677 = FACE_SURFACE('',(#1676),#1662,.T.);
#1678 = PLANE('',#7,(0.0,0.0,1.0));
#1679 = LINE('',#291,(1.0,0.0,0.0));
#1680 = EDGE_CURVE('',#291,#289,#1679,.T.);
#1681 = ORIENTED_EDGE('',*,*,#1680,.T.);
#1682 = LINE('',#289,(1.0,0.0,0.0));
#1683 = EDGE_CURVE('',#289,#311,#1682,.T.);
#1684 = ORIENTED_EDGE('',*,*,#1683,.T.);
#1685 = LINE('',#311,(1.0,0.0,0.0));
#1686 = EDGE_CURVE('',#311,#315,#1685,.T.);
#1687 = ORIENTED_EDGE('',*,*,#1686,.T.);
#1688 = LINE('',#315,(1.0,0.0,0.0));
#1689 = EDGE_CURVE('',#315,#291,#1688,.T.);
#1690 = ORIENTED_EDGE('',*,*,#1689,.T.);
#1691 = EDGE_LOOP('',(#1681,#1684,#1687,#1690));
#1692 = FACE_OUTER_BOUND('',#1691,.T.);
#1693 = FACE_SURFACE('',(#1692),#1678,.T.);
#1694 = PLANE('',#7,(0.0,0.0,1.0));
#1695 = LINE('',#325,(1.0,0.0,0.0));
#1696 = EDGE_CURVE('',#325,#335,#1695,.T.);
#1697 = ORIENTED_EDGE('',*,*,#1696,.T.);
#1698 = LINE('',#335,(1.0,0.0,0.0));
#1699 = EDGE_CURVE('',#335,#209,#1698,.T.);
#1700 = ORIENTED_EDGE('',*,*,#1699,.T.);
#1701 = LINE('',#209,(1.0,0.0,0.0));
#1702 = EDGE_CURVE('',#209,#211,#1701,.T.);
#1703 = ORIENTED_EDGE('',*,*,#1702,.T.);
#1704 = LINE('',#211,(1.0,0.0,0.0));
#1705 = EDGE_CURVE('',#211,#325,#1704,.T.);
#1706 = ORIENTED_EDGE('',*,*,#1705,.T.);
#1707 = EDGE_LOOP('',(#1697,#1700,#1703,#1706));
#1708 = FACE_OUTER_BOUND('',#1707,.T.);
#1709 = FACE_SURFACE('',(#1708),#1694,.T.);
#1710 = PLANE('',#7,(0.0,0.0,1.0));
#1711 = LINE('',#335,(1.0,0.0,0.0));
#1712 = EDGE_CURVE('',#335,#187,#1711,.T.);
#1713 = ORIENTED_EDGE('',*,*,#1712,.T.);
#1714 = LINE('',#187,(1.0,0.0,0.0));
#1715 = EDGE_CURVE('',#187,#189,#1714,.T.);
#1716 = ORIENTED_EDGE('',*,*,#1715,.T.);
#1717 = LINE('',#189,(1.0,0.0,0.0));
#1718 = EDGE_CURVE('',#189,#209,#1717,.T.);
#1719 = ORIENTED_EDGE('',*,*,#1718,.T.);
#1720 = LINE('',#209,(1.0,0.0,0.0));
#1721 = EDGE_CURVE('',#209,#335,#1720,.T.);
#1722 = ORIENTED_EDGE('',*,*,#1721,.T.);
#1723 = EDGE_LOOP('',(#1713,#1716,#1719,#1722));
#1724 = FACE_OUTER_BOUND('',#1723,.T.);
#1725 = FACE_SURFACE('',(#1724),#1710,.T.);
#1726 = PLANE('',#7,(0.0,0.0,1.0));
#1727 = LINE('',#327,(1.0,0.0,0.0));
#1728 = EDGE_CURVE('',#327,#333,#1727,.T.);
#1729 = ORIENTED_EDGE('',*,*,#1728,.T.);
#1730 = LINE('',#333,(1.0,0.0,0.0));
#1731 = EDGE_CURVE('',#333,#335,#1730,.T.);
#1732 = ORIENTED_EDGE('',*,*,#1731,.T.);
#1733 = LINE('',#335,(1.0,0.0,0.0));
#1734 = EDGE_CURVE('',#335,#325,#1733,.T.);
#1735 = ORIENTED_EDGE('',*,*,#1734,.T.);
#1736 = LINE('',#325,(1.0,0.0,0.0));
#1737 = EDGE_CURVE('',#325,#327,#1736,.T.);
#1738 = ORIENTED_EDGE('',*,*,#1737,.T.);
#1739 = EDGE_LOOP('',(#1729,#1732,#1735,#1738));
#1740 = FACE_OUTER_BOUND('',#1739,.T.);
#1741 = FACE_SURFACE('',(#1740),#1726,.T.);
#1742 = PLANE('',#7,(0.0,0.0,1.0));
#1743 = LINE('',#333,(1.0,0.0,0.0));
#1744 = EDGE_CURVE('',#333,#185,#1743,.T.);
#1745 = ORIENTED_EDGE('',*,*,#1744,.T.);
#1746 = LINE('',#185,(1.0,0.0,0.0));
#1747 = EDGE_CURVE('',#185,#187,#1746,.T.);
#1748 = ORIENTED_EDGE('',*,*,#1747,.T.);
#1749 = LINE('',#187,(1.0,0.0,0.0));
#1750 = EDGE_CURVE('',#187,#335,#1749,.T.);
#1751 = ORIENTED_EDGE('',*,*,#1750,.T.);
#1752 = LINE('',#335,(1.0,0.0,0.0));
#1753 = EDGE_CURVE('',#335,#333,#1752,.T.);
#1754 = ORIENTED_EDGE('',*,*,#1753,.T.);
#1755 = EDGE_LOOP('',(#1745,#1748,#1751,#1754));
#1756 = FACE_OUTER_BOUND('',#1755,.T.);
#1757 = FACE_SURFACE('',(#1756),#1742,.T.);
#1758 = PLANE('',#7,(0.0,0.0,1.0));
#1759 = LINE('',#329,(1.0,0.0,0.0));
#1760 = EDGE_CURVE('',#329,#337,#1759,.T.);
#1761 = ORIENTED_EDGE('',*,*,#1760,.T.);
#1762 = LINE('',#337,(1.0,0.0,0.0));
#1763 = EDGE_CURVE('',#337,#333,#1762,.T.);
#1764 = ORIENTED_EDGE('',*,*,#1763,.T.);
#1765 = LINE('',#333,(1.0,0.0,0.0));
#1766 = EDGE_CURVE('',#333,#327,#1765,.T.);
#1767 = ORIENTED_EDGE('',*,*,#1766,.T.);
#1768 = LINE('',#327,(1.0,0.0,0.0));
#1769 = EDGE_CURVE('',#327,#329,#1768,.T.);
#1770 = ORIENTED_EDGE('',*,*,#1769,.T.);
#1771 = EDGE_LOOP('',(#1761,#1764,#1767,#1770));
#1772 = FACE_OUTER_BOUND('',#1771,.T.);
#1773 = FACE_SURFACE('',(#1772),#1758,.T.);
#1774 = PLANE('',#7,(0.0,0.0,1.0));
#1775 = LINE('',#337,(1.0,0.0,0.0));
#1776 = EDGE_CURVE('',#337,#183,#1775,.T.);
#1777 = ORIENTED_EDGE('',*,*,#1776,.T.);
#1778 = LINE('',#183,(1.0,0.0,0.0));
#1779 = EDGE_CURVE('',#183,#185,#1778,.T.);
#1780 = ORIENTED_EDGE('',*,*,#1779,.T.);
#1781 = LINE('',#185,(1.0,0.0,0.0));
#1782 = EDGE_CURVE('',#185,#333,#1781,.T.);
#1783 = ORIENTED_EDGE('',*,*,#1782,.T.);
#1784 = LINE('',#333,(1.0,0.0,0.0));
#1785 = EDGE_CURVE('',#333,#337,#1784,.T.);
#1786 = ORIENTED_EDGE('',*,*,#1785,.T.);
#1787 = EDGE_LOOP('',(#1777,#1780,#1783,#1786));
#1788 = FACE_OUTER_BOUND('',#1787,.T.);
#1789 = FACE_SURFACE('',(#1788),#1774,.T.);
#1790 = PLANE('',#7,(0.0,0.0,1.0));
#1791 = LINE('',#331,(1.0,0.0,0.0));
#1792 = EDGE_CURVE('',#331,#339,#1791,.T.);
#1793 = ORIENTED_EDGE('',*,*,#1792,.T.);
#1794 = LINE('',#339,(1.0,0.0,0.0));
#1795 = EDGE_CURVE('',#339,#337,#1794,.T.);
#1796 = ORIENTED_EDGE('',*,*,#1795,.T.);
#1797 = LINE('',#337,(1.0,0.0,0.0));
#1798 = EDGE_CURVE('',#337,#329,#1797,.T.);
#1799 = ORIENTED_EDGE('',*,*,#1798,.T.);
#1800 = LINE('',#329,(1.0,0.0,0.0));
#1801 = EDGE_CURVE('',#329,#331,#1800,.T.);
#1802 = ORIENTED_EDGE('',*,*,#1801,.T.);
#1803 = EDGE_LOOP('',(#1793,#1796,#1799,#1802));
#1804 = FACE_OUTER_BOUND('',#1803,.T.);
#1805 = FACE_SURFACE('',(#1804),#1790,.T.);
#1806 = PLANE('',#7,(0.0,0.0,1.0));
#1807 = LINE('',#339,(1.0,0.0,0.0));
#1808 = EDGE_CURVE('',#339,#181,#1807,.T.);
#1809 = ORIENTED_EDGE('',*,*,#1808,.T.);
#1810 = LINE('',#181,(1.0,0.0,0.0));
#1811 = EDGE_CURVE('',#181,#183,#1810,.T.);
#1812 = ORIENTED_EDGE('',*,*,#1811,.T.);
#1813 = LINE('',#183,(1.0,0.0,0.0));
#1814 = EDGE_CURVE('',#183,#337,#1813,.T.);
#1815 = ORIENTED_EDGE('',*,*,#1814,.T.);
#1816 = LINE('',#337,(1.0,0.0,0.0));
#1817 = EDGE_CURVE('',#337,#339,#1816,.T.);
#1818 = ORIENTED_EDGE('',*,*,#1817,.T.);
#1819 = EDGE_LOOP('',(#1809,#1812,#1815,#1818));
#1820 = FACE_OUTER_BOUND('',#1819,.T.);
#1821 = FACE_SURFACE('',(#1820),#1806,.T.);
#1822 = PLANE('',#7,(0.0,0.0,1.0));
#1823 = LINE('',#229,(1.0,0.0,0.0));
#1824 = EDGE_CURVE('',#229,#227,#1823,.T.);
#1825 = ORIENTED_EDGE('',*,*,#1824,.T.);
#1826 = LINE('',#227,(1.0,0.0,0.0));
#1827 = EDGE_CURVE('',#227,#339,#1826,.T.);
#1828 = ORIENTED_EDGE('',*,*,#1827,.T.);
#1829 = LINE('',#339,(1.0,0.0,0.0));
#1830 = EDGE_CURVE('',#339,#331,#1829,.T.);
#1831 = ORIENTED_EDGE('',*,*,#1830,.T.);
#1832 = LINE('',#331,(1.0,0.0,0.0));
#1833 = EDGE_CURVE('',#331,#229,#1832,.T.);
#1834 = ORIENTED_EDGE('',*,*,#1833,.T.);
#1835 = EDGE_LOOP('',(#1825,#1828,#1831,#1834));
#1836 = FACE_OUTER_BOUND('',#1835,.T.);
#1837 = FACE_SURFACE('',(#1836),#1822,.T.);
#1838 = PLANE('',#7,(0.0,0.0,1.0));
#1839 = LINE('',#227,(1.0,0.0,0.0));
#1840 = EDGE_CURVE('',#227,#179,#1839,.T.);
#1841 = ORIENTED_EDGE('',*,*,#1840,.T.);
#1842 = LINE('',#179,(1.0,0.0,0.0));
#1843 = EDGE_CURVE('',#179,#181,#1842,.T.);
#1844 = ORIENTED_EDGE('',*,*,#1843,.T.);
#1845 = LINE('',#181,(1.0,0.0,0.0));
#1846 = EDGE_CURVE('',#181,#339,#1845,.T.);
#1847 = ORIENTED_EDGE('',*,*,#1846,.T.);
#1848 = LINE('',#339,(1.0,0.0,0.0));
#1849 = EDGE_CURVE('',#339,#227,#1848,.T.);
#1850 = ORIENTED_EDGE('',*,*,#1849,.T.);
#1851 = EDGE_LOOP('',(#1841,#1844,#1847,#1850));
#1852 = FACE_OUTER_BOUND('',#1851,.T.);
#1853 = FACE_SURFACE('',(#1852),#1838,.T.);
#1854 = PLANE('',#7,(0.0,0.0,1.0));
#1855 = LINE('',#341,(1.0,0.0,0.0));
#1856 = EDGE_CURVE('',#341,#345,#1855,.T.);
#1857 = ORIENTED_EDGE('',*,*,#1856,.T.);
#1858 = LINE('',#345,(1.0,0.0,0.0));
#1859 = EDGE_CURVE('',#345,#317,#1858,.T.);
#1860 = ORIENTED_EDGE('',*,*,#1859,.T.);
#1861 = LINE('',#317,(1.0,0.0,0.0));
#1862 = EDGE_CURVE('',#317,#319,#1861,.T.);
#1863 = ORIENTED_EDGE('',*,*,#1862,.T.);
#1864 = LINE('',#319,(1.0,0.0,0.0));
#1865 = EDGE_CURVE('',#319,#341,#1864,.T.);
#1866 = ORIENTED_EDGE('',*,*,#1865,.T.);
#1867 = EDGE_LOOP('',(#1857,#1860,#1863,#1866));
#1868 = FACE_OUTER_BOUND('',#1867,.T.);
#1869 = FACE_SURFACE('',(#1868),#1854,.T.);
#1870 = PLANE('',#7,(0.0,0.0,1.0));
#1871 = LINE('',#345,(1.0,0.0,0.0));
#1872 = EDGE_CURVE('',#345,#215,#1871,.T.);
#1873 = ORIENTED_EDGE('',*,*,#1872,.T.);
#1874 = LINE('',#215,(1.0,0.0,0.0));
#1875 = EDGE_CURVE('',#215,#217,#1874,.T.);
#1876 = ORIENTED_EDGE('',*,*,#1875,.T.);
#1877 = LINE('',#217,(1.0,0.0,0.0));
#1878 = EDGE_CURVE('',#217,#317,#1877,.T.);
#1879 = ORIENTED_EDGE('',*,*,#1878,.T.);
#1880 = LINE('',#317,(1.0,0.0,0.0));
#1881 = EDGE_CURVE('',#317,#345,#1880,.T.);
#1882 = ORIENTED_EDGE('',*,*,#1881,.T.);
#1883 = EDGE_LOOP('',(#1873,#1876,#1879,#1882));
#1884 = FACE_OUTER_BOUND('',#1883,.T.);
#1885 = FACE_SURFACE('',(#1884),#1870,.T.);
#1886 = PLANE('',#7,(0.0,0.0,1.0));
#1887 = LINE('',#343,(1.0,0.0,0.0));
#1888 = EDGE_CURVE('',#343,#347,#1887,.T.);
#1889 = ORIENTED_EDGE('',*,*,#1888,.T.);
#1890 = LINE('',#347,(1.0,0.0,0.0));
#1891 = EDGE_CURVE('',#347,#345,#1890,.T.);
#1892 = ORIENTED_EDGE('',*,*,#1891,.T.);
#1893 = LINE('',#345,(1.0,0.0,0.0));
#1894 = EDGE_CURVE('',#345,#341,#1893,.T.);
#1895 = ORIENTED_EDGE('',*,*,#1894,.T.);
#1896 = LINE('',#341,(1.0,0.0,0.0));
#1897 = EDGE_CURVE('',#341,#343,#1896,.T.);
#1898 = ORIENTED_EDGE('',*,*,#1897,.T.);
#1899 = EDGE_LOOP('',(#1889,#1892,#1895,#1898));
#1900 = FACE_OUTER_BOUND('',#1899,.T.);
#1901 = FACE_SURFACE('',(#1900),#1886,.T.);
#1902 = PLANE('',#7,(0.0,0.0,1.0));
#1903 = LINE('',#347,(1.0,0.0,0.0));
#1904 = EDGE_CURVE('',#347,#213,#1903,.T.);
#1905 = ORIENTED_EDGE('',*,*,#1904,.T.);
#1906 = LINE('',#213,(1.0,0.0,0.0));
#1907 = EDGE_CURVE('',#213,#215,#1906,.T.);
#1908 = ORIENTED_EDGE('',*,*,#1907,.T.);
#1909 = LINE('',#215,(1.0,0.0,0.0));
#1910 = EDGE_CURVE('',#215,#345,#1909,.T.);
#1911 = ORIENTED_EDGE('',*,*,#1910,.T.);
#1912 = LINE('',#345,(1.0,0.0,0.0));
#1913 = EDGE_CURVE('',#345,#347,#1912,.T.);
#1914 = ORIENTED_EDGE('',*,*,#1913,.T.);
#1915 = EDGE_LOOP('',(#1905,#1908,#1911,#1914));
#1916 = FACE_OUTER_BOUND('',#1915,.T.);
#1917 = FACE_SURFACE('',(#1916),#1902,.T.);
#1918 = PLANE('',#7,(0.0,0.0,1.0));
#1919 = LINE('',#327,(1.0,0.0,0.0));
#1920 = EDGE_CURVE('',#327,#325,#1919,.T.);
#1921 = ORIENTED_EDGE('',*,*,#1920,.T.);
#1922 = LINE('',#325,(1.0,0.0,0.0));
#1923 = EDGE_CURVE('',#325,#347,#1922,.T.);
#1924 = ORIENTED_EDGE('',*,*,#1923,.T.);
#1925 = LINE('',#347,(1.0,0.0,0.0));
#1926 = EDGE_CURVE('',#347,#343,#1925,.T.);
#1927 = ORIENTED_EDGE('',*,*,#1926,.T.);
#1928 = LINE('',#343,(1.0,0.0,0.0));
#1929 = EDGE_CURVE('',#343,#327,#1928,.T.);
#1930 = ORIENTED_EDGE('',*,*,#1929,.T.);
#1931 = EDGE_LOOP('',(#1921,#1924,#1927,#1930));
#1932 = FACE_OUTER_BOUND('',#1931,.T.);
#1933 = FACE_SURFACE('',(#1932),#1918,.T.);
#1934 = PLANE('',#7,(0.0,0.0,1.0));
#1935 = LINE('',#325,(1.0,0.0,0.0));
#1936 = EDGE_CURVE('',#325,#211,#1935,.T.);
#1937 = ORIENTED_EDGE('',*,*,#1936,.T.);
#1938 = LINE('',#211,(1.0,0.0,0.0));
#1939 = EDGE_CURVE('',#211,#213,#1938,.T.);
#1940 = ORIENTED_EDGE('',*,*,#1939,.T.);
#1941 = LINE('',#213,(1.0,0.0,0.0));
#1942 = EDGE_CURVE('',#213,#347,#1941,.T.);
#1943 = ORIENTED_EDGE('',*,*,#1942,.T.);
#1944 = LINE('',#347,(1.0,0.0,0.0));
#1945 = EDGE_CURVE('',#347,#325,#1944,.T.);
#1946 = ORIENTED_EDGE('',*,*,#1945,.T.);
#1947 = EDGE_LOOP('',(#1937,#1940,#1943,#1946));
#1948 = FACE_OUTER_BOUND('',#1947,.T.);
#1949 = FACE_SURFACE('',(#1948),#1934,.T.);
#1950 = PLANE('',#7,(0.0,0.0,1.0));
#1951 = LINE('',#321,(1.0,0.0,0.0));
#1952 = EDGE_CURVE('',#321,#349,#1951,.T.);
#1953 = ORIENTED_EDGE('',*,*,#1952,.T.);
#1954 = LINE('',#349,(1.0,0.0,0.0));
#1955 = EDGE_CURVE('',#349,#341,#1954,.T.);
#1956 = ORIENTED_EDGE('',*,*,#1955,.T.);
#1957 = LINE('',#341,(1.0,0.0,0.0));
#1958 = EDGE_CURVE('',#341,#319,#1957,.T.);
#1959 = ORIENTED_EDGE('',*,*,#1958,.T.);
#1960 = LINE('',#319,(1.0,0.0,0.0));
#1961 = EDGE_CURVE('',#319,#321,#1960,.T.);
#1962 = ORIENTED_EDGE('',*,*,#1961,.T.);
#1963 = EDGE_LOOP('',(#1953,#1956,#1959,#1962));
#1964 = FACE_OUTER_BOUND('',#1963,.T.);
#1965 = FACE_SURFACE('',(#1964),#1950,.T.);
#1966 = PLANE('',#7,(0.0,0.0,1.0));
#1967 = LINE('',#349,(1.0,0.0,0.0));
#1968 = EDGE_CURVE('',#349,#351,#1967,.T.);
#1969 = ORIENTED_EDGE('',*,*,#1968,.T.);
#1970 = LINE('',#351,(1.0,0.0,0.0));
#1971 = EDGE_CURVE('',#351,#343,#1970,.T.);
#1972 = ORIENTED_EDGE('',*,*,#1971,.T.);
#1973 = LINE('',#343,(1.0,0.0,0.0));
#1974 = EDGE_CURVE('',#343,#341,#1973,.T.);
#1975 = ORIENTED_EDGE('',*,*,#1974,.T.);
#1976 = LINE('',#341,(1.0,0.0,0.0));
#1977 = EDGE_CURVE('',#341,#349,#1976,.T.);
#1978 = ORIENTED_EDGE('',*,*,#1977,.T.);
#1979 = EDGE_LOOP('',(#1969,#1972,#1975,#1978));
#1980 = FACE_OUTER_BOUND('',#1979,.T.);
#1981 = FACE_SURFACE('',(#1980),#1966,.T.);
#1982 = PLANE('',#7,(0.0,0.0,1.0));
#1983 = LINE('',#351,(1.0,0.0,0.0));
#1984 = EDGE_CURVE('',#351,#329,#1983,.T.);
#1985 = ORIENTED_EDGE('',*,*,#1984,.T.);
#1986 = LINE('',#329,(1.0,0.0,0.0));
#1987 = EDGE_CURVE('',#329,#327,#1986,.T.);
#1988 = ORIENTED_EDGE('',*,*,#1987,.T.);
#1989 = LINE('',#327,(1.0,0.0,0.0));
#1990 = EDGE_CURVE('',#327,#343,#1989,.T.);
#1991 = ORIENTED_EDGE('',*,*,#1990,.T.);
#1992 = LINE('',#343,(1.0,0.0,0.0));
#1993 = EDGE_CURVE('',#343,#351,#1992,.T.);
#1994 = ORIENTED_EDGE('',*,*,#1993,.T.);
#1995 = EDGE_LOOP('',(#1985,#1988,#1991,#1994));
#1996 = FACE_OUTER_BOUND('',#1995,.T.);
#1997 = FACE_SURFACE('',(#1996),#1982,.T.);
#1998 = PLANE('',#7,(0.0,0.0,1.0));
#1999 = LINE('',#233,(1.0,0.0,0.0));
#2000 = EDGE_CURVE('',#233,#353,#1999,.T.);
#2001 = ORIENTED_EDGE('',*,*,#2000,.T.);
#2002 = LINE('',#353,(1.0,0.0,0.0));
#2003 = EDGE_CURVE('',#353,#323,#2002,.T.);
#2004 = ORIENTED_EDGE('',*,*,#2003,.T.);
#2005 = LINE('',#323,(1.0,0.0,0.0));
#2006 = EDGE_CURVE('',#323,#235,#2005,.T.);
#2007 = ORIENTED_EDGE('',*,*,#2006,.T.);
#2008 = LINE('',#235,(1.0,0.0,0.0));
#2009 = EDGE_CURVE('',#235,#233,#2008,.T.);
#2010 = ORIENTED_EDGE('',*,*,#2009,.T.);
#2011 = EDGE_LOOP('',(#2001,#2004,#2007,#2010));
#2012 = FACE_OUTER_BOUND('',#2011,.T.);
#2013 = FACE_SURFACE('',(#2012),#1998,.T.);
#2014 = PLANE('',#7,(0.0,0.0,1.0));
#2015 = LINE('',#353,(1.0,0.0,0.0));
#2016 = EDGE_CURVE('',#353,#349,#2015,.T.);
#2017 = ORIENTED_EDGE('',*,*,#2016,.T.);
#2018 = LINE('',#349,(1.0,0.0,0.0));
#2019 = EDGE_CURVE('',#349,#321,#2018,.T.);
#2020 = ORIENTED_EDGE('',*,*,#2019,.T.);
#2021 = LINE('',#321,(1.0,0.0,0.0));
#2022 = EDGE_CURVE('',#321,#323,#2021,.T.);
#2023 = ORIENTED_EDGE('',*,*,#2022,.T.);
#2024 = LINE('',#323,(1.0,0.0,0.0));
#2025 = EDGE_CURVE('',#323,#353,#2024,.T.);
#2026 = ORIENTED_EDGE('',*,*,#2025,.T.);
#2027 = EDGE_LOOP('',(#2017,#2020,#2023,#2026));
#2028 = FACE_OUTER_BOUND('',#2027,.T.);
#2029 = FACE_SURFACE('',(#2028),#2014,.T.);
#2030 = PLANE('',#7,(0.0,0.0,1.0));
#2031 = LINE('',#231,(1.0,0.0,0.0));
#2032 = EDGE_CURVE('',#231,#355,#2031,.T.);
#2033 = ORIENTED_EDGE('',*,*,#2032,.T.);
#2034 = LINE('',#355,(1.0,0.0,0.0));
#2035 = EDGE_CURVE('',#355,#353,#2034,.T.);
#2036 = ORIENTED_EDGE('',*,*,#2035,.T.);
#2037 = LINE('',#353,(1.0,0.0,0.0));
#2038 = EDGE_CURVE('',#353,#233,#2037,.T.);
#2039 = ORIENTED_EDGE('',*,*,#2038,.T.);
#2040 = LINE('',#233,(1.0,0.0,0.0));
#2041 = EDGE_CURVE('',#233,#231,#2040,.T.);
#2042 = ORIENTED_EDGE('',*,*,#2041,.T.);
#2043 = EDGE_LOOP('',(#2033,#2036,#2039,#2042));
#2044 = FACE_OUTER_BOUND('',#2043,.T.);
#2045 = FACE_SURFACE('',(#2044),#2030,.T.);
#2046 = PLANE('',#7,(0.0,0.0,1.0));
#2047 = LINE('',#355,(1.0,0.0,0.0));
#2048 = EDGE_CURVE('',#355,#351,#2047,.T.);
#2049 = ORIENTED_EDGE('',*,*,#2048,.T.);
#2050 = LINE('',#351,(1.0,0.0,0.0));
#2051 = EDGE_CURVE('',#351,#349,#2050,.T.);
#2052 = ORIENTED_EDGE('',*,*,#2051,.T.);
#2053 = LINE('',#349,(1.0,0.0,0.0));
#2054 = EDGE_CURVE('',#349,#353,#2053,.T.);
#2055 = ORIENTED_EDGE('',*,*,#2054,.T.);
#2056 = LINE('',#353,(1.0,0.0,0.0));
#2057 = EDGE_CURVE('',#353,#355,#2056,.T.);
#2058 = ORIENTED_EDGE('',*,*,#2057,.T.);
#2059 = EDGE_LOOP('',(#2049,#2052,#2055,#2058));
#2060 = FACE_OUTER_BOUND('',#2059,.T.);
#2061 = FACE_SURFACE('',(#2060),#2046,.T.);
#2062 = PLANE('',#7,(0.0,0.0,1.0));
#2063 = LINE('',#229,(1.0,0.0,0.0));
#2064 = EDGE_CURVE('',#229,#331,#2063,.T.);
#2065 = ORIENTED_EDGE('',*,*,#2064,.T.);
#2066 = LINE('',#331,(1.0,0.0,0.0));
#2067 = EDGE_CURVE('',#331,#355,#2066,.T.);
#2068 = ORIENTED_EDGE('',*,*,#2067,.T.);
#2069 = LINE('',#355,(1.0,0.0,0.0));
#2070 = EDGE_CURVE('',#355,#231,#2069,.T.);
#2071 = ORIENTED_EDGE('',*,*,#2070,.T.);
#2072 = LINE('',#231,(1.0,0.0,0.0));
#2073 = EDGE_CURVE('',#231,#229,#2072,.T.);
#2074 = ORIENTED_EDGE('',*,*,#2073,.T.);
#2075 = EDGE_LOOP('',(#2065,#2068,#2071,#2074));
#2076 = FACE_OUTER_BOUND('',#2075,.T.);
#2077 = FACE_SURFACE('',(#2076),#2062,.T.);
#2078 = PLANE('',#7,(0.0,0.0,1.0));
#2079 = LINE('',#331,(1.0,0.0,0.0));
#2080 = EDGE_CURVE('',#331,#329,#2079,.T.);
#2081 = ORIENTED_EDGE('',*,*,#2080,.T.);
#2082 = LINE('',#329,(1.0,0.0,0.0));
#2083 = EDGE_CURVE('',#329,#351,#2082,.T.);
#2084 = ORIENTED_EDGE('',*,*,#2083,.T.);
#2085 = LINE('',#351,(1.0,0.0,0.0));
#2086 = EDGE_CURVE('',#351,#355,#2085,.T.);
#2087 = ORIENTED_EDGE('',*,*,#2086,.T.);
#2088 = LINE('',#355,(1.0,0.0,0.0));
#2089 = EDGE_CURVE('',#355,#331,#2088,.T.);
#2090 = ORIENTED_EDGE('',*,*,#2089,.T.);
#2091 = EDGE_LOOP('',(#2081,#2084,#2087,#2090));
#2092 = FACE_OUTER_BOUND('',#2091,.T.);
#2093 = FACE_SURFACE('',(#2092),#2078,.T.);
#2094 = PLANE('',#7,(0.0,0.0,1.0));
#2095 = LINE('',#357,(1.0,0.0,0.0));
#2096 = EDGE_CURVE('',#357,#367,#2095,.T.);
#2097 = ORIENTED_EDGE('',*,*,#2096,.T.);
#2098 = LINE('',#367,(1.0,0.0,0.0));
#2099 = EDGE_CURVE('',#367,#219,#2098,.T.);
#2100 = ORIENTED_EDGE('',*,*,#2099,.T.);
#2101 = LINE('',#219,(1.0,0.0,0.0));
#2102 = EDGE_CURVE('',#219,#221,#2101,.T.);
#2103 = ORIENTED_EDGE('',*,*,#2102,.T.);
#2104 = LINE('',#221,(1.0,0.0,0.0));
#2105 = EDGE_CURVE('',#221,#357,#2104,.T.);
#2106 = ORIENTED_EDGE('',*,*,#2105,.T.);
#2107 = EDGE_LOOP('',(#2097,#2100,#2103,#2106));
#2108 = FACE_OUTER_BOUND('',#2107,.T.);
#2109 = FACE_SURFACE('',(#2108),#2094,.T.);
#2110 = PLANE('',#7,(0.0,0.0,1.0));
#2111 = LINE('',#367,(1.0,0.0,0.0));
#2112 = EDGE_CURVE('',#367,#317,#2111,.T.);
#2113 = ORIENTED_EDGE('',*,*,#2112,.T.);
#2114 = LINE('',#317,(1.0,0.0,0.0));
#2115 = EDGE_CURVE('',#317,#217,#2114,.T.);
#2116 = ORIENTED_EDGE('',*,*,#2115,.T.);
#2117 = LINE('',#217,(1.0,0.0,0.0));
#2118 = EDGE_CURVE('',#217,#219,#2117,.T.);
#2119 = ORIENTED_EDGE('',*,*,#2118,.T.);
#2120 = LINE('',#219,(1.0,0.0,0.0));
#2121 = EDGE_CURVE('',#219,#367,#2120,.T.);
#2122 = ORIENTED_EDGE('',*,*,#2121,.T.);
#2123 = EDGE_LOOP('',(#2113,#2116,#2119,#2122));
#2124 = FACE_OUTER_BOUND('',#2123,.T.);
#2125 = FACE_SURFACE('',(#2124),#2110,.T.);
#2126 = PLANE('',#7,(0.0,0.0,1.0));
#2127 = LINE('',#359,(1.0,0.0,0.0));
#2128 = EDGE_CURVE('',#359,#365,#2127,.T.);
#2129 = ORIENTED_EDGE('',*,*,#2128,.T.);
#2130 = LINE('',#365,(1.0,0.0,0.0));
#2131 = EDGE_CURVE('',#365,#367,#2130,.T.);
#2132 = ORIENTED_EDGE('',*,*,#2131,.T.);
#2133 = LINE('',#367,(1.0,0.0,0.0));
#2134 = EDGE_CURVE('',#367,#357,#2133,.T.);
#2135 = ORIENTED_EDGE('',*,*,#2134,.T.);
#2136 = LINE('',#357,(1.0,0.0,0.0));
#2137 = EDGE_CURVE('',#357,#359,#2136,.T.);
#2138 = ORIENTED_EDGE('',*,*,#2137,.T.);
#2139 = EDGE_LOOP('',(#2129,#2132,#2135,#2138));
#2140 = FACE_OUTER_BOUND('',#2139,.T.);
#2141 = FACE_SURFACE('',(#2140),#2126,.T.);
#2142 = PLANE('',#7,(0.0,0.0,1.0));
#2143 = LINE('',#365,(1.0,0.0,0.0));
#2144 = EDGE_CURVE('',#365,#319,#2143,.T.);
#2145 = ORIENTED_EDGE('',*,*,#2144,.T.);
#2146 = LINE('',#319,(1.0,0.0,0.0));
#2147 = EDGE_CURVE('',#319,#317,#2146,.T.);
#2148 = ORIENTED_EDGE('',*,*,#2147,.T.);
#2149 = LINE('',#317,(1.0,0.0,0.0));
#2150 = EDGE_CURVE('',#317,#367,#2149,.T.);
#2151 = ORIENTED_EDGE('',*,*,#2150,.T.);
#2152 = LINE('',#367,(1.0,0.0,0.0));
#2153 = EDGE_CURVE('',#367,#365,#2152,.T.);
#2154 = ORIENTED_EDGE('',*,*,#2153,.T.);
#2155 = EDGE_LOOP('',(#2145,#2148,#2151,#2154));
#2156 = FACE_OUTER_BOUND('',#2155,.T.);
#2157 = FACE_SURFACE('',(#2156),#2142,.T.);
#2158 = PLANE('',#7,(0.0,0.0,1.0));
#2159 = LINE('',#361,(1.0,0.0,0.0));
#2160 = EDGE_CURVE('',#361,#369,#2159,.T.);
#2161 = ORIENTED_EDGE('',*,*,#2160,.T.);
#2162 = LINE('',#369,(1.0,0.0,0.0));
#2163 = EDGE_CURVE('',#369,#365,#2162,.T.);
#2164 = ORIENTED_EDGE('',*,*,#2163,.T.);
#2165 = LINE('',#365,(1.0,0.0,0.0));
#2166 = EDGE_CURVE('',#365,#359,#2165,.T.);
#2167 = ORIENTED_EDGE('',*,*,#2166,.T.);
#2168 = LINE('',#359,(1.0,0.0,0.0));
#2169 = EDGE_CURVE('',#359,#361,#2168,.T.);
#2170 = ORIENTED_EDGE('',*,*,#2169,.T.);
#2171 = EDGE_LOOP('',(#2161,#2164,#2167,#2170));
#2172 = FACE_OUTER_BOUND('',#2171,.T.);
#2173 = FACE_SURFACE('',(#2172),#2158,.T.);
#2174 = PLANE('',#7,(0.0,0.0,1.0));
#2175 = LINE('',#369,(1.0,0.0,0.0));
#2176 = EDGE_CURVE('',#369,#321,#2175,.T.);
#2177 = ORIENTED_EDGE('',*,*,#2176,.T.);
#2178 = LINE('',#321,(1.0,0.0,0.0));
#2179 = EDGE_CURVE('',#321,#319,#2178,.T.);
#2180 = ORIENTED_EDGE('',*,*,#2179,.T.);
#2181 = LINE('',#319,(1.0,0.0,0.0));
#2182 = EDGE_CURVE('',#319,#365,#2181,.T.);
#2183 = ORIENTED_EDGE('',*,*,#2182,.T.);
#2184 = LINE('',#365,(1.0,0.0,0.0));
#2185 = EDGE_CURVE('',#365,#369,#2184,.T.);
#2186 = ORIENTED_EDGE('',*,*,#2185,.T.);
#2187 = EDGE_LOOP('',(#2177,#2180,#2183,#2186));
#2188 = FACE_OUTER_BOUND('',#2187,.T.);
#2189 = FACE_SURFACE('',(#2188),#2174,.T.);
#2190 = PLANE('',#7,(0.0,0.0,1.0));
#2191 = LINE('',#363,(1.0,0.0,0.0));
#2192 = EDGE_CURVE('',#363,#371,#2191,.T.);
#2193 = ORIENTED_EDGE('',*,*,#2192,.T.);
#2194 = LINE('',#371,(1.0,0.0,0.0));
#2195 = EDGE_CURVE('',#371,#369,#2194,.T.);
#2196 = ORIENTED_EDGE('',*,*,#2195,.T.);
#2197 = LINE('',#369,(1.0,0.0,0.0));
#2198 = EDGE_CURVE('',#369,#361,#2197,.T.);
#2199 = ORIENTED_EDGE('',*,*,#2198,.T.);
#2200 = LINE('',#361,(1.0,0.0,0.0));
#2201 = EDGE_CURVE('',#361,#363,#2200,.T.);
#2202 = ORIENTED_EDGE('',*,*,#2201,.T.);
#2203 = EDGE_LOOP('',(#2193,#2196,#2199,#2202));
#2204 = FACE_OUTER_BOUND('',#2203,.T.);
#2205 = FACE_SURFACE('',(#2204),#2190,.T.);
#2206 = PLANE('',#7,(0.0,0.0,1.0));
#2207 = LINE('',#371,(1.0,0.0,0.0));
#2208 = EDGE_CURVE('',#371,#323,#2207,.T.);
#2209 = ORIENTED_EDGE('',*,*,#2208,.T.);
#2210 = LINE('',#323,(1.0,0.0,0.0));
#2211 = EDGE_CURVE('',#323,#321,#2210,.T.);
#2212 = ORIENTED_EDGE('',*,*,#2211,.T.);
#2213 = LINE('',#321,(1.0,0.0,0.0));
#2214 = EDGE_CURVE('',#321,#369,#2213,.T.);
#2215 = ORIENTED_EDGE('',*,*,#2214,.T.);
#2216 = LINE('',#369,(1.0,0.0,0.0));
#2217 = EDGE_CURVE('',#369,#371,#2216,.T.);
#2218 = ORIENTED_EDGE('',*,*,#2217,.T.);
#2219 = EDGE_LOOP('',(#2209,#2212,#2215,#2218));
#2220 = FACE_OUTER_BOUND('',#2219,.T.);
#2221 = FACE_SURFACE('',(#2220),#2206,.T.);
#2222 = PLANE('',#7,(0.0,0.0,1.0));
#2223 = LINE('',#239,(1.0,0.0,0.0));
#2224 = EDGE_CURVE('',#239,#237,#2223,.T.);
#2225 = ORIENTED_EDGE('',*,*,#2224,.T.);
#2226 = LINE('',#237,(1.0,0.0,0.0));
#2227 = EDGE_CURVE('',#237,#371,#2226,.T.);
#2228 = ORIENTED_EDGE('',*,*,#2227,.T.);
#2229 = LINE('',#371,(1.0,0.0,0.0));
#2230 = EDGE_CURVE('',#371,#363,#2229,.T.);
#2231 = ORIENTED_EDGE('',*,*,#2230,.T.);
#2232 = LINE('',#363,(1.0,0.0,0.0));
#2233 = EDGE_CURVE('',#363,#239,#2232,.T.);
#2234 = ORIENTED_EDGE('',*,*,#2233,.T.);
#2235 = EDGE_LOOP('',(#2225,#2228,#2231,#2234));
#2236 = FACE_OUTER_BOUND('',#2235,.T.);
#2237 = FACE_SURFACE('',(#2236),#2222,.T.);
#2238 = PLANE('',#7,(0.0,0.0,1.0));
#2239 = LINE('',#237,(1.0,0.0,0.0));
#2240 = EDGE_CURVE('',#237,#235,#2239,.T.);
#2241 = ORIENTED_EDGE('',*,*,#2240,.T.);
#2242 = LINE('',#235,(1.0,0.0,0.0));
#2243 = EDGE_CURVE('',#235,#323,#2242,.T.);
#2244 = ORIENTED_EDGE('',*,*,#2243,.T.);
#2245 = LINE('',#323,(1.0,0.0,0.0));
#2246 = EDGE_CURVE('',#323,#371,#2245,.T.);
#2247 = ORIENTED_EDGE('',*,*,#2246,.T.);
#2248 = LINE('',#371,(1.0,0.0,0.0));
#2249 = EDGE_CURVE('',#371,#237,#2248,.T.);
#2250 = ORIENTED_EDGE('',*,*,#2249,.T.);
#2251 = EDGE_LOOP('',(#2241,#2244,#2247,#2250));
#2252 = FACE_OUTER_BOUND('',#2251,.T.);
#2253 = FACE_SURFACE('',(#2252),#2238,.T.);
#2254 = PLANE('',#7,(0.0,0.0,1.0));
#2255 = LINE('',#373,(1.0,0.0,0.0));
#2256 = EDGE_CURVE('',#373,#377,#2255,.T.);
#2257 = ORIENTED_EDGE('',*,*,#2256,.T.);
#2258 = LINE('',#377,(1.0,0.0,0.0));
#2259 = EDGE_CURVE('',#377,#33,#2258,.T.);
#2260 = ORIENTED_EDGE('',*,*,#2259,.T.);
#2261 = LINE('',#33,(1.0,0.0,0.0));
#2262 = EDGE_CURVE('',#33,#35,#2261,.T.);
#2263 = ORIENTED_EDGE('',*,*,#2262,.T.);
#2264 = LINE('',#35,(1.0,0.0,0.0));
#2265 = EDGE_CURVE('',#35,#373,#2264,.T.);
#2266 = ORIENTED_EDGE('',*,*,#2265,.T.);
#2267 = EDGE_LOOP('',(#2257,#2260,#2263,#2266));
#2268 = FACE_OUTER_BOUND('',#2267,.T.);
#2269 = FACE_SURFACE('',(#2268),#2254,.T.);
#2270 = PLANE('',#7,(0.0,0.0,1.0));
#2271 = LINE('',#377,(1.0,0.0,0.0));
#2272 = EDGE_CURVE('',#377,#225,#2271,.T.);
#2273 = ORIENTED_EDGE('',*,*,#2272,.T.);
#2274 = LINE('',#225,(1.0,0.0,0.0));
#2275 = EDGE_CURVE('',#225,#31,#2274,.T.);
#2276 = ORIENTED_EDGE('',*,*,#2275,.T.);
#2277 = LINE('',#31,(1.0,0.0,0.0));
#2278 = EDGE_CURVE('',#31,#33,#2277,.T.);
#2279 = ORIENTED_EDGE('',*,*,#2278,.T.);
#2280 = LINE('',#33,(1.0,0.0,0.0));
#2281 = EDGE_CURVE('',#33,#377,#2280,.T.);
#2282 = ORIENTED_EDGE('',*,*,#2281,.T.);
#2283 = EDGE_LOOP('',(#2273,#2276,#2279,#2282));
#2284 = FACE_OUTER_BOUND('',#2283,.T.);
#2285 = FACE_SURFACE('',(#2284),#2270,.T.);
#2286 = PLANE('',#7,(0.0,0.0,1.0));
#2287 = LINE('',#375,(1.0,0.0,0.0));
#2288 = EDGE_CURVE('',#375,#379,#2287,.T.);
#2289 = ORIENTED_EDGE('',*,*,#2288,.T.);
#2290 = LINE('',#379,(1.0,0.0,0.0));
#2291 = EDGE_CURVE('',#379,#377,#2290,.T.);
#2292 = ORIENTED_EDGE('',*,*,#2291,.T.);
#2293 = LINE('',#377,(1.0,0.0,0.0));
#2294 = EDGE_CURVE('',#377,#373,#2293,.T.);
#2295 = ORIENTED_EDGE('',*,*,#2294,.T.);
#2296 = LINE('',#373,(1.0,0.0,0.0));
#2297 = EDGE_CURVE('',#373,#375,#2296,.T.);
#2298 = ORIENTED_EDGE('',*,*,#2297,.T.);
#2299 = EDGE_LOOP('',(#2289,#2292,#2295,#2298));
#2300 = FACE_OUTER_BOUND('',#2299,.T.);
#2301 = FACE_SURFACE('',(#2300),#2286,.T.);
#2302 = PLANE('',#7,(0.0,0.0,1.0));
#2303 = LINE('',#379,(1.0,0.0,0.0));
#2304 = EDGE_CURVE('',#379,#223,#2303,.T.);
#2305 = ORIENTED_EDGE('',*,*,#2304,.T.);
#2306 = LINE('',#223,(1.0,0.0,0.0));
#2307 = EDGE_CURVE('',#223,#225,#2306,.T.);
#2308 = ORIENTED_EDGE('',*,*,#2307,.T.);
#2309 = LINE('',#225,(1.0,0.0,0.0));
#2310 = EDGE_CURVE('',#225,#377,#2309,.T.);
#2311 = ORIENTED_EDGE('',*,*,#2310,.T.);
#2312 = LINE('',#377,(1.0,0.0,0.0));
#2313 = EDGE_CURVE('',#377,#379,#2312,.T.);
#2314 = ORIENTED_EDGE('',*,*,#2313,.T.);
#2315 = EDGE_LOOP('',(#2305,#2308,#2311,#2314));
#2316 = FACE_OUTER_BOUND('',#2315,.T.);
#2317 = FACE_SURFACE('',(#2316),#2302,.T.);
#2318 = PLANE('',#7,(0.0,0.0,1.0));
#2319 = LINE('',#359,(1.0,0.0,0.0));
#2320 = EDGE_CURVE('',#359,#357,#2319,.T.);
#2321 = ORIENTED_EDGE('',*,*,#2320,.T.);
#2322 = LINE('',#357,(1.0,0.0,0.0));
#2323 = EDGE_CURVE('',#357,#379,#2322,.T.);
#2324 = ORIENTED_EDGE('',*,*,#2323,.T.);
#2325 = LINE('',#379,(1.0,0.0,0.0));
#2326 = EDGE_CURVE('',#379,#375,#2325,.T.);
#2327 = ORIENTED_EDGE('',*,*,#2326,.T.);
#2328 = LINE('',#375,(1.0,0.0,0.0));
#2329 = EDGE_CURVE('',#375,#359,#2328,.T.);
#2330 = ORIENTED_EDGE('',*,*,#2329,.T.);
#2331 = EDGE_LOOP('',(#2321,#2324,#2327,#2330));
#2332 = FACE_OUTER_BOUND('',#2331,.T.);
#2333 = FACE_SURFACE('',(#2332),#2318,.T.);
#2334 = PLANE('',#7,(0.0,0.0,1.0));
#2335 = LINE('',#357,(1.0,0.0,0.0));
#2336 = EDGE_CURVE('',#357,#221,#2335,.T.);
#2337 = ORIENTED_EDGE('',*,*,#2336,.T.);
#2338 = LINE('',#221,(1.0,0.0,0.0));
#2339 = EDGE_CURVE('',#221,#223,#2338,.T.);
#2340 = ORIENTED_EDGE('',*,*,#2339,.T.);
#2341 = LINE('',#223,(1.0,0.0,0.0));
#2342 = EDGE_CURVE('',#223,#379,#2341,.T.);
#2343 = ORIENTED_EDGE('',*,*,#2342,.T.);
#2344 = LINE('',#379,(1.0,0.0,0.0));
#2345 = EDGE_CURVE('',#379,#357,#2344,.T.);
#2346 = ORIENTED_EDGE('',*,*,#2345,.T.);
#2347 = EDGE_LOOP('',(#2337,#2340,#2343,#2346));
#2348 = FACE_OUTER_BOUND('',#2347,.T.);
#2349 = FACE_SURFACE('',(#2348),#2334,.T.);
#2350 = PLANE('',#7,(0.0,0.0,1.0));
#2351 = LINE('',#37,(1.0,0.0,0.0));
#2352 = EDGE_CURVE('',#37,#381,#2351,.T.);
#2353 = ORIENTED_EDGE('',*,*,#2352,.T.);
#2354 = LINE('',#381,(1.0,0.0,0.0));
#2355 = EDGE_CURVE('',#381,#373,#2354,.T.);
#2356 = ORIENTED_EDGE('',*,*,#2355,.T.);
#2357 = LINE('',#373,(1.0,0.0,0.0));
#2358 = EDGE_CURVE('',#373,#35,#2357,.T.);
#2359 = ORIENTED_EDGE('',*,*,#2358,.T.);
#2360 = LINE('',#35,(1.0,0.0,0.0));
#2361 = EDGE_CURVE('',#35,#37,#2360,.T.);
#2362 = ORIENTED_EDGE('',*,*,#2361,.T.);
#2363 = EDGE_LOOP('',(#2353,#2356,#2359,#2362));
#2364 = FACE_OUTER_BOUND('',#2363,.T.);
#2365 = FACE_SURFACE('',(#2364),#2350,.T.);
#2366 = PLANE('',#7,(0.0,0.0,1.0));
#2367 = LINE('',#381,(1.0,0.0,0.0));
#2368 = EDGE_CURVE('',#381,#383,#2367,.T.);
#2369 = ORIENTED_EDGE('',*,*,#2368,.T.);
#2370 = LINE('',#383,(1.0,0.0,0.0));
#2371 = EDGE_CURVE('',#383,#375,#2370,.T.);
#2372 = ORIENTED_EDGE('',*,*,#2371,.T.);
#2373 = LINE('',#375,(1.0,0.0,0.0));
#2374 = EDGE_CURVE('',#375,#373,#2373,.T.);
#2375 = ORIENTED_EDGE('',*,*,#2374,.T.);
#2376 = LINE('',#373,(1.0,0.0,0.0));
#2377 = EDGE_CURVE('',#373,#381,#2376,.T.);
#2378 = ORIENTED_EDGE('',*,*,#2377,.T.);
#2379 = EDGE_LOOP('',(#2369,#2372,#2375,#2378));
#2380 = FACE_OUTER_BOUND('',#2379,.T.);
#2381 = FACE_SURFACE('',(#2380),#2366,.T.);
#2382 = PLANE('',#7,(0.0,0.0,1.0));
#2383 = LINE('',#383,(1.0,0.0,0.0));
#2384 = EDGE_CURVE('',#383,#361,#2383,.T.);
#2385 = ORIENTED_EDGE('',*,*,#2384,.T.);
#2386 = LINE('',#361,(1.0,0.0,0.0));
#2387 = EDGE_CURVE('',#361,#359,#2386,.T.);
#2388 = ORIENTED_EDGE('',*,*,#2387,.T.);
#2389 = LINE('',#359,(1.0,0.0,0.0));
#2390 = EDGE_CURVE('',#359,#375,#2389,.T.);
#2391 = ORIENTED_EDGE('',*,*,#2390,.T.);
#2392 = LINE('',#375,(1.0,0.0,0.0));
#2393 = EDGE_CURVE('',#375,#383,#2392,.T.);
#2394 = ORIENTED_EDGE('',*,*,#2393,.T.);
#2395 = EDGE_LOOP('',(#2385,#2388,#2391,#2394));
#2396 = FACE_OUTER_BOUND('',#2395,.T.);
#2397 = FACE_SURFACE('',(#2396),#2382,.T.);
#2398 = PLANE('',#7,(0.0,0.0,1.0));
#2399 = LINE('',#243,(1.0,0.0,0.0));
#2400 = EDGE_CURVE('',#243,#385,#2399,.T.);
#2401 = ORIENTED_EDGE('',*,*,#2400,.T.);
#2402 = LINE('',#385,(1.0,0.0,0.0));
#2403 = EDGE_CURVE('',#385,#39,#2402,.T.);
#2404 = ORIENTED_EDGE('',*,*,#2403,.T.);
#2405 = LINE('',#39,(1.0,0.0,0.0));
#2406 = EDGE_CURVE('',#39,#41,#2405,.T.);
#2407 = ORIENTED_EDGE('',*,*,#2406,.T.);
#2408 = LINE('',#41,(1.0,0.0,0.0));
#2409 = EDGE_CURVE('',#41,#243,#2408,.T.);
#2410 = ORIENTED_EDGE('',*,*,#2409,.T.);
#2411 = EDGE_LOOP('',(#2401,#2404,#2407,#2410));
#2412 = FACE_OUTER_BOUND('',#2411,.T.);
#2413 = FACE_SURFACE('',(#2412),#2398,.T.);
#2414 = PLANE('',#7,(0.0,0.0,1.0));
#2415 = LINE('',#385,(1.0,0.0,0.0));
#2416 = EDGE_CURVE('',#385,#381,#2415,.T.);
#2417 = ORIENTED_EDGE('',*,*,#2416,.T.);
#2418 = LINE('',#381,(1.0,0.0,0.0));
#2419 = EDGE_CURVE('',#381,#37,#2418,.T.);
#2420 = ORIENTED_EDGE('',*,*,#2419,.T.);
#2421 = LINE('',#37,(1.0,0.0,0.0));
#2422 = EDGE_CURVE('',#37,#39,#2421,.T.);
#2423 = ORIENTED_EDGE('',*,*,#2422,.T.);
#2424 = LINE('',#39,(1.0,0.0,0.0));
#2425 = EDGE_CURVE('',#39,#385,#2424,.T.);
#2426 = ORIENTED_EDGE('',*,*,#2425,.T.);
#2427 = EDGE_LOOP('',(#2417,#2420,#2423,#2426));
#2428 = FACE_OUTER_BOUND('',#2427,.T.);
#2429 = FACE_SURFACE('',(#2428),#2414,.T.);
#2430 = PLANE('',#7,(0.0,0.0,1.0));
#2431 = LINE('',#241,(1.0,0.0,0.0));
#2432 = EDGE_CURVE('',#241,#387,#2431,.T.);
#2433 = ORIENTED_EDGE('',*,*,#2432,.T.);
#2434 = LINE('',#387,(1.0,0.0,0.0));
#2435 = EDGE_CURVE('',#387,#385,#2434,.T.);
#2436 = ORIENTED_EDGE('',*,*,#2435,.T.);
#2437 = LINE('',#385,(1.0,0.0,0.0));
#2438 = EDGE_CURVE('',#385,#243,#2437,.T.);
#2439 = ORIENTED_EDGE('',*,*,#2438,.T.);
#2440 = LINE('',#243,(1.0,0.0,0.0));
#2441 = EDGE_CURVE('',#243,#241,#2440,.T.);
#2442 = ORIENTED_EDGE('',*,*,#2441,.T.);
#2443 = EDGE_LOOP('',(#2433,#2436,#2439,#2442));
#2444 = FACE_OUTER_BOUND('',#2443,.T.);
#2445 = FACE_SURFACE('',(#2444),#2430,.T.);
#2446 = PLANE('',#7,(0.0,0.0,1.0));
#2447 = LINE('',#387,(1.0,0.0,0.0));
#2448 = EDGE_CURVE('',#387,#383,#2447,.T.);
#2449 = ORIENTED_EDGE('',*,*,#2448,.T.);
#2450 = LINE('',#383,(1.0,0.0,0.0));
#2451 = EDGE_CURVE('',#383,#381,#2450,.T.);
#2452 = ORIENTED_EDGE('',*,*,#2451,.T.);
#2453 = LINE('',#381,(1.0,0.0,0.0));
#2454 = EDGE_CURVE('',#381,#385,#2453,.T.);
#2455 = ORIENTED_EDGE('',*,*,#2454,.T.);
#2456 = LINE('',#385,(1.0,0.0,0.0));
#2457 = EDGE_CURVE('',#385,#387,#2456,.T.);
#2458 = ORIENTED_EDGE('',*,*,#2457,.T.);
#2459 = EDGE_LOOP('',(#2449,#2452,#2455,#2458));
#2460 = FACE_OUTER_BOUND('',#2459,.T.);
#2461 = FACE_SURFACE('',(#2460),#2446,.T.);
#2462 = PLANE('',#7,(0.0,0.0,1.0));
#2463 = LINE('',#239,(1.0,0.0,0.0));
#2464 = EDGE_CURVE('',#239,#363,#2463,.T.);
#2465 = ORIENTED_EDGE('',*,*,#2464,.T.);
#2466 = LINE('',#363,(1.0,0.0,0.0));
#2467 = EDGE_CURVE('',#363,#387,#2466,.T.);
#2468 = ORIENTED_EDGE('',*,*,#2467,.T.);
#2469 = LINE('',#387,(1.0,0.0,0.0));
#2470 = EDGE_CURVE('',#387,#241,#2469,.T.);
#2471 = ORIENTED_EDGE('',*,*,#2470,.T.);
#2472 = LINE('',#241,(1.0,0.0,0.0));
#2473 = EDGE_CURVE('',#241,#239,#2472,.T.);
#2474 = ORIENTED_EDGE('',*,*,#2473,.T.);
#2475 = EDGE_LOOP('',(#2465,#2468,#2471,#2474));
#2476 = FACE_OUTER_BOUND('',#2475,.T.);
#2477 = FACE_SURFACE('',(#2476),#2462,.T.);
#2478 = PLANE('',#7,(0.0,0.0,1.0));
#2479 = LINE('',#363,(1.0,0.0,0.0));
#2480 = EDGE_CURVE('',#363,#361,#2479,.T.);
#2481 = ORIENTED_EDGE('',*,*,#2480,.T.);
#2482 = LINE('',#361,(1.0,0.0,0.0));
#2483 = EDGE_CURVE('',#361,#383,#2482,.T.);
#2484 = ORIENTED_EDGE('',*,*,#2483,.T.);
#2485 = LINE('',#383,(1.0,0.0,0.0));
#2486 = EDGE_CURVE('',#383,#387,#2485,.T.);
#2487 = ORIENTED_EDGE('',*,*,#2486,.T.);
#2488 = LINE('',#387,(1.0,0.0,0.0));
#2489 = EDGE_CURVE('',#387,#363,#2488,.T.);
#2490 = ORIENTED_EDGE('',*,*,#2489,.T.);
#2491 = EDGE_LOOP('',(#2481,#2484,#2487,#2490));
#2492 = FACE_OUTER_BOUND('',#2491,.T.);
#2493 = FACE_SURFACE('',(#2492),#2478,.T.);
#2494 = PLANE('',#7,(0.0,0.0,1.0));
#2495 = LINE('',#415,(1.0,0.0,0.0));
#2496 = EDGE_CURVE('',#415,#425,#2495,.T.);
#2497 = ORIENTED_EDGE('',*,*,#2496,.T.);
#2498 = LINE('',#425,(1.0,0.0,0.0));
#2499 = EDGE_CURVE('',#425,#389,#2498,.T.);
#2500 = ORIENTED_EDGE('',*,*,#2499,.T.);
#2501 = LINE('',#389,(1.0,0.0,0.0));
#2502 = EDGE_CURVE('',#389,#391,#2501,.T.);
#2503 = ORIENTED_EDGE('',*,*,#2502,.T.);
#2504 = LINE('',#391,(1.0,0.0,0.0));
#2505 = EDGE_CURVE('',#391,#415,#2504,.T.);
#2506 = ORIENTED_EDGE('',*,*,#2505,.T.);
#2507 = EDGE_LOOP('',(#2497,#2500,#2503,#2506));
#2508 = FACE_OUTER_BOUND('',#2507,.T.);
#2509 = FACE_SURFACE('',(#2508),#2494,.T.);
#2510 = PLANE('',#7,(0.0,0.0,1.0));
#2511 = LINE('',#425,(1.0,0.0,0.0));
#2512 = EDGE_CURVE('',#425,#197,#2511,.T.);
#2513 = ORIENTED_EDGE('',*,*,#2512,.T.);
#2514 = LINE('',#197,(1.0,0.0,0.0));
#2515 = EDGE_CURVE('',#197,#199,#2514,.T.);
#2516 = ORIENTED_EDGE('',*,*,#2515,.T.);
#2517 = LINE('',#199,(1.0,0.0,0.0));
#2518 = EDGE_CURVE('',#199,#389,#2517,.T.);
#2519 = ORIENTED_EDGE('',*,*,#2518,.T.);
#2520 = LINE('',#389,(1.0,0.0,0.0));
#2521 = EDGE_CURVE('',#389,#425,#2520,.T.);
#2522 = ORIENTED_EDGE('',*,*,#2521,.T.);
#2523 = EDGE_LOOP('',(#2513,#2516,#2519,#2522));
#2524 = FACE_OUTER_BOUND('',#2523,.T.);
#2525 = FACE_SURFACE('',(#2524),#2510,.T.);
#2526 = PLANE('',#7,(0.0,0.0,1.0));
#2527 = LINE('',#417,(1.0,0.0,0.0));
#2528 = EDGE_CURVE('',#417,#423,#2527,.T.);
#2529 = ORIENTED_EDGE('',*,*,#2528,.T.);
#2530 = LINE('',#423,(1.0,0.0,0.0));
#2531 = EDGE_CURVE('',#423,#425,#2530,.T.);
#2532 = ORIENTED_EDGE('',*,*,#2531,.T.);
#2533 = LINE('',#425,(1.0,0.0,0.0));
#2534 = EDGE_CURVE('',#425,#415,#2533,.T.);
#2535 = ORIENTED_EDGE('',*,*,#2534,.T.);
#2536 = LINE('',#415,(1.0,0.0,0.0));
#2537 = EDGE_CURVE('',#415,#417,#2536,.T.);
#2538 = ORIENTED_EDGE('',*,*,#2537,.T.);
#2539 = EDGE_LOOP('',(#2529,#2532,#2535,#2538));
#2540 = FACE_OUTER_BOUND('',#2539,.T.);
#2541 = FACE_SURFACE('',(#2540),#2526,.T.);
#2542 = PLANE('',#7,(0.0,0.0,1.0));
#2543 = LINE('',#423,(1.0,0.0,0.0));
#2544 = EDGE_CURVE('',#423,#195,#2543,.T.);
#2545 = ORIENTED_EDGE('',*,*,#2544,.T.);
#2546 = LINE('',#195,(1.0,0.0,0.0));
#2547 = EDGE_CURVE('',#195,#197,#2546,.T.);
#2548 = ORIENTED_EDGE('',*,*,#2547,.T.);
#2549 = LINE('',#197,(1.0,0.0,0.0));
#2550 = EDGE_CURVE('',#197,#425,#2549,.T.);
#2551 = ORIENTED_EDGE('',*,*,#2550,.T.);
#2552 = LINE('',#425,(1.0,0.0,0.0));
#2553 = EDGE_CURVE('',#425,#423,#2552,.T.);
#2554 = ORIENTED_EDGE('',*,*,#2553,.T.);
#2555 = EDGE_LOOP('',(#2545,#2548,#2551,#2554));
#2556 = FACE_OUTER_BOUND('',#2555,.T.);
#2557 = FACE_SURFACE('',(#2556),#2542,.T.);
#2558 = PLANE('',#7,(0.0,0.0,1.0));
#2559 = LINE('',#419,(1.0,0.0,0.0));
#2560 = EDGE_CURVE('',#419,#427,#2559,.T.);
#2561 = ORIENTED_EDGE('',*,*,#2560,.T.);
#2562 = LINE('',#427,(1.0,0.0,0.0));
#2563 = EDGE_CURVE('',#427,#423,#2562,.T.);
#2564 = ORIENTED_EDGE('',*,*,#2563,.T.);
#2565 = LINE('',#423,(1.0,0.0,0.0));
#2566 = EDGE_CURVE('',#423,#417,#2565,.T.);
#2567 = ORIENTED_EDGE('',*,*,#2566,.T.);
#2568 = LINE('',#417,(1.0,0.0,0.0));
#2569 = EDGE_CURVE('',#417,#419,#2568,.T.);
#2570 = ORIENTED_EDGE('',*,*,#2569,.T.);
#2571 = EDGE_LOOP('',(#2561,#2564,#2567,#2570));
#2572 = FACE_OUTER_BOUND('',#2571,.T.);
#2573 = FACE_SURFACE('',(#2572),#2558,.T.);
#2574 = PLANE('',#7,(0.0,0.0,1.0));
#2575 = LINE('',#427,(1.0,0.0,0.0));
#2576 = EDGE_CURVE('',#427,#193,#2575,.T.);
#2577 = ORIENTED_EDGE('',*,*,#2576,.T.);
#2578 = LINE('',#193,(1.0,0.0,0.0));
#2579 = EDGE_CURVE('',#193,#195,#2578,.T.);
#2580 = ORIENTED_EDGE('',*,*,#2579,.T.);
#2581 = LINE('',#195,(1.0,0.0,0.0));
#2582 = EDGE_CURVE('',#195,#423,#2581,.T.);
#2583 = ORIENTED_EDGE('',*,*,#2582,.T.);
#2584 = LINE('',#423,(1.0,0.0,0.0));
#2585 = EDGE_CURVE('',#423,#427,#2584,.T.);
#2586 = ORIENTED_EDGE('',*,*,#2585,.T.);
#2587 = EDGE_LOOP('',(#2577,#2580,#2583,#2586));
#2588 = FACE_OUTER_BOUND('',#2587,.T.);
#2589 = FACE_SURFACE('',(#2588),#2574,.T.);
#2590 = PLANE('',#7,(0.0,0.0,1.0));
#2591 = LINE('',#421,(1.0,0.0,0.0));
#2592 = EDGE_CURVE('',#421,#429,#2591,.T.);
#2593 = ORIENTED_EDGE('',*,*,#2592,.T.);
#2594 = LINE('',#429,(1.0,0.0,0.0));
#2595 = EDGE_CURVE('',#429,#427,#2594,.T.);
#2596 = ORIENTED_EDGE('',*,*,#2595,.T.);
#2597 = LINE('',#427,(1.0,0.0,0.0));
#2598 = EDGE_CURVE('',#427,#419,#2597,.T.);
#2599 = ORIENTED_EDGE('',*,*,#2598,.T.);
#2600 = LINE('',#419,(1.0,0.0,0.0));
#2601 = EDGE_CURVE('',#419,#421,#2600,.T.);
#2602 = ORIENTED_EDGE('',*,*,#2601,.T.);
#2603 = EDGE_LOOP('',(#2593,#2596,#2599,#2602));
#2604 = FACE_OUTER_BOUND('',#2603,.T.);
#2605 = FACE_SURFACE('',(#2604),#2590,.T.);
#2606 = PLANE('',#7,(0.0,0.0,1.0));
#2607 = LINE('',#429,(1.0,0.0,0.0));
#2608 = EDGE_CURVE('',#429,#191,#2607,.T.);
#2609 = ORIENTED_EDGE('',*,*,#2608,.T.);
#2610 = LINE('',#191,(1.0,0.0,0.0));
#2611 = EDGE_CURVE('',#191,#193,#2610,.T.);
#2612 = ORIENTED_EDGE('',*,*,#2611,.T.);
#2613 = LINE('',#193,(1.0,0.0,0.0));
#2614 = EDGE_CURVE('',#193,#427,#2613,.T.);
#2615 = ORIENTED_EDGE('',*,*,#2614,.T.);
#2616 = LINE('',#427,(1.0,0.0,0.0));
#2617 = EDGE_CURVE('',#427,#429,#2616,.T.);
#2618 = ORIENTED_EDGE('',*,*,#2617,.T.);
#2619 = EDGE_LOOP('',(#2609,#2612,#2615,#2618));
#2620 = FACE_OUTER_BOUND('',#2619,.T.);
#2621 = FACE_SURFACE('',(#2620),#2606,.T.);
#2622 = PLANE('',#7,(0.0,0.0,1.0));
#2623 = LINE('',#211,(1.0,0.0,0.0));
#2624 = EDGE_CURVE('',#211,#209,#2623,.T.);
#2625 = ORIENTED_EDGE('',*,*,#2624,.T.);
#2626 = LINE('',#209,(1.0,0.0,0.0));
#2627 = EDGE_CURVE('',#209,#429,#2626,.T.);
#2628 = ORIENTED_EDGE('',*,*,#2627,.T.);
#2629 = LINE('',#429,(1.0,0.0,0.0));
#2630 = EDGE_CURVE('',#429,#421,#2629,.T.);
#2631 = ORIENTED_EDGE('',*,*,#2630,.T.);
#2632 = LINE('',#421,(1.0,0.0,0.0));
#2633 = EDGE_CURVE('',#421,#211,#2632,.T.);
#2634 = ORIENTED_EDGE('',*,*,#2633,.T.);
#2635 = EDGE_LOOP('',(#2625,#2628,#2631,#2634));
#2636 = FACE_OUTER_BOUND('',#2635,.T.);
#2637 = FACE_SURFACE('',(#2636),#2622,.T.);
#2638 = PLANE('',#7,(0.0,0.0,1.0));
#2639 = LINE('',#209,(1.0,0.0,0.0));
#2640 = EDGE_CURVE('',#209,#189,#2639,.T.);
#2641 = ORIENTED_EDGE('',*,*,#2640,.T.);
#2642 = LINE('',#189,(1.0,0.0,0.0));
#2643 = EDGE_CURVE('',#189,#191,#2642,.T.);
#2644 = ORIENTED_EDGE('',*,*,#2643,.T.);
#2645 = LINE('',#191,(1.0,0.0,0.0));
#2646 = EDGE_CURVE('',#191,#429,#2645,.T.);
#2647 = ORIENTED_EDGE('',*,*,#2646,.T.);
#2648 = LINE('',#429,(1.0,0.0,0.0));
#2649 = EDGE_CURVE('',#429,#209,#2648,.T.);
#2650 = ORIENTED_EDGE('',*,*,#2649,.T.);
#2651 = EDGE_LOOP('',(#2641,#2644,#2647,#2650));
#2652 = FACE_OUTER_BOUND('',#2651,.T.);
#2653 = FACE_SURFACE('',(#2652),#2638,.T.);
#2654 = PLANE('',#7,(0.0,0.0,1.0));
#2655 = LINE('',#431,(1.0,0.0,0.0));
#2656 = EDGE_CURVE('',#431,#435,#2655,.T.);
#2657 = ORIENTED_EDGE('',*,*,#2656,.T.);
#2658 = LINE('',#435,(1.0,0.0,0.0));
#2659 = EDGE_CURVE('',#435,#407,#2658,.T.);
#2660 = ORIENTED_EDGE('',*,*,#2659,.T.);
#2661 = LINE('',#407,(1.0,0.0,0.0));
#2662 = EDGE_CURVE('',#407,#409,#2661,.T.);
#2663 = ORIENTED_EDGE('',*,*,#2662,.T.);
#2664 = LINE('',#409,(1.0,0.0,0.0));
#2665 = EDGE_CURVE('',#409,#431,#2664,.T.);
#2666 = ORIENTED_EDGE('',*,*,#2665,.T.);
#2667 = EDGE_LOOP('',(#2657,#2660,#2663,#2666));
#2668 = FACE_OUTER_BOUND('',#2667,.T.);
#2669 = FACE_SURFACE('',(#2668),#2654,.T.);
#2670 = PLANE('',#7,(0.0,0.0,1.0));
#2671 = LINE('',#435,(1.0,0.0,0.0));
#2672 = EDGE_CURVE('',#435,#395,#2671,.T.);
#2673 = ORIENTED_EDGE('',*,*,#2672,.T.);
#2674 = LINE('',#395,(1.0,0.0,0.0));
#2675 = EDGE_CURVE('',#395,#397,#2674,.T.);
#2676 = ORIENTED_EDGE('',*,*,#2675,.T.);
#2677 = LINE('',#397,(1.0,0.0,0.0));
#2678 = EDGE_CURVE('',#397,#407,#2677,.T.);
#2679 = ORIENTED_EDGE('',*,*,#2678,.T.);
#2680 = LINE('',#407,(1.0,0.0,0.0));
#2681 = EDGE_CURVE('',#407,#435,#2680,.T.);
#2682 = ORIENTED_EDGE('',*,*,#2681,.T.);
#2683 = EDGE_LOOP('',(#2673,#2676,#2679,#2682));
#2684 = FACE_OUTER_BOUND('',#2683,.T.);
#2685 = FACE_SURFACE('',(#2684),#2670,.T.);
#2686 = PLANE('',#7,(0.0,0.0,1.0));
#2687 = LINE('',#433,(1.0,0.0,0.0));
#2688 = EDGE_CURVE('',#433,#437,#2687,.T.);
#2689 = ORIENTED_EDGE('',*,*,#2688,.T.);
#2690 = LINE('',#437,(1.0,0.0,0.0));
#2691 = EDGE_CURVE('',#437,#435,#2690,.T.);
#2692 = ORIENTED_EDGE('',*,*,#2691,.T.);
#2693 = LINE('',#435,(1.0,0.0,0.0));
#2694 = EDGE_CURVE('',#435,#431,#2693,.T.);
#2695 = ORIENTED_EDGE('',*,*,#2694,.T.);
#2696 = LINE('',#431,(1.0,0.0,0.0));
#2697 = EDGE_CURVE('',#431,#433,#2696,.T.);
#2698 = ORIENTED_EDGE('',*,*,#2697,.T.);
#2699 = EDGE_LOOP('',(#2689,#2692,#2695,#2698));
#2700 = FACE_OUTER_BOUND('',#2699,.T.);
#2701 = FACE_SURFACE('',(#2700),#2686,.T.);
#2702 = PLANE('',#7,(0.0,0.0,1.0));
#2703 = LINE('',#437,(1.0,0.0,0.0));
#2704 = EDGE_CURVE('',#437,#393,#2703,.T.);
#2705 = ORIENTED_EDGE('',*,*,#2704,.T.);
#2706 = LINE('',#393,(1.0,0.0,0.0));
#2707 = EDGE_CURVE('',#393,#395,#2706,.T.);
#2708 = ORIENTED_EDGE('',*,*,#2707,.T.);
#2709 = LINE('',#395,(1.0,0.0,0.0));
#2710 = EDGE_CURVE('',#395,#435,#2709,.T.);
#2711 = ORIENTED_EDGE('',*,*,#2710,.T.);
#2712 = LINE('',#435,(1.0,0.0,0.0));
#2713 = EDGE_CURVE('',#435,#437,#2712,.T.);
#2714 = ORIENTED_EDGE('',*,*,#2713,.T.);
#2715 = EDGE_LOOP('',(#2705,#2708,#2711,#2714));
#2716 = FACE_OUTER_BOUND('',#2715,.T.);
#2717 = FACE_SURFACE('',(#2716),#2702,.T.);
#2718 = PLANE('',#7,(0.0,0.0,1.0));
#2719 = LINE('',#417,(1.0,0.0,0.0));
#2720 = EDGE_CURVE('',#417,#415,#2719,.T.);
#2721 = ORIENTED_EDGE('',*,*,#2720,.T.);
#2722 = LINE('',#415,(1.0,0.0,0.0));
#2723 = EDGE_CURVE('',#415,#437,#2722,.T.);
#2724 = ORIENTED_EDGE('',*,*,#2723,.T.);
#2725 = LINE('',#437,(1.0,0.0,0.0));
#2726 = EDGE_CURVE('',#437,#433,#2725,.T.);
#2727 = ORIENTED_EDGE('',*,*,#2726,.T.);
#2728 = LINE('',#433,(1.0,0.0,0.0));
#2729 = EDGE_CURVE('',#433,#417,#2728,.T.);
#2730 = ORIENTED_EDGE('',*,*,#2729,.T.);
#2731 = EDGE_LOOP('',(#2721,#2724,#2727,#2730));
#2732 = FACE_OUTER_BOUND('',#2731,.T.);
#2733 = FACE_SURFACE('',(#2732),#2718,.T.);
#2734 = PLANE('',#7,(0.0,0.0,1.0));
#2735 = LINE('',#415,(1.0,0.0,0.0));
#2736 = EDGE_CURVE('',#415,#391,#2735,.T.);
#2737 = ORIENTED_EDGE('',*,*,#2736,.T.);
#2738 = LINE('',#391,(1.0,0.0,0.0));
#2739 = EDGE_CURVE('',#391,#393,#2738,.T.);
#2740 = ORIENTED_EDGE('',*,*,#2739,.T.);
#2741 = LINE('',#393,(1.0,0.0,0.0));
#2742 = EDGE_CURVE('',#393,#437,#2741,.T.);
#2743 = ORIENTED_EDGE('',*,*,#2742,.T.);
#2744 = LINE('',#437,(1.0,0.0,0.0));
#2745 = EDGE_CURVE('',#437,#415,#2744,.T.);
#2746 = ORIENTED_EDGE('',*,*,#2745,.T.);
#2747 = EDGE_LOOP('',(#2737,#2740,#2743,#2746));
#2748 = FACE_OUTER_BOUND('',#2747,.T.);
#2749 = FACE_SURFACE('',(#2748),#2734,.T.);
#2750 = PLANE('',#7,(0.0,0.0,1.0));
#2751 = LINE('',#411,(1.0,0.0,0.0));
#2752 = EDGE_CURVE('',#411,#439,#2751,.T.);
#2753 = ORIENTED_EDGE('',*,*,#2752,.T.);
#2754 = LINE('',#439,(1.0,0.0,0.0));
#2755 = EDGE_CURVE('',#439,#431,#2754,.T.);
#2756 = ORIENTED_EDGE('',*,*,#2755,.T.);
#2757 = LINE('',#431,(1.0,0.0,0.0));
#2758 = EDGE_CURVE('',#431,#409,#2757,.T.);
#2759 = ORIENTED_EDGE('',*,*,#2758,.T.);
#2760 = LINE('',#409,(1.0,0.0,0.0));
#2761 = EDGE_CURVE('',#409,#411,#2760,.T.);
#2762 = ORIENTED_EDGE('',*,*,#2761,.T.);
#2763 = EDGE_LOOP('',(#2753,#2756,#2759,#2762));
#2764 = FACE_OUTER_BOUND('',#2763,.T.);
#2765 = FACE_SURFACE('',(#2764),#2750,.T.);
#2766 = PLANE('',#7,(0.0,0.0,1.0));
#2767 = LINE('',#439,(1.0,0.0,0.0));
#2768 = EDGE_CURVE('',#439,#441,#2767,.T.);
#2769 = ORIENTED_EDGE('',*,*,#2768,.T.);
#2770 = LINE('',#441,(1.0,0.0,0.0));
#2771 = EDGE_CURVE('',#441,#433,#2770,.T.);
#2772 = ORIENTED_EDGE('',*,*,#2771,.T.);
#2773 = LINE('',#433,(1.0,0.0,0.0));
#2774 = EDGE_CURVE('',#433,#431,#2773,.T.);
#2775 = ORIENTED_EDGE('',*,*,#2774,.T.);
#2776 = LINE('',#431,(1.0,0.0,0.0));
#2777 = EDGE_CURVE('',#431,#439,#2776,.T.);
#2778 = ORIENTED_EDGE('',*,*,#2777,.T.);
#2779 = EDGE_LOOP('',(#2769,#2772,#2775,#2778));
#2780 = FACE_OUTER_BOUND('',#2779,.T.);
#2781 = FACE_SURFACE('',(#2780),#2766,.T.);
#2782 = PLANE('',#7,(0.0,0.0,1.0));
#2783 = LINE('',#441,(1.0,0.0,0.0));
#2784 = EDGE_CURVE('',#441,#419,#2783,.T.);
#2785 = ORIENTED_EDGE('',*,*,#2784,.T.);
#2786 = LINE('',#419,(1.0,0.0,0.0));
#2787 = EDGE_CURVE('',#419,#417,#2786,.T.);
#2788 = ORIENTED_EDGE('',*,*,#2787,.T.);
#2789 = LINE('',#417,(1.0,0.0,0.0));
#2790 = EDGE_CURVE('',#417,#433,#2789,.T.);
#2791 = ORIENTED_EDGE('',*,*,#2790,.T.);
#2792 = LINE('',#433,(1.0,0.0,0.0));
#2793 = EDGE_CURVE('',#433,#441,#2792,.T.);
#2794 = ORIENTED_EDGE('',*,*,#2793,.T.);
#2795 = EDGE_LOOP('',(#2785,#2788,#2791,#2794));
#2796 = FACE_OUTER_BOUND('',#2795,.T.);
#2797 = FACE_SURFACE('',(#2796),#2782,.T.);
#2798 = PLANE('',#7,(0.0,0.0,1.0));
#2799 = LINE('',#215,(1.0,0.0,0.0));
#2800 = EDGE_CURVE('',#215,#443,#2799,.T.);
#2801 = ORIENTED_EDGE('',*,*,#2800,.T.);
#2802 = LINE('',#443,(1.0,0.0,0.0));
#2803 = EDGE_CURVE('',#443,#413,#2802,.T.);
#2804 = ORIENTED_EDGE('',*,*,#2803,.T.);
#2805 = LINE('',#413,(1.0,0.0,0.0));
#2806 = EDGE_CURVE('',#413,#217,#2805,.T.);
#2807 = ORIENTED_EDGE('',*,*,#2806,.T.);
#2808 = LINE('',#217,(1.0,0.0,0.0));
#2809 = EDGE_CURVE('',#217,#215,#2808,.T.);
#2810 = ORIENTED_EDGE('',*,*,#2809,.T.);
#2811 = EDGE_LOOP('',(#2801,#2804,#2807,#2810));
#2812 = FACE_OUTER_BOUND('',#2811,.T.);
#2813 = FACE_SURFACE('',(#2812),#2798,.T.);
#2814 = PLANE('',#7,(0.0,0.0,1.0));
#2815 = LINE('',#443,(1.0,0.0,0.0));
#2816 = EDGE_CURVE('',#443,#439,#2815,.T.);
#2817 = ORIENTED_EDGE('',*,*,#2816,.T.);
#2818 = LINE('',#439,(1.0,0.0,0.0));
#2819 = EDGE_CURVE('',#439,#411,#2818,.T.);
#2820 = ORIENTED_EDGE('',*,*,#2819,.T.);
#2821 = LINE('',#411,(1.0,0.0,0.0));
#2822 = EDGE_CURVE('',#411,#413,#2821,.T.);
#2823 = ORIENTED_EDGE('',*,*,#2822,.T.);
#2824 = LINE('',#413,(1.0,0.0,0.0));
#2825 = EDGE_CURVE('',#413,#443,#2824,.T.);
#2826 = ORIENTED_EDGE('',*,*,#2825,.T.);
#2827 = EDGE_LOOP('',(#2817,#2820,#2823,#2826));
#2828 = FACE_OUTER_BOUND('',#2827,.T.);
#2829 = FACE_SURFACE('',(#2828),#2814,.T.);
#2830 = PLANE('',#7,(0.0,0.0,1.0));
#2831 = LINE('',#213,(1.0,0.0,0.0));
#2832 = EDGE_CURVE('',#213,#445,#2831,.T.);
#2833 = ORIENTED_EDGE('',*,*,#2832,.T.);
#2834 = LINE('',#445,(1.0,0.0,0.0));
#2835 = EDGE_CURVE('',#445,#443,#2834,.T.);
#2836 = ORIENTED_EDGE('',*,*,#2835,.T.);
#2837 = LINE('',#443,(1.0,0.0,0.0));
#2838 = EDGE_CURVE('',#443,#215,#2837,.T.);
#2839 = ORIENTED_EDGE('',*,*,#2838,.T.);
#2840 = LINE('',#215,(1.0,0.0,0.0));
#2841 = EDGE_CURVE('',#215,#213,#2840,.T.);
#2842 = ORIENTED_EDGE('',*,*,#2841,.T.);
#2843 = EDGE_LOOP('',(#2833,#2836,#2839,#2842));
#2844 = FACE_OUTER_BOUND('',#2843,.T.);
#2845 = FACE_SURFACE('',(#2844),#2830,.T.);
#2846 = PLANE('',#7,(0.0,0.0,1.0));
#2847 = LINE('',#445,(1.0,0.0,0.0));
#2848 = EDGE_CURVE('',#445,#441,#2847,.T.);
#2849 = ORIENTED_EDGE('',*,*,#2848,.T.);
#2850 = LINE('',#441,(1.0,0.0,0.0));
#2851 = EDGE_CURVE('',#441,#439,#2850,.T.);
#2852 = ORIENTED_EDGE('',*,*,#2851,.T.);
#2853 = LINE('',#439,(1.0,0.0,0.0));
#2854 = EDGE_CURVE('',#439,#443,#2853,.T.);
#2855 = ORIENTED_EDGE('',*,*,#2854,.T.);
#2856 = LINE('',#443,(1.0,0.0,0.0));
#2857 = EDGE_CURVE('',#443,#445,#2856,.T.);
#2858 = ORIENTED_EDGE('',*,*,#2857,.T.);
#2859 = EDGE_LOOP('',(#2849,#2852,#2855,#2858));
#2860 = FACE_OUTER_BOUND('',#2859,.T.);
#2861 = FACE_SURFACE('',(#2860),#2846,.T.);
#2862 = PLANE('',#7,(0.0,0.0,1.0));
#2863 = LINE('',#211,(1.0,0.0,0.0));
#2864 = EDGE_CURVE('',#211,#421,#2863,.T.);
#2865 = ORIENTED_EDGE('',*,*,#2864,.T.);
#2866 = LINE('',#421,(1.0,0.0,0.0));
#2867 = EDGE_CURVE('',#421,#445,#2866,.T.);
#2868 = ORIENTED_EDGE('',*,*,#2867,.T.);
#2869 = LINE('',#445,(1.0,0.0,0.0));
#2870 = EDGE_CURVE('',#445,#213,#2869,.T.);
#2871 = ORIENTED_EDGE('',*,*,#2870,.T.);
#2872 = LINE('',#213,(1.0,0.0,0.0));
#2873 = EDGE_CURVE('',#213,#211,#2872,.T.);
#2874 = ORIENTED_EDGE('',*,*,#2873,.T.);
#2875 = EDGE_LOOP('',(#2865,#2868,#2871,#2874));
#2876 = FACE_OUTER_BOUND('',#2875,.T.);
#2877 = FACE_SURFACE('',(#2876),#2862,.T.);
#2878 = PLANE('',#7,(0.0,0.0,1.0));
#2879 = LINE('',#421,(1.0,0.0,0.0));
#2880 = EDGE_CURVE('',#421,#419,#2879,.T.);
#2881 = ORIENTED_EDGE('',*,*,#2880,.T.);
#2882 = LINE('',#419,(1.0,0.0,0.0));
#2883 = EDGE_CURVE('',#419,#441,#2882,.T.);
#2884 = ORIENTED_EDGE('',*,*,#2883,.T.);
#2885 = LINE('',#441,(1.0,0.0,0.0));
#2886 = EDGE_CURVE('',#441,#445,#2885,.T.);
#2887 = ORIENTED_EDGE('',*,*,#2886,.T.);
#2888 = LINE('',#445,(1.0,0.0,0.0));
#2889 = EDGE_CURVE('',#445,#421,#2888,.T.);
#2890 = ORIENTED_EDGE('',*,*,#2889,.T.);
#2891 = EDGE_LOOP('',(#2881,#2884,#2887,#2890));
#2892 = FACE_OUTER_BOUND('',#2891,.T.);
#2893 = FACE_SURFACE('',(#2892),#2878,.T.);
#2894 = PLANE('',#7,(0.0,0.0,1.0));
#2895 = LINE('',#447,(1.0,0.0,0.0));
#2896 = EDGE_CURVE('',#447,#457,#2895,.T.);
#2897 = ORIENTED_EDGE('',*,*,#2896,.T.);
#2898 = LINE('',#457,(1.0,0.0,0.0));
#2899 = EDGE_CURVE('',#457,#399,#2898,.T.);
#2900 = ORIENTED_EDGE('',*,*,#2899,.T.);
#2901 = LINE('',#399,(1.0,0.0,0.0));
#2902 = EDGE_CURVE('',#399,#401,#2901,.T.);
#2903 = ORIENTED_EDGE('',*,*,#2902,.T.);
#2904 = LINE('',#401,(1.0,0.0,0.0));
#2905 = EDGE_CURVE('',#401,#447,#2904,.T.);
#2906 = ORIENTED_EDGE('',*,*,#2905,.T.);
#2907 = EDGE_LOOP('',(#2897,#2900,#2903,#2906));
#2908 = FACE_OUTER_BOUND('',#2907,.T.);
#2909 = FACE_SURFACE('',(#2908),#2894,.T.);
#2910 = PLANE('',#7,(0.0,0.0,1.0));
#2911 = LINE('',#457,(1.0,0.0,0.0));
#2912 = EDGE_CURVE('',#457,#407,#2911,.T.);
#2913 = ORIENTED_EDGE('',*,*,#2912,.T.);
#2914 = LINE('',#407,(1.0,0.0,0.0));
#2915 = EDGE_CURVE('',#407,#397,#2914,.T.);
#2916 = ORIENTED_EDGE('',*,*,#2915,.T.);
#2917 = LINE('',#397,(1.0,0.0,0.0));
#2918 = EDGE_CURVE('',#397,#399,#2917,.T.);
#2919 = ORIENTED_EDGE('',*,*,#2918,.T.);
#2920 = LINE('',#399,(1.0,0.0,0.0));
#2921 = EDGE_CURVE('',#399,#457,#2920,.T.);
#2922 = ORIENTED_EDGE('',*,*,#2921,.T.);
#2923 = EDGE_LOOP('',(#2913,#2916,#2919,#2922));
#2924 = FACE_OUTER_BOUND('',#2923,.T.);
#2925 = FACE_SURFACE('',(#2924),#2910,.T.);
#2926 = PLANE('',#7,(0.0,0.0,1.0));
#2927 = LINE('',#449,(1.0,0.0,0.0));
#2928 = EDGE_CURVE('',#449,#455,#2927,.T.);
#2929 = ORIENTED_EDGE('',*,*,#2928,.T.);
#2930 = LINE('',#455,(1.0,0.0,0.0));
#2931 = EDGE_CURVE('',#455,#457,#2930,.T.);
#2932 = ORIENTED_EDGE('',*,*,#2931,.T.);
#2933 = LINE('',#457,(1.0,0.0,0.0));
#2934 = EDGE_CURVE('',#457,#447,#2933,.T.);
#2935 = ORIENTED_EDGE('',*,*,#2934,.T.);
#2936 = LINE('',#447,(1.0,0.0,0.0));
#2937 = EDGE_CURVE('',#447,#449,#2936,.T.);
#2938 = ORIENTED_EDGE('',*,*,#2937,.T.);
#2939 = EDGE_LOOP('',(#2929,#2932,#2935,#2938));
#2940 = FACE_OUTER_BOUND('',#2939,.T.);
#2941 = FACE_SURFACE('',(#2940),#2926,.T.);
#2942 = PLANE('',#7,(0.0,0.0,1.0));
#2943 = LINE('',#455,(1.0,0.0,0.0));
#2944 = EDGE_CURVE('',#455,#409,#2943,.T.);
#2945 = ORIENTED_EDGE('',*,*,#2944,.T.);
#2946 = LINE('',#409,(1.0,0.0,0.0));
#2947 = EDGE_CURVE('',#409,#407,#2946,.T.);
#2948 = ORIENTED_EDGE('',*,*,#2947,.T.);
#2949 = LINE('',#407,(1.0,0.0,0.0));
#2950 = EDGE_CURVE('',#407,#457,#2949,.T.);
#2951 = ORIENTED_EDGE('',*,*,#2950,.T.);
#2952 = LINE('',#457,(1.0,0.0,0.0));
#2953 = EDGE_CURVE('',#457,#455,#2952,.T.);
#2954 = ORIENTED_EDGE('',*,*,#2953,.T.);
#2955 = EDGE_LOOP('',(#2945,#2948,#2951,#2954));
#2956 = FACE_OUTER_BOUND('',#2955,.T.);
#2957 = FACE_SURFACE('',(#2956),#2942,.T.);
#2958 = PLANE('',#7,(0.0,0.0,1.0));
#2959 = LINE('',#451,(1.0,0.0,0.0));
#2960 = EDGE_CURVE('',#451,#459,#2959,.T.);
#2961 = ORIENTED_EDGE('',*,*,#2960,.T.);
#2962 = LINE('',#459,(1.0,0.0,0.0));
#2963 = EDGE_CURVE('',#459,#455,#2962,.T.);
#2964 = ORIENTED_EDGE('',*,*,#2963,.T.);
#2965 = LINE('',#455,(1.0,0.0,0.0));
#2966 = EDGE_CURVE('',#455,#449,#2965,.T.);
#2967 = ORIENTED_EDGE('',*,*,#2966,.T.);
#2968 = LINE('',#449,(1.0,0.0,0.0));
#2969 = EDGE_CURVE('',#449,#451,#2968,.T.);
#2970 = ORIENTED_EDGE('',*,*,#2969,.T.);
#2971 = EDGE_LOOP('',(#2961,#2964,#2967,#2970));
#2972 = FACE_OUTER_BOUND('',#2971,.T.);
#2973 = FACE_SURFACE('',(#2972),#2958,.T.);
#2974 = PLANE('',#7,(0.0,0.0,1.0));
#2975 = LINE('',#459,(1.0,0.0,0.0));
#2976 = EDGE_CURVE('',#459,#411,#2975,.T.);
#2977 = ORIENTED_EDGE('',*,*,#2976,.T.);
#2978 = LINE('',#411,(1.0,0.0,0.0));
#2979 = EDGE_CURVE('',#411,#409,#2978,.T.);
#2980 = ORIENTED_EDGE('',*,*,#2979,.T.);
#2981 = LINE('',#409,(1.0,0.0,0.0));
#2982 = EDGE_CURVE('',#409,#455,#2981,.T.);
#2983 = ORIENTED_EDGE('',*,*,#2982,.T.);
#2984 = LINE('',#455,(1.0,0.0,0.0));
#2985 = EDGE_CURVE('',#455,#459,#2984,.T.);
#2986 = ORIENTED_EDGE('',*,*,#2985,.T.);
#2987 = EDGE_LOOP('',(#2977,#2980,#2983,#2986));
#2988 = FACE_OUTER_BOUND('',#2987,.T.);
#2989 = FACE_SURFACE('',(#2988),#2974,.T.);
#2990 = PLANE('',#7,(0.0,0.0,1.0));
#2991 = LINE('',#453,(1.0,0.0,0.0));
#2992 = EDGE_CURVE('',#453,#461,#2991,.T.);
#2993 = ORIENTED_EDGE('',*,*,#2992,.T.);
#2994 = LINE('',#461,(1.0,0.0,0.0));
#2995 = EDGE_CURVE('',#461,#459,#2994,.T.);
#2996 = ORIENTED_EDGE('',*,*,#2995,.T.);
#2997 = LINE('',#459,(1.0,0.0,0.0));
#2998 = EDGE_CURVE('',#459,#451,#2997,.T.);
#2999 = ORIENTED_EDGE('',*,*,#2998,.T.);
#3000 = LINE('',#451,(1.0,0.0,0.0));
#3001 = EDGE_CURVE('',#451,#453,#3000,.T.);
#3002 = ORIENTED_EDGE('',*,*,#3001,.T.);
#3003 = EDGE_LOOP('',(#2993,#2996,#2999,#3002));
#3004 = FACE_OUTER_BOUND('',#3003,.T.);
#3005 = FACE_SURFACE('',(#3004),#2990,.T.);
#3006 = PLANE('',#7,(0.0,0.0,1.0));
#3007 = LINE('',#461,(1.0,0.0,0.0));
#3008 = EDGE_CURVE('',#461,#413,#3007,.T.);
#3009 = ORIENTED_EDGE('',*,*,#3008,.T.);
#3010 = LINE('',#413,(1.0,0.0,0.0));
#3011 = EDGE_CURVE('',#413,#411,#3010,.T.);
#3012 = ORIENTED_EDGE('',*,*,#3011,.T.);
#3013 = LINE('',#411,(1.0,0.0,0.0));
#3014 = EDGE_CURVE('',#411,#459,#3013,.T.);
#3015 = ORIENTED_EDGE('',*,*,#3014,.T.);
#3016 = LINE('',#459,(1.0,0.0,0.0));
#3017 = EDGE_CURVE('',#459,#461,#3016,.T.);
#3018 = ORIENTED_EDGE('',*,*,#3017,.T.);
#3019 = EDGE_LOOP('',(#3009,#3012,#3015,#3018));
#3020 = FACE_OUTER_BOUND('',#3019,.T.);
#3021 = FACE_SURFACE('',(#3020),#3006,.T.);
#3022 = PLANE('',#7,(0.0,0.0,1.0));
#3023 = LINE('',#221,(1.0,0.0,0.0));
#3024 = EDGE_CURVE('',#221,#219,#3023,.T.);
#3025 = ORIENTED_EDGE('',*,*,#3024,.T.);
#3026 = LINE('',#219,(1.0,0.0,0.0));
#3027 = EDGE_CURVE('',#219,#461,#3026,.T.);
#3028 = ORIENTED_EDGE('',*,*,#3027,.T.);
#3029 = LINE('',#461,(1.0,0.0,0.0));
#3030 = EDGE_CURVE('',#461,#453,#3029,.T.);
#3031 = ORIENTED_EDGE('',*,*,#3030,.T.);
#3032 = LINE('',#453,(1.0,0.0,0.0));
#3033 = EDGE_CURVE('',#453,#221,#3032,.T.);
#3034 = ORIENTED_EDGE('',*,*,#3033,.T.);
#3035 = EDGE_LOOP('',(#3025,#3028,#3031,#3034));
#3036 = FACE_OUTER_BOUND('',#3035,.T.);
#3037 = FACE_SURFACE('',(#3036),#3022,.T.);
#3038 = PLANE('',#7,(0.0,0.0,1.0));
#3039 = LINE('',#219,(1.0,0.0,0.0));
#3040 = EDGE_CURVE('',#219,#217,#3039,.T.);
#3041 = ORIENTED_EDGE('',*,*,#3040,.T.);
#3042 = LINE('',#217,(1.0,0.0,0.0));
#3043 = EDGE_CURVE('',#217,#413,#3042,.T.);
#3044 = ORIENTED_EDGE('',*,*,#3043,.T.);
#3045 = LINE('',#413,(1.0,0.0,0.0));
#3046 = EDGE_CURVE('',#413,#461,#3045,.T.);
#3047 = ORIENTED_EDGE('',*,*,#3046,.T.);
#3048 = LINE('',#461,(1.0,0.0,0.0));
#3049 = EDGE_CURVE('',#461,#219,#3048,.T.);
#3050 = ORIENTED_EDGE('',*,*,#3049,.T.);
#3051 = EDGE_LOOP('',(#3041,#3044,#3047,#3050));
#3052 = FACE_OUTER_BOUND('',#3051,.T.);
#3053 = FACE_SURFACE('',(#3052),#3038,.T.);
#3054 = PLANE('',#7,(0.0,0.0,1.0));
#3055 = LINE('',#463,(1.0,0.0,0.0));
#3056 = EDGE_CURVE('',#463,#467,#3055,.T.);
#3057 = ORIENTED_EDGE('',*,*,#3056,.T.);
#3058 = LINE('',#467,(1.0,0.0,0.0));
#3059 = EDGE_CURVE('',#467,#23,#3058,.T.);
#3060 = ORIENTED_EDGE('',*,*,#3059,.T.);
#3061 = LINE('',#23,(1.0,0.0,0.0));
#3062 = EDGE_CURVE('',#23,#25,#3061,.T.);
#3063 = ORIENTED_EDGE('',*,*,#3062,.T.);
#3064 = LINE('',#25,(1.0,0.0,0.0));
#3065 = EDGE_CURVE('',#25,#463,#3064,.T.);
#3066 = ORIENTED_EDGE('',*,*,#3065,.T.);
#3067 = EDGE_LOOP('',(#3057,#3060,#3063,#3066));
#3068 = FACE_OUTER_BOUND('',#3067,.T.);
#3069 = FACE_SURFACE('',(#3068),#3054,.T.);
#3070 = PLANE('',#7,(0.0,0.0,1.0));
#3071 = LINE('',#467,(1.0,0.0,0.0));
#3072 = EDGE_CURVE('',#467,#405,#3071,.T.);
#3073 = ORIENTED_EDGE('',*,*,#3072,.T.);
#3074 = LINE('',#405,(1.0,0.0,0.0));
#3075 = EDGE_CURVE('',#405,#21,#3074,.T.);
#3076 = ORIENTED_EDGE('',*,*,#3075,.T.);
#3077 = LINE('',#21,(1.0,0.0,0.0));
#3078 = EDGE_CURVE('',#21,#23,#3077,.T.);
#3079 = ORIENTED_EDGE('',*,*,#3078,.T.);
#3080 = LINE('',#23,(1.0,0.0,0.0));
#3081 = EDGE_CURVE('',#23,#467,#3080,.T.);
#3082 = ORIENTED_EDGE('',*,*,#3081,.T.);
#3083 = EDGE_LOOP('',(#3073,#3076,#3079,#3082));
#3084 = FACE_OUTER_BOUND('',#3083,.T.);
#3085 = FACE_SURFACE('',(#3084),#3070,.T.);
#3086 = PLANE('',#7,(0.0,0.0,1.0));
#3087 = LINE('',#465,(1.0,0.0,0.0));
#3088 = EDGE_CURVE('',#465,#469,#3087,.T.);
#3089 = ORIENTED_EDGE('',*,*,#3088,.T.);
#3090 = LINE('',#469,(1.0,0.0,0.0));
#3091 = EDGE_CURVE('',#469,#467,#3090,.T.);
#3092 = ORIENTED_EDGE('',*,*,#3091,.T.);
#3093 = LINE('',#467,(1.0,0.0,0.0));
#3094 = EDGE_CURVE('',#467,#463,#3093,.T.);
#3095 = ORIENTED_EDGE('',*,*,#3094,.T.);
#3096 = LINE('',#463,(1.0,0.0,0.0));
#3097 = EDGE_CURVE('',#463,#465,#3096,.T.);
#3098 = ORIENTED_EDGE('',*,*,#3097,.T.);
#3099 = EDGE_LOOP('',(#3089,#3092,#3095,#3098));
#3100 = FACE_OUTER_BOUND('',#3099,.T.);
#3101 = FACE_SURFACE('',(#3100),#3086,.T.);
#3102 = PLANE('',#7,(0.0,0.0,1.0));
#3103 = LINE('',#469,(1.0,0.0,0.0));
#3104 = EDGE_CURVE('',#469,#403,#3103,.T.);
#3105 = ORIENTED_EDGE('',*,*,#3104,.T.);
#3106 = LINE('',#403,(1.0,0.0,0.0));
#3107 = EDGE_CURVE('',#403,#405,#3106,.T.);
#3108 = ORIENTED_EDGE('',*,*,#3107,.T.);
#3109 = LINE('',#405,(1.0,0.0,0.0));
#3110 = EDGE_CURVE('',#405,#467,#3109,.T.);
#3111 = ORIENTED_EDGE('',*,*,#3110,.T.);
#3112 = LINE('',#467,(1.0,0.0,0.0));
#3113 = EDGE_CURVE('',#467,#469,#3112,.T.);
#3114 = ORIENTED_EDGE('',*,*,#3113,.T.);
#3115 = EDGE_LOOP('',(#3105,#3108,#3111,#3114));
#3116 = FACE_OUTER_BOUND('',#3115,.T.);
#3117 = FACE_SURFACE('',(#3116),#3102,.T.);
#3118 = PLANE('',#7,(0.0,0.0,1.0));
#3119 = LINE('',#449,(1.0,0.0,0.0));
#3120 = EDGE_CURVE('',#449,#447,#3119,.T.);
#3121 = ORIENTED_EDGE('',*,*,#3120,.T.);
#3122 = LINE('',#447,(1.0,0.0,0.0));
#3123 = EDGE_CURVE('',#447,#469,#3122,.T.);
#3124 = ORIENTED_EDGE('',*,*,#3123,.T.);
#3125 = LINE('',#469,(1.0,0.0,0.0));
#3126 = EDGE_CURVE('',#469,#465,#3125,.T.);
#3127 = ORIENTED_EDGE('',*,*,#3126,.T.);
#3128 = LINE('',#465,(1.0,0.0,0.0));
#3129 = EDGE_CURVE('',#465,#449,#3128,.T.);
#3130 = ORIENTED_EDGE('',*,*,#3129,.T.);
#3131 = EDGE_LOOP('',(#3121,#3124,#3127,#3130));
#3132 = FACE_OUTER_BOUND('',#3131,.T.);
#3133 = FACE_SURFACE('',(#3132),#3118,.T.);
#3134 = PLANE('',#7,(0.0,0.0,1.0));
#3135 = LINE('',#447,(1.0,0.0,0.0));
#3136 = EDGE_CURVE('',#447,#401,#3135,.T.);
#3137 = ORIENTED_EDGE('',*,*,#3136,.T.);
#3138 = LINE('',#401,(1.0,0.0,0.0));
#3139 = EDGE_CURVE('',#401,#403,#3138,.T.);
#3140 = ORIENTED_EDGE('',*,*,#3139,.T.);
#3141 = LINE('',#403,(1.0,0.0,0.0));
#3142 = EDGE_CURVE('',#403,#469,#3141,.T.);
#3143 = ORIENTED_EDGE('',*,*,#3142,.T.);
#3144 = LINE('',#469,(1.0,0.0,0.0));
#3145 = EDGE_CURVE('',#469,#447,#3144,.T.);
#3146 = ORIENTED_EDGE('',*,*,#3145,.T.);
#3147 = EDGE_LOOP('',(#3137,#3140,#3143,#3146));
#3148 = FACE_OUTER_BOUND('',#3147,.T.);
#3149 = FACE_SURFACE('',(#3148),#3134,.T.);
#3150 = PLANE('',#7,(0.0,0.0,1.0));
#3151 = LINE('',#27,(1.0,0.0,0.0));
#3152 = EDGE_CURVE('',#27,#471,#3151,.T.);
#3153 = ORIENTED_EDGE('',*,*,#3152,.T.);
#3154 = LINE('',#471,(1.0,0.0,0.0));
#3155 = EDGE_CURVE('',#471,#463,#3154,.T.);
#3156 = ORIENTED_EDGE('',*,*,#3155,.T.);
#3157 = LINE('',#463,(1.0,0.0,0.0));
#3158 = EDGE_CURVE('',#463,#25,#3157,.T.);
#3159 = ORIENTED_EDGE('',*,*,#3158,.T.);
#3160 = LINE('',#25,(1.0,0.0,0.0));
#3161 = EDGE_CURVE('',#25,#27,#3160,.T.);
#3162 = ORIENTED_EDGE('',*,*,#3161,.T.);
#3163 = EDGE_LOOP('',(#3153,#3156,#3159,#3162));
#3164 = FACE_OUTER_BOUND('',#3163,.T.);
#3165 = FACE_SURFACE('',(#3164),#3150,.T.);
#3166 = PLANE('',#7,(0.0,0.0,1.0));
#3167 = LINE('',#471,(1.0,0.0,0.0));
#3168 = EDGE_CURVE('',#471,#473,#3167,.T.);
#3169 = ORIENTED_EDGE('',*,*,#3168,.T.);
#3170 = LINE('',#473,(1.0,0.0,0.0));
#3171 = EDGE_CURVE('',#473,#465,#3170,.T.);
#3172 = ORIENTED_EDGE('',*,*,#3171,.T.);
#3173 = LINE('',#465,(1.0,0.0,0.0));
#3174 = EDGE_CURVE('',#465,#463,#3173,.T.);
#3175 = ORIENTED_EDGE('',*,*,#3174,.T.);
#3176 = LINE('',#463,(1.0,0.0,0.0));
#3177 = EDGE_CURVE('',#463,#471,#3176,.T.);
#3178 = ORIENTED_EDGE('',*,*,#3177,.T.);
#3179 = EDGE_LOOP('',(#3169,#3172,#3175,#3178));
#3180 = FACE_OUTER_BOUND('',#3179,.T.);
#3181 = FACE_SURFACE('',(#3180),#3166,.T.);
#3182 = PLANE('',#7,(0.0,0.0,1.0));
#3183 = LINE('',#473,(1.0,0.0,0.0));
#3184 = EDGE_CURVE('',#473,#451,#3183,.T.);
#3185 = ORIENTED_EDGE('',*,*,#3184,.T.);
#3186 = LINE('',#451,(1.0,0.0,0.0));
#3187 = EDGE_CURVE('',#451,#449,#3186,.T.);
#3188 = ORIENTED_EDGE('',*,*,#3187,.T.);
#3189 = LINE('',#449,(1.0,0.0,0.0));
#3190 = EDGE_CURVE('',#449,#465,#3189,.T.);
#3191 = ORIENTED_EDGE('',*,*,#3190,.T.);
#3192 = LINE('',#465,(1.0,0.0,0.0));
#3193 = EDGE_CURVE('',#465,#473,#3192,.T.);
#3194 = ORIENTED_EDGE('',*,*,#3193,.T.);
#3195 = EDGE_LOOP('',(#3185,#3188,#3191,#3194));
#3196 = FACE_OUTER_BOUND('',#3195,.T.);
#3197 = FACE_SURFACE('',(#3196),#3182,.T.);
#3198 = PLANE('',#7,(0.0,0.0,1.0));
#3199 = LINE('',#225,(1.0,0.0,0.0));
#3200 = EDGE_CURVE('',#225,#475,#3199,.T.);
#3201 = ORIENTED_EDGE('',*,*,#3200,.T.);
#3202 = LINE('',#475,(1.0,0.0,0.0));
#3203 = EDGE_CURVE('',#475,#29,#3202,.T.);
#3204 = ORIENTED_EDGE('',*,*,#3203,.T.);
#3205 = LINE('',#29,(1.0,0.0,0.0));
#3206 = EDGE_CURVE('',#29,#31,#3205,.T.);
#3207 = ORIENTED_EDGE('',*,*,#3206,.T.);
#3208 = LINE('',#31,(1.0,0.0,0.0));
#3209 = EDGE_CURVE('',#31,#225,#3208,.T.);
#3210 = ORIENTED_EDGE('',*,*,#3209,.T.);
#3211 = EDGE_LOOP('',(#3201,#3204,#3207,#3210));
#3212 = FACE_OUTER_BOUND('',#3211,.T.);
#3213 = FACE_SURFACE('',(#3212),#3198,.T.);
#3214 = PLANE('',#7,(0.0,0.0,1.0));
#3215 = LINE('',#475,(1.0,0.0,0.0));
#3216 = EDGE_CURVE('',#475,#471,#3215,.T.);
#3217 = ORIENTED_EDGE('',*,*,#3216,.T.);
#3218 = LINE('',#471,(1.0,0.0,0.0));
#3219 = EDGE_CURVE('',#471,#27,#3218,.T.);
#3220 = ORIENTED_EDGE('',*,*,#3219,.T.);
#3221 = LINE('',#27,(1.0,0.0,0.0));
#3222 = EDGE_CURVE('',#27,#29,#3221,.T.);
#3223 = ORIENTED_EDGE('',*,*,#3222,.T.);
#3224 = LINE('',#29,(1.0,0.0,0.0));
#3225 = EDGE_CURVE('',#29,#475,#3224,.T.);
#3226 = ORIENTED_EDGE('',*,*,#3225,.T.);
#3227 = EDGE_LOOP('',(#3217,#3220,#3223,#3226));
#3228 = FACE_OUTER_BOUND('',#3227,.T.);
#3229 = FACE_SURFACE('',(#3228),#3214,.T.);
#3230 = PLANE('',#7,(0.0,0.0,1.0));
#3231 = LINE('',#223,(1.0,0.0,0.0));
#3232 = EDGE_CURVE('',#223,#477,#3231,.T.);
#3233 = ORIENTED_EDGE('',*,*,#3232,.T.);
#3234 = LINE('',#477,(1.0,0.0,0.0));
#3235 = EDGE_CURVE('',#477,#475,#3234,.T.);
#3236 = ORIENTED_EDGE('',*,*,#3235,.T.);
#3237 = LINE('',#475,(1.0,0.0,0.0));
#3238 = EDGE_CURVE('',#475,#225,#3237,.T.);
#3239 = ORIENTED_EDGE('',*,*,#3238,.T.);
#3240 = LINE('',#225,(1.0,0.0,0.0));
#3241 = EDGE_CURVE('',#225,#223,#3240,.T.);
#3242 = ORIENTED_EDGE('',*,*,#3241,.T.);
#3243 = EDGE_LOOP('',(#3233,#3236,#3239,#3242));
#3244 = FACE_OUTER_BOUND('',#3243,.T.);
#3245 = FACE_SURFACE('',(#3244),#3230,.T.);
#3246 = PLANE('',#7,(0.0,0.0,1.0));
#3247 = LINE('',#477,(1.0,0.0,0.0));
#3248 = EDGE_CURVE('',#477,#473,#3247,.T.);
#3249 = ORIENTED_EDGE('',*,*,#3248,.T.);
#3250 = LINE('',#473,(1.0,0.0,0.0));
#3251 = EDGE_CURVE('',#473,#471,#3250,.T.);
#3252 = ORIENTED_EDGE('',*,*,#3251,.T.);
#3253 = LINE('',#471,(1.0,0.0,0.0));
#3254 = EDGE_CURVE('',#471,#475,#3253,.T.);
#3255 = ORIENTED_EDGE('',*,*,#3254,.T.);
#3256 = LINE('',#475,(1.0,0.0,0.0));
#3257 = EDGE_CURVE('',#475,#477,#3256,.T.);
#3258 = ORIENTED_EDGE('',*,*,#3257,.T.);
#3259 = EDGE_LOOP('',(#3249,#3252,#3255,#3258));
#3260 = FACE_OUTER_BOUND('',#3259,.T.);
#3261 = FACE_SURFACE('',(#3260),#3246,.T.);
#3262 = PLANE('',#7,(0.0,0.0,1.0));
#3263 = LINE('',#221,(1.0,0.0,0.0));
#3264 = EDGE_CURVE('',#221,#453,#3263,.T.);
#3265 = ORIENTED_EDGE('',*,*,#3264,.T.);
#3266 = LINE('',#453,(1.0,0.0,0.0));
#3267 = EDGE_CURVE('',#453,#477,#3266,.T.);
#3268 = ORIENTED_EDGE('',*,*,#3267,.T.);
#3269 = LINE('',#477,(1.0,0.0,0.0));
#3270 = EDGE_CURVE('',#477,#223,#3269,.T.);
#3271 = ORIENTED_EDGE('',*,*,#3270,.T.);
#3272 = LINE('',#223,(1.0,0.0,0.0));
#3273 = EDGE_CURVE('',#223,#221,#3272,.T.);
#3274 = ORIENTED_EDGE('',*,*,#3273,.T.);
#3275 = EDGE_LOOP('',(#3265,#3268,#3271,#3274));
#3276 = FACE_OUTER_BOUND('',#3275,.T.);
#3277 = FACE_SURFACE('',(#3276),#3262,.T.);
#3278 = PLANE('',#7,(0.0,0.0,1.0));
#3279 = LINE('',#453,(1.0,0.0,0.0));
#3280 = EDGE_CURVE('',#453,#451,#3279,.T.);
#3281 = ORIENTED_EDGE('',*,*,#3280,.T.);
#3282 = LINE('',#451,(1.0,0.0,0.0));
#3283 = EDGE_CURVE('',#451,#473,#3282,.T.);
#3284 = ORIENTED_EDGE('',*,*,#3283,.T.);
#3285 = LINE('',#473,(1.0,0.0,0.0));
#3286 = EDGE_CURVE('',#473,#477,#3285,.T.);
#3287 = ORIENTED_EDGE('',*,*,#3286,.T.);
#3288 = LINE('',#477,(1.0,0.0,0.0));
#3289 = EDGE_CURVE('',#477,#453,#3288,.T.);
#3290 = ORIENTED_EDGE('',*,*,#3289,.T.);
#3291 = EDGE_LOOP('',(#3281,#3284,#3287,#3290));
#3292 = FACE_OUTER_BOUND('',#3291,.T.);
#3293 = FACE_SURFACE('',(#3292),#3278,.T.);
#3294 = PLANE('',#7,(0.0,0.0,1.0));
#3295 = LINE('',#487,(1.0,0.0,0.0));
#3296 = EDGE_CURVE('',#487,#497,#3295,.T.);
#3297 = ORIENTED_EDGE('',*,*,#3296,.T.);
#3298 = LINE('',#497,(1.0,0.0,0.0));
#3299 = EDGE_CURVE('',#497,#153,#3298,.T.);
#3300 = ORIENTED_EDGE('',*,*,#3299,.T.);
#3301 = LINE('',#153,(1.0,0.0,0.0));
#3302 = EDGE_CURVE('',#153,#155,#3301,.T.);
#3303 = ORIENTED_EDGE('',*,*,#3302,.T.);
#3304 = LINE('',#155,(1.0,0.0,0.0));
#3305 = EDGE_CURVE('',#155,#487,#3304,.T.);
#3306 = ORIENTED_EDGE('',*,*,#3305,.T.);
#3307 = EDGE_LOOP('',(#3297,#3300,#3303,#3306));
#3308 = FACE_OUTER_BOUND('',#3307,.T.);
#3309 = FACE_SURFACE('',(#3308),#3294,.T.);
#3310 = PLANE('',#7,(0.0,0.0,1.0));
#3311 = LINE('',#497,(1.0,0.0,0.0));
#3312 = EDGE_CURVE('',#497,#207,#3311,.T.);
#3313 = ORIENTED_EDGE('',*,*,#3312,.T.);
#3314 = LINE('',#207,(1.0,0.0,0.0));
#3315 = EDGE_CURVE('',#207,#151,#3314,.T.);
#3316 = ORIENTED_EDGE('',*,*,#3315,.T.);
#3317 = LINE('',#151,(1.0,0.0,0.0));
#3318 = EDGE_CURVE('',#151,#153,#3317,.T.);
#3319 = ORIENTED_EDGE('',*,*,#3318,.T.);
#3320 = LINE('',#153,(1.0,0.0,0.0));
#3321 = EDGE_CURVE('',#153,#497,#3320,.T.);
#3322 = ORIENTED_EDGE('',*,*,#3321,.T.);
#3323 = EDGE_LOOP('',(#3313,#3316,#3319,#3322));
#3324 = FACE_OUTER_BOUND('',#3323,.T.);
#3325 = FACE_SURFACE('',(#3324),#3310,.T.);
#3326 = PLANE('',#7,(0.0,0.0,1.0));
#3327 = LINE('',#489,(1.0,0.0,0.0));
#3328 = EDGE_CURVE('',#489,#495,#3327,.T.);
#3329 = ORIENTED_EDGE('',*,*,#3328,.T.);
#3330 = LINE('',#495,(1.0,0.0,0.0));
#3331 = EDGE_CURVE('',#495,#497,#3330,.T.);
#3332 = ORIENTED_EDGE('',*,*,#3331,.T.);
#3333 = LINE('',#497,(1.0,0.0,0.0));
#3334 = EDGE_CURVE('',#497,#487,#3333,.T.);
#3335 = ORIENTED_EDGE('',*,*,#3334,.T.);
#3336 = LINE('',#487,(1.0,0.0,0.0));
#3337 = EDGE_CURVE('',#487,#489,#3336,.T.);
#3338 = ORIENTED_EDGE('',*,*,#3337,.T.);
#3339 = EDGE_LOOP('',(#3329,#3332,#3335,#3338));
#3340 = FACE_OUTER_BOUND('',#3339,.T.);
#3341 = FACE_SURFACE('',(#3340),#3326,.T.);
#3342 = PLANE('',#7,(0.0,0.0,1.0));
#3343 = LINE('',#495,(1.0,0.0,0.0));
#3344 = EDGE_CURVE('',#495,#205,#3343,.T.);
#3345 = ORIENTED_EDGE('',*,*,#3344,.T.);
#3346 = LINE('',#205,(1.0,0.0,0.0));
#3347 = EDGE_CURVE('',#205,#207,#3346,.T.);
#3348 = ORIENTED_EDGE('',*,*,#3347,.T.);
#3349 = LINE('',#207,(1.0,0.0,0.0));
#3350 = EDGE_CURVE('',#207,#497,#3349,.T.);
#3351 = ORIENTED_EDGE('',*,*,#3350,.T.);
#3352 = LINE('',#497,(1.0,0.0,0.0));
#3353 = EDGE_CURVE('',#497,#495,#3352,.T.);
#3354 = ORIENTED_EDGE('',*,*,#3353,.T.);
#3355 = EDGE_LOOP('',(#3345,#3348,#3351,#3354));
#3356 = FACE_OUTER_BOUND('',#3355,.T.);
#3357 = FACE_SURFACE('',(#3356),#3342,.T.);
#3358 = PLANE('',#7,(0.0,0.0,1.0));
#3359 = LINE('',#491,(1.0,0.0,0.0));
#3360 = EDGE_CURVE('',#491,#499,#3359,.T.);
#3361 = ORIENTED_EDGE('',*,*,#3360,.T.);
#3362 = LINE('',#499,(1.0,0.0,0.0));
#3363 = EDGE_CURVE('',#499,#495,#3362,.T.);
#3364 = ORIENTED_EDGE('',*,*,#3363,.T.);
#3365 = LINE('',#495,(1.0,0.0,0.0));
#3366 = EDGE_CURVE('',#495,#489,#3365,.T.);
#3367 = ORIENTED_EDGE('',*,*,#3366,.T.);
#3368 = LINE('',#489,(1.0,0.0,0.0));
#3369 = EDGE_CURVE('',#489,#491,#3368,.T.);
#3370 = ORIENTED_EDGE('',*,*,#3369,.T.);
#3371 = EDGE_LOOP('',(#3361,#3364,#3367,#3370));
#3372 = FACE_OUTER_BOUND('',#3371,.T.);
#3373 = FACE_SURFACE('',(#3372),#3358,.T.);
#3374 = PLANE('',#7,(0.0,0.0,1.0));
#3375 = LINE('',#499,(1.0,0.0,0.0));
#3376 = EDGE_CURVE('',#499,#203,#3375,.T.);
#3377 = ORIENTED_EDGE('',*,*,#3376,.T.);
#3378 = LINE('',#203,(1.0,0.0,0.0));
#3379 = EDGE_CURVE('',#203,#205,#3378,.T.);
#3380 = ORIENTED_EDGE('',*,*,#3379,.T.);
#3381 = LINE('',#205,(1.0,0.0,0.0));
#3382 = EDGE_CURVE('',#205,#495,#3381,.T.);
#3383 = ORIENTED_EDGE('',*,*,#3382,.T.);
#3384 = LINE('',#495,(1.0,0.0,0.0));
#3385 = EDGE_CURVE('',#495,#499,#3384,.T.);
#3386 = ORIENTED_EDGE('',*,*,#3385,.T.);
#3387 = EDGE_LOOP('',(#3377,#3380,#3383,#3386));
#3388 = FACE_OUTER_BOUND('',#3387,.T.);
#3389 = FACE_SURFACE('',(#3388),#3374,.T.);
#3390 = PLANE('',#7,(0.0,0.0,1.0));
#3391 = LINE('',#493,(1.0,0.0,0.0));
#3392 = EDGE_CURVE('',#493,#501,#3391,.T.);
#3393 = ORIENTED_EDGE('',*,*,#3392,.T.);
#3394 = LINE('',#501,(1.0,0.0,0.0));
#3395 = EDGE_CURVE('',#501,#499,#3394,.T.);
#3396 = ORIENTED_EDGE('',*,*,#3395,.T.);
#3397 = LINE('',#499,(1.0,0.0,0.0));
#3398 = EDGE_CURVE('',#499,#491,#3397,.T.);
#3399 = ORIENTED_EDGE('',*,*,#3398,.T.);
#3400 = LINE('',#491,(1.0,0.0,0.0));
#3401 = EDGE_CURVE('',#491,#493,#3400,.T.);
#3402 = ORIENTED_EDGE('',*,*,#3401,.T.);
#3403 = EDGE_LOOP('',(#3393,#3396,#3399,#3402));
#3404 = FACE_OUTER_BOUND('',#3403,.T.);
#3405 = FACE_SURFACE('',(#3404),#3390,.T.);
#3406 = PLANE('',#7,(0.0,0.0,1.0));
#3407 = LINE('',#501,(1.0,0.0,0.0));
#3408 = EDGE_CURVE('',#501,#201,#3407,.T.);
#3409 = ORIENTED_EDGE('',*,*,#3408,.T.);
#3410 = LINE('',#201,(1.0,0.0,0.0));
#3411 = EDGE_CURVE('',#201,#203,#3410,.T.);
#3412 = ORIENTED_EDGE('',*,*,#3411,.T.);
#3413 = LINE('',#203,(1.0,0.0,0.0));
#3414 = EDGE_CURVE('',#203,#499,#3413,.T.);
#3415 = ORIENTED_EDGE('',*,*,#3414,.T.);
#3416 = LINE('',#499,(1.0,0.0,0.0));
#3417 = EDGE_CURVE('',#499,#501,#3416,.T.);
#3418 = ORIENTED_EDGE('',*,*,#3417,.T.);
#3419 = EDGE_LOOP('',(#3409,#3412,#3415,#3418));
#3420 = FACE_OUTER_BOUND('',#3419,.T.);
#3421 = FACE_SURFACE('',(#3420),#3406,.T.);
#3422 = PLANE('',#7,(0.0,0.0,1.0));
#3423 = LINE('',#391,(1.0,0.0,0.0));
#3424 = EDGE_CURVE('',#391,#389,#3423,.T.);
#3425 = ORIENTED_EDGE('',*,*,#3424,.T.);
#3426 = LINE('',#389,(1.0,0.0,0.0));
#3427 = EDGE_CURVE('',#389,#501,#3426,.T.);
#3428 = ORIENTED_EDGE('',*,*,#3427,.T.);
#3429 = LINE('',#501,(1.0,0.0,0.0));
#3430 = EDGE_CURVE('',#501,#493,#3429,.T.);
#3431 = ORIENTED_EDGE('',*,*,#3430,.T.);
#3432 = LINE('',#493,(1.0,0.0,0.0));
#3433 = EDGE_CURVE('',#493,#391,#3432,.T.);
#3434 = ORIENTED_EDGE('',*,*,#3433,.T.);
#3435 = EDGE_LOOP('',(#3425,#3428,#3431,#3434));
#3436 = FACE_OUTER_BOUND('',#3435,.T.);
#3437 = FACE_SURFACE('',(#3436),#3422,.T.);
#3438 = PLANE('',#7,(0.0,0.0,1.0));
#3439 = LINE('',#389,(1.0,0.0,0.0));
#3440 = EDGE_CURVE('',#389,#199,#3439,.T.);
#3441 = ORIENTED_EDGE('',*,*,#3440,.T.);
#3442 = LINE('',#199,(1.0,0.0,0.0));
#3443 = EDGE_CURVE('',#199,#201,#3442,.T.);
#3444 = ORIENTED_EDGE('',*,*,#3443,.T.);
#3445 = LINE('',#201,(1.0,0.0,0.0));
#3446 = EDGE_CURVE('',#201,#501,#3445,.T.);
#3447 = ORIENTED_EDGE('',*,*,#3446,.T.);
#3448 = LINE('',#501,(1.0,0.0,0.0));
#3449 = EDGE_CURVE('',#501,#389,#3448,.T.);
#3450 = ORIENTED_EDGE('',*,*,#3449,.T.);
#3451 = EDGE_LOOP('',(#3441,#3444,#3447,#3450));
#3452 = FACE_OUTER_BOUND('',#3451,.T.);
#3453 = FACE_SURFACE('',(#3452),#3438,.T.);
#3454 = PLANE('',#7,(0.0,0.0,1.0));
#3455 = LINE('',#503,(1.0,0.0,0.0));
#3456 = EDGE_CURVE('',#503,#507,#3455,.T.);
#3457 = ORIENTED_EDGE('',*,*,#3456,.T.);
#3458 = LINE('',#507,(1.0,0.0,0.0));
#3459 = EDGE_CURVE('',#507,#479,#3458,.T.);
#3460 = ORIENTED_EDGE('',*,*,#3459,.T.);
#3461 = LINE('',#479,(1.0,0.0,0.0));
#3462 = EDGE_CURVE('',#479,#481,#3461,.T.);
#3463 = ORIENTED_EDGE('',*,*,#3462,.T.);
#3464 = LINE('',#481,(1.0,0.0,0.0));
#3465 = EDGE_CURVE('',#481,#503,#3464,.T.);
#3466 = ORIENTED_EDGE('',*,*,#3465,.T.);
#3467 = EDGE_LOOP('',(#3457,#3460,#3463,#3466));
#3468 = FACE_OUTER_BOUND('',#3467,.T.);
#3469 = FACE_SURFACE('',(#3468),#3454,.T.);
#3470 = PLANE('',#7,(0.0,0.0,1.0));
#3471 = LINE('',#507,(1.0,0.0,0.0));
#3472 = EDGE_CURVE('',#507,#159,#3471,.T.);
#3473 = ORIENTED_EDGE('',*,*,#3472,.T.);
#3474 = LINE('',#159,(1.0,0.0,0.0));
#3475 = EDGE_CURVE('',#159,#161,#3474,.T.);
#3476 = ORIENTED_EDGE('',*,*,#3475,.T.);
#3477 = LINE('',#161,(1.0,0.0,0.0));
#3478 = EDGE_CURVE('',#161,#479,#3477,.T.);
#3479 = ORIENTED_EDGE('',*,*,#3478,.T.);
#3480 = LINE('',#479,(1.0,0.0,0.0));
#3481 = EDGE_CURVE('',#479,#507,#3480,.T.);
#3482 = ORIENTED_EDGE('',*,*,#3481,.T.);
#3483 = EDGE_LOOP('',(#3473,#3476,#3479,#3482));
#3484 = FACE_OUTER_BOUND('',#3483,.T.);
#3485 = FACE_SURFACE('',(#3484),#3470,.T.);
#3486 = PLANE('',#7,(0.0,0.0,1.0));
#3487 = LINE('',#505,(1.0,0.0,0.0));
#3488 = EDGE_CURVE('',#505,#509,#3487,.T.);
#3489 = ORIENTED_EDGE('',*,*,#3488,.T.);
#3490 = LINE('',#509,(1.0,0.0,0.0));
#3491 = EDGE_CURVE('',#509,#507,#3490,.T.);
#3492 = ORIENTED_EDGE('',*,*,#3491,.T.);
#3493 = LINE('',#507,(1.0,0.0,0.0));
#3494 = EDGE_CURVE('',#507,#503,#3493,.T.);
#3495 = ORIENTED_EDGE('',*,*,#3494,.T.);
#3496 = LINE('',#503,(1.0,0.0,0.0));
#3497 = EDGE_CURVE('',#503,#505,#3496,.T.);
#3498 = ORIENTED_EDGE('',*,*,#3497,.T.);
#3499 = EDGE_LOOP('',(#3489,#3492,#3495,#3498));
#3500 = FACE_OUTER_BOUND('',#3499,.T.);
#3501 = FACE_SURFACE('',(#3500),#3486,.T.);
#3502 = PLANE('',#7,(0.0,0.0,1.0));
#3503 = LINE('',#509,(1.0,0.0,0.0));
#3504 = EDGE_CURVE('',#509,#157,#3503,.T.);
#3505 = ORIENTED_EDGE('',*,*,#3504,.T.);
#3506 = LINE('',#157,(1.0,0.0,0.0));
#3507 = EDGE_CURVE('',#157,#159,#3506,.T.);
#3508 = ORIENTED_EDGE('',*,*,#3507,.T.);
#3509 = LINE('',#159,(1.0,0.0,0.0));
#3510 = EDGE_CURVE('',#159,#507,#3509,.T.);
#3511 = ORIENTED_EDGE('',*,*,#3510,.T.);
#3512 = LINE('',#507,(1.0,0.0,0.0));
#3513 = EDGE_CURVE('',#507,#509,#3512,.T.);
#3514 = ORIENTED_EDGE('',*,*,#3513,.T.);
#3515 = EDGE_LOOP('',(#3505,#3508,#3511,#3514));
#3516 = FACE_OUTER_BOUND('',#3515,.T.);
#3517 = FACE_SURFACE('',(#3516),#3502,.T.);
#3518 = PLANE('',#7,(0.0,0.0,1.0));
#3519 = LINE('',#489,(1.0,0.0,0.0));
#3520 = EDGE_CURVE('',#489,#487,#3519,.T.);
#3521 = ORIENTED_EDGE('',*,*,#3520,.T.);
#3522 = LINE('',#487,(1.0,0.0,0.0));
#3523 = EDGE_CURVE('',#487,#509,#3522,.T.);
#3524 = ORIENTED_EDGE('',*,*,#3523,.T.);
#3525 = LINE('',#509,(1.0,0.0,0.0));
#3526 = EDGE_CURVE('',#509,#505,#3525,.T.);
#3527 = ORIENTED_EDGE('',*,*,#3526,.T.);
#3528 = LINE('',#505,(1.0,0.0,0.0));
#3529 = EDGE_CURVE('',#505,#489,#3528,.T.);
#3530 = ORIENTED_EDGE('',*,*,#3529,.T.);
#3531 = EDGE_LOOP('',(#3521,#3524,#3527,#3530));
#3532 = FACE_OUTER_BOUND('',#3531,.T.);
#3533 = FACE_SURFACE('',(#3532),#3518,.T.);
#3534 = PLANE('',#7,(0.0,0.0,1.0));
#3535 = LINE('',#487,(1.0,0.0,0.0));
#3536 = EDGE_CURVE('',#487,#155,#3535,.T.);
#3537 = ORIENTED_EDGE('',*,*,#3536,.T.);
#3538 = LINE('',#155,(1.0,0.0,0.0));
#3539 = EDGE_CURVE('',#155,#157,#3538,.T.);
#3540 = ORIENTED_EDGE('',*,*,#3539,.T.);
#3541 = LINE('',#157,(1.0,0.0,0.0));
#3542 = EDGE_CURVE('',#157,#509,#3541,.T.);
#3543 = ORIENTED_EDGE('',*,*,#3542,.T.);
#3544 = LINE('',#509,(1.0,0.0,0.0));
#3545 = EDGE_CURVE('',#509,#487,#3544,.T.);
#3546 = ORIENTED_EDGE('',*,*,#3545,.T.);
#3547 = EDGE_LOOP('',(#3537,#3540,#3543,#3546));
#3548 = FACE_OUTER_BOUND('',#3547,.T.);
#3549 = FACE_SURFACE('',(#3548),#3534,.T.);
#3550 = PLANE('',#7,(0.0,0.0,1.0));
#3551 = LINE('',#483,(1.0,0.0,0.0));
#3552 = EDGE_CURVE('',#483,#511,#3551,.T.);
#3553 = ORIENTED_EDGE('',*,*,#3552,.T.);
#3554 = LINE('',#511,(1.0,0.0,0.0));
#3555 = EDGE_CURVE('',#511,#503,#3554,.T.);
#3556 = ORIENTED_EDGE('',*,*,#3555,.T.);
#3557 = LINE('',#503,(1.0,0.0,0.0));
#3558 = EDGE_CURVE('',#503,#481,#3557,.T.);
#3559 = ORIENTED_EDGE('',*,*,#3558,.T.);
#3560 = LINE('',#481,(1.0,0.0,0.0));
#3561 = EDGE_CURVE('',#481,#483,#3560,.T.);
#3562 = ORIENTED_EDGE('',*,*,#3561,.T.);
#3563 = EDGE_LOOP('',(#3553,#3556,#3559,#3562));
#3564 = FACE_OUTER_BOUND('',#3563,.T.);
#3565 = FACE_SURFACE('',(#3564),#3550,.T.);
#3566 = PLANE('',#7,(0.0,0.0,1.0));
#3567 = LINE('',#511,(1.0,0.0,0.0));
#3568 = EDGE_CURVE('',#511,#513,#3567,.T.);
#3569 = ORIENTED_EDGE('',*,*,#3568,.T.);
#3570 = LINE('',#513,(1.0,0.0,0.0));
#3571 = EDGE_CURVE('',#513,#505,#3570,.T.);
#3572 = ORIENTED_EDGE('',*,*,#3571,.T.);
#3573 = LINE('',#505,(1.0,0.0,0.0));
#3574 = EDGE_CURVE('',#505,#503,#3573,.T.);
#3575 = ORIENTED_EDGE('',*,*,#3574,.T.);
#3576 = LINE('',#503,(1.0,0.0,0.0));
#3577 = EDGE_CURVE('',#503,#511,#3576,.T.);
#3578 = ORIENTED_EDGE('',*,*,#3577,.T.);
#3579 = EDGE_LOOP('',(#3569,#3572,#3575,#3578));
#3580 = FACE_OUTER_BOUND('',#3579,.T.);
#3581 = FACE_SURFACE('',(#3580),#3566,.T.);
#3582 = PLANE('',#7,(0.0,0.0,1.0));
#3583 = LINE('',#513,(1.0,0.0,0.0));
#3584 = EDGE_CURVE('',#513,#491,#3583,.T.);
#3585 = ORIENTED_EDGE('',*,*,#3584,.T.);
#3586 = LINE('',#491,(1.0,0.0,0.0));
#3587 = EDGE_CURVE('',#491,#489,#3586,.T.);
#3588 = ORIENTED_EDGE('',*,*,#3587,.T.);
#3589 = LINE('',#489,(1.0,0.0,0.0));
#3590 = EDGE_CURVE('',#489,#505,#3589,.T.);
#3591 = ORIENTED_EDGE('',*,*,#3590,.T.);
#3592 = LINE('',#505,(1.0,0.0,0.0));
#3593 = EDGE_CURVE('',#505,#513,#3592,.T.);
#3594 = ORIENTED_EDGE('',*,*,#3593,.T.);
#3595 = EDGE_LOOP('',(#3585,#3588,#3591,#3594));
#3596 = FACE_OUTER_BOUND('',#3595,.T.);
#3597 = FACE_SURFACE('',(#3596),#3582,.T.);
#3598 = PLANE('',#7,(0.0,0.0,1.0));
#3599 = LINE('',#395,(1.0,0.0,0.0));
#3600 = EDGE_CURVE('',#395,#515,#3599,.T.);
#3601 = ORIENTED_EDGE('',*,*,#3600,.T.);
#3602 = LINE('',#515,(1.0,0.0,0.0));
#3603 = EDGE_CURVE('',#515,#485,#3602,.T.);
#3604 = ORIENTED_EDGE('',*,*,#3603,.T.);
#3605 = LINE('',#485,(1.0,0.0,0.0));
#3606 = EDGE_CURVE('',#485,#397,#3605,.T.);
#3607 = ORIENTED_EDGE('',*,*,#3606,.T.);
#3608 = LINE('',#397,(1.0,0.0,0.0));
#3609 = EDGE_CURVE('',#397,#395,#3608,.T.);
#3610 = ORIENTED_EDGE('',*,*,#3609,.T.);
#3611 = EDGE_LOOP('',(#3601,#3604,#3607,#3610));
#3612 = FACE_OUTER_BOUND('',#3611,.T.);
#3613 = FACE_SURFACE('',(#3612),#3598,.T.);
#3614 = PLANE('',#7,(0.0,0.0,1.0));
#3615 = LINE('',#515,(1.0,0.0,0.0));
#3616 = EDGE_CURVE('',#515,#511,#3615,.T.);
#3617 = ORIENTED_EDGE('',*,*,#3616,.T.);
#3618 = LINE('',#511,(1.0,0.0,0.0));
#3619 = EDGE_CURVE('',#511,#483,#3618,.T.);
#3620 = ORIENTED_EDGE('',*,*,#3619,.T.);
#3621 = LINE('',#483,(1.0,0.0,0.0));
#3622 = EDGE_CURVE('',#483,#485,#3621,.T.);
#3623 = ORIENTED_EDGE('',*,*,#3622,.T.);
#3624 = LINE('',#485,(1.0,0.0,0.0));
#3625 = EDGE_CURVE('',#485,#515,#3624,.T.);
#3626 = ORIENTED_EDGE('',*,*,#3625,.T.);
#3627 = EDGE_LOOP('',(#3617,#3620,#3623,#3626));
#3628 = FACE_OUTER_BOUND('',#3627,.T.);
#3629 = FACE_SURFACE('',(#3628),#3614,.T.);
#3630 = PLANE('',#7,(0.0,0.0,1.0));
#3631 = LINE('',#393,(1.0,0.0,0.0));
#3632 = EDGE_CURVE('',#393,#517,#3631,.T.);
#3633 = ORIENTED_EDGE('',*,*,#3632,.T.);
#3634 = LINE('',#517,(1.0,0.0,0.0));
#3635 = EDGE_CURVE('',#517,#515,#3634,.T.);
#3636 = ORIENTED_EDGE('',*,*,#3635,.T.);
#3637 = LINE('',#515,(1.0,0.0,0.0));
#3638 = EDGE_CURVE('',#515,#395,#3637,.T.);
#3639 = ORIENTED_EDGE('',*,*,#3638,.T.);
#3640 = LINE('',#395,(1.0,0.0,0.0));
#3641 = EDGE_CURVE('',#395,#393,#3640,.T.);
#3642 = ORIENTED_EDGE('',*,*,#3641,.T.);
#3643 = EDGE_LOOP('',(#3633,#3636,#3639,#3642));
#3644 = FACE_OUTER_BOUND('',#3643,.T.);
#3645 = FACE_SURFACE('',(#3644),#3630,.T.);
#3646 = PLANE('',#7,(0.0,0.0,1.0));
#3647 = LINE('',#517,(1.0,0.0,0.0));
#3648 = EDGE_CURVE('',#517,#513,#3647,.T.);
#3649 = ORIENTED_EDGE('',*,*,#3648,.T.);
#3650 = LINE('',#513,(1.0,0.0,0.0));
#3651 = EDGE_CURVE('',#513,#511,#3650,.T.);
#3652 = ORIENTED_EDGE('',*,*,#3651,.T.);
#3653 = LINE('',#511,(1.0,0.0,0.0));
#3654 = EDGE_CURVE('',#511,#515,#3653,.T.);
#3655 = ORIENTED_EDGE('',*,*,#3654,.T.);
#3656 = LINE('',#515,(1.0,0.0,0.0));
#3657 = EDGE_CURVE('',#515,#517,#3656,.T.);
#3658 = ORIENTED_EDGE('',*,*,#3657,.T.);
#3659 = EDGE_LOOP('',(#3649,#3652,#3655,#3658));
#3660 = FACE_OUTER_BOUND('',#3659,.T.);
#3661 = FACE_SURFACE('',(#3660),#3646,.T.);
#3662 = PLANE('',#7,(0.0,0.0,1.0));
#3663 = LINE('',#391,(1.0,0.0,0.0));
#3664 = EDGE_CURVE('',#391,#493,#3663,.T.);
#3665 = ORIENTED_EDGE('',*,*,#3664,.T.);
#3666 = LINE('',#493,(1.0,0.0,0.0));
#3667 = EDGE_CURVE('',#493,#517,#3666,.T.);
#3668 = ORIENTED_EDGE('',*,*,#3667,.T.);
#3669 = LINE('',#517,(1.0,0.0,0.0));
#3670 = EDGE_CURVE('',#517,#393,#3669,.T.);
#3671 = ORIENTED_EDGE('',*,*,#3670,.T.);
#3672 = LINE('',#393,(1.0,0.0,0.0));
#3673 = EDGE_CURVE('',#393,#391,#3672,.T.);
#3674 = ORIENTED_EDGE('',*,*,#3673,.T.);
#3675 = EDGE_LOOP('',(#3665,#3668,#3671,#3674));
#3676 = FACE_OUTER_BOUND('',#3675,.T.);
#3677 = FACE_SURFACE('',(#3676),#3662,.T.);
#3678 = PLANE('',#7,(0.0,0.0,1.0));
#3679 = LINE('',#493,(1.0,0.0,0.0));
#3680 = EDGE_CURVE('',#493,#491,#3679,.T.);
#3681 = ORIENTED_EDGE('',*,*,#3680,.T.);
#3682 = LINE('',#491,(1.0,0.0,0.0));
#3683 = EDGE_CURVE('',#491,#513,#3682,.T.);
#3684 = ORIENTED_EDGE('',*,*,#3683,.T.);
#3685 = LINE('',#513,(1.0,0.0,0.0));
#3686 = EDGE_CURVE('',#513,#517,#3685,.T.);
#3687 = ORIENTED_EDGE('',*,*,#3686,.T.);
#3688 = LINE('',#517,(1.0,0.0,0.0));
#3689 = EDGE_CURVE('',#517,#493,#3688,.T.);
#3690 = ORIENTED_EDGE('',*,*,#3689,.T.);
#3691 = EDGE_LOOP('',(#3681,#3684,#3687,#3690));
#3692 = FACE_OUTER_BOUND('',#3691,.T.);
#3693 = FACE_SURFACE('',(#3692),#3678,.T.);
#3694 = PLANE('',#7,(0.0,0.0,1.0));
#3695 = LINE('',#519,(1.0,0.0,0.0));
#3696 = EDGE_CURVE('',#519,#529,#3695,.T.);
#3697 = ORIENTED_EDGE('',*,*,#3696,.T.);
#3698 = LINE('',#529,(1.0,0.0,0.0));
#3699 = EDGE_CURVE('',#529,#163,#3698,.T.);
#3700 = ORIENTED_EDGE('',*,*,#3699,.T.);
#3701 = LINE('',#163,(1.0,0.0,0.0));
#3702 = EDGE_CURVE('',#163,#165,#3701,.T.);
#3703 = ORIENTED_EDGE('',*,*,#3702,.T.);
#3704 = LINE('',#165,(1.0,0.0,0.0));
#3705 = EDGE_CURVE('',#165,#519,#3704,.T.);
#3706 = ORIENTED_EDGE('',*,*,#3705,.T.);
#3707 = EDGE_LOOP('',(#3697,#3700,#3703,#3706));
#3708 = FACE_OUTER_BOUND('',#3707,.T.);
#3709 = FACE_SURFACE('',(#3708),#3694,.T.);
#3710 = PLANE('',#7,(0.0,0.0,1.0));
#3711 = LINE('',#529,(1.0,0.0,0.0));
#3712 = EDGE_CURVE('',#529,#479,#3711,.T.);
#3713 = ORIENTED_EDGE('',*,*,#3712,.T.);
#3714 = LINE('',#479,(1.0,0.0,0.0));
#3715 = EDGE_CURVE('',#479,#161,#3714,.T.);
#3716 = ORIENTED_EDGE('',*,*,#3715,.T.);
#3717 = LINE('',#161,(1.0,0.0,0.0));
#3718 = EDGE_CURVE('',#161,#163,#3717,.T.);
#3719 = ORIENTED_EDGE('',*,*,#3718,.T.);
#3720 = LINE('',#163,(1.0,0.0,0.0));
#3721 = EDGE_CURVE('',#163,#529,#3720,.T.);
#3722 = ORIENTED_EDGE('',*,*,#3721,.T.);
#3723 = EDGE_LOOP('',(#3713,#3716,#3719,#3722));
#3724 = FACE_OUTER_BOUND('',#3723,.T.);
#3725 = FACE_SURFACE('',(#3724),#3710,.T.);
#3726 = PLANE('',#7,(0.0,0.0,1.0));
#3727 = LINE('',#521,(1.0,0.0,0.0));
#3728 = EDGE_CURVE('',#521,#527,#3727,.T.);
#3729 = ORIENTED_EDGE('',*,*,#3728,.T.);
#3730 = LINE('',#527,(1.0,0.0,0.0));
#3731 = EDGE_CURVE('',#527,#529,#3730,.T.);
#3732 = ORIENTED_EDGE('',*,*,#3731,.T.);
#3733 = LINE('',#529,(1.0,0.0,0.0));
#3734 = EDGE_CURVE('',#529,#519,#3733,.T.);
#3735 = ORIENTED_EDGE('',*,*,#3734,.T.);
#3736 = LINE('',#519,(1.0,0.0,0.0));
#3737 = EDGE_CURVE('',#519,#521,#3736,.T.);
#3738 = ORIENTED_EDGE('',*,*,#3737,.T.);
#3739 = EDGE_LOOP('',(#3729,#3732,#3735,#3738));
#3740 = FACE_OUTER_BOUND('',#3739,.T.);
#3741 = FACE_SURFACE('',(#3740),#3726,.T.);
#3742 = PLANE('',#7,(0.0,0.0,1.0));
#3743 = LINE('',#527,(1.0,0.0,0.0));
#3744 = EDGE_CURVE('',#527,#481,#3743,.T.);
#3745 = ORIENTED_EDGE('',*,*,#3744,.T.);
#3746 = LINE('',#481,(1.0,0.0,0.0));
#3747 = EDGE_CURVE('',#481,#479,#3746,.T.);
#3748 = ORIENTED_EDGE('',*,*,#3747,.T.);
#3749 = LINE('',#479,(1.0,0.0,0.0));
#3750 = EDGE_CURVE('',#479,#529,#3749,.T.);
#3751 = ORIENTED_EDGE('',*,*,#3750,.T.);
#3752 = LINE('',#529,(1.0,0.0,0.0));
#3753 = EDGE_CURVE('',#529,#527,#3752,.T.);
#3754 = ORIENTED_EDGE('',*,*,#3753,.T.);
#3755 = EDGE_LOOP('',(#3745,#3748,#3751,#3754));
#3756 = FACE_OUTER_BOUND('',#3755,.T.);
#3757 = FACE_SURFACE('',(#3756),#3742,.T.);
#3758 = PLANE('',#7,(0.0,0.0,1.0));
#3759 = LINE('',#523,(1.0,0.0,0.0));
#3760 = EDGE_CURVE('',#523,#531,#3759,.T.);
#3761 = ORIENTED_EDGE('',*,*,#3760,.T.);
#3762 = LINE('',#531,(1.0,0.0,0.0));
#3763 = EDGE_CURVE('',#531,#527,#3762,.T.);
#3764 = ORIENTED_EDGE('',*,*,#3763,.T.);
#3765 = LINE('',#527,(1.0,0.0,0.0));
#3766 = EDGE_CURVE('',#527,#521,#3765,.T.);
#3767 = ORIENTED_EDGE('',*,*,#3766,.T.);
#3768 = LINE('',#521,(1.0,0.0,0.0));
#3769 = EDGE_CURVE('',#521,#523,#3768,.T.);
#3770 = ORIENTED_EDGE('',*,*,#3769,.T.);
#3771 = EDGE_LOOP('',(#3761,#3764,#3767,#3770));
#3772 = FACE_OUTER_BOUND('',#3771,.T.);
#3773 = FACE_SURFACE('',(#3772),#3758,.T.);
#3774 = PLANE('',#7,(0.0,0.0,1.0));
#3775 = LINE('',#531,(1.0,0.0,0.0));
#3776 = EDGE_CURVE('',#531,#483,#3775,.T.);
#3777 = ORIENTED_EDGE('',*,*,#3776,.T.);
#3778 = LINE('',#483,(1.0,0.0,0.0));
#3779 = EDGE_CURVE('',#483,#481,#3778,.T.);
#3780 = ORIENTED_EDGE('',*,*,#3779,.T.);
#3781 = LINE('',#481,(1.0,0.0,0.0));
#3782 = EDGE_CURVE('',#481,#527,#3781,.T.);
#3783 = ORIENTED_EDGE('',*,*,#3782,.T.);
#3784 = LINE('',#527,(1.0,0.0,0.0));
#3785 = EDGE_CURVE('',#527,#531,#3784,.T.);
#3786 = ORIENTED_EDGE('',*,*,#3785,.T.);
#3787 = EDGE_LOOP('',(#3777,#3780,#3783,#3786));
#3788 = FACE_OUTER_BOUND('',#3787,.T.);
#3789 = FACE_SURFACE('',(#3788),#3774,.T.);
#3790 = PLANE('',#7,(0.0,0.0,1.0));
#3791 = LINE('',#525,(1.0,0.0,0.0));
#3792 = EDGE_CURVE('',#525,#533,#3791,.T.);
#3793 = ORIENTED_EDGE('',*,*,#3792,.T.);
#3794 = LINE('',#533,(1.0,0.0,0.0));
#3795 = EDGE_CURVE('',#533,#531,#3794,.T.);
#3796 = ORIENTED_EDGE('',*,*,#3795,.T.);
#3797 = LINE('',#531,(1.0,0.0,0.0));
#3798 = EDGE_CURVE('',#531,#523,#3797,.T.);
#3799 = ORIENTED_EDGE('',*,*,#3798,.T.);
#3800 = LINE('',#523,(1.0,0.0,0.0));
#3801 = EDGE_CURVE('',#523,#525,#3800,.T.);
#3802 = ORIENTED_EDGE('',*,*,#3801,.T.);
#3803 = EDGE_LOOP('',(#3793,#3796,#3799,#3802));
#3804 = FACE_OUTER_BOUND('',#3803,.T.);
#3805 = FACE_SURFACE('',(#3804),#3790,.T.);
#3806 = PLANE('',#7,(0.0,0.0,1.0));
#3807 = LINE('',#533,(1.0,0.0,0.0));
#3808 = EDGE_CURVE('',#533,#485,#3807,.T.);
#3809 = ORIENTED_EDGE('',*,*,#3808,.T.);
#3810 = LINE('',#485,(1.0,0.0,0.0));
#3811 = EDGE_CURVE('',#485,#483,#3810,.T.);
#3812 = ORIENTED_EDGE('',*,*,#3811,.T.);
#3813 = LINE('',#483,(1.0,0.0,0.0));
#3814 = EDGE_CURVE('',#483,#531,#3813,.T.);
#3815 = ORIENTED_EDGE('',*,*,#3814,.T.);
#3816 = LINE('',#531,(1.0,0.0,0.0));
#3817 = EDGE_CURVE('',#531,#533,#3816,.T.);
#3818 = ORIENTED_EDGE('',*,*,#3817,.T.);
#3819 = EDGE_LOOP('',(#3809,#3812,#3815,#3818));
#3820 = FACE_OUTER_BOUND('',#3819,.T.);
#3821 = FACE_SURFACE('',(#3820),#3806,.T.);
#3822 = PLANE('',#7,(0.0,0.0,1.0));
#3823 = LINE('',#401,(1.0,0.0,0.0));
#3824 = EDGE_CURVE('',#401,#399,#3823,.T.);
#3825 = ORIENTED_EDGE('',*,*,#3824,.T.);
#3826 = LINE('',#399,(1.0,0.0,0.0));
#3827 = EDGE_CURVE('',#399,#533,#3826,.T.);
#3828 = ORIENTED_EDGE('',*,*,#3827,.T.);
#3829 = LINE('',#533,(1.0,0.0,0.0));
#3830 = EDGE_CURVE('',#533,#525,#3829,.T.);
#3831 = ORIENTED_EDGE('',*,*,#3830,.T.);
#3832 = LINE('',#525,(1.0,0.0,0.0));
#3833 = EDGE_CURVE('',#525,#401,#3832,.T.);
#3834 = ORIENTED_EDGE('',*,*,#3833,.T.);
#3835 = EDGE_LOOP('',(#3825,#3828,#3831,#3834));
#3836 = FACE_OUTER_BOUND('',#3835,.T.);
#3837 = FACE_SURFACE('',(#3836),#3822,.T.);
#3838 = PLANE('',#7,(0.0,0.0,1.0));
#3839 = LINE('',#399,(1.0,0.0,0.0));
#3840 = EDGE_CURVE('',#399,#397,#3839,.T.);
#3841 = ORIENTED_EDGE('',*,*,#3840,.T.);
#3842 = LINE('',#397,(1.0,0.0,0.0));
#3843 = EDGE_CURVE('',#397,#485,#3842,.T.);
#3844 = ORIENTED_EDGE('',*,*,#3843,.T.);
#3845 = LINE('',#485,(1.0,0.0,0.0));
#3846 = EDGE_CURVE('',#485,#533,#3845,.T.);
#3847 = ORIENTED_EDGE('',*,*,#3846,.T.);
#3848 = LINE('',#533,(1.0,0.0,0.0));
#3849 = EDGE_CURVE('',#533,#399,#3848,.T.);
#3850 = ORIENTED_EDGE('',*,*,#3849,.T.);
#3851 = EDGE_LOOP('',(#3841,#3844,#3847,#3850));
#3852 = FACE_OUTER_BOUND('',#3851,.T.);
#3853 = FACE_SURFACE('',(#3852),#3838,.T.);
#3854 = PLANE('',#7,(0.0,0.0,1.0));
#3855 = LINE('',#535,(1.0,0.0,0.0));
#3856 = EDGE_CURVE('',#535,#539,#3855,.T.);
#3857 = ORIENTED_EDGE('',*,*,#3856,.T.);
#3858 = LINE('',#539,(1.0,0.0,0.0));
#3859 = EDGE_CURVE('',#539,#13,#3858,.T.);
#3860 = ORIENTED_EDGE('',*,*,#3859,.T.);
#3861 = LINE('',#13,(1.0,0.0,0.0));
#3862 = EDGE_CURVE('',#13,#15,#3861,.T.);
#3863 = ORIENTED_EDGE('',*,*,#3862,.T.);
#3864 = LINE('',#15,(1.0,0.0,0.0));
#3865 = EDGE_CURVE('',#15,#535,#3864,.T.);
#3866 = ORIENTED_EDGE('',*,*,#3865,.T.);
#3867 = EDGE_LOOP('',(#3857,#3860,#3863,#3866));
#3868 = FACE_OUTER_BOUND('',#3867,.T.);
#3869 = FACE_SURFACE('',(#3868),#3854,.T.);
#3870 = PLANE('',#7,(0.0,0.0,1.0));
#3871 = LINE('',#539,(1.0,0.0,0.0));
#3872 = EDGE_CURVE('',#539,#169,#3871,.T.);
#3873 = ORIENTED_EDGE('',*,*,#3872,.T.);
#3874 = LINE('',#169,(1.0,0.0,0.0));
#3875 = EDGE_CURVE('',#169,#11,#3874,.T.);
#3876 = ORIENTED_EDGE('',*,*,#3875,.T.);
#3877 = LINE('',#11,(1.0,0.0,0.0));
#3878 = EDGE_CURVE('',#11,#13,#3877,.T.);
#3879 = ORIENTED_EDGE('',*,*,#3878,.T.);
#3880 = LINE('',#13,(1.0,0.0,0.0));
#3881 = EDGE_CURVE('',#13,#539,#3880,.T.);
#3882 = ORIENTED_EDGE('',*,*,#3881,.T.);
#3883 = EDGE_LOOP('',(#3873,#3876,#3879,#3882));
#3884 = FACE_OUTER_BOUND('',#3883,.T.);
#3885 = FACE_SURFACE('',(#3884),#3870,.T.);
#3886 = PLANE('',#7,(0.0,0.0,1.0));
#3887 = LINE('',#537,(1.0,0.0,0.0));
#3888 = EDGE_CURVE('',#537,#541,#3887,.T.);
#3889 = ORIENTED_EDGE('',*,*,#3888,.T.);
#3890 = LINE('',#541,(1.0,0.0,0.0));
#3891 = EDGE_CURVE('',#541,#539,#3890,.T.);
#3892 = ORIENTED_EDGE('',*,*,#3891,.T.);
#3893 = LINE('',#539,(1.0,0.0,0.0));
#3894 = EDGE_CURVE('',#539,#535,#3893,.T.);
#3895 = ORIENTED_EDGE('',*,*,#3894,.T.);
#3896 = LINE('',#535,(1.0,0.0,0.0));
#3897 = EDGE_CURVE('',#535,#537,#3896,.T.);
#3898 = ORIENTED_EDGE('',*,*,#3897,.T.);
#3899 = EDGE_LOOP('',(#3889,#3892,#3895,#3898));
#3900 = FACE_OUTER_BOUND('',#3899,.T.);
#3901 = FACE_SURFACE('',(#3900),#3886,.T.);
#3902 = PLANE('',#7,(0.0,0.0,1.0));
#3903 = LINE('',#541,(1.0,0.0,0.0));
#3904 = EDGE_CURVE('',#541,#167,#3903,.T.);
#3905 = ORIENTED_EDGE('',*,*,#3904,.T.);
#3906 = LINE('',#167,(1.0,0.0,0.0));
#3907 = EDGE_CURVE('',#167,#169,#3906,.T.);
#3908 = ORIENTED_EDGE('',*,*,#3907,.T.);
#3909 = LINE('',#169,(1.0,0.0,0.0));
#3910 = EDGE_CURVE('',#169,#539,#3909,.T.);
#3911 = ORIENTED_EDGE('',*,*,#3910,.T.);
#3912 = LINE('',#539,(1.0,0.0,0.0));
#3913 = EDGE_CURVE('',#539,#541,#3912,.T.);
#3914 = ORIENTED_EDGE('',*,*,#3913,.T.);
#3915 = EDGE_LOOP('',(#3905,#3908,#3911,#3914));
#3916 = FACE_OUTER_BOUND('',#3915,.T.);
#3917 = FACE_SURFACE('',(#3916),#3902,.T.);
#3918 = PLANE('',#7,(0.0,0.0,1.0));
#3919 = LINE('',#521,(1.0,0.0,0.0));
#3920 = EDGE_CURVE('',#521,#519,#3919,.T.);
#3921 = ORIENTED_EDGE('',*,*,#3920,.T.);
#3922 = LINE('',#519,(1.0,0.0,0.0));
#3923 = EDGE_CURVE('',#519,#541,#3922,.T.);
#3924 = ORIENTED_EDGE('',*,*,#3923,.T.);
#3925 = LINE('',#541,(1.0,0.0,0.0));
#3926 = EDGE_CURVE('',#541,#537,#3925,.T.);
#3927 = ORIENTED_EDGE('',*,*,#3926,.T.);
#3928 = LINE('',#537,(1.0,0.0,0.0));
#3929 = EDGE_CURVE('',#537,#521,#3928,.T.);
#3930 = ORIENTED_EDGE('',*,*,#3929,.T.);
#3931 = EDGE_LOOP('',(#3921,#3924,#3927,#3930));
#3932 = FACE_OUTER_BOUND('',#3931,.T.);
#3933 = FACE_SURFACE('',(#3932),#3918,.T.);
#3934 = PLANE('',#7,(0.0,0.0,1.0));
#3935 = LINE('',#519,(1.0,0.0,0.0));
#3936 = EDGE_CURVE('',#519,#165,#3935,.T.);
#3937 = ORIENTED_EDGE('',*,*,#3936,.T.);
#3938 = LINE('',#165,(1.0,0.0,0.0));
#3939 = EDGE_CURVE('',#165,#167,#3938,.T.);
#3940 = ORIENTED_EDGE('',*,*,#3939,.T.);
#3941 = LINE('',#167,(1.0,0.0,0.0));
#3942 = EDGE_CURVE('',#167,#541,#3941,.T.);
#3943 = ORIENTED_EDGE('',*,*,#3942,.T.);
#3944 = LINE('',#541,(1.0,0.0,0.0));
#3945 = EDGE_CURVE('',#541,#519,#3944,.T.);
#3946 = ORIENTED_EDGE('',*,*,#3945,.T.);
#3947 = EDGE_LOOP('',(#3937,#3940,#3943,#3946));
#3948 = FACE_OUTER_BOUND('',#3947,.T.);
#3949 = FACE_SURFACE('',(#3948),#3934,.T.);
#3950 = PLANE('',#7,(0.0,0.0,1.0));
#3951 = LINE('',#17,(1.0,0.0,0.0));
#3952 = EDGE_CURVE('',#17,#543,#3951,.T.);
#3953 = ORIENTED_EDGE('',*,*,#3952,.T.);
#3954 = LINE('',#543,(1.0,0.0,0.0));
#3955 = EDGE_CURVE('',#543,#535,#3954,.T.);
#3956 = ORIENTED_EDGE('',*,*,#3955,.T.);
#3957 = LINE('',#535,(1.0,0.0,0.0));
#3958 = EDGE_CURVE('',#535,#15,#3957,.T.);
#3959 = ORIENTED_EDGE('',*,*,#3958,.T.);
#3960 = LINE('',#15,(1.0,0.0,0.0));
#3961 = EDGE_CURVE('',#15,#17,#3960,.T.);
#3962 = ORIENTED_EDGE('',*,*,#3961,.T.);
#3963 = EDGE_LOOP('',(#3953,#3956,#3959,#3962));
#3964 = FACE_OUTER_BOUND('',#3963,.T.);
#3965 = FACE_SURFACE('',(#3964),#3950,.T.);
#3966 = PLANE('',#7,(0.0,0.0,1.0));
#3967 = LINE('',#543,(1.0,0.0,0.0));
#3968 = EDGE_CURVE('',#543,#545,#3967,.T.);
#3969 = ORIENTED_EDGE('',*,*,#3968,.T.);
#3970 = LINE('',#545,(1.0,0.0,0.0));
#3971 = EDGE_CURVE('',#545,#537,#3970,.T.);
#3972 = ORIENTED_EDGE('',*,*,#3971,.T.);
#3973 = LINE('',#537,(1.0,0.0,0.0));
#3974 = EDGE_CURVE('',#537,#535,#3973,.T.);
#3975 = ORIENTED_EDGE('',*,*,#3974,.T.);
#3976 = LINE('',#535,(1.0,0.0,0.0));
#3977 = EDGE_CURVE('',#535,#543,#3976,.T.);
#3978 = ORIENTED_EDGE('',*,*,#3977,.T.);
#3979 = EDGE_LOOP('',(#3969,#3972,#3975,#3978));
#3980 = FACE_OUTER_BOUND('',#3979,.T.);
#3981 = FACE_SURFACE('',(#3980),#3966,.T.);
#3982 = PLANE('',#7,(0.0,0.0,1.0));
#3983 = LINE('',#545,(1.0,0.0,0.0));
#3984 = EDGE_CURVE('',#545,#523,#3983,.T.);
#3985 = ORIENTED_EDGE('',*,*,#3984,.T.);
#3986 = LINE('',#523,(1.0,0.0,0.0));
#3987 = EDGE_CURVE('',#523,#521,#3986,.T.);
#3988 = ORIENTED_EDGE('',*,*,#3987,.T.);
#3989 = LINE('',#521,(1.0,0.0,0.0));
#3990 = EDGE_CURVE('',#521,#537,#3989,.T.);
#3991 = ORIENTED_EDGE('',*,*,#3990,.T.);
#3992 = LINE('',#537,(1.0,0.0,0.0));
#3993 = EDGE_CURVE('',#537,#545,#3992,.T.);
#3994 = ORIENTED_EDGE('',*,*,#3993,.T.);
#3995 = EDGE_LOOP('',(#3985,#3988,#3991,#3994));
#3996 = FACE_OUTER_BOUND('',#3995,.T.);
#3997 = FACE_SURFACE('',(#3996),#3982,.T.);
#3998 = PLANE('',#7,(0.0,0.0,1.0));
#3999 = LINE('',#405,(1.0,0.0,0.0));
#4000 = EDGE_CURVE('',#405,#547,#3999,.T.);
#4001 = ORIENTED_EDGE('',*,*,#4000,.T.);
#4002 = LINE('',#547,(1.0,0.0,0.0));
#4003 = EDGE_CURVE('',#547,#19,#4002,.T.);
#4004 = ORIENTED_EDGE('',*,*,#4003,.T.);
#4005 = LINE('',#19,(1.0,0.0,0.0));
#4006 = EDGE_CURVE('',#19,#21,#4005,.T.);
#4007 = ORIENTED_EDGE('',*,*,#4006,.T.);
#4008 = LINE('',#21,(1.0,0.0,0.0));
#4009 = EDGE_CURVE('',#21,#405,#4008,.T.);
#4010 = ORIENTED_EDGE('',*,*,#4009,.T.);
#4011 = EDGE_LOOP('',(#4001,#4004,#4007,#4010));
#4012 = FACE_OUTER_BOUND('',#4011,.T.);
#4013 = FACE_SURFACE('',(#4012),#3998,.T.);
#4014 = PLANE('',#7,(0.0,0.0,1.0));
#4015 = LINE('',#547,(1.0,0.0,0.0));
#4016 = EDGE_CURVE('',#547,#543,#4015,.T.);
#4017 = ORIENTED_EDGE('',*,*,#4016,.T.);
#4018 = LINE('',#543,(1.0,0.0,0.0));
#4019 = EDGE_CURVE('',#543,#17,#4018,.T.);
#4020 = ORIENTED_EDGE('',*,*,#4019,.T.);
#4021 = LINE('',#17,(1.0,0.0,0.0));
#4022 = EDGE_CURVE('',#17,#19,#4021,.T.);
#4023 = ORIENTED_EDGE('',*,*,#4022,.T.);
#4024 = LINE('',#19,(1.0,0.0,0.0));
#4025 = EDGE_CURVE('',#19,#547,#4024,.T.);
#4026 = ORIENTED_EDGE('',*,*,#4025,.T.);
#4027 = EDGE_LOOP('',(#4017,#4020,#4023,#4026));
#4028 = FACE_OUTER_BOUND('',#4027,.T.);
#4029 = FACE_SURFACE('',(#4028),#4014,.T.);
#4030 = PLANE('',#7,(0.0,0.0,1.0));
#4031 = LINE('',#403,(1.0,0.0,0.0));
#4032 = EDGE_CURVE('',#403,#549,#4031,.T.);
#4033 = ORIENTED_EDGE('',*,*,#4032,.T.);
#4034 = LINE('',#549,(1.0,0.0,0.0));
#4035 = EDGE_CURVE('',#549,#547,#4034,.T.);
#4036 = ORIENTED_EDGE('',*,*,#4035,.T.);
#4037 = LINE('',#547,(1.0,0.0,0.0));
#4038 = EDGE_CURVE('',#547,#405,#4037,.T.);
#4039 = ORIENTED_EDGE('',*,*,#4038,.T.);
#4040 = LINE('',#405,(1.0,0.0,0.0));
#4041 = EDGE_CURVE('',#405,#403,#4040,.T.);
#4042 = ORIENTED_EDGE('',*,*,#4041,.T.);
#4043 = EDGE_LOOP('',(#4033,#4036,#4039,#4042));
#4044 = FACE_OUTER_BOUND('',#4043,.T.);
#4045 = FACE_SURFACE('',(#4044),#4030,.T.);
#4046 = PLANE('',#7,(0.0,0.0,1.0));
#4047 = LINE('',#549,(1.0,0.0,0.0));
#4048 = EDGE_CURVE('',#549,#545,#4047,.T.);
#4049 = ORIENTED_EDGE('',*,*,#4048,.T.);
#4050 = LINE('',#545,(1.0,0.0,0.0));
#4051 = EDGE_CURVE('',#545,#543,#4050,.T.);
#4052 = ORIENTED_EDGE('',*,*,#4051,.T.);
#4053 = LINE('',#543,(1.0,0.0,0.0));
#4054 = EDGE_CURVE('',#543,#547,#4053,.T.);
#4055 = ORIENTED_EDGE('',*,*,#4054,.T.);
#4056 = LINE('',#547,(1.0,0.0,0.0));
#4057 = EDGE_CURVE('',#547,#549,#4056,.T.);
#4058 = ORIENTED_EDGE('',*,*,#4057,.T.);
#4059 = EDGE_LOOP('',(#4049,#4052,#4055,#4058));
#4060 = FACE_OUTER_BOUND('',#4059,.T.);
#4061 = FACE_SURFACE('',(#4060),#4046,.T.);
#4062 = PLANE('',#7,(0.0,0.0,1.0));
#4063 = LINE('',#401,(1.0,0.0,0.0));
#4064 = EDGE_CURVE('',#401,#525,#4063,.T.);
#4065 = ORIENTED_EDGE('',*,*,#4064,.T.);
#4066 = LINE('',#525,(1.0,0.0,0.0));
#4067 = EDGE_CURVE('',#525,#549,#4066,.T.);
#4068 = ORIENTED_EDGE('',*,*,#4067,.T.);
#4069 = LINE('',#549,(1.0,0.0,0.0));
#4070 = EDGE_CURVE('',#549,#403,#4069,.T.);
#4071 = ORIENTED_EDGE('',*,*,#4070,.T.);
#4072 = LINE('',#403,(1.0,0.0,0.0));
#4073 = EDGE_CURVE('',#403,#401,#4072,.T.);
#4074 = ORIENTED_EDGE('',*,*,#4073,.T.);
#4075 = EDGE_LOOP('',(#4065,#4068,#4071,#4074));
#4076 = FACE_OUTER_BOUND('',#4075,.T.);
#4077 = FACE_SURFACE('',(#4076),#4062,.T.);
#4078 = PLANE('',#7,(0.0,0.0,1.0));
#4079 = LINE('',#525,(1.0,0.0,0.0));
#4080 = EDGE_CURVE('',#525,#523,#4079,.T.);
#4081 = ORIENTED_EDGE('',*,*,#4080,.T.);
#4082 = LINE('',#523,(1.0,0.0,0.0));
#4083 = EDGE_CURVE('',#523,#545,#4082,.T.);
#4084 = ORIENTED_EDGE('',*,*,#4083,.T.);
#4085 = LINE('',#545,(1.0,0.0,0.0));
#4086 = EDGE_CURVE('',#545,#549,#4085,.T.);
#4087 = ORIENTED_EDGE('',*,*,#4086,.T.);
#4088 = LINE('',#549,(1.0,0.0,0.0));
#4089 = EDGE_CURVE('',#549,#525,#4088,.T.);
#4090 = ORIENTED_EDGE('',*,*,#4089,.T.);
#4091 = EDGE_LOOP('',(#4081,#4084,#4087,#4090));
#4092 = FACE_OUTER_BOUND('',#4091,.T.);
#4093 = FACE_SURFACE('',(#4092),#4078,.T.);
#4094 = PLANE('',#7,(0.0,0.0,1.0));
#4095 = LINE('',#595,(1.0,0.0,0.0));
#4096 = EDGE_CURVE('',#595,#605,#4095,.T.);
#4097 = ORIENTED_EDGE('',*,*,#4096,.T.);
#4098 = LINE('',#605,(1.0,0.0,0.0));
#4099 = EDGE_CURVE('',#605,#569,#4098,.T.);
#4100 = ORIENTED_EDGE('',*,*,#4099,.T.);
#4101 = LINE('',#569,(1.0,0.0,0.0));
#4102 = EDGE_CURVE('',#569,#571,#4101,.T.);
#4103 = ORIENTED_EDGE('',*,*,#4102,.T.);
#4104 = LINE('',#571,(1.0,0.0,0.0));
#4105 = EDGE_CURVE('',#571,#595,#4104,.T.);
#4106 = ORIENTED_EDGE('',*,*,#4105,.T.);
#4107 = EDGE_LOOP('',(#4097,#4100,#4103,#4106));
#4108 = FACE_OUTER_BOUND('',#4107,.T.);
#4109 = FACE_SURFACE('',(#4108),#4094,.T.);
#4110 = PLANE('',#7,(0.0,0.0,1.0));
#4111 = LINE('',#605,(1.0,0.0,0.0));
#4112 = EDGE_CURVE('',#605,#99,#4111,.T.);
#4113 = ORIENTED_EDGE('',*,*,#4112,.T.);
#4114 = LINE('',#99,(1.0,0.0,0.0));
#4115 = EDGE_CURVE('',#99,#101,#4114,.T.);
#4116 = ORIENTED_EDGE('',*,*,#4115,.T.);
#4117 = LINE('',#101,(1.0,0.0,0.0));
#4118 = EDGE_CURVE('',#101,#569,#4117,.T.);
#4119 = ORIENTED_EDGE('',*,*,#4118,.T.);
#4120 = LINE('',#569,(1.0,0.0,0.0));
#4121 = EDGE_CURVE('',#569,#605,#4120,.T.);
#4122 = ORIENTED_EDGE('',*,*,#4121,.T.);
#4123 = EDGE_LOOP('',(#4113,#4116,#4119,#4122));
#4124 = FACE_OUTER_BOUND('',#4123,.T.);
#4125 = FACE_SURFACE('',(#4124),#4110,.T.);
#4126 = PLANE('',#7,(0.0,0.0,1.0));
#4127 = LINE('',#597,(1.0,0.0,0.0));
#4128 = EDGE_CURVE('',#597,#603,#4127,.T.);
#4129 = ORIENTED_EDGE('',*,*,#4128,.T.);
#4130 = LINE('',#603,(1.0,0.0,0.0));
#4131 = EDGE_CURVE('',#603,#605,#4130,.T.);
#4132 = ORIENTED_EDGE('',*,*,#4131,.T.);
#4133 = LINE('',#605,(1.0,0.0,0.0));
#4134 = EDGE_CURVE('',#605,#595,#4133,.T.);
#4135 = ORIENTED_EDGE('',*,*,#4134,.T.);
#4136 = LINE('',#595,(1.0,0.0,0.0));
#4137 = EDGE_CURVE('',#595,#597,#4136,.T.);
#4138 = ORIENTED_EDGE('',*,*,#4137,.T.);
#4139 = EDGE_LOOP('',(#4129,#4132,#4135,#4138));
#4140 = FACE_OUTER_BOUND('',#4139,.T.);
#4141 = FACE_SURFACE('',(#4140),#4126,.T.);
#4142 = PLANE('',#7,(0.0,0.0,1.0));
#4143 = LINE('',#603,(1.0,0.0,0.0));
#4144 = EDGE_CURVE('',#603,#97,#4143,.T.);
#4145 = ORIENTED_EDGE('',*,*,#4144,.T.);
#4146 = LINE('',#97,(1.0,0.0,0.0));
#4147 = EDGE_CURVE('',#97,#99,#4146,.T.);
#4148 = ORIENTED_EDGE('',*,*,#4147,.T.);
#4149 = LINE('',#99,(1.0,0.0,0.0));
#4150 = EDGE_CURVE('',#99,#605,#4149,.T.);
#4151 = ORIENTED_EDGE('',*,*,#4150,.T.);
#4152 = LINE('',#605,(1.0,0.0,0.0));
#4153 = EDGE_CURVE('',#605,#603,#4152,.T.);
#4154 = ORIENTED_EDGE('',*,*,#4153,.T.);
#4155 = EDGE_LOOP('',(#4145,#4148,#4151,#4154));
#4156 = FACE_OUTER_BOUND('',#4155,.T.);
#4157 = FACE_SURFACE('',(#4156),#4142,.T.);
#4158 = PLANE('',#7,(0.0,0.0,1.0));
#4159 = LINE('',#599,(1.0,0.0,0.0));
#4160 = EDGE_CURVE('',#599,#607,#4159,.T.);
#4161 = ORIENTED_EDGE('',*,*,#4160,.T.);
#4162 = LINE('',#607,(1.0,0.0,0.0));
#4163 = EDGE_CURVE('',#607,#603,#4162,.T.);
#4164 = ORIENTED_EDGE('',*,*,#4163,.T.);
#4165 = LINE('',#603,(1.0,0.0,0.0));
#4166 = EDGE_CURVE('',#603,#597,#4165,.T.);
#4167 = ORIENTED_EDGE('',*,*,#4166,.T.);
#4168 = LINE('',#597,(1.0,0.0,0.0));
#4169 = EDGE_CURVE('',#597,#599,#4168,.T.);
#4170 = ORIENTED_EDGE('',*,*,#4169,.T.);
#4171 = EDGE_LOOP('',(#4161,#4164,#4167,#4170));
#4172 = FACE_OUTER_BOUND('',#4171,.T.);
#4173 = FACE_SURFACE('',(#4172),#4158,.T.);
#4174 = PLANE('',#7,(0.0,0.0,1.0));
#4175 = LINE('',#607,(1.0,0.0,0.0));
#4176 = EDGE_CURVE('',#607,#95,#4175,.T.);
#4177 = ORIENTED_EDGE('',*,*,#4176,.T.);
#4178 = LINE('',#95,(1.0,0.0,0.0));
#4179 = EDGE_CURVE('',#95,#97,#4178,.T.);
#4180 = ORIENTED_EDGE('',*,*,#4179,.T.);
#4181 = LINE('',#97,(1.0,0.0,0.0));
#4182 = EDGE_CURVE('',#97,#603,#4181,.T.);
#4183 = ORIENTED_EDGE('',*,*,#4182,.T.);
#4184 = LINE('',#603,(1.0,0.0,0.0));
#4185 = EDGE_CURVE('',#603,#607,#4184,.T.);
#4186 = ORIENTED_EDGE('',*,*,#4185,.T.);
#4187 = EDGE_LOOP('',(#4177,#4180,#4183,#4186));
#4188 = FACE_OUTER_BOUND('',#4187,.T.);
#4189 = FACE_SURFACE('',(#4188),#4174,.T.);
#4190 = PLANE('',#7,(0.0,0.0,1.0));
#4191 = LINE('',#601,(1.0,0.0,0.0));
#4192 = EDGE_CURVE('',#601,#609,#4191,.T.);
#4193 = ORIENTED_EDGE('',*,*,#4192,.T.);
#4194 = LINE('',#609,(1.0,0.0,0.0));
#4195 = EDGE_CURVE('',#609,#607,#4194,.T.);
#4196 = ORIENTED_EDGE('',*,*,#4195,.T.);
#4197 = LINE('',#607,(1.0,0.0,0.0));
#4198 = EDGE_CURVE('',#607,#599,#4197,.T.);
#4199 = ORIENTED_EDGE('',*,*,#4198,.T.);
#4200 = LINE('',#599,(1.0,0.0,0.0));
#4201 = EDGE_CURVE('',#599,#601,#4200,.T.);
#4202 = ORIENTED_EDGE('',*,*,#4201,.T.);
#4203 = EDGE_LOOP('',(#4193,#4196,#4199,#4202));
#4204 = FACE_OUTER_BOUND('',#4203,.T.);
#4205 = FACE_SURFACE('',(#4204),#4190,.T.);
#4206 = PLANE('',#7,(0.0,0.0,1.0));
#4207 = LINE('',#609,(1.0,0.0,0.0));
#4208 = EDGE_CURVE('',#609,#93,#4207,.T.);
#4209 = ORIENTED_EDGE('',*,*,#4208,.T.);
#4210 = LINE('',#93,(1.0,0.0,0.0));
#4211 = EDGE_CURVE('',#93,#95,#4210,.T.);
#4212 = ORIENTED_EDGE('',*,*,#4211,.T.);
#4213 = LINE('',#95,(1.0,0.0,0.0));
#4214 = EDGE_CURVE('',#95,#607,#4213,.T.);
#4215 = ORIENTED_EDGE('',*,*,#4214,.T.);
#4216 = LINE('',#607,(1.0,0.0,0.0));
#4217 = EDGE_CURVE('',#607,#609,#4216,.T.);
#4218 = ORIENTED_EDGE('',*,*,#4217,.T.);
#4219 = EDGE_LOOP('',(#4209,#4212,#4215,#4218));
#4220 = FACE_OUTER_BOUND('',#4219,.T.);
#4221 = FACE_SURFACE('',(#4220),#4206,.T.);
#4222 = PLANE('',#7,(0.0,0.0,1.0));
#4223 = LINE('',#87,(1.0,0.0,0.0));
#4224 = EDGE_CURVE('',#87,#89,#4223,.T.);
#4225 = ORIENTED_EDGE('',*,*,#4224,.T.);
#4226 = LINE('',#89,(1.0,0.0,0.0));
#4227 = EDGE_CURVE('',#89,#609,#4226,.T.);
#4228 = ORIENTED_EDGE('',*,*,#4227,.T.);
#4229 = LINE('',#609,(1.0,0.0,0.0));
#4230 = EDGE_CURVE('',#609,#601,#4229,.T.);
#4231 = ORIENTED_EDGE('',*,*,#4230,.T.);
#4232 = LINE('',#601,(1.0,0.0,0.0));
#4233 = EDGE_CURVE('',#601,#87,#4232,.T.);
#4234 = ORIENTED_EDGE('',*,*,#4233,.T.);
#4235 = EDGE_LOOP('',(#4225,#4228,#4231,#4234));
#4236 = FACE_OUTER_BOUND('',#4235,.T.);
#4237 = FACE_SURFACE('',(#4236),#4222,.T.);
#4238 = PLANE('',#7,(0.0,0.0,1.0));
#4239 = LINE('',#89,(1.0,0.0,0.0));
#4240 = EDGE_CURVE('',#89,#91,#4239,.T.);
#4241 = ORIENTED_EDGE('',*,*,#4240,.T.);
#4242 = LINE('',#91,(1.0,0.0,0.0));
#4243 = EDGE_CURVE('',#91,#93,#4242,.T.);
#4244 = ORIENTED_EDGE('',*,*,#4243,.T.);
#4245 = LINE('',#93,(1.0,0.0,0.0));
#4246 = EDGE_CURVE('',#93,#609,#4245,.T.);
#4247 = ORIENTED_EDGE('',*,*,#4246,.T.);
#4248 = LINE('',#609,(1.0,0.0,0.0));
#4249 = EDGE_CURVE('',#609,#89,#4248,.T.);
#4250 = ORIENTED_EDGE('',*,*,#4249,.T.);
#4251 = EDGE_LOOP('',(#4241,#4244,#4247,#4250));
#4252 = FACE_OUTER_BOUND('',#4251,.T.);
#4253 = FACE_SURFACE('',(#4252),#4238,.T.);
#4254 = PLANE('',#7,(0.0,0.0,1.0));
#4255 = LINE('',#611,(1.0,0.0,0.0));
#4256 = EDGE_CURVE('',#611,#615,#4255,.T.);
#4257 = ORIENTED_EDGE('',*,*,#4256,.T.);
#4258 = LINE('',#615,(1.0,0.0,0.0));
#4259 = EDGE_CURVE('',#615,#587,#4258,.T.);
#4260 = ORIENTED_EDGE('',*,*,#4259,.T.);
#4261 = LINE('',#587,(1.0,0.0,0.0));
#4262 = EDGE_CURVE('',#587,#589,#4261,.T.);
#4263 = ORIENTED_EDGE('',*,*,#4262,.T.);
#4264 = LINE('',#589,(1.0,0.0,0.0));
#4265 = EDGE_CURVE('',#589,#611,#4264,.T.);
#4266 = ORIENTED_EDGE('',*,*,#4265,.T.);
#4267 = EDGE_LOOP('',(#4257,#4260,#4263,#4266));
#4268 = FACE_OUTER_BOUND('',#4267,.T.);
#4269 = FACE_SURFACE('',(#4268),#4254,.T.);
#4270 = PLANE('',#7,(0.0,0.0,1.0));
#4271 = LINE('',#615,(1.0,0.0,0.0));
#4272 = EDGE_CURVE('',#615,#575,#4271,.T.);
#4273 = ORIENTED_EDGE('',*,*,#4272,.T.);
#4274 = LINE('',#575,(1.0,0.0,0.0));
#4275 = EDGE_CURVE('',#575,#577,#4274,.T.);
#4276 = ORIENTED_EDGE('',*,*,#4275,.T.);
#4277 = LINE('',#577,(1.0,0.0,0.0));
#4278 = EDGE_CURVE('',#577,#587,#4277,.T.);
#4279 = ORIENTED_EDGE('',*,*,#4278,.T.);
#4280 = LINE('',#587,(1.0,0.0,0.0));
#4281 = EDGE_CURVE('',#587,#615,#4280,.T.);
#4282 = ORIENTED_EDGE('',*,*,#4281,.T.);
#4283 = EDGE_LOOP('',(#4273,#4276,#4279,#4282));
#4284 = FACE_OUTER_BOUND('',#4283,.T.);
#4285 = FACE_SURFACE('',(#4284),#4270,.T.);
#4286 = PLANE('',#7,(0.0,0.0,1.0));
#4287 = LINE('',#613,(1.0,0.0,0.0));
#4288 = EDGE_CURVE('',#613,#617,#4287,.T.);
#4289 = ORIENTED_EDGE('',*,*,#4288,.T.);
#4290 = LINE('',#617,(1.0,0.0,0.0));
#4291 = EDGE_CURVE('',#617,#615,#4290,.T.);
#4292 = ORIENTED_EDGE('',*,*,#4291,.T.);
#4293 = LINE('',#615,(1.0,0.0,0.0));
#4294 = EDGE_CURVE('',#615,#611,#4293,.T.);
#4295 = ORIENTED_EDGE('',*,*,#4294,.T.);
#4296 = LINE('',#611,(1.0,0.0,0.0));
#4297 = EDGE_CURVE('',#611,#613,#4296,.T.);
#4298 = ORIENTED_EDGE('',*,*,#4297,.T.);
#4299 = EDGE_LOOP('',(#4289,#4292,#4295,#4298));
#4300 = FACE_OUTER_BOUND('',#4299,.T.);
#4301 = FACE_SURFACE('',(#4300),#4286,.T.);
#4302 = PLANE('',#7,(0.0,0.0,1.0));
#4303 = LINE('',#617,(1.0,0.0,0.0));
#4304 = EDGE_CURVE('',#617,#573,#4303,.T.);
#4305 = ORIENTED_EDGE('',*,*,#4304,.T.);
#4306 = LINE('',#573,(1.0,0.0,0.0));
#4307 = EDGE_CURVE('',#573,#575,#4306,.T.);
#4308 = ORIENTED_EDGE('',*,*,#4307,.T.);
#4309 = LINE('',#575,(1.0,0.0,0.0));
#4310 = EDGE_CURVE('',#575,#615,#4309,.T.);
#4311 = ORIENTED_EDGE('',*,*,#4310,.T.);
#4312 = LINE('',#615,(1.0,0.0,0.0));
#4313 = EDGE_CURVE('',#615,#617,#4312,.T.);
#4314 = ORIENTED_EDGE('',*,*,#4313,.T.);
#4315 = EDGE_LOOP('',(#4305,#4308,#4311,#4314));
#4316 = FACE_OUTER_BOUND('',#4315,.T.);
#4317 = FACE_SURFACE('',(#4316),#4302,.T.);
#4318 = PLANE('',#7,(0.0,0.0,1.0));
#4319 = LINE('',#597,(1.0,0.0,0.0));
#4320 = EDGE_CURVE('',#597,#595,#4319,.T.);
#4321 = ORIENTED_EDGE('',*,*,#4320,.T.);
#4322 = LINE('',#595,(1.0,0.0,0.0));
#4323 = EDGE_CURVE('',#595,#617,#4322,.T.);
#4324 = ORIENTED_EDGE('',*,*,#4323,.T.);
#4325 = LINE('',#617,(1.0,0.0,0.0));
#4326 = EDGE_CURVE('',#617,#613,#4325,.T.);
#4327 = ORIENTED_EDGE('',*,*,#4326,.T.);
#4328 = LINE('',#613,(1.0,0.0,0.0));
#4329 = EDGE_CURVE('',#613,#597,#4328,.T.);
#4330 = ORIENTED_EDGE('',*,*,#4329,.T.);
#4331 = EDGE_LOOP('',(#4321,#4324,#4327,#4330));
#4332 = FACE_OUTER_BOUND('',#4331,.T.);
#4333 = FACE_SURFACE('',(#4332),#4318,.T.);
#4334 = PLANE('',#7,(0.0,0.0,1.0));
#4335 = LINE('',#595,(1.0,0.0,0.0));
#4336 = EDGE_CURVE('',#595,#571,#4335,.T.);
#4337 = ORIENTED_EDGE('',*,*,#4336,.T.);
#4338 = LINE('',#571,(1.0,0.0,0.0));
#4339 = EDGE_CURVE('',#571,#573,#4338,.T.);
#4340 = ORIENTED_EDGE('',*,*,#4339,.T.);
#4341 = LINE('',#573,(1.0,0.0,0.0));
#4342 = EDGE_CURVE('',#573,#617,#4341,.T.);
#4343 = ORIENTED_EDGE('',*,*,#4342,.T.);
#4344 = LINE('',#617,(1.0,0.0,0.0));
#4345 = EDGE_CURVE('',#617,#595,#4344,.T.);
#4346 = ORIENTED_EDGE('',*,*,#4345,.T.);
#4347 = EDGE_LOOP('',(#4337,#4340,#4343,#4346));
#4348 = FACE_OUTER_BOUND('',#4347,.T.);
#4349 = FACE_SURFACE('',(#4348),#4334,.T.);
#4350 = PLANE('',#7,(0.0,0.0,1.0));
#4351 = LINE('',#591,(1.0,0.0,0.0));
#4352 = EDGE_CURVE('',#591,#619,#4351,.T.);
#4353 = ORIENTED_EDGE('',*,*,#4352,.T.);
#4354 = LINE('',#619,(1.0,0.0,0.0));
#4355 = EDGE_CURVE('',#619,#611,#4354,.T.);
#4356 = ORIENTED_EDGE('',*,*,#4355,.T.);
#4357 = LINE('',#611,(1.0,0.0,0.0));
#4358 = EDGE_CURVE('',#611,#589,#4357,.T.);
#4359 = ORIENTED_EDGE('',*,*,#4358,.T.);
#4360 = LINE('',#589,(1.0,0.0,0.0));
#4361 = EDGE_CURVE('',#589,#591,#4360,.T.);
#4362 = ORIENTED_EDGE('',*,*,#4361,.T.);
#4363 = EDGE_LOOP('',(#4353,#4356,#4359,#4362));
#4364 = FACE_OUTER_BOUND('',#4363,.T.);
#4365 = FACE_SURFACE('',(#4364),#4350,.T.);
#4366 = PLANE('',#7,(0.0,0.0,1.0));
#4367 = LINE('',#619,(1.0,0.0,0.0));
#4368 = EDGE_CURVE('',#619,#621,#4367,.T.);
#4369 = ORIENTED_EDGE('',*,*,#4368,.T.);
#4370 = LINE('',#621,(1.0,0.0,0.0));
#4371 = EDGE_CURVE('',#621,#613,#4370,.T.);
#4372 = ORIENTED_EDGE('',*,*,#4371,.T.);
#4373 = LINE('',#613,(1.0,0.0,0.0));
#4374 = EDGE_CURVE('',#613,#611,#4373,.T.);
#4375 = ORIENTED_EDGE('',*,*,#4374,.T.);
#4376 = LINE('',#611,(1.0,0.0,0.0));
#4377 = EDGE_CURVE('',#611,#619,#4376,.T.);
#4378 = ORIENTED_EDGE('',*,*,#4377,.T.);
#4379 = EDGE_LOOP('',(#4369,#4372,#4375,#4378));
#4380 = FACE_OUTER_BOUND('',#4379,.T.);
#4381 = FACE_SURFACE('',(#4380),#4366,.T.);
#4382 = PLANE('',#7,(0.0,0.0,1.0));
#4383 = LINE('',#621,(1.0,0.0,0.0));
#4384 = EDGE_CURVE('',#621,#599,#4383,.T.);
#4385 = ORIENTED_EDGE('',*,*,#4384,.T.);
#4386 = LINE('',#599,(1.0,0.0,0.0));
#4387 = EDGE_CURVE('',#599,#597,#4386,.T.);
#4388 = ORIENTED_EDGE('',*,*,#4387,.T.);
#4389 = LINE('',#597,(1.0,0.0,0.0));
#4390 = EDGE_CURVE('',#597,#613,#4389,.T.);
#4391 = ORIENTED_EDGE('',*,*,#4390,.T.);
#4392 = LINE('',#613,(1.0,0.0,0.0));
#4393 = EDGE_CURVE('',#613,#621,#4392,.T.);
#4394 = ORIENTED_EDGE('',*,*,#4393,.T.);
#4395 = EDGE_LOOP('',(#4385,#4388,#4391,#4394));
#4396 = FACE_OUTER_BOUND('',#4395,.T.);
#4397 = FACE_SURFACE('',(#4396),#4382,.T.);
#4398 = PLANE('',#7,(0.0,0.0,1.0));
#4399 = LINE('',#83,(1.0,0.0,0.0));
#4400 = EDGE_CURVE('',#83,#623,#4399,.T.);
#4401 = ORIENTED_EDGE('',*,*,#4400,.T.);
#4402 = LINE('',#623,(1.0,0.0,0.0));
#4403 = EDGE_CURVE('',#623,#593,#4402,.T.);
#4404 = ORIENTED_EDGE('',*,*,#4403,.T.);
#4405 = LINE('',#593,(1.0,0.0,0.0));
#4406 = EDGE_CURVE('',#593,#81,#4405,.T.);
#4407 = ORIENTED_EDGE('',*,*,#4406,.T.);
#4408 = LINE('',#81,(1.0,0.0,0.0));
#4409 = EDGE_CURVE('',#81,#83,#4408,.T.);
#4410 = ORIENTED_EDGE('',*,*,#4409,.T.);
#4411 = EDGE_LOOP('',(#4401,#4404,#4407,#4410));
#4412 = FACE_OUTER_BOUND('',#4411,.T.);
#4413 = FACE_SURFACE('',(#4412),#4398,.T.);
#4414 = PLANE('',#7,(0.0,0.0,1.0));
#4415 = LINE('',#623,(1.0,0.0,0.0));
#4416 = EDGE_CURVE('',#623,#619,#4415,.T.);
#4417 = ORIENTED_EDGE('',*,*,#4416,.T.);
#4418 = LINE('',#619,(1.0,0.0,0.0));
#4419 = EDGE_CURVE('',#619,#591,#4418,.T.);
#4420 = ORIENTED_EDGE('',*,*,#4419,.T.);
#4421 = LINE('',#591,(1.0,0.0,0.0));
#4422 = EDGE_CURVE('',#591,#593,#4421,.T.);
#4423 = ORIENTED_EDGE('',*,*,#4422,.T.);
#4424 = LINE('',#593,(1.0,0.0,0.0));
#4425 = EDGE_CURVE('',#593,#623,#4424,.T.);
#4426 = ORIENTED_EDGE('',*,*,#4425,.T.);
#4427 = EDGE_LOOP('',(#4417,#4420,#4423,#4426));
#4428 = FACE_OUTER_BOUND('',#4427,.T.);
#4429 = FACE_SURFACE('',(#4428),#4414,.T.);
#4430 = PLANE('',#7,(0.0,0.0,1.0));
#4431 = LINE('',#85,(1.0,0.0,0.0));
#4432 = EDGE_CURVE('',#85,#625,#4431,.T.);
#4433 = ORIENTED_EDGE('',*,*,#4432,.T.);
#4434 = LINE('',#625,(1.0,0.0,0.0));
#4435 = EDGE_CURVE('',#625,#623,#4434,.T.);
#4436 = ORIENTED_EDGE('',*,*,#4435,.T.);
#4437 = LINE('',#623,(1.0,0.0,0.0));
#4438 = EDGE_CURVE('',#623,#83,#4437,.T.);
#4439 = ORIENTED_EDGE('',*,*,#4438,.T.);
#4440 = LINE('',#83,(1.0,0.0,0.0));
#4441 = EDGE_CURVE('',#83,#85,#4440,.T.);
#4442 = ORIENTED_EDGE('',*,*,#4441,.T.);
#4443 = EDGE_LOOP('',(#4433,#4436,#4439,#4442));
#4444 = FACE_OUTER_BOUND('',#4443,.T.);
#4445 = FACE_SURFACE('',(#4444),#4430,.T.);
#4446 = PLANE('',#7,(0.0,0.0,1.0));
#4447 = LINE('',#625,(1.0,0.0,0.0));
#4448 = EDGE_CURVE('',#625,#621,#4447,.T.);
#4449 = ORIENTED_EDGE('',*,*,#4448,.T.);
#4450 = LINE('',#621,(1.0,0.0,0.0));
#4451 = EDGE_CURVE('',#621,#619,#4450,.T.);
#4452 = ORIENTED_EDGE('',*,*,#4451,.T.);
#4453 = LINE('',#619,(1.0,0.0,0.0));
#4454 = EDGE_CURVE('',#619,#623,#4453,.T.);
#4455 = ORIENTED_EDGE('',*,*,#4454,.T.);
#4456 = LINE('',#623,(1.0,0.0,0.0));
#4457 = EDGE_CURVE('',#623,#625,#4456,.T.);
#4458 = ORIENTED_EDGE('',*,*,#4457,.T.);
#4459 = EDGE_LOOP('',(#4449,#4452,#4455,#4458));
#4460 = FACE_OUTER_BOUND('',#4459,.T.);
#4461 = FACE_SURFACE('',(#4460),#4446,.T.);
#4462 = PLANE('',#7,(0.0,0.0,1.0));
#4463 = LINE('',#87,(1.0,0.0,0.0));
#4464 = EDGE_CURVE('',#87,#601,#4463,.T.);
#4465 = ORIENTED_EDGE('',*,*,#4464,.T.);
#4466 = LINE('',#601,(1.0,0.0,0.0));
#4467 = EDGE_CURVE('',#601,#625,#4466,.T.);
#4468 = ORIENTED_EDGE('',*,*,#4467,.T.);
#4469 = LINE('',#625,(1.0,0.0,0.0));
#4470 = EDGE_CURVE('',#625,#85,#4469,.T.);
#4471 = ORIENTED_EDGE('',*,*,#4470,.T.);
#4472 = LINE('',#85,(1.0,0.0,0.0));
#4473 = EDGE_CURVE('',#85,#87,#4472,.T.);
#4474 = ORIENTED_EDGE('',*,*,#4473,.T.);
#4475 = EDGE_LOOP('',(#4465,#4468,#4471,#4474));
#4476 = FACE_OUTER_BOUND('',#4475,.T.);
#4477 = FACE_SURFACE('',(#4476),#4462,.T.);
#4478 = PLANE('',#7,(0.0,0.0,1.0));
#4479 = LINE('',#601,(1.0,0.0,0.0));
#4480 = EDGE_CURVE('',#601,#599,#4479,.T.);
#4481 = ORIENTED_EDGE('',*,*,#4480,.T.);
#4482 = LINE('',#599,(1.0,0.0,0.0));
#4483 = EDGE_CURVE('',#599,#621,#4482,.T.);
#4484 = ORIENTED_EDGE('',*,*,#4483,.T.);
#4485 = LINE('',#621,(1.0,0.0,0.0));
#4486 = EDGE_CURVE('',#621,#625,#4485,.T.);
#4487 = ORIENTED_EDGE('',*,*,#4486,.T.);
#4488 = LINE('',#625,(1.0,0.0,0.0));
#4489 = EDGE_CURVE('',#625,#601,#4488,.T.);
#4490 = ORIENTED_EDGE('',*,*,#4489,.T.);
#4491 = EDGE_LOOP('',(#4481,#4484,#4487,#4490));
#4492 = FACE_OUTER_BOUND('',#4491,.T.);
#4493 = FACE_SURFACE('',(#4492),#4478,.T.);
#4494 = PLANE('',#7,(0.0,0.0,1.0));
#4495 = LINE('',#627,(1.0,0.0,0.0));
#4496 = EDGE_CURVE('',#627,#637,#4495,.T.);
#4497 = ORIENTED_EDGE('',*,*,#4496,.T.);
#4498 = LINE('',#637,(1.0,0.0,0.0));
#4499 = EDGE_CURVE('',#637,#579,#4498,.T.);
#4500 = ORIENTED_EDGE('',*,*,#4499,.T.);
#4501 = LINE('',#579,(1.0,0.0,0.0));
#4502 = EDGE_CURVE('',#579,#581,#4501,.T.);
#4503 = ORIENTED_EDGE('',*,*,#4502,.T.);
#4504 = LINE('',#581,(1.0,0.0,0.0));
#4505 = EDGE_CURVE('',#581,#627,#4504,.T.);
#4506 = ORIENTED_EDGE('',*,*,#4505,.T.);
#4507 = EDGE_LOOP('',(#4497,#4500,#4503,#4506));
#4508 = FACE_OUTER_BOUND('',#4507,.T.);
#4509 = FACE_SURFACE('',(#4508),#4494,.T.);
#4510 = PLANE('',#7,(0.0,0.0,1.0));
#4511 = LINE('',#637,(1.0,0.0,0.0));
#4512 = EDGE_CURVE('',#637,#587,#4511,.T.);
#4513 = ORIENTED_EDGE('',*,*,#4512,.T.);
#4514 = LINE('',#587,(1.0,0.0,0.0));
#4515 = EDGE_CURVE('',#587,#577,#4514,.T.);
#4516 = ORIENTED_EDGE('',*,*,#4515,.T.);
#4517 = LINE('',#577,(1.0,0.0,0.0));
#4518 = EDGE_CURVE('',#577,#579,#4517,.T.);
#4519 = ORIENTED_EDGE('',*,*,#4518,.T.);
#4520 = LINE('',#579,(1.0,0.0,0.0));
#4521 = EDGE_CURVE('',#579,#637,#4520,.T.);
#4522 = ORIENTED_EDGE('',*,*,#4521,.T.);
#4523 = EDGE_LOOP('',(#4513,#4516,#4519,#4522));
#4524 = FACE_OUTER_BOUND('',#4523,.T.);
#4525 = FACE_SURFACE('',(#4524),#4510,.T.);
#4526 = PLANE('',#7,(0.0,0.0,1.0));
#4527 = LINE('',#629,(1.0,0.0,0.0));
#4528 = EDGE_CURVE('',#629,#635,#4527,.T.);
#4529 = ORIENTED_EDGE('',*,*,#4528,.T.);
#4530 = LINE('',#635,(1.0,0.0,0.0));
#4531 = EDGE_CURVE('',#635,#637,#4530,.T.);
#4532 = ORIENTED_EDGE('',*,*,#4531,.T.);
#4533 = LINE('',#637,(1.0,0.0,0.0));
#4534 = EDGE_CURVE('',#637,#627,#4533,.T.);
#4535 = ORIENTED_EDGE('',*,*,#4534,.T.);
#4536 = LINE('',#627,(1.0,0.0,0.0));
#4537 = EDGE_CURVE('',#627,#629,#4536,.T.);
#4538 = ORIENTED_EDGE('',*,*,#4537,.T.);
#4539 = EDGE_LOOP('',(#4529,#4532,#4535,#4538));
#4540 = FACE_OUTER_BOUND('',#4539,.T.);
#4541 = FACE_SURFACE('',(#4540),#4526,.T.);
#4542 = PLANE('',#7,(0.0,0.0,1.0));
#4543 = LINE('',#635,(1.0,0.0,0.0));
#4544 = EDGE_CURVE('',#635,#589,#4543,.T.);
#4545 = ORIENTED_EDGE('',*,*,#4544,.T.);
#4546 = LINE('',#589,(1.0,0.0,0.0));
#4547 = EDGE_CURVE('',#589,#587,#4546,.T.);
#4548 = ORIENTED_EDGE('',*,*,#4547,.T.);
#4549 = LINE('',#587,(1.0,0.0,0.0));
#4550 = EDGE_CURVE('',#587,#637,#4549,.T.);
#4551 = ORIENTED_EDGE('',*,*,#4550,.T.);
#4552 = LINE('',#637,(1.0,0.0,0.0));
#4553 = EDGE_CURVE('',#637,#635,#4552,.T.);
#4554 = ORIENTED_EDGE('',*,*,#4553,.T.);
#4555 = EDGE_LOOP('',(#4545,#4548,#4551,#4554));
#4556 = FACE_OUTER_BOUND('',#4555,.T.);
#4557 = FACE_SURFACE('',(#4556),#4542,.T.);
#4558 = PLANE('',#7,(0.0,0.0,1.0));
#4559 = LINE('',#631,(1.0,0.0,0.0));
#4560 = EDGE_CURVE('',#631,#639,#4559,.T.);
#4561 = ORIENTED_EDGE('',*,*,#4560,.T.);
#4562 = LINE('',#639,(1.0,0.0,0.0));
#4563 = EDGE_CURVE('',#639,#635,#4562,.T.);
#4564 = ORIENTED_EDGE('',*,*,#4563,.T.);
#4565 = LINE('',#635,(1.0,0.0,0.0));
#4566 = EDGE_CURVE('',#635,#629,#4565,.T.);
#4567 = ORIENTED_EDGE('',*,*,#4566,.T.);
#4568 = LINE('',#629,(1.0,0.0,0.0));
#4569 = EDGE_CURVE('',#629,#631,#4568,.T.);
#4570 = ORIENTED_EDGE('',*,*,#4569,.T.);
#4571 = EDGE_LOOP('',(#4561,#4564,#4567,#4570));
#4572 = FACE_OUTER_BOUND('',#4571,.T.);
#4573 = FACE_SURFACE('',(#4572),#4558,.T.);
#4574 = PLANE('',#7,(0.0,0.0,1.0));
#4575 = LINE('',#639,(1.0,0.0,0.0));
#4576 = EDGE_CURVE('',#639,#591,#4575,.T.);
#4577 = ORIENTED_EDGE('',*,*,#4576,.T.);
#4578 = LINE('',#591,(1.0,0.0,0.0));
#4579 = EDGE_CURVE('',#591,#589,#4578,.T.);
#4580 = ORIENTED_EDGE('',*,*,#4579,.T.);
#4581 = LINE('',#589,(1.0,0.0,0.0));
#4582 = EDGE_CURVE('',#589,#635,#4581,.T.);
#4583 = ORIENTED_EDGE('',*,*,#4582,.T.);
#4584 = LINE('',#635,(1.0,0.0,0.0));
#4585 = EDGE_CURVE('',#635,#639,#4584,.T.);
#4586 = ORIENTED_EDGE('',*,*,#4585,.T.);
#4587 = EDGE_LOOP('',(#4577,#4580,#4583,#4586));
#4588 = FACE_OUTER_BOUND('',#4587,.T.);
#4589 = FACE_SURFACE('',(#4588),#4574,.T.);
#4590 = PLANE('',#7,(0.0,0.0,1.0));
#4591 = LINE('',#633,(1.0,0.0,0.0));
#4592 = EDGE_CURVE('',#633,#641,#4591,.T.);
#4593 = ORIENTED_EDGE('',*,*,#4592,.T.);
#4594 = LINE('',#641,(1.0,0.0,0.0));
#4595 = EDGE_CURVE('',#641,#639,#4594,.T.);
#4596 = ORIENTED_EDGE('',*,*,#4595,.T.);
#4597 = LINE('',#639,(1.0,0.0,0.0));
#4598 = EDGE_CURVE('',#639,#631,#4597,.T.);
#4599 = ORIENTED_EDGE('',*,*,#4598,.T.);
#4600 = LINE('',#631,(1.0,0.0,0.0));
#4601 = EDGE_CURVE('',#631,#633,#4600,.T.);
#4602 = ORIENTED_EDGE('',*,*,#4601,.T.);
#4603 = EDGE_LOOP('',(#4593,#4596,#4599,#4602));
#4604 = FACE_OUTER_BOUND('',#4603,.T.);
#4605 = FACE_SURFACE('',(#4604),#4590,.T.);
#4606 = PLANE('',#7,(0.0,0.0,1.0));
#4607 = LINE('',#641,(1.0,0.0,0.0));
#4608 = EDGE_CURVE('',#641,#593,#4607,.T.);
#4609 = ORIENTED_EDGE('',*,*,#4608,.T.);
#4610 = LINE('',#593,(1.0,0.0,0.0));
#4611 = EDGE_CURVE('',#593,#591,#4610,.T.);
#4612 = ORIENTED_EDGE('',*,*,#4611,.T.);
#4613 = LINE('',#591,(1.0,0.0,0.0));
#4614 = EDGE_CURVE('',#591,#639,#4613,.T.);
#4615 = ORIENTED_EDGE('',*,*,#4614,.T.);
#4616 = LINE('',#639,(1.0,0.0,0.0));
#4617 = EDGE_CURVE('',#639,#641,#4616,.T.);
#4618 = ORIENTED_EDGE('',*,*,#4617,.T.);
#4619 = EDGE_LOOP('',(#4609,#4612,#4615,#4618));
#4620 = FACE_OUTER_BOUND('',#4619,.T.);
#4621 = FACE_SURFACE('',(#4620),#4606,.T.);
#4622 = PLANE('',#7,(0.0,0.0,1.0));
#4623 = LINE('',#77,(1.0,0.0,0.0));
#4624 = EDGE_CURVE('',#77,#79,#4623,.T.);
#4625 = ORIENTED_EDGE('',*,*,#4624,.T.);
#4626 = LINE('',#79,(1.0,0.0,0.0));
#4627 = EDGE_CURVE('',#79,#641,#4626,.T.);
#4628 = ORIENTED_EDGE('',*,*,#4627,.T.);
#4629 = LINE('',#641,(1.0,0.0,0.0));
#4630 = EDGE_CURVE('',#641,#633,#4629,.T.);
#4631 = ORIENTED_EDGE('',*,*,#4630,.T.);
#4632 = LINE('',#633,(1.0,0.0,0.0));
#4633 = EDGE_CURVE('',#633,#77,#4632,.T.);
#4634 = ORIENTED_EDGE('',*,*,#4633,.T.);
#4635 = EDGE_LOOP('',(#4625,#4628,#4631,#4634));
#4636 = FACE_OUTER_BOUND('',#4635,.T.);
#4637 = FACE_SURFACE('',(#4636),#4622,.T.);
#4638 = PLANE('',#7,(0.0,0.0,1.0));
#4639 = LINE('',#79,(1.0,0.0,0.0));
#4640 = EDGE_CURVE('',#79,#81,#4639,.T.);
#4641 = ORIENTED_EDGE('',*,*,#4640,.T.);
#4642 = LINE('',#81,(1.0,0.0,0.0));
#4643 = EDGE_CURVE('',#81,#593,#4642,.T.);
#4644 = ORIENTED_EDGE('',*,*,#4643,.T.);
#4645 = LINE('',#593,(1.0,0.0,0.0));
#4646 = EDGE_CURVE('',#593,#641,#4645,.T.);
#4647 = ORIENTED_EDGE('',*,*,#4646,.T.);
#4648 = LINE('',#641,(1.0,0.0,0.0));
#4649 = EDGE_CURVE('',#641,#79,#4648,.T.);
#4650 = ORIENTED_EDGE('',*,*,#4649,.T.);
#4651 = EDGE_LOOP('',(#4641,#4644,#4647,#4650));
#4652 = FACE_OUTER_BOUND('',#4651,.T.);
#4653 = FACE_SURFACE('',(#4652),#4638,.T.);
#4654 = PLANE('',#7,(0.0,0.0,1.0));
#4655 = LINE('',#643,(1.0,0.0,0.0));
#4656 = EDGE_CURVE('',#643,#647,#4655,.T.);
#4657 = ORIENTED_EDGE('',*,*,#4656,.T.);
#4658 = LINE('',#647,(1.0,0.0,0.0));
#4659 = EDGE_CURVE('',#647,#177,#4658,.T.);
#4660 = ORIENTED_EDGE('',*,*,#4659,.T.);
#4661 = LINE('',#177,(1.0,0.0,0.0));
#4662 = EDGE_CURVE('',#177,#175,#4661,.T.);
#4663 = ORIENTED_EDGE('',*,*,#4662,.T.);
#4664 = LINE('',#175,(1.0,0.0,0.0));
#4665 = EDGE_CURVE('',#175,#643,#4664,.T.);
#4666 = ORIENTED_EDGE('',*,*,#4665,.T.);
#4667 = EDGE_LOOP('',(#4657,#4660,#4663,#4666));
#4668 = FACE_OUTER_BOUND('',#4667,.T.);
#4669 = FACE_SURFACE('',(#4668),#4654,.T.);
#4670 = PLANE('',#7,(0.0,0.0,1.0));
#4671 = LINE('',#647,(1.0,0.0,0.0));
#4672 = EDGE_CURVE('',#647,#585,#4671,.T.);
#4673 = ORIENTED_EDGE('',*,*,#4672,.T.);
#4674 = LINE('',#585,(1.0,0.0,0.0));
#4675 = EDGE_CURVE('',#585,#179,#4674,.T.);
#4676 = ORIENTED_EDGE('',*,*,#4675,.T.);
#4677 = LINE('',#179,(1.0,0.0,0.0));
#4678 = EDGE_CURVE('',#179,#177,#4677,.T.);
#4679 = ORIENTED_EDGE('',*,*,#4678,.T.);
#4680 = LINE('',#177,(1.0,0.0,0.0));
#4681 = EDGE_CURVE('',#177,#647,#4680,.T.);
#4682 = ORIENTED_EDGE('',*,*,#4681,.T.);
#4683 = EDGE_LOOP('',(#4673,#4676,#4679,#4682));
#4684 = FACE_OUTER_BOUND('',#4683,.T.);
#4685 = FACE_SURFACE('',(#4684),#4670,.T.);
#4686 = PLANE('',#7,(0.0,0.0,1.0));
#4687 = LINE('',#645,(1.0,0.0,0.0));
#4688 = EDGE_CURVE('',#645,#649,#4687,.T.);
#4689 = ORIENTED_EDGE('',*,*,#4688,.T.);
#4690 = LINE('',#649,(1.0,0.0,0.0));
#4691 = EDGE_CURVE('',#649,#647,#4690,.T.);
#4692 = ORIENTED_EDGE('',*,*,#4691,.T.);
#4693 = LINE('',#647,(1.0,0.0,0.0));
#4694 = EDGE_CURVE('',#647,#643,#4693,.T.);
#4695 = ORIENTED_EDGE('',*,*,#4694,.T.);
#4696 = LINE('',#643,(1.0,0.0,0.0));
#4697 = EDGE_CURVE('',#643,#645,#4696,.T.);
#4698 = ORIENTED_EDGE('',*,*,#4697,.T.);
#4699 = EDGE_LOOP('',(#4689,#4692,#4695,#4698));
#4700 = FACE_OUTER_BOUND('',#4699,.T.);
#4701 = FACE_SURFACE('',(#4700),#4686,.T.);
#4702 = PLANE('',#7,(0.0,0.0,1.0));
#4703 = LINE('',#649,(1.0,0.0,0.0));
#4704 = EDGE_CURVE('',#649,#583,#4703,.T.);
#4705 = ORIENTED_EDGE('',*,*,#4704,.T.);
#4706 = LINE('',#583,(1.0,0.0,0.0));
#4707 = EDGE_CURVE('',#583,#585,#4706,.T.);
#4708 = ORIENTED_EDGE('',*,*,#4707,.T.);
#4709 = LINE('',#585,(1.0,0.0,0.0));
#4710 = EDGE_CURVE('',#585,#647,#4709,.T.);
#4711 = ORIENTED_EDGE('',*,*,#4710,.T.);
#4712 = LINE('',#647,(1.0,0.0,0.0));
#4713 = EDGE_CURVE('',#647,#649,#4712,.T.);
#4714 = ORIENTED_EDGE('',*,*,#4713,.T.);
#4715 = EDGE_LOOP('',(#4705,#4708,#4711,#4714));
#4716 = FACE_OUTER_BOUND('',#4715,.T.);
#4717 = FACE_SURFACE('',(#4716),#4702,.T.);
#4718 = PLANE('',#7,(0.0,0.0,1.0));
#4719 = LINE('',#629,(1.0,0.0,0.0));
#4720 = EDGE_CURVE('',#629,#627,#4719,.T.);
#4721 = ORIENTED_EDGE('',*,*,#4720,.T.);
#4722 = LINE('',#627,(1.0,0.0,0.0));
#4723 = EDGE_CURVE('',#627,#649,#4722,.T.);
#4724 = ORIENTED_EDGE('',*,*,#4723,.T.);
#4725 = LINE('',#649,(1.0,0.0,0.0));
#4726 = EDGE_CURVE('',#649,#645,#4725,.T.);
#4727 = ORIENTED_EDGE('',*,*,#4726,.T.);
#4728 = LINE('',#645,(1.0,0.0,0.0));
#4729 = EDGE_CURVE('',#645,#629,#4728,.T.);
#4730 = ORIENTED_EDGE('',*,*,#4729,.T.);
#4731 = EDGE_LOOP('',(#4721,#4724,#4727,#4730));
#4732 = FACE_OUTER_BOUND('',#4731,.T.);
#4733 = FACE_SURFACE('',(#4732),#4718,.T.);
#4734 = PLANE('',#7,(0.0,0.0,1.0));
#4735 = LINE('',#627,(1.0,0.0,0.0));
#4736 = EDGE_CURVE('',#627,#581,#4735,.T.);
#4737 = ORIENTED_EDGE('',*,*,#4736,.T.);
#4738 = LINE('',#581,(1.0,0.0,0.0));
#4739 = EDGE_CURVE('',#581,#583,#4738,.T.);
#4740 = ORIENTED_EDGE('',*,*,#4739,.T.);
#4741 = LINE('',#583,(1.0,0.0,0.0));
#4742 = EDGE_CURVE('',#583,#649,#4741,.T.);
#4743 = ORIENTED_EDGE('',*,*,#4742,.T.);
#4744 = LINE('',#649,(1.0,0.0,0.0));
#4745 = EDGE_CURVE('',#649,#627,#4744,.T.);
#4746 = ORIENTED_EDGE('',*,*,#4745,.T.);
#4747 = EDGE_LOOP('',(#4737,#4740,#4743,#4746));
#4748 = FACE_OUTER_BOUND('',#4747,.T.);
#4749 = FACE_SURFACE('',(#4748),#4734,.T.);
#4750 = PLANE('',#7,(0.0,0.0,1.0));
#4751 = LINE('',#173,(1.0,0.0,0.0));
#4752 = EDGE_CURVE('',#173,#651,#4751,.T.);
#4753 = ORIENTED_EDGE('',*,*,#4752,.T.);
#4754 = LINE('',#651,(1.0,0.0,0.0));
#4755 = EDGE_CURVE('',#651,#643,#4754,.T.);
#4756 = ORIENTED_EDGE('',*,*,#4755,.T.);
#4757 = LINE('',#643,(1.0,0.0,0.0));
#4758 = EDGE_CURVE('',#643,#175,#4757,.T.);
#4759 = ORIENTED_EDGE('',*,*,#4758,.T.);
#4760 = LINE('',#175,(1.0,0.0,0.0));
#4761 = EDGE_CURVE('',#175,#173,#4760,.T.);
#4762 = ORIENTED_EDGE('',*,*,#4761,.T.);
#4763 = EDGE_LOOP('',(#4753,#4756,#4759,#4762));
#4764 = FACE_OUTER_BOUND('',#4763,.T.);
#4765 = FACE_SURFACE('',(#4764),#4750,.T.);
#4766 = PLANE('',#7,(0.0,0.0,1.0));
#4767 = LINE('',#651,(1.0,0.0,0.0));
#4768 = EDGE_CURVE('',#651,#653,#4767,.T.);
#4769 = ORIENTED_EDGE('',*,*,#4768,.T.);
#4770 = LINE('',#653,(1.0,0.0,0.0));
#4771 = EDGE_CURVE('',#653,#645,#4770,.T.);
#4772 = ORIENTED_EDGE('',*,*,#4771,.T.);
#4773 = LINE('',#645,(1.0,0.0,0.0));
#4774 = EDGE_CURVE('',#645,#643,#4773,.T.);
#4775 = ORIENTED_EDGE('',*,*,#4774,.T.);
#4776 = LINE('',#643,(1.0,0.0,0.0));
#4777 = EDGE_CURVE('',#643,#651,#4776,.T.);
#4778 = ORIENTED_EDGE('',*,*,#4777,.T.);
#4779 = EDGE_LOOP('',(#4769,#4772,#4775,#4778));
#4780 = FACE_OUTER_BOUND('',#4779,.T.);
#4781 = FACE_SURFACE('',(#4780),#4766,.T.);
#4782 = PLANE('',#7,(0.0,0.0,1.0));
#4783 = LINE('',#653,(1.0,0.0,0.0));
#4784 = EDGE_CURVE('',#653,#631,#4783,.T.);
#4785 = ORIENTED_EDGE('',*,*,#4784,.T.);
#4786 = LINE('',#631,(1.0,0.0,0.0));
#4787 = EDGE_CURVE('',#631,#629,#4786,.T.);
#4788 = ORIENTED_EDGE('',*,*,#4787,.T.);
#4789 = LINE('',#629,(1.0,0.0,0.0));
#4790 = EDGE_CURVE('',#629,#645,#4789,.T.);
#4791 = ORIENTED_EDGE('',*,*,#4790,.T.);
#4792 = LINE('',#645,(1.0,0.0,0.0));
#4793 = EDGE_CURVE('',#645,#653,#4792,.T.);
#4794 = ORIENTED_EDGE('',*,*,#4793,.T.);
#4795 = EDGE_LOOP('',(#4785,#4788,#4791,#4794));
#4796 = FACE_OUTER_BOUND('',#4795,.T.);
#4797 = FACE_SURFACE('',(#4796),#4782,.T.);
#4798 = PLANE('',#7,(0.0,0.0,1.0));
#4799 = LINE('',#73,(1.0,0.0,0.0));
#4800 = EDGE_CURVE('',#73,#655,#4799,.T.);
#4801 = ORIENTED_EDGE('',*,*,#4800,.T.);
#4802 = LINE('',#655,(1.0,0.0,0.0));
#4803 = EDGE_CURVE('',#655,#171,#4802,.T.);
#4804 = ORIENTED_EDGE('',*,*,#4803,.T.);
#4805 = LINE('',#171,(1.0,0.0,0.0));
#4806 = EDGE_CURVE('',#171,#71,#4805,.T.);
#4807 = ORIENTED_EDGE('',*,*,#4806,.T.);
#4808 = LINE('',#71,(1.0,0.0,0.0));
#4809 = EDGE_CURVE('',#71,#73,#4808,.T.);
#4810 = ORIENTED_EDGE('',*,*,#4809,.T.);
#4811 = EDGE_LOOP('',(#4801,#4804,#4807,#4810));
#4812 = FACE_OUTER_BOUND('',#4811,.T.);
#4813 = FACE_SURFACE('',(#4812),#4798,.T.);
#4814 = PLANE('',#7,(0.0,0.0,1.0));
#4815 = LINE('',#655,(1.0,0.0,0.0));
#4816 = EDGE_CURVE('',#655,#651,#4815,.T.);
#4817 = ORIENTED_EDGE('',*,*,#4816,.T.);
#4818 = LINE('',#651,(1.0,0.0,0.0));
#4819 = EDGE_CURVE('',#651,#173,#4818,.T.);
#4820 = ORIENTED_EDGE('',*,*,#4819,.T.);
#4821 = LINE('',#173,(1.0,0.0,0.0));
#4822 = EDGE_CURVE('',#173,#171,#4821,.T.);
#4823 = ORIENTED_EDGE('',*,*,#4822,.T.);
#4824 = LINE('',#171,(1.0,0.0,0.0));
#4825 = EDGE_CURVE('',#171,#655,#4824,.T.);
#4826 = ORIENTED_EDGE('',*,*,#4825,.T.);
#4827 = EDGE_LOOP('',(#4817,#4820,#4823,#4826));
#4828 = FACE_OUTER_BOUND('',#4827,.T.);
#4829 = FACE_SURFACE('',(#4828),#4814,.T.);
#4830 = PLANE('',#7,(0.0,0.0,1.0));
#4831 = LINE('',#75,(1.0,0.0,0.0));
#4832 = EDGE_CURVE('',#75,#657,#4831,.T.);
#4833 = ORIENTED_EDGE('',*,*,#4832,.T.);
#4834 = LINE('',#657,(1.0,0.0,0.0));
#4835 = EDGE_CURVE('',#657,#655,#4834,.T.);
#4836 = ORIENTED_EDGE('',*,*,#4835,.T.);
#4837 = LINE('',#655,(1.0,0.0,0.0));
#4838 = EDGE_CURVE('',#655,#73,#4837,.T.);
#4839 = ORIENTED_EDGE('',*,*,#4838,.T.);
#4840 = LINE('',#73,(1.0,0.0,0.0));
#4841 = EDGE_CURVE('',#73,#75,#4840,.T.);
#4842 = ORIENTED_EDGE('',*,*,#4841,.T.);
#4843 = EDGE_LOOP('',(#4833,#4836,#4839,#4842));
#4844 = FACE_OUTER_BOUND('',#4843,.T.);
#4845 = FACE_SURFACE('',(#4844),#4830,.T.);
#4846 = PLANE('',#7,(0.0,0.0,1.0));
#4847 = LINE('',#657,(1.0,0.0,0.0));
#4848 = EDGE_CURVE('',#657,#653,#4847,.T.);
#4849 = ORIENTED_EDGE('',*,*,#4848,.T.);
#4850 = LINE('',#653,(1.0,0.0,0.0));
#4851 = EDGE_CURVE('',#653,#651,#4850,.T.);
#4852 = ORIENTED_EDGE('',*,*,#4851,.T.);
#4853 = LINE('',#651,(1.0,0.0,0.0));
#4854 = EDGE_CURVE('',#651,#655,#4853,.T.);
#4855 = ORIENTED_EDGE('',*,*,#4854,.T.);
#4856 = LINE('',#655,(1.0,0.0,0.0));
#4857 = EDGE_CURVE('',#655,#657,#4856,.T.);
#4858 = ORIENTED_EDGE('',*,*,#4857,.T.);
#4859 = EDGE_LOOP('',(#4849,#4852,#4855,#4858));
#4860 = FACE_OUTER_BOUND('',#4859,.T.);
#4861 = FACE_SURFACE('',(#4860),#4846,.T.);
#4862 = PLANE('',#7,(0.0,0.0,1.0));
#4863 = LINE('',#77,(1.0,0.0,0.0));
#4864 = EDGE_CURVE('',#77,#633,#4863,.T.);
#4865 = ORIENTED_EDGE('',*,*,#4864,.T.);
#4866 = LINE('',#633,(1.0,0.0,0.0));
#4867 = EDGE_CURVE('',#633,#657,#4866,.T.);
#4868 = ORIENTED_EDGE('',*,*,#4867,.T.);
#4869 = LINE('',#657,(1.0,0.0,0.0));
#4870 = EDGE_CURVE('',#657,#75,#4869,.T.);
#4871 = ORIENTED_EDGE('',*,*,#4870,.T.);
#4872 = LINE('',#75,(1.0,0.0,0.0));
#4873 = EDGE_CURVE('',#75,#77,#4872,.T.);
#4874 = ORIENTED_EDGE('',*,*,#4873,.T.);
#4875 = EDGE_LOOP('',(#4865,#4868,#4871,#4874));
#4876 = FACE_OUTER_BOUND('',#4875,.T.);
#4877 = FACE_SURFACE('',(#4876),#4862,.T.);
#4878 = PLANE('',#7,(0.0,0.0,1.0));
#4879 = LINE('',#633,(1.0,0.0,0.0));
#4880 = EDGE_CURVE('',#633,#631,#4879,.T.);
#4881 = ORIENTED_EDGE('',*,*,#4880,.T.);
#4882 = LINE('',#631,(1.0,0.0,0.0));
#4883 = EDGE_CURVE('',#631,#653,#4882,.T.);
#4884 = ORIENTED_EDGE('',*,*,#4883,.T.);
#4885 = LINE('',#653,(1.0,0.0,0.0));
#4886 = EDGE_CURVE('',#653,#657,#4885,.T.);
#4887 = ORIENTED_EDGE('',*,*,#4886,.T.);
#4888 = LINE('',#657,(1.0,0.0,0.0));
#4889 = EDGE_CURVE('',#657,#633,#4888,.T.);
#4890 = ORIENTED_EDGE('',*,*,#4889,.T.);
#4891 = EDGE_LOOP('',(#4881,#4884,#4887,#4890));
#4892 = FACE_OUTER_BOUND('',#4891,.T.);
#4893 = FACE_SURFACE('',(#4892),#4878,.T.);
#4894 = PLANE('',#7,(0.0,0.0,1.0));
#4895 = LINE('',#667,(1.0,0.0,0.0));
#4896 = EDGE_CURVE('',#667,#677,#4895,.T.);
#4897 = ORIENTED_EDGE('',*,*,#4896,.T.);
#4898 = LINE('',#677,(1.0,0.0,0.0));
#4899 = EDGE_CURVE('',#677,#551,#4898,.T.);
#4900 = ORIENTED_EDGE('',*,*,#4899,.T.);
#4901 = LINE('',#551,(1.0,0.0,0.0));
#4902 = EDGE_CURVE('',#551,#553,#4901,.T.);
#4903 = ORIENTED_EDGE('',*,*,#4902,.T.);
#4904 = LINE('',#553,(1.0,0.0,0.0));
#4905 = EDGE_CURVE('',#553,#667,#4904,.T.);
#4906 = ORIENTED_EDGE('',*,*,#4905,.T.);
#4907 = EDGE_LOOP('',(#4897,#4900,#4903,#4906));
#4908 = FACE_OUTER_BOUND('',#4907,.T.);
#4909 = FACE_SURFACE('',(#4908),#4894,.T.);
#4910 = PLANE('',#7,(0.0,0.0,1.0));
#4911 = LINE('',#677,(1.0,0.0,0.0));
#4912 = EDGE_CURVE('',#677,#109,#4911,.T.);
#4913 = ORIENTED_EDGE('',*,*,#4912,.T.);
#4914 = LINE('',#109,(1.0,0.0,0.0));
#4915 = EDGE_CURVE('',#109,#111,#4914,.T.);
#4916 = ORIENTED_EDGE('',*,*,#4915,.T.);
#4917 = LINE('',#111,(1.0,0.0,0.0));
#4918 = EDGE_CURVE('',#111,#551,#4917,.T.);
#4919 = ORIENTED_EDGE('',*,*,#4918,.T.);
#4920 = LINE('',#551,(1.0,0.0,0.0));
#4921 = EDGE_CURVE('',#551,#677,#4920,.T.);
#4922 = ORIENTED_EDGE('',*,*,#4921,.T.);
#4923 = EDGE_LOOP('',(#4913,#4916,#4919,#4922));
#4924 = FACE_OUTER_BOUND('',#4923,.T.);
#4925 = FACE_SURFACE('',(#4924),#4910,.T.);
#4926 = PLANE('',#7,(0.0,0.0,1.0));
#4927 = LINE('',#669,(1.0,0.0,0.0));
#4928 = EDGE_CURVE('',#669,#675,#4927,.T.);
#4929 = ORIENTED_EDGE('',*,*,#4928,.T.);
#4930 = LINE('',#675,(1.0,0.0,0.0));
#4931 = EDGE_CURVE('',#675,#677,#4930,.T.);
#4932 = ORIENTED_EDGE('',*,*,#4931,.T.);
#4933 = LINE('',#677,(1.0,0.0,0.0));
#4934 = EDGE_CURVE('',#677,#667,#4933,.T.);
#4935 = ORIENTED_EDGE('',*,*,#4934,.T.);
#4936 = LINE('',#667,(1.0,0.0,0.0));
#4937 = EDGE_CURVE('',#667,#669,#4936,.T.);
#4938 = ORIENTED_EDGE('',*,*,#4937,.T.);
#4939 = EDGE_LOOP('',(#4929,#4932,#4935,#4938));
#4940 = FACE_OUTER_BOUND('',#4939,.T.);
#4941 = FACE_SURFACE('',(#4940),#4926,.T.);
#4942 = PLANE('',#7,(0.0,0.0,1.0));
#4943 = LINE('',#675,(1.0,0.0,0.0));
#4944 = EDGE_CURVE('',#675,#107,#4943,.T.);
#4945 = ORIENTED_EDGE('',*,*,#4944,.T.);
#4946 = LINE('',#107,(1.0,0.0,0.0));
#4947 = EDGE_CURVE('',#107,#109,#4946,.T.);
#4948 = ORIENTED_EDGE('',*,*,#4947,.T.);
#4949 = LINE('',#109,(1.0,0.0,0.0));
#4950 = EDGE_CURVE('',#109,#677,#4949,.T.);
#4951 = ORIENTED_EDGE('',*,*,#4950,.T.);
#4952 = LINE('',#677,(1.0,0.0,0.0));
#4953 = EDGE_CURVE('',#677,#675,#4952,.T.);
#4954 = ORIENTED_EDGE('',*,*,#4953,.T.);
#4955 = EDGE_LOOP('',(#4945,#4948,#4951,#4954));
#4956 = FACE_OUTER_BOUND('',#4955,.T.);
#4957 = FACE_SURFACE('',(#4956),#4942,.T.);
#4958 = PLANE('',#7,(0.0,0.0,1.0));
#4959 = LINE('',#671,(1.0,0.0,0.0));
#4960 = EDGE_CURVE('',#671,#679,#4959,.T.);
#4961 = ORIENTED_EDGE('',*,*,#4960,.T.);
#4962 = LINE('',#679,(1.0,0.0,0.0));
#4963 = EDGE_CURVE('',#679,#675,#4962,.T.);
#4964 = ORIENTED_EDGE('',*,*,#4963,.T.);
#4965 = LINE('',#675,(1.0,0.0,0.0));
#4966 = EDGE_CURVE('',#675,#669,#4965,.T.);
#4967 = ORIENTED_EDGE('',*,*,#4966,.T.);
#4968 = LINE('',#669,(1.0,0.0,0.0));
#4969 = EDGE_CURVE('',#669,#671,#4968,.T.);
#4970 = ORIENTED_EDGE('',*,*,#4969,.T.);
#4971 = EDGE_LOOP('',(#4961,#4964,#4967,#4970));
#4972 = FACE_OUTER_BOUND('',#4971,.T.);
#4973 = FACE_SURFACE('',(#4972),#4958,.T.);
#4974 = PLANE('',#7,(0.0,0.0,1.0));
#4975 = LINE('',#679,(1.0,0.0,0.0));
#4976 = EDGE_CURVE('',#679,#105,#4975,.T.);
#4977 = ORIENTED_EDGE('',*,*,#4976,.T.);
#4978 = LINE('',#105,(1.0,0.0,0.0));
#4979 = EDGE_CURVE('',#105,#107,#4978,.T.);
#4980 = ORIENTED_EDGE('',*,*,#4979,.T.);
#4981 = LINE('',#107,(1.0,0.0,0.0));
#4982 = EDGE_CURVE('',#107,#675,#4981,.T.);
#4983 = ORIENTED_EDGE('',*,*,#4982,.T.);
#4984 = LINE('',#675,(1.0,0.0,0.0));
#4985 = EDGE_CURVE('',#675,#679,#4984,.T.);
#4986 = ORIENTED_EDGE('',*,*,#4985,.T.);
#4987 = EDGE_LOOP('',(#4977,#4980,#4983,#4986));
#4988 = FACE_OUTER_BOUND('',#4987,.T.);
#4989 = FACE_SURFACE('',(#4988),#4974,.T.);
#4990 = PLANE('',#7,(0.0,0.0,1.0));
#4991 = LINE('',#673,(1.0,0.0,0.0));
#4992 = EDGE_CURVE('',#673,#681,#4991,.T.);
#4993 = ORIENTED_EDGE('',*,*,#4992,.T.);
#4994 = LINE('',#681,(1.0,0.0,0.0));
#4995 = EDGE_CURVE('',#681,#679,#4994,.T.);
#4996 = ORIENTED_EDGE('',*,*,#4995,.T.);
#4997 = LINE('',#679,(1.0,0.0,0.0));
#4998 = EDGE_CURVE('',#679,#671,#4997,.T.);
#4999 = ORIENTED_EDGE('',*,*,#4998,.T.);
#5000 = LINE('',#671,(1.0,0.0,0.0));
#5001 = EDGE_CURVE('',#671,#673,#5000,.T.);
#5002 = ORIENTED_EDGE('',*,*,#5001,.T.);
#5003 = EDGE_LOOP('',(#4993,#4996,#4999,#5002));
#5004 = FACE_OUTER_BOUND('',#5003,.T.);
#5005 = FACE_SURFACE('',(#5004),#4990,.T.);
#5006 = PLANE('',#7,(0.0,0.0,1.0));
#5007 = LINE('',#681,(1.0,0.0,0.0));
#5008 = EDGE_CURVE('',#681,#103,#5007,.T.);
#5009 = ORIENTED_EDGE('',*,*,#5008,.T.);
#5010 = LINE('',#103,(1.0,0.0,0.0));
#5011 = EDGE_CURVE('',#103,#105,#5010,.T.);
#5012 = ORIENTED_EDGE('',*,*,#5011,.T.);
#5013 = LINE('',#105,(1.0,0.0,0.0));
#5014 = EDGE_CURVE('',#105,#679,#5013,.T.);
#5015 = ORIENTED_EDGE('',*,*,#5014,.T.);
#5016 = LINE('',#679,(1.0,0.0,0.0));
#5017 = EDGE_CURVE('',#679,#681,#5016,.T.);
#5018 = ORIENTED_EDGE('',*,*,#5017,.T.);
#5019 = EDGE_LOOP('',(#5009,#5012,#5015,#5018));
#5020 = FACE_OUTER_BOUND('',#5019,.T.);
#5021 = FACE_SURFACE('',(#5020),#5006,.T.);
#5022 = PLANE('',#7,(0.0,0.0,1.0));
#5023 = LINE('',#571,(1.0,0.0,0.0));
#5024 = EDGE_CURVE('',#571,#569,#5023,.T.);
#5025 = ORIENTED_EDGE('',*,*,#5024,.T.);
#5026 = LINE('',#569,(1.0,0.0,0.0));
#5027 = EDGE_CURVE('',#569,#681,#5026,.T.);
#5028 = ORIENTED_EDGE('',*,*,#5027,.T.);
#5029 = LINE('',#681,(1.0,0.0,0.0));
#5030 = EDGE_CURVE('',#681,#673,#5029,.T.);
#5031 = ORIENTED_EDGE('',*,*,#5030,.T.);
#5032 = LINE('',#673,(1.0,0.0,0.0));
#5033 = EDGE_CURVE('',#673,#571,#5032,.T.);
#5034 = ORIENTED_EDGE('',*,*,#5033,.T.);
#5035 = EDGE_LOOP('',(#5025,#5028,#5031,#5034));
#5036 = FACE_OUTER_BOUND('',#5035,.T.);
#5037 = FACE_SURFACE('',(#5036),#5022,.T.);
#5038 = PLANE('',#7,(0.0,0.0,1.0));
#5039 = LINE('',#569,(1.0,0.0,0.0));
#5040 = EDGE_CURVE('',#569,#101,#5039,.T.);
#5041 = ORIENTED_EDGE('',*,*,#5040,.T.);
#5042 = LINE('',#101,(1.0,0.0,0.0));
#5043 = EDGE_CURVE('',#101,#103,#5042,.T.);
#5044 = ORIENTED_EDGE('',*,*,#5043,.T.);
#5045 = LINE('',#103,(1.0,0.0,0.0));
#5046 = EDGE_CURVE('',#103,#681,#5045,.T.);
#5047 = ORIENTED_EDGE('',*,*,#5046,.T.);
#5048 = LINE('',#681,(1.0,0.0,0.0));
#5049 = EDGE_CURVE('',#681,#569,#5048,.T.);
#5050 = ORIENTED_EDGE('',*,*,#5049,.T.);
#5051 = EDGE_LOOP('',(#5041,#5044,#5047,#5050));
#5052 = FACE_OUTER_BOUND('',#5051,.T.);
#5053 = FACE_SURFACE('',(#5052),#5038,.T.);
#5054 = PLANE('',#7,(0.0,0.0,1.0));
#5055 = LINE('',#683,(1.0,0.0,0.0));
#5056 = EDGE_CURVE('',#683,#687,#5055,.T.);
#5057 = ORIENTED_EDGE('',*,*,#5056,.T.);
#5058 = LINE('',#687,(1.0,0.0,0.0));
#5059 = EDGE_CURVE('',#687,#659,#5058,.T.);
#5060 = ORIENTED_EDGE('',*,*,#5059,.T.);
#5061 = LINE('',#659,(1.0,0.0,0.0));
#5062 = EDGE_CURVE('',#659,#661,#5061,.T.);
#5063 = ORIENTED_EDGE('',*,*,#5062,.T.);
#5064 = LINE('',#661,(1.0,0.0,0.0));
#5065 = EDGE_CURVE('',#661,#683,#5064,.T.);
#5066 = ORIENTED_EDGE('',*,*,#5065,.T.);
#5067 = EDGE_LOOP('',(#5057,#5060,#5063,#5066));
#5068 = FACE_OUTER_BOUND('',#5067,.T.);
#5069 = FACE_SURFACE('',(#5068),#5054,.T.);
#5070 = PLANE('',#7,(0.0,0.0,1.0));
#5071 = LINE('',#687,(1.0,0.0,0.0));
#5072 = EDGE_CURVE('',#687,#557,#5071,.T.);
#5073 = ORIENTED_EDGE('',*,*,#5072,.T.);
#5074 = LINE('',#557,(1.0,0.0,0.0));
#5075 = EDGE_CURVE('',#557,#559,#5074,.T.);
#5076 = ORIENTED_EDGE('',*,*,#5075,.T.);
#5077 = LINE('',#559,(1.0,0.0,0.0));
#5078 = EDGE_CURVE('',#559,#659,#5077,.T.);
#5079 = ORIENTED_EDGE('',*,*,#5078,.T.);
#5080 = LINE('',#659,(1.0,0.0,0.0));
#5081 = EDGE_CURVE('',#659,#687,#5080,.T.);
#5082 = ORIENTED_EDGE('',*,*,#5081,.T.);
#5083 = EDGE_LOOP('',(#5073,#5076,#5079,#5082));
#5084 = FACE_OUTER_BOUND('',#5083,.T.);
#5085 = FACE_SURFACE('',(#5084),#5070,.T.);
#5086 = PLANE('',#7,(0.0,0.0,1.0));
#5087 = LINE('',#685,(1.0,0.0,0.0));
#5088 = EDGE_CURVE('',#685,#689,#5087,.T.);
#5089 = ORIENTED_EDGE('',*,*,#5088,.T.);
#5090 = LINE('',#689,(1.0,0.0,0.0));
#5091 = EDGE_CURVE('',#689,#687,#5090,.T.);
#5092 = ORIENTED_EDGE('',*,*,#5091,.T.);
#5093 = LINE('',#687,(1.0,0.0,0.0));
#5094 = EDGE_CURVE('',#687,#683,#5093,.T.);
#5095 = ORIENTED_EDGE('',*,*,#5094,.T.);
#5096 = LINE('',#683,(1.0,0.0,0.0));
#5097 = EDGE_CURVE('',#683,#685,#5096,.T.);
#5098 = ORIENTED_EDGE('',*,*,#5097,.T.);
#5099 = EDGE_LOOP('',(#5089,#5092,#5095,#5098));
#5100 = FACE_OUTER_BOUND('',#5099,.T.);
#5101 = FACE_SURFACE('',(#5100),#5086,.T.);
#5102 = PLANE('',#7,(0.0,0.0,1.0));
#5103 = LINE('',#689,(1.0,0.0,0.0));
#5104 = EDGE_CURVE('',#689,#555,#5103,.T.);
#5105 = ORIENTED_EDGE('',*,*,#5104,.T.);
#5106 = LINE('',#555,(1.0,0.0,0.0));
#5107 = EDGE_CURVE('',#555,#557,#5106,.T.);
#5108 = ORIENTED_EDGE('',*,*,#5107,.T.);
#5109 = LINE('',#557,(1.0,0.0,0.0));
#5110 = EDGE_CURVE('',#557,#687,#5109,.T.);
#5111 = ORIENTED_EDGE('',*,*,#5110,.T.);
#5112 = LINE('',#687,(1.0,0.0,0.0));
#5113 = EDGE_CURVE('',#687,#689,#5112,.T.);
#5114 = ORIENTED_EDGE('',*,*,#5113,.T.);
#5115 = EDGE_LOOP('',(#5105,#5108,#5111,#5114));
#5116 = FACE_OUTER_BOUND('',#5115,.T.);
#5117 = FACE_SURFACE('',(#5116),#5102,.T.);
#5118 = PLANE('',#7,(0.0,0.0,1.0));
#5119 = LINE('',#669,(1.0,0.0,0.0));
#5120 = EDGE_CURVE('',#669,#667,#5119,.T.);
#5121 = ORIENTED_EDGE('',*,*,#5120,.T.);
#5122 = LINE('',#667,(1.0,0.0,0.0));
#5123 = EDGE_CURVE('',#667,#689,#5122,.T.);
#5124 = ORIENTED_EDGE('',*,*,#5123,.T.);
#5125 = LINE('',#689,(1.0,0.0,0.0));
#5126 = EDGE_CURVE('',#689,#685,#5125,.T.);
#5127 = ORIENTED_EDGE('',*,*,#5126,.T.);
#5128 = LINE('',#685,(1.0,0.0,0.0));
#5129 = EDGE_CURVE('',#685,#669,#5128,.T.);
#5130 = ORIENTED_EDGE('',*,*,#5129,.T.);
#5131 = EDGE_LOOP('',(#5121,#5124,#5127,#5130));
#5132 = FACE_OUTER_BOUND('',#5131,.T.);
#5133 = FACE_SURFACE('',(#5132),#5118,.T.);
#5134 = PLANE('',#7,(0.0,0.0,1.0));
#5135 = LINE('',#667,(1.0,0.0,0.0));
#5136 = EDGE_CURVE('',#667,#553,#5135,.T.);
#5137 = ORIENTED_EDGE('',*,*,#5136,.T.);
#5138 = LINE('',#553,(1.0,0.0,0.0));
#5139 = EDGE_CURVE('',#553,#555,#5138,.T.);
#5140 = ORIENTED_EDGE('',*,*,#5139,.T.);
#5141 = LINE('',#555,(1.0,0.0,0.0));
#5142 = EDGE_CURVE('',#555,#689,#5141,.T.);
#5143 = ORIENTED_EDGE('',*,*,#5142,.T.);
#5144 = LINE('',#689,(1.0,0.0,0.0));
#5145 = EDGE_CURVE('',#689,#667,#5144,.T.);
#5146 = ORIENTED_EDGE('',*,*,#5145,.T.);
#5147 = EDGE_LOOP('',(#5137,#5140,#5143,#5146));
#5148 = FACE_OUTER_BOUND('',#5147,.T.);
#5149 = FACE_SURFACE('',(#5148),#5134,.T.);
#5150 = PLANE('',#7,(0.0,0.0,1.0));
#5151 = LINE('',#663,(1.0,0.0,0.0));
#5152 = EDGE_CURVE('',#663,#691,#5151,.T.);
#5153 = ORIENTED_EDGE('',*,*,#5152,.T.);
#5154 = LINE('',#691,(1.0,0.0,0.0));
#5155 = EDGE_CURVE('',#691,#683,#5154,.T.);
#5156 = ORIENTED_EDGE('',*,*,#5155,.T.);
#5157 = LINE('',#683,(1.0,0.0,0.0));
#5158 = EDGE_CURVE('',#683,#661,#5157,.T.);
#5159 = ORIENTED_EDGE('',*,*,#5158,.T.);
#5160 = LINE('',#661,(1.0,0.0,0.0));
#5161 = EDGE_CURVE('',#661,#663,#5160,.T.);
#5162 = ORIENTED_EDGE('',*,*,#5161,.T.);
#5163 = EDGE_LOOP('',(#5153,#5156,#5159,#5162));
#5164 = FACE_OUTER_BOUND('',#5163,.T.);
#5165 = FACE_SURFACE('',(#5164),#5150,.T.);
#5166 = PLANE('',#7,(0.0,0.0,1.0));
#5167 = LINE('',#691,(1.0,0.0,0.0));
#5168 = EDGE_CURVE('',#691,#693,#5167,.T.);
#5169 = ORIENTED_EDGE('',*,*,#5168,.T.);
#5170 = LINE('',#693,(1.0,0.0,0.0));
#5171 = EDGE_CURVE('',#693,#685,#5170,.T.);
#5172 = ORIENTED_EDGE('',*,*,#5171,.T.);
#5173 = LINE('',#685,(1.0,0.0,0.0));
#5174 = EDGE_CURVE('',#685,#683,#5173,.T.);
#5175 = ORIENTED_EDGE('',*,*,#5174,.T.);
#5176 = LINE('',#683,(1.0,0.0,0.0));
#5177 = EDGE_CURVE('',#683,#691,#5176,.T.);
#5178 = ORIENTED_EDGE('',*,*,#5177,.T.);
#5179 = EDGE_LOOP('',(#5169,#5172,#5175,#5178));
#5180 = FACE_OUTER_BOUND('',#5179,.T.);
#5181 = FACE_SURFACE('',(#5180),#5166,.T.);
#5182 = PLANE('',#7,(0.0,0.0,1.0));
#5183 = LINE('',#693,(1.0,0.0,0.0));
#5184 = EDGE_CURVE('',#693,#671,#5183,.T.);
#5185 = ORIENTED_EDGE('',*,*,#5184,.T.);
#5186 = LINE('',#671,(1.0,0.0,0.0));
#5187 = EDGE_CURVE('',#671,#669,#5186,.T.);
#5188 = ORIENTED_EDGE('',*,*,#5187,.T.);
#5189 = LINE('',#669,(1.0,0.0,0.0));
#5190 = EDGE_CURVE('',#669,#685,#5189,.T.);
#5191 = ORIENTED_EDGE('',*,*,#5190,.T.);
#5192 = LINE('',#685,(1.0,0.0,0.0));
#5193 = EDGE_CURVE('',#685,#693,#5192,.T.);
#5194 = ORIENTED_EDGE('',*,*,#5193,.T.);
#5195 = EDGE_LOOP('',(#5185,#5188,#5191,#5194));
#5196 = FACE_OUTER_BOUND('',#5195,.T.);
#5197 = FACE_SURFACE('',(#5196),#5182,.T.);
#5198 = PLANE('',#7,(0.0,0.0,1.0));
#5199 = LINE('',#575,(1.0,0.0,0.0));
#5200 = EDGE_CURVE('',#575,#695,#5199,.T.);
#5201 = ORIENTED_EDGE('',*,*,#5200,.T.);
#5202 = LINE('',#695,(1.0,0.0,0.0));
#5203 = EDGE_CURVE('',#695,#665,#5202,.T.);
#5204 = ORIENTED_EDGE('',*,*,#5203,.T.);
#5205 = LINE('',#665,(1.0,0.0,0.0));
#5206 = EDGE_CURVE('',#665,#577,#5205,.T.);
#5207 = ORIENTED_EDGE('',*,*,#5206,.T.);
#5208 = LINE('',#577,(1.0,0.0,0.0));
#5209 = EDGE_CURVE('',#577,#575,#5208,.T.);
#5210 = ORIENTED_EDGE('',*,*,#5209,.T.);
#5211 = EDGE_LOOP('',(#5201,#5204,#5207,#5210));
#5212 = FACE_OUTER_BOUND('',#5211,.T.);
#5213 = FACE_SURFACE('',(#5212),#5198,.T.);
#5214 = PLANE('',#7,(0.0,0.0,1.0));
#5215 = LINE('',#695,(1.0,0.0,0.0));
#5216 = EDGE_CURVE('',#695,#691,#5215,.T.);
#5217 = ORIENTED_EDGE('',*,*,#5216,.T.);
#5218 = LINE('',#691,(1.0,0.0,0.0));
#5219 = EDGE_CURVE('',#691,#663,#5218,.T.);
#5220 = ORIENTED_EDGE('',*,*,#5219,.T.);
#5221 = LINE('',#663,(1.0,0.0,0.0));
#5222 = EDGE_CURVE('',#663,#665,#5221,.T.);
#5223 = ORIENTED_EDGE('',*,*,#5222,.T.);
#5224 = LINE('',#665,(1.0,0.0,0.0));
#5225 = EDGE_CURVE('',#665,#695,#5224,.T.);
#5226 = ORIENTED_EDGE('',*,*,#5225,.T.);
#5227 = EDGE_LOOP('',(#5217,#5220,#5223,#5226));
#5228 = FACE_OUTER_BOUND('',#5227,.T.);
#5229 = FACE_SURFACE('',(#5228),#5214,.T.);
#5230 = PLANE('',#7,(0.0,0.0,1.0));
#5231 = LINE('',#573,(1.0,0.0,0.0));
#5232 = EDGE_CURVE('',#573,#697,#5231,.T.);
#5233 = ORIENTED_EDGE('',*,*,#5232,.T.);
#5234 = LINE('',#697,(1.0,0.0,0.0));
#5235 = EDGE_CURVE('',#697,#695,#5234,.T.);
#5236 = ORIENTED_EDGE('',*,*,#5235,.T.);
#5237 = LINE('',#695,(1.0,0.0,0.0));
#5238 = EDGE_CURVE('',#695,#575,#5237,.T.);
#5239 = ORIENTED_EDGE('',*,*,#5238,.T.);
#5240 = LINE('',#575,(1.0,0.0,0.0));
#5241 = EDGE_CURVE('',#575,#573,#5240,.T.);
#5242 = ORIENTED_EDGE('',*,*,#5241,.T.);
#5243 = EDGE_LOOP('',(#5233,#5236,#5239,#5242));
#5244 = FACE_OUTER_BOUND('',#5243,.T.);
#5245 = FACE_SURFACE('',(#5244),#5230,.T.);
#5246 = PLANE('',#7,(0.0,0.0,1.0));
#5247 = LINE('',#697,(1.0,0.0,0.0));
#5248 = EDGE_CURVE('',#697,#693,#5247,.T.);
#5249 = ORIENTED_EDGE('',*,*,#5248,.T.);
#5250 = LINE('',#693,(1.0,0.0,0.0));
#5251 = EDGE_CURVE('',#693,#691,#5250,.T.);
#5252 = ORIENTED_EDGE('',*,*,#5251,.T.);
#5253 = LINE('',#691,(1.0,0.0,0.0));
#5254 = EDGE_CURVE('',#691,#695,#5253,.T.);
#5255 = ORIENTED_EDGE('',*,*,#5254,.T.);
#5256 = LINE('',#695,(1.0,0.0,0.0));
#5257 = EDGE_CURVE('',#695,#697,#5256,.T.);
#5258 = ORIENTED_EDGE('',*,*,#5257,.T.);
#5259 = EDGE_LOOP('',(#5249,#5252,#5255,#5258));
#5260 = FACE_OUTER_BOUND('',#5259,.T.);
#5261 = FACE_SURFACE('',(#5260),#5246,.T.);
#5262 = PLANE('',#7,(0.0,0.0,1.0));
#5263 = LINE('',#571,(1.0,0.0,0.0));
#5264 = EDGE_CURVE('',#571,#673,#5263,.T.);
#5265 = ORIENTED_EDGE('',*,*,#5264,.T.);
#5266 = LINE('',#673,(1.0,0.0,0.0));
#5267 = EDGE_CURVE('',#673,#697,#5266,.T.);
#5268 = ORIENTED_EDGE('',*,*,#5267,.T.);
#5269 = LINE('',#697,(1.0,0.0,0.0));
#5270 = EDGE_CURVE('',#697,#573,#5269,.T.);
#5271 = ORIENTED_EDGE('',*,*,#5270,.T.);
#5272 = LINE('',#573,(1.0,0.0,0.0));
#5273 = EDGE_CURVE('',#573,#571,#5272,.T.);
#5274 = ORIENTED_EDGE('',*,*,#5273,.T.);
#5275 = EDGE_LOOP('',(#5265,#5268,#5271,#5274));
#5276 = FACE_OUTER_BOUND('',#5275,.T.);
#5277 = FACE_SURFACE('',(#5276),#5262,.T.);
#5278 = PLANE('',#7,(0.0,0.0,1.0));
#5279 = LINE('',#673,(1.0,0.0,0.0));
#5280 = EDGE_CURVE('',#673,#671,#5279,.T.);
#5281 = ORIENTED_EDGE('',*,*,#5280,.T.);
#5282 = LINE('',#671,(1.0,0.0,0.0));
#5283 = EDGE_CURVE('',#671,#693,#5282,.T.);
#5284 = ORIENTED_EDGE('',*,*,#5283,.T.);
#5285 = LINE('',#693,(1.0,0.0,0.0));
#5286 = EDGE_CURVE('',#693,#697,#5285,.T.);
#5287 = ORIENTED_EDGE('',*,*,#5286,.T.);
#5288 = LINE('',#697,(1.0,0.0,0.0));
#5289 = EDGE_CURVE('',#697,#673,#5288,.T.);
#5290 = ORIENTED_EDGE('',*,*,#5289,.T.);
#5291 = EDGE_LOOP('',(#5281,#5284,#5287,#5290));
#5292 = FACE_OUTER_BOUND('',#5291,.T.);
#5293 = FACE_SURFACE('',(#5292),#5278,.T.);
#5294 = PLANE('',#7,(0.0,0.0,1.0));
#5295 = LINE('',#699,(1.0,0.0,0.0));
#5296 = EDGE_CURVE('',#699,#709,#5295,.T.);
#5297 = ORIENTED_EDGE('',*,*,#5296,.T.);
#5298 = LINE('',#709,(1.0,0.0,0.0));
#5299 = EDGE_CURVE('',#709,#561,#5298,.T.);
#5300 = ORIENTED_EDGE('',*,*,#5299,.T.);
#5301 = LINE('',#561,(1.0,0.0,0.0));
#5302 = EDGE_CURVE('',#561,#563,#5301,.T.);
#5303 = ORIENTED_EDGE('',*,*,#5302,.T.);
#5304 = LINE('',#563,(1.0,0.0,0.0));
#5305 = EDGE_CURVE('',#563,#699,#5304,.T.);
#5306 = ORIENTED_EDGE('',*,*,#5305,.T.);
#5307 = EDGE_LOOP('',(#5297,#5300,#5303,#5306));
#5308 = FACE_OUTER_BOUND('',#5307,.T.);
#5309 = FACE_SURFACE('',(#5308),#5294,.T.);
#5310 = PLANE('',#7,(0.0,0.0,1.0));
#5311 = LINE('',#709,(1.0,0.0,0.0));
#5312 = EDGE_CURVE('',#709,#659,#5311,.T.);
#5313 = ORIENTED_EDGE('',*,*,#5312,.T.);
#5314 = LINE('',#659,(1.0,0.0,0.0));
#5315 = EDGE_CURVE('',#659,#559,#5314,.T.);
#5316 = ORIENTED_EDGE('',*,*,#5315,.T.);
#5317 = LINE('',#559,(1.0,0.0,0.0));
#5318 = EDGE_CURVE('',#559,#561,#5317,.T.);
#5319 = ORIENTED_EDGE('',*,*,#5318,.T.);
#5320 = LINE('',#561,(1.0,0.0,0.0));
#5321 = EDGE_CURVE('',#561,#709,#5320,.T.);
#5322 = ORIENTED_EDGE('',*,*,#5321,.T.);
#5323 = EDGE_LOOP('',(#5313,#5316,#5319,#5322));
#5324 = FACE_OUTER_BOUND('',#5323,.T.);
#5325 = FACE_SURFACE('',(#5324),#5310,.T.);
#5326 = PLANE('',#7,(0.0,0.0,1.0));
#5327 = LINE('',#701,(1.0,0.0,0.0));
#5328 = EDGE_CURVE('',#701,#707,#5327,.T.);
#5329 = ORIENTED_EDGE('',*,*,#5328,.T.);
#5330 = LINE('',#707,(1.0,0.0,0.0));
#5331 = EDGE_CURVE('',#707,#709,#5330,.T.);
#5332 = ORIENTED_EDGE('',*,*,#5331,.T.);
#5333 = LINE('',#709,(1.0,0.0,0.0));
#5334 = EDGE_CURVE('',#709,#699,#5333,.T.);
#5335 = ORIENTED_EDGE('',*,*,#5334,.T.);
#5336 = LINE('',#699,(1.0,0.0,0.0));
#5337 = EDGE_CURVE('',#699,#701,#5336,.T.);
#5338 = ORIENTED_EDGE('',*,*,#5337,.T.);
#5339 = EDGE_LOOP('',(#5329,#5332,#5335,#5338));
#5340 = FACE_OUTER_BOUND('',#5339,.T.);
#5341 = FACE_SURFACE('',(#5340),#5326,.T.);
#5342 = PLANE('',#7,(0.0,0.0,1.0));
#5343 = LINE('',#707,(1.0,0.0,0.0));
#5344 = EDGE_CURVE('',#707,#661,#5343,.T.);
#5345 = ORIENTED_EDGE('',*,*,#5344,.T.);
#5346 = LINE('',#661,(1.0,0.0,0.0));
#5347 = EDGE_CURVE('',#661,#659,#5346,.T.);
#5348 = ORIENTED_EDGE('',*,*,#5347,.T.);
#5349 = LINE('',#659,(1.0,0.0,0.0));
#5350 = EDGE_CURVE('',#659,#709,#5349,.T.);
#5351 = ORIENTED_EDGE('',*,*,#5350,.T.);
#5352 = LINE('',#709,(1.0,0.0,0.0));
#5353 = EDGE_CURVE('',#709,#707,#5352,.T.);
#5354 = ORIENTED_EDGE('',*,*,#5353,.T.);
#5355 = EDGE_LOOP('',(#5345,#5348,#5351,#5354));
#5356 = FACE_OUTER_BOUND('',#5355,.T.);
#5357 = FACE_SURFACE('',(#5356),#5342,.T.);
#5358 = PLANE('',#7,(0.0,0.0,1.0));
#5359 = LINE('',#703,(1.0,0.0,0.0));
#5360 = EDGE_CURVE('',#703,#711,#5359,.T.);
#5361 = ORIENTED_EDGE('',*,*,#5360,.T.);
#5362 = LINE('',#711,(1.0,0.0,0.0));
#5363 = EDGE_CURVE('',#711,#707,#5362,.T.);
#5364 = ORIENTED_EDGE('',*,*,#5363,.T.);
#5365 = LINE('',#707,(1.0,0.0,0.0));
#5366 = EDGE_CURVE('',#707,#701,#5365,.T.);
#5367 = ORIENTED_EDGE('',*,*,#5366,.T.);
#5368 = LINE('',#701,(1.0,0.0,0.0));
#5369 = EDGE_CURVE('',#701,#703,#5368,.T.);
#5370 = ORIENTED_EDGE('',*,*,#5369,.T.);
#5371 = EDGE_LOOP('',(#5361,#5364,#5367,#5370));
#5372 = FACE_OUTER_BOUND('',#5371,.T.);
#5373 = FACE_SURFACE('',(#5372),#5358,.T.);
#5374 = PLANE('',#7,(0.0,0.0,1.0));
#5375 = LINE('',#711,(1.0,0.0,0.0));
#5376 = EDGE_CURVE('',#711,#663,#5375,.T.);
#5377 = ORIENTED_EDGE('',*,*,#5376,.T.);
#5378 = LINE('',#663,(1.0,0.0,0.0));
#5379 = EDGE_CURVE('',#663,#661,#5378,.T.);
#5380 = ORIENTED_EDGE('',*,*,#5379,.T.);
#5381 = LINE('',#661,(1.0,0.0,0.0));
#5382 = EDGE_CURVE('',#661,#707,#5381,.T.);
#5383 = ORIENTED_EDGE('',*,*,#5382,.T.);
#5384 = LINE('',#707,(1.0,0.0,0.0));
#5385 = EDGE_CURVE('',#707,#711,#5384,.T.);
#5386 = ORIENTED_EDGE('',*,*,#5385,.T.);
#5387 = EDGE_LOOP('',(#5377,#5380,#5383,#5386));
#5388 = FACE_OUTER_BOUND('',#5387,.T.);
#5389 = FACE_SURFACE('',(#5388),#5374,.T.);
#5390 = PLANE('',#7,(0.0,0.0,1.0));
#5391 = LINE('',#705,(1.0,0.0,0.0));
#5392 = EDGE_CURVE('',#705,#713,#5391,.T.);
#5393 = ORIENTED_EDGE('',*,*,#5392,.T.);
#5394 = LINE('',#713,(1.0,0.0,0.0));
#5395 = EDGE_CURVE('',#713,#711,#5394,.T.);
#5396 = ORIENTED_EDGE('',*,*,#5395,.T.);
#5397 = LINE('',#711,(1.0,0.0,0.0));
#5398 = EDGE_CURVE('',#711,#703,#5397,.T.);
#5399 = ORIENTED_EDGE('',*,*,#5398,.T.);
#5400 = LINE('',#703,(1.0,0.0,0.0));
#5401 = EDGE_CURVE('',#703,#705,#5400,.T.);
#5402 = ORIENTED_EDGE('',*,*,#5401,.T.);
#5403 = EDGE_LOOP('',(#5393,#5396,#5399,#5402));
#5404 = FACE_OUTER_BOUND('',#5403,.T.);
#5405 = FACE_SURFACE('',(#5404),#5390,.T.);
#5406 = PLANE('',#7,(0.0,0.0,1.0));
#5407 = LINE('',#713,(1.0,0.0,0.0));
#5408 = EDGE_CURVE('',#713,#665,#5407,.T.);
#5409 = ORIENTED_EDGE('',*,*,#5408,.T.);
#5410 = LINE('',#665,(1.0,0.0,0.0));
#5411 = EDGE_CURVE('',#665,#663,#5410,.T.);
#5412 = ORIENTED_EDGE('',*,*,#5411,.T.);
#5413 = LINE('',#663,(1.0,0.0,0.0));
#5414 = EDGE_CURVE('',#663,#711,#5413,.T.);
#5415 = ORIENTED_EDGE('',*,*,#5414,.T.);
#5416 = LINE('',#711,(1.0,0.0,0.0));
#5417 = EDGE_CURVE('',#711,#713,#5416,.T.);
#5418 = ORIENTED_EDGE('',*,*,#5417,.T.);
#5419 = EDGE_LOOP('',(#5409,#5412,#5415,#5418));
#5420 = FACE_OUTER_BOUND('',#5419,.T.);
#5421 = FACE_SURFACE('',(#5420),#5406,.T.);
#5422 = PLANE('',#7,(0.0,0.0,1.0));
#5423 = LINE('',#581,(1.0,0.0,0.0));
#5424 = EDGE_CURVE('',#581,#579,#5423,.T.);
#5425 = ORIENTED_EDGE('',*,*,#5424,.T.);
#5426 = LINE('',#579,(1.0,0.0,0.0));
#5427 = EDGE_CURVE('',#579,#713,#5426,.T.);
#5428 = ORIENTED_EDGE('',*,*,#5427,.T.);
#5429 = LINE('',#713,(1.0,0.0,0.0));
#5430 = EDGE_CURVE('',#713,#705,#5429,.T.);
#5431 = ORIENTED_EDGE('',*,*,#5430,.T.);
#5432 = LINE('',#705,(1.0,0.0,0.0));
#5433 = EDGE_CURVE('',#705,#581,#5432,.T.);
#5434 = ORIENTED_EDGE('',*,*,#5433,.T.);
#5435 = EDGE_LOOP('',(#5425,#5428,#5431,#5434));
#5436 = FACE_OUTER_BOUND('',#5435,.T.);
#5437 = FACE_SURFACE('',(#5436),#5422,.T.);
#5438 = PLANE('',#7,(0.0,0.0,1.0));
#5439 = LINE('',#579,(1.0,0.0,0.0));
#5440 = EDGE_CURVE('',#579,#577,#5439,.T.);
#5441 = ORIENTED_EDGE('',*,*,#5440,.T.);
#5442 = LINE('',#577,(1.0,0.0,0.0));
#5443 = EDGE_CURVE('',#577,#665,#5442,.T.);
#5444 = ORIENTED_EDGE('',*,*,#5443,.T.);
#5445 = LINE('',#665,(1.0,0.0,0.0));
#5446 = EDGE_CURVE('',#665,#713,#5445,.T.);
#5447 = ORIENTED_EDGE('',*,*,#5446,.T.);
#5448 = LINE('',#713,(1.0,0.0,0.0));
#5449 = EDGE_CURVE('',#713,#579,#5448,.T.);
#5450 = ORIENTED_EDGE('',*,*,#5449,.T.);
#5451 = EDGE_LOOP('',(#5441,#5444,#5447,#5450));
#5452 = FACE_OUTER_BOUND('',#5451,.T.);
#5453 = FACE_SURFACE('',(#5452),#5438,.T.);
#5454 = PLANE('',#7,(0.0,0.0,1.0));
#5455 = LINE('',#715,(1.0,0.0,0.0));
#5456 = EDGE_CURVE('',#715,#719,#5455,.T.);
#5457 = ORIENTED_EDGE('',*,*,#5456,.T.);
#5458 = LINE('',#719,(1.0,0.0,0.0));
#5459 = EDGE_CURVE('',#719,#187,#5458,.T.);
#5460 = ORIENTED_EDGE('',*,*,#5459,.T.);
#5461 = LINE('',#187,(1.0,0.0,0.0));
#5462 = EDGE_CURVE('',#187,#185,#5461,.T.);
#5463 = ORIENTED_EDGE('',*,*,#5462,.T.);
#5464 = LINE('',#185,(1.0,0.0,0.0));
#5465 = EDGE_CURVE('',#185,#715,#5464,.T.);
#5466 = ORIENTED_EDGE('',*,*,#5465,.T.);
#5467 = EDGE_LOOP('',(#5457,#5460,#5463,#5466));
#5468 = FACE_OUTER_BOUND('',#5467,.T.);
#5469 = FACE_SURFACE('',(#5468),#5454,.T.);
#5470 = PLANE('',#7,(0.0,0.0,1.0));
#5471 = LINE('',#719,(1.0,0.0,0.0));
#5472 = EDGE_CURVE('',#719,#567,#5471,.T.);
#5473 = ORIENTED_EDGE('',*,*,#5472,.T.);
#5474 = LINE('',#567,(1.0,0.0,0.0));
#5475 = EDGE_CURVE('',#567,#189,#5474,.T.);
#5476 = ORIENTED_EDGE('',*,*,#5475,.T.);
#5477 = LINE('',#189,(1.0,0.0,0.0));
#5478 = EDGE_CURVE('',#189,#187,#5477,.T.);
#5479 = ORIENTED_EDGE('',*,*,#5478,.T.);
#5480 = LINE('',#187,(1.0,0.0,0.0));
#5481 = EDGE_CURVE('',#187,#719,#5480,.T.);
#5482 = ORIENTED_EDGE('',*,*,#5481,.T.);
#5483 = EDGE_LOOP('',(#5473,#5476,#5479,#5482));
#5484 = FACE_OUTER_BOUND('',#5483,.T.);
#5485 = FACE_SURFACE('',(#5484),#5470,.T.);
#5486 = PLANE('',#7,(0.0,0.0,1.0));
#5487 = LINE('',#717,(1.0,0.0,0.0));
#5488 = EDGE_CURVE('',#717,#721,#5487,.T.);
#5489 = ORIENTED_EDGE('',*,*,#5488,.T.);
#5490 = LINE('',#721,(1.0,0.0,0.0));
#5491 = EDGE_CURVE('',#721,#719,#5490,.T.);
#5492 = ORIENTED_EDGE('',*,*,#5491,.T.);
#5493 = LINE('',#719,(1.0,0.0,0.0));
#5494 = EDGE_CURVE('',#719,#715,#5493,.T.);
#5495 = ORIENTED_EDGE('',*,*,#5494,.T.);
#5496 = LINE('',#715,(1.0,0.0,0.0));
#5497 = EDGE_CURVE('',#715,#717,#5496,.T.);
#5498 = ORIENTED_EDGE('',*,*,#5497,.T.);
#5499 = EDGE_LOOP('',(#5489,#5492,#5495,#5498));
#5500 = FACE_OUTER_BOUND('',#5499,.T.);
#5501 = FACE_SURFACE('',(#5500),#5486,.T.);
#5502 = PLANE('',#7,(0.0,0.0,1.0));
#5503 = LINE('',#721,(1.0,0.0,0.0));
#5504 = EDGE_CURVE('',#721,#565,#5503,.T.);
#5505 = ORIENTED_EDGE('',*,*,#5504,.T.);
#5506 = LINE('',#565,(1.0,0.0,0.0));
#5507 = EDGE_CURVE('',#565,#567,#5506,.T.);
#5508 = ORIENTED_EDGE('',*,*,#5507,.T.);
#5509 = LINE('',#567,(1.0,0.0,0.0));
#5510 = EDGE_CURVE('',#567,#719,#5509,.T.);
#5511 = ORIENTED_EDGE('',*,*,#5510,.T.);
#5512 = LINE('',#719,(1.0,0.0,0.0));
#5513 = EDGE_CURVE('',#719,#721,#5512,.T.);
#5514 = ORIENTED_EDGE('',*,*,#5513,.T.);
#5515 = EDGE_LOOP('',(#5505,#5508,#5511,#5514));
#5516 = FACE_OUTER_BOUND('',#5515,.T.);
#5517 = FACE_SURFACE('',(#5516),#5502,.T.);
#5518 = PLANE('',#7,(0.0,0.0,1.0));
#5519 = LINE('',#701,(1.0,0.0,0.0));
#5520 = EDGE_CURVE('',#701,#699,#5519,.T.);
#5521 = ORIENTED_EDGE('',*,*,#5520,.T.);
#5522 = LINE('',#699,(1.0,0.0,0.0));
#5523 = EDGE_CURVE('',#699,#721,#5522,.T.);
#5524 = ORIENTED_EDGE('',*,*,#5523,.T.);
#5525 = LINE('',#721,(1.0,0.0,0.0));
#5526 = EDGE_CURVE('',#721,#717,#5525,.T.);
#5527 = ORIENTED_EDGE('',*,*,#5526,.T.);
#5528 = LINE('',#717,(1.0,0.0,0.0));
#5529 = EDGE_CURVE('',#717,#701,#5528,.T.);
#5530 = ORIENTED_EDGE('',*,*,#5529,.T.);
#5531 = EDGE_LOOP('',(#5521,#5524,#5527,#5530));
#5532 = FACE_OUTER_BOUND('',#5531,.T.);
#5533 = FACE_SURFACE('',(#5532),#5518,.T.);
#5534 = PLANE('',#7,(0.0,0.0,1.0));
#5535 = LINE('',#699,(1.0,0.0,0.0));
#5536 = EDGE_CURVE('',#699,#563,#5535,.T.);
#5537 = ORIENTED_EDGE('',*,*,#5536,.T.);
#5538 = LINE('',#563,(1.0,0.0,0.0));
#5539 = EDGE_CURVE('',#563,#565,#5538,.T.);
#5540 = ORIENTED_EDGE('',*,*,#5539,.T.);
#5541 = LINE('',#565,(1.0,0.0,0.0));
#5542 = EDGE_CURVE('',#565,#721,#5541,.T.);
#5543 = ORIENTED_EDGE('',*,*,#5542,.T.);
#5544 = LINE('',#721,(1.0,0.0,0.0));
#5545 = EDGE_CURVE('',#721,#699,#5544,.T.);
#5546 = ORIENTED_EDGE('',*,*,#5545,.T.);
#5547 = EDGE_LOOP('',(#5537,#5540,#5543,#5546));
#5548 = FACE_OUTER_BOUND('',#5547,.T.);
#5549 = FACE_SURFACE('',(#5548),#5534,.T.);
#5550 = PLANE('',#7,(0.0,0.0,1.0));
#5551 = LINE('',#183,(1.0,0.0,0.0));
#5552 = EDGE_CURVE('',#183,#723,#5551,.T.);
#5553 = ORIENTED_EDGE('',*,*,#5552,.T.);
#5554 = LINE('',#723,(1.0,0.0,0.0));
#5555 = EDGE_CURVE('',#723,#715,#5554,.T.);
#5556 = ORIENTED_EDGE('',*,*,#5555,.T.);
#5557 = LINE('',#715,(1.0,0.0,0.0));
#5558 = EDGE_CURVE('',#715,#185,#5557,.T.);
#5559 = ORIENTED_EDGE('',*,*,#5558,.T.);
#5560 = LINE('',#185,(1.0,0.0,0.0));
#5561 = EDGE_CURVE('',#185,#183,#5560,.T.);
#5562 = ORIENTED_EDGE('',*,*,#5561,.T.);
#5563 = EDGE_LOOP('',(#5553,#5556,#5559,#5562));
#5564 = FACE_OUTER_BOUND('',#5563,.T.);
#5565 = FACE_SURFACE('',(#5564),#5550,.T.);
#5566 = PLANE('',#7,(0.0,0.0,1.0));
#5567 = LINE('',#723,(1.0,0.0,0.0));
#5568 = EDGE_CURVE('',#723,#725,#5567,.T.);
#5569 = ORIENTED_EDGE('',*,*,#5568,.T.);
#5570 = LINE('',#725,(1.0,0.0,0.0));
#5571 = EDGE_CURVE('',#725,#717,#5570,.T.);
#5572 = ORIENTED_EDGE('',*,*,#5571,.T.);
#5573 = LINE('',#717,(1.0,0.0,0.0));
#5574 = EDGE_CURVE('',#717,#715,#5573,.T.);
#5575 = ORIENTED_EDGE('',*,*,#5574,.T.);
#5576 = LINE('',#715,(1.0,0.0,0.0));
#5577 = EDGE_CURVE('',#715,#723,#5576,.T.);
#5578 = ORIENTED_EDGE('',*,*,#5577,.T.);
#5579 = EDGE_LOOP('',(#5569,#5572,#5575,#5578));
#5580 = FACE_OUTER_BOUND('',#5579,.T.);
#5581 = FACE_SURFACE('',(#5580),#5566,.T.);
#5582 = PLANE('',#7,(0.0,0.0,1.0));
#5583 = LINE('',#725,(1.0,0.0,0.0));
#5584 = EDGE_CURVE('',#725,#703,#5583,.T.);
#5585 = ORIENTED_EDGE('',*,*,#5584,.T.);
#5586 = LINE('',#703,(1.0,0.0,0.0));
#5587 = EDGE_CURVE('',#703,#701,#5586,.T.);
#5588 = ORIENTED_EDGE('',*,*,#5587,.T.);
#5589 = LINE('',#701,(1.0,0.0,0.0));
#5590 = EDGE_CURVE('',#701,#717,#5589,.T.);
#5591 = ORIENTED_EDGE('',*,*,#5590,.T.);
#5592 = LINE('',#717,(1.0,0.0,0.0));
#5593 = EDGE_CURVE('',#717,#725,#5592,.T.);
#5594 = ORIENTED_EDGE('',*,*,#5593,.T.);
#5595 = EDGE_LOOP('',(#5585,#5588,#5591,#5594));
#5596 = FACE_OUTER_BOUND('',#5595,.T.);
#5597 = FACE_SURFACE('',(#5596),#5582,.T.);
#5598 = PLANE('',#7,(0.0,0.0,1.0));
#5599 = LINE('',#585,(1.0,0.0,0.0));
#5600 = EDGE_CURVE('',#585,#727,#5599,.T.);
#5601 = ORIENTED_EDGE('',*,*,#5600,.T.);
#5602 = LINE('',#727,(1.0,0.0,0.0));
#5603 = EDGE_CURVE('',#727,#181,#5602,.T.);
#5604 = ORIENTED_EDGE('',*,*,#5603,.T.);
#5605 = LINE('',#181,(1.0,0.0,0.0));
#5606 = EDGE_CURVE('',#181,#179,#5605,.T.);
#5607 = ORIENTED_EDGE('',*,*,#5606,.T.);
#5608 = LINE('',#179,(1.0,0.0,0.0));
#5609 = EDGE_CURVE('',#179,#585,#5608,.T.);
#5610 = ORIENTED_EDGE('',*,*,#5609,.T.);
#5611 = EDGE_LOOP('',(#5601,#5604,#5607,#5610));
#5612 = FACE_OUTER_BOUND('',#5611,.T.);
#5613 = FACE_SURFACE('',(#5612),#5598,.T.);
#5614 = PLANE('',#7,(0.0,0.0,1.0));
#5615 = LINE('',#727,(1.0,0.0,0.0));
#5616 = EDGE_CURVE('',#727,#723,#5615,.T.);
#5617 = ORIENTED_EDGE('',*,*,#5616,.T.);
#5618 = LINE('',#723,(1.0,0.0,0.0));
#5619 = EDGE_CURVE('',#723,#183,#5618,.T.);
#5620 = ORIENTED_EDGE('',*,*,#5619,.T.);
#5621 = LINE('',#183,(1.0,0.0,0.0));
#5622 = EDGE_CURVE('',#183,#181,#5621,.T.);
#5623 = ORIENTED_EDGE('',*,*,#5622,.T.);
#5624 = LINE('',#181,(1.0,0.0,0.0));
#5625 = EDGE_CURVE('',#181,#727,#5624,.T.);
#5626 = ORIENTED_EDGE('',*,*,#5625,.T.);
#5627 = EDGE_LOOP('',(#5617,#5620,#5623,#5626));
#5628 = FACE_OUTER_BOUND('',#5627,.T.);
#5629 = FACE_SURFACE('',(#5628),#5614,.T.);
#5630 = PLANE('',#7,(0.0,0.0,1.0));
#5631 = LINE('',#583,(1.0,0.0,0.0));
#5632 = EDGE_CURVE('',#583,#729,#5631,.T.);
#5633 = ORIENTED_EDGE('',*,*,#5632,.T.);
#5634 = LINE('',#729,(1.0,0.0,0.0));
#5635 = EDGE_CURVE('',#729,#727,#5634,.T.);
#5636 = ORIENTED_EDGE('',*,*,#5635,.T.);
#5637 = LINE('',#727,(1.0,0.0,0.0));
#5638 = EDGE_CURVE('',#727,#585,#5637,.T.);
#5639 = ORIENTED_EDGE('',*,*,#5638,.T.);
#5640 = LINE('',#585,(1.0,0.0,0.0));
#5641 = EDGE_CURVE('',#585,#583,#5640,.T.);
#5642 = ORIENTED_EDGE('',*,*,#5641,.T.);
#5643 = EDGE_LOOP('',(#5633,#5636,#5639,#5642));
#5644 = FACE_OUTER_BOUND('',#5643,.T.);
#5645 = FACE_SURFACE('',(#5644),#5630,.T.);
#5646 = PLANE('',#7,(0.0,0.0,1.0));
#5647 = LINE('',#729,(1.0,0.0,0.0));
#5648 = EDGE_CURVE('',#729,#725,#5647,.T.);
#5649 = ORIENTED_EDGE('',*,*,#5648,.T.);
#5650 = LINE('',#725,(1.0,0.0,0.0));
#5651 = EDGE_CURVE('',#725,#723,#5650,.T.);
#5652 = ORIENTED_EDGE('',*,*,#5651,.T.);
#5653 = LINE('',#723,(1.0,0.0,0.0));
#5654 = EDGE_CURVE('',#723,#727,#5653,.T.);
#5655 = ORIENTED_EDGE('',*,*,#5654,.T.);
#5656 = LINE('',#727,(1.0,0.0,0.0));
#5657 = EDGE_CURVE('',#727,#729,#5656,.T.);
#5658 = ORIENTED_EDGE('',*,*,#5657,.T.);
#5659 = EDGE_LOOP('',(#5649,#5652,#5655,#5658));
#5660 = FACE_OUTER_BOUND('',#5659,.T.);
#5661 = FACE_SURFACE('',(#5660),#5646,.T.);
#5662 = PLANE('',#7,(0.0,0.0,1.0));
#5663 = LINE('',#581,(1.0,0.0,0.0));
#5664 = EDGE_CURVE('',#581,#705,#5663,.T.);
#5665 = ORIENTED_EDGE('',*,*,#5664,.T.);
#5666 = LINE('',#705,(1.0,0.0,0.0));
#5667 = EDGE_CURVE('',#705,#729,#5666,.T.);
#5668 = ORIENTED_EDGE('',*,*,#5667,.T.);
#5669 = LINE('',#729,(1.0,0.0,0.0));
#5670 = EDGE_CURVE('',#729,#583,#5669,.T.);
#5671 = ORIENTED_EDGE('',*,*,#5670,.T.);
#5672 = LINE('',#583,(1.0,0.0,0.0));
#5673 = EDGE_CURVE('',#583,#581,#5672,.T.);
#5674 = ORIENTED_EDGE('',*,*,#5673,.T.);
#5675 = EDGE_LOOP('',(#5665,#5668,#5671,#5674));
#5676 = FACE_OUTER_BOUND('',#5675,.T.);
#5677 = FACE_SURFACE('',(#5676),#5662,.T.);
#5678 = PLANE('',#7,(0.0,0.0,1.0));
#5679 = LINE('',#705,(1.0,0.0,0.0));
#5680 = EDGE_CURVE('',#705,#703,#5679,.T.);
#5681 = ORIENTED_EDGE('',*,*,#5680,.T.);
#5682 = LINE('',#703,(1.0,0.0,0.0));
#5683 = EDGE_CURVE('',#703,#725,#5682,.T.);
#5684 = ORIENTED_EDGE('',*,*,#5683,.T.);
#5685 = LINE('',#725,(1.0,0.0,0.0));
#5686 = EDGE_CURVE('',#725,#729,#5685,.T.);
#5687 = ORIENTED_EDGE('',*,*,#5686,.T.);
#5688 = LINE('',#729,(1.0,0.0,0.0));
#5689 = EDGE_CURVE('',#729,#705,#5688,.T.);
#5690 = ORIENTED_EDGE('',*,*,#5689,.T.);
#5691 = EDGE_LOOP('',(#5681,#5684,#5687,#5690));
#5692 = FACE_OUTER_BOUND('',#5691,.T.);
#5693 = FACE_SURFACE('',(#5692),#5678,.T.);
#5694 = PLANE('',#7,(0.0,0.0,1.0));
#5695 = LINE('',#757,(1.0,0.0,0.0));
#5696 = EDGE_CURVE('',#757,#767,#5695,.T.);
#5697 = ORIENTED_EDGE('',*,*,#5696,.T.);
#5698 = LINE('',#767,(1.0,0.0,0.0));
#5699 = EDGE_CURVE('',#767,#731,#5698,.T.);
#5700 = ORIENTED_EDGE('',*,*,#5699,.T.);
#5701 = LINE('',#731,(1.0,0.0,0.0));
#5702 = EDGE_CURVE('',#731,#733,#5701,.T.);
#5703 = ORIENTED_EDGE('',*,*,#5702,.T.);
#5704 = LINE('',#733,(1.0,0.0,0.0));
#5705 = EDGE_CURVE('',#733,#757,#5704,.T.);
#5706 = ORIENTED_EDGE('',*,*,#5705,.T.);
#5707 = EDGE_LOOP('',(#5697,#5700,#5703,#5706));
#5708 = FACE_OUTER_BOUND('',#5707,.T.);
#5709 = FACE_SURFACE('',(#5708),#5694,.T.);
#5710 = PLANE('',#7,(0.0,0.0,1.0));
#5711 = LINE('',#767,(1.0,0.0,0.0));
#5712 = EDGE_CURVE('',#767,#119,#5711,.T.);
#5713 = ORIENTED_EDGE('',*,*,#5712,.T.);
#5714 = LINE('',#119,(1.0,0.0,0.0));
#5715 = EDGE_CURVE('',#119,#121,#5714,.T.);
#5716 = ORIENTED_EDGE('',*,*,#5715,.T.);
#5717 = LINE('',#121,(1.0,0.0,0.0));
#5718 = EDGE_CURVE('',#121,#731,#5717,.T.);
#5719 = ORIENTED_EDGE('',*,*,#5718,.T.);
#5720 = LINE('',#731,(1.0,0.0,0.0));
#5721 = EDGE_CURVE('',#731,#767,#5720,.T.);
#5722 = ORIENTED_EDGE('',*,*,#5721,.T.);
#5723 = EDGE_LOOP('',(#5713,#5716,#5719,#5722));
#5724 = FACE_OUTER_BOUND('',#5723,.T.);
#5725 = FACE_SURFACE('',(#5724),#5710,.T.);
#5726 = PLANE('',#7,(0.0,0.0,1.0));
#5727 = LINE('',#759,(1.0,0.0,0.0));
#5728 = EDGE_CURVE('',#759,#765,#5727,.T.);
#5729 = ORIENTED_EDGE('',*,*,#5728,.T.);
#5730 = LINE('',#765,(1.0,0.0,0.0));
#5731 = EDGE_CURVE('',#765,#767,#5730,.T.);
#5732 = ORIENTED_EDGE('',*,*,#5731,.T.);
#5733 = LINE('',#767,(1.0,0.0,0.0));
#5734 = EDGE_CURVE('',#767,#757,#5733,.T.);
#5735 = ORIENTED_EDGE('',*,*,#5734,.T.);
#5736 = LINE('',#757,(1.0,0.0,0.0));
#5737 = EDGE_CURVE('',#757,#759,#5736,.T.);
#5738 = ORIENTED_EDGE('',*,*,#5737,.T.);
#5739 = EDGE_LOOP('',(#5729,#5732,#5735,#5738));
#5740 = FACE_OUTER_BOUND('',#5739,.T.);
#5741 = FACE_SURFACE('',(#5740),#5726,.T.);
#5742 = PLANE('',#7,(0.0,0.0,1.0));
#5743 = LINE('',#765,(1.0,0.0,0.0));
#5744 = EDGE_CURVE('',#765,#117,#5743,.T.);
#5745 = ORIENTED_EDGE('',*,*,#5744,.T.);
#5746 = LINE('',#117,(1.0,0.0,0.0));
#5747 = EDGE_CURVE('',#117,#119,#5746,.T.);
#5748 = ORIENTED_EDGE('',*,*,#5747,.T.);
#5749 = LINE('',#119,(1.0,0.0,0.0));
#5750 = EDGE_CURVE('',#119,#767,#5749,.T.);
#5751 = ORIENTED_EDGE('',*,*,#5750,.T.);
#5752 = LINE('',#767,(1.0,0.0,0.0));
#5753 = EDGE_CURVE('',#767,#765,#5752,.T.);
#5754 = ORIENTED_EDGE('',*,*,#5753,.T.);
#5755 = EDGE_LOOP('',(#5745,#5748,#5751,#5754));
#5756 = FACE_OUTER_BOUND('',#5755,.T.);
#5757 = FACE_SURFACE('',(#5756),#5742,.T.);
#5758 = PLANE('',#7,(0.0,0.0,1.0));
#5759 = LINE('',#761,(1.0,0.0,0.0));
#5760 = EDGE_CURVE('',#761,#769,#5759,.T.);
#5761 = ORIENTED_EDGE('',*,*,#5760,.T.);
#5762 = LINE('',#769,(1.0,0.0,0.0));
#5763 = EDGE_CURVE('',#769,#765,#5762,.T.);
#5764 = ORIENTED_EDGE('',*,*,#5763,.T.);
#5765 = LINE('',#765,(1.0,0.0,0.0));
#5766 = EDGE_CURVE('',#765,#759,#5765,.T.);
#5767 = ORIENTED_EDGE('',*,*,#5766,.T.);
#5768 = LINE('',#759,(1.0,0.0,0.0));
#5769 = EDGE_CURVE('',#759,#761,#5768,.T.);
#5770 = ORIENTED_EDGE('',*,*,#5769,.T.);
#5771 = EDGE_LOOP('',(#5761,#5764,#5767,#5770));
#5772 = FACE_OUTER_BOUND('',#5771,.T.);
#5773 = FACE_SURFACE('',(#5772),#5758,.T.);
#5774 = PLANE('',#7,(0.0,0.0,1.0));
#5775 = LINE('',#769,(1.0,0.0,0.0));
#5776 = EDGE_CURVE('',#769,#115,#5775,.T.);
#5777 = ORIENTED_EDGE('',*,*,#5776,.T.);
#5778 = LINE('',#115,(1.0,0.0,0.0));
#5779 = EDGE_CURVE('',#115,#117,#5778,.T.);
#5780 = ORIENTED_EDGE('',*,*,#5779,.T.);
#5781 = LINE('',#117,(1.0,0.0,0.0));
#5782 = EDGE_CURVE('',#117,#765,#5781,.T.);
#5783 = ORIENTED_EDGE('',*,*,#5782,.T.);
#5784 = LINE('',#765,(1.0,0.0,0.0));
#5785 = EDGE_CURVE('',#765,#769,#5784,.T.);
#5786 = ORIENTED_EDGE('',*,*,#5785,.T.);
#5787 = EDGE_LOOP('',(#5777,#5780,#5783,#5786));
#5788 = FACE_OUTER_BOUND('',#5787,.T.);
#5789 = FACE_SURFACE('',(#5788),#5774,.T.);
#5790 = PLANE('',#7,(0.0,0.0,1.0));
#5791 = LINE('',#763,(1.0,0.0,0.0));
#5792 = EDGE_CURVE('',#763,#771,#5791,.T.);
#5793 = ORIENTED_EDGE('',*,*,#5792,.T.);
#5794 = LINE('',#771,(1.0,0.0,0.0));
#5795 = EDGE_CURVE('',#771,#769,#5794,.T.);
#5796 = ORIENTED_EDGE('',*,*,#5795,.T.);
#5797 = LINE('',#769,(1.0,0.0,0.0));
#5798 = EDGE_CURVE('',#769,#761,#5797,.T.);
#5799 = ORIENTED_EDGE('',*,*,#5798,.T.);
#5800 = LINE('',#761,(1.0,0.0,0.0));
#5801 = EDGE_CURVE('',#761,#763,#5800,.T.);
#5802 = ORIENTED_EDGE('',*,*,#5801,.T.);
#5803 = EDGE_LOOP('',(#5793,#5796,#5799,#5802));
#5804 = FACE_OUTER_BOUND('',#5803,.T.);
#5805 = FACE_SURFACE('',(#5804),#5790,.T.);
#5806 = PLANE('',#7,(0.0,0.0,1.0));
#5807 = LINE('',#771,(1.0,0.0,0.0));
#5808 = EDGE_CURVE('',#771,#113,#5807,.T.);
#5809 = ORIENTED_EDGE('',*,*,#5808,.T.);
#5810 = LINE('',#113,(1.0,0.0,0.0));
#5811 = EDGE_CURVE('',#113,#115,#5810,.T.);
#5812 = ORIENTED_EDGE('',*,*,#5811,.T.);
#5813 = LINE('',#115,(1.0,0.0,0.0));
#5814 = EDGE_CURVE('',#115,#769,#5813,.T.);
#5815 = ORIENTED_EDGE('',*,*,#5814,.T.);
#5816 = LINE('',#769,(1.0,0.0,0.0));
#5817 = EDGE_CURVE('',#769,#771,#5816,.T.);
#5818 = ORIENTED_EDGE('',*,*,#5817,.T.);
#5819 = EDGE_LOOP('',(#5809,#5812,#5815,#5818));
#5820 = FACE_OUTER_BOUND('',#5819,.T.);
#5821 = FACE_SURFACE('',(#5820),#5806,.T.);
#5822 = PLANE('',#7,(0.0,0.0,1.0));
#5823 = LINE('',#553,(1.0,0.0,0.0));
#5824 = EDGE_CURVE('',#553,#551,#5823,.T.);
#5825 = ORIENTED_EDGE('',*,*,#5824,.T.);
#5826 = LINE('',#551,(1.0,0.0,0.0));
#5827 = EDGE_CURVE('',#551,#771,#5826,.T.);
#5828 = ORIENTED_EDGE('',*,*,#5827,.T.);
#5829 = LINE('',#771,(1.0,0.0,0.0));
#5830 = EDGE_CURVE('',#771,#763,#5829,.T.);
#5831 = ORIENTED_EDGE('',*,*,#5830,.T.);
#5832 = LINE('',#763,(1.0,0.0,0.0));
#5833 = EDGE_CURVE('',#763,#553,#5832,.T.);
#5834 = ORIENTED_EDGE('',*,*,#5833,.T.);
#5835 = EDGE_LOOP('',(#5825,#5828,#5831,#5834));
#5836 = FACE_OUTER_BOUND('',#5835,.T.);
#5837 = FACE_SURFACE('',(#5836),#5822,.T.);
#5838 = PLANE('',#7,(0.0,0.0,1.0));
#5839 = LINE('',#551,(1.0,0.0,0.0));
#5840 = EDGE_CURVE('',#551,#111,#5839,.T.);
#5841 = ORIENTED_EDGE('',*,*,#5840,.T.);
#5842 = LINE('',#111,(1.0,0.0,0.0));
#5843 = EDGE_CURVE('',#111,#113,#5842,.T.);
#5844 = ORIENTED_EDGE('',*,*,#5843,.T.);
#5845 = LINE('',#113,(1.0,0.0,0.0));
#5846 = EDGE_CURVE('',#113,#771,#5845,.T.);
#5847 = ORIENTED_EDGE('',*,*,#5846,.T.);
#5848 = LINE('',#771,(1.0,0.0,0.0));
#5849 = EDGE_CURVE('',#771,#551,#5848,.T.);
#5850 = ORIENTED_EDGE('',*,*,#5849,.T.);
#5851 = EDGE_LOOP('',(#5841,#5844,#5847,#5850));
#5852 = FACE_OUTER_BOUND('',#5851,.T.);
#5853 = FACE_SURFACE('',(#5852),#5838,.T.);
#5854 = PLANE('',#7,(0.0,0.0,1.0));
#5855 = LINE('',#773,(1.0,0.0,0.0));
#5856 = EDGE_CURVE('',#773,#777,#5855,.T.);
#5857 = ORIENTED_EDGE('',*,*,#5856,.T.);
#5858 = LINE('',#777,(1.0,0.0,0.0));
#5859 = EDGE_CURVE('',#777,#749,#5858,.T.);
#5860 = ORIENTED_EDGE('',*,*,#5859,.T.);
#5861 = LINE('',#749,(1.0,0.0,0.0));
#5862 = EDGE_CURVE('',#749,#751,#5861,.T.);
#5863 = ORIENTED_EDGE('',*,*,#5862,.T.);
#5864 = LINE('',#751,(1.0,0.0,0.0));
#5865 = EDGE_CURVE('',#751,#773,#5864,.T.);
#5866 = ORIENTED_EDGE('',*,*,#5865,.T.);
#5867 = EDGE_LOOP('',(#5857,#5860,#5863,#5866));
#5868 = FACE_OUTER_BOUND('',#5867,.T.);
#5869 = FACE_SURFACE('',(#5868),#5854,.T.);
#5870 = PLANE('',#7,(0.0,0.0,1.0));
#5871 = LINE('',#777,(1.0,0.0,0.0));
#5872 = EDGE_CURVE('',#777,#737,#5871,.T.);
#5873 = ORIENTED_EDGE('',*,*,#5872,.T.);
#5874 = LINE('',#737,(1.0,0.0,0.0));
#5875 = EDGE_CURVE('',#737,#739,#5874,.T.);
#5876 = ORIENTED_EDGE('',*,*,#5875,.T.);
#5877 = LINE('',#739,(1.0,0.0,0.0));
#5878 = EDGE_CURVE('',#739,#749,#5877,.T.);
#5879 = ORIENTED_EDGE('',*,*,#5878,.T.);
#5880 = LINE('',#749,(1.0,0.0,0.0));
#5881 = EDGE_CURVE('',#749,#777,#5880,.T.);
#5882 = ORIENTED_EDGE('',*,*,#5881,.T.);
#5883 = EDGE_LOOP('',(#5873,#5876,#5879,#5882));
#5884 = FACE_OUTER_BOUND('',#5883,.T.);
#5885 = FACE_SURFACE('',(#5884),#5870,.T.);
#5886 = PLANE('',#7,(0.0,0.0,1.0));
#5887 = LINE('',#775,(1.0,0.0,0.0));
#5888 = EDGE_CURVE('',#775,#779,#5887,.T.);
#5889 = ORIENTED_EDGE('',*,*,#5888,.T.);
#5890 = LINE('',#779,(1.0,0.0,0.0));
#5891 = EDGE_CURVE('',#779,#777,#5890,.T.);
#5892 = ORIENTED_EDGE('',*,*,#5891,.T.);
#5893 = LINE('',#777,(1.0,0.0,0.0));
#5894 = EDGE_CURVE('',#777,#773,#5893,.T.);
#5895 = ORIENTED_EDGE('',*,*,#5894,.T.);
#5896 = LINE('',#773,(1.0,0.0,0.0));
#5897 = EDGE_CURVE('',#773,#775,#5896,.T.);
#5898 = ORIENTED_EDGE('',*,*,#5897,.T.);
#5899 = EDGE_LOOP('',(#5889,#5892,#5895,#5898));
#5900 = FACE_OUTER_BOUND('',#5899,.T.);
#5901 = FACE_SURFACE('',(#5900),#5886,.T.);
#5902 = PLANE('',#7,(0.0,0.0,1.0));
#5903 = LINE('',#779,(1.0,0.0,0.0));
#5904 = EDGE_CURVE('',#779,#735,#5903,.T.);
#5905 = ORIENTED_EDGE('',*,*,#5904,.T.);
#5906 = LINE('',#735,(1.0,0.0,0.0));
#5907 = EDGE_CURVE('',#735,#737,#5906,.T.);
#5908 = ORIENTED_EDGE('',*,*,#5907,.T.);
#5909 = LINE('',#737,(1.0,0.0,0.0));
#5910 = EDGE_CURVE('',#737,#777,#5909,.T.);
#5911 = ORIENTED_EDGE('',*,*,#5910,.T.);
#5912 = LINE('',#777,(1.0,0.0,0.0));
#5913 = EDGE_CURVE('',#777,#779,#5912,.T.);
#5914 = ORIENTED_EDGE('',*,*,#5913,.T.);
#5915 = EDGE_LOOP('',(#5905,#5908,#5911,#5914));
#5916 = FACE_OUTER_BOUND('',#5915,.T.);
#5917 = FACE_SURFACE('',(#5916),#5902,.T.);
#5918 = PLANE('',#7,(0.0,0.0,1.0));
#5919 = LINE('',#759,(1.0,0.0,0.0));
#5920 = EDGE_CURVE('',#759,#757,#5919,.T.);
#5921 = ORIENTED_EDGE('',*,*,#5920,.T.);
#5922 = LINE('',#757,(1.0,0.0,0.0));
#5923 = EDGE_CURVE('',#757,#779,#5922,.T.);
#5924 = ORIENTED_EDGE('',*,*,#5923,.T.);
#5925 = LINE('',#779,(1.0,0.0,0.0));
#5926 = EDGE_CURVE('',#779,#775,#5925,.T.);
#5927 = ORIENTED_EDGE('',*,*,#5926,.T.);
#5928 = LINE('',#775,(1.0,0.0,0.0));
#5929 = EDGE_CURVE('',#775,#759,#5928,.T.);
#5930 = ORIENTED_EDGE('',*,*,#5929,.T.);
#5931 = EDGE_LOOP('',(#5921,#5924,#5927,#5930));
#5932 = FACE_OUTER_BOUND('',#5931,.T.);
#5933 = FACE_SURFACE('',(#5932),#5918,.T.);
#5934 = PLANE('',#7,(0.0,0.0,1.0));
#5935 = LINE('',#757,(1.0,0.0,0.0));
#5936 = EDGE_CURVE('',#757,#733,#5935,.T.);
#5937 = ORIENTED_EDGE('',*,*,#5936,.T.);
#5938 = LINE('',#733,(1.0,0.0,0.0));
#5939 = EDGE_CURVE('',#733,#735,#5938,.T.);
#5940 = ORIENTED_EDGE('',*,*,#5939,.T.);
#5941 = LINE('',#735,(1.0,0.0,0.0));
#5942 = EDGE_CURVE('',#735,#779,#5941,.T.);
#5943 = ORIENTED_EDGE('',*,*,#5942,.T.);
#5944 = LINE('',#779,(1.0,0.0,0.0));
#5945 = EDGE_CURVE('',#779,#757,#5944,.T.);
#5946 = ORIENTED_EDGE('',*,*,#5945,.T.);
#5947 = EDGE_LOOP('',(#5937,#5940,#5943,#5946));
#5948 = FACE_OUTER_BOUND('',#5947,.T.);
#5949 = FACE_SURFACE('',(#5948),#5934,.T.);
#5950 = PLANE('',#7,(0.0,0.0,1.0));
#5951 = LINE('',#753,(1.0,0.0,0.0));
#5952 = EDGE_CURVE('',#753,#781,#5951,.T.);
#5953 = ORIENTED_EDGE('',*,*,#5952,.T.);
#5954 = LINE('',#781,(1.0,0.0,0.0));
#5955 = EDGE_CURVE('',#781,#773,#5954,.T.);
#5956 = ORIENTED_EDGE('',*,*,#5955,.T.);
#5957 = LINE('',#773,(1.0,0.0,0.0));
#5958 = EDGE_CURVE('',#773,#751,#5957,.T.);
#5959 = ORIENTED_EDGE('',*,*,#5958,.T.);
#5960 = LINE('',#751,(1.0,0.0,0.0));
#5961 = EDGE_CURVE('',#751,#753,#5960,.T.);
#5962 = ORIENTED_EDGE('',*,*,#5961,.T.);
#5963 = EDGE_LOOP('',(#5953,#5956,#5959,#5962));
#5964 = FACE_OUTER_BOUND('',#5963,.T.);
#5965 = FACE_SURFACE('',(#5964),#5950,.T.);
#5966 = PLANE('',#7,(0.0,0.0,1.0));
#5967 = LINE('',#781,(1.0,0.0,0.0));
#5968 = EDGE_CURVE('',#781,#783,#5967,.T.);
#5969 = ORIENTED_EDGE('',*,*,#5968,.T.);
#5970 = LINE('',#783,(1.0,0.0,0.0));
#5971 = EDGE_CURVE('',#783,#775,#5970,.T.);
#5972 = ORIENTED_EDGE('',*,*,#5971,.T.);
#5973 = LINE('',#775,(1.0,0.0,0.0));
#5974 = EDGE_CURVE('',#775,#773,#5973,.T.);
#5975 = ORIENTED_EDGE('',*,*,#5974,.T.);
#5976 = LINE('',#773,(1.0,0.0,0.0));
#5977 = EDGE_CURVE('',#773,#781,#5976,.T.);
#5978 = ORIENTED_EDGE('',*,*,#5977,.T.);
#5979 = EDGE_LOOP('',(#5969,#5972,#5975,#5978));
#5980 = FACE_OUTER_BOUND('',#5979,.T.);
#5981 = FACE_SURFACE('',(#5980),#5966,.T.);
#5982 = PLANE('',#7,(0.0,0.0,1.0));
#5983 = LINE('',#783,(1.0,0.0,0.0));
#5984 = EDGE_CURVE('',#783,#761,#5983,.T.);
#5985 = ORIENTED_EDGE('',*,*,#5984,.T.);
#5986 = LINE('',#761,(1.0,0.0,0.0));
#5987 = EDGE_CURVE('',#761,#759,#5986,.T.);
#5988 = ORIENTED_EDGE('',*,*,#5987,.T.);
#5989 = LINE('',#759,(1.0,0.0,0.0));
#5990 = EDGE_CURVE('',#759,#775,#5989,.T.);
#5991 = ORIENTED_EDGE('',*,*,#5990,.T.);
#5992 = LINE('',#775,(1.0,0.0,0.0));
#5993 = EDGE_CURVE('',#775,#783,#5992,.T.);
#5994 = ORIENTED_EDGE('',*,*,#5993,.T.);
#5995 = EDGE_LOOP('',(#5985,#5988,#5991,#5994));
#5996 = FACE_OUTER_BOUND('',#5995,.T.);
#5997 = FACE_SURFACE('',(#5996),#5982,.T.);
#5998 = PLANE('',#7,(0.0,0.0,1.0));
#5999 = LINE('',#557,(1.0,0.0,0.0));
#6000 = EDGE_CURVE('',#557,#785,#5999,.T.);
#6001 = ORIENTED_EDGE('',*,*,#6000,.T.);
#6002 = LINE('',#785,(1.0,0.0,0.0));
#6003 = EDGE_CURVE('',#785,#755,#6002,.T.);
#6004 = ORIENTED_EDGE('',*,*,#6003,.T.);
#6005 = LINE('',#755,(1.0,0.0,0.0));
#6006 = EDGE_CURVE('',#755,#559,#6005,.T.);
#6007 = ORIENTED_EDGE('',*,*,#6006,.T.);
#6008 = LINE('',#559,(1.0,0.0,0.0));
#6009 = EDGE_CURVE('',#559,#557,#6008,.T.);
#6010 = ORIENTED_EDGE('',*,*,#6009,.T.);
#6011 = EDGE_LOOP('',(#6001,#6004,#6007,#6010));
#6012 = FACE_OUTER_BOUND('',#6011,.T.);
#6013 = FACE_SURFACE('',(#6012),#5998,.T.);
#6014 = PLANE('',#7,(0.0,0.0,1.0));
#6015 = LINE('',#785,(1.0,0.0,0.0));
#6016 = EDGE_CURVE('',#785,#781,#6015,.T.);
#6017 = ORIENTED_EDGE('',*,*,#6016,.T.);
#6018 = LINE('',#781,(1.0,0.0,0.0));
#6019 = EDGE_CURVE('',#781,#753,#6018,.T.);
#6020 = ORIENTED_EDGE('',*,*,#6019,.T.);
#6021 = LINE('',#753,(1.0,0.0,0.0));
#6022 = EDGE_CURVE('',#753,#755,#6021,.T.);
#6023 = ORIENTED_EDGE('',*,*,#6022,.T.);
#6024 = LINE('',#755,(1.0,0.0,0.0));
#6025 = EDGE_CURVE('',#755,#785,#6024,.T.);
#6026 = ORIENTED_EDGE('',*,*,#6025,.T.);
#6027 = EDGE_LOOP('',(#6017,#6020,#6023,#6026));
#6028 = FACE_OUTER_BOUND('',#6027,.T.);
#6029 = FACE_SURFACE('',(#6028),#6014,.T.);
#6030 = PLANE('',#7,(0.0,0.0,1.0));
#6031 = LINE('',#555,(1.0,0.0,0.0));
#6032 = EDGE_CURVE('',#555,#787,#6031,.T.);
#6033 = ORIENTED_EDGE('',*,*,#6032,.T.);
#6034 = LINE('',#787,(1.0,0.0,0.0));
#6035 = EDGE_CURVE('',#787,#785,#6034,.T.);
#6036 = ORIENTED_EDGE('',*,*,#6035,.T.);
#6037 = LINE('',#785,(1.0,0.0,0.0));
#6038 = EDGE_CURVE('',#785,#557,#6037,.T.);
#6039 = ORIENTED_EDGE('',*,*,#6038,.T.);
#6040 = LINE('',#557,(1.0,0.0,0.0));
#6041 = EDGE_CURVE('',#557,#555,#6040,.T.);
#6042 = ORIENTED_EDGE('',*,*,#6041,.T.);
#6043 = EDGE_LOOP('',(#6033,#6036,#6039,#6042));
#6044 = FACE_OUTER_BOUND('',#6043,.T.);
#6045 = FACE_SURFACE('',(#6044),#6030,.T.);
#6046 = PLANE('',#7,(0.0,0.0,1.0));
#6047 = LINE('',#787,(1.0,0.0,0.0));
#6048 = EDGE_CURVE('',#787,#783,#6047,.T.);
#6049 = ORIENTED_EDGE('',*,*,#6048,.T.);
#6050 = LINE('',#783,(1.0,0.0,0.0));
#6051 = EDGE_CURVE('',#783,#781,#6050,.T.);
#6052 = ORIENTED_EDGE('',*,*,#6051,.T.);
#6053 = LINE('',#781,(1.0,0.0,0.0));
#6054 = EDGE_CURVE('',#781,#785,#6053,.T.);
#6055 = ORIENTED_EDGE('',*,*,#6054,.T.);
#6056 = LINE('',#785,(1.0,0.0,0.0));
#6057 = EDGE_CURVE('',#785,#787,#6056,.T.);
#6058 = ORIENTED_EDGE('',*,*,#6057,.T.);
#6059 = EDGE_LOOP('',(#6049,#6052,#6055,#6058));
#6060 = FACE_OUTER_BOUND('',#6059,.T.);
#6061 = FACE_SURFACE('',(#6060),#6046,.T.);
#6062 = PLANE('',#7,(0.0,0.0,1.0));
#6063 = LINE('',#553,(1.0,0.0,0.0));
#6064 = EDGE_CURVE('',#553,#763,#6063,.T.);
#6065 = ORIENTED_EDGE('',*,*,#6064,.T.);
#6066 = LINE('',#763,(1.0,0.0,0.0));
#6067 = EDGE_CURVE('',#763,#787,#6066,.T.);
#6068 = ORIENTED_EDGE('',*,*,#6067,.T.);
#6069 = LINE('',#787,(1.0,0.0,0.0));
#6070 = EDGE_CURVE('',#787,#555,#6069,.T.);
#6071 = ORIENTED_EDGE('',*,*,#6070,.T.);
#6072 = LINE('',#555,(1.0,0.0,0.0));
#6073 = EDGE_CURVE('',#555,#553,#6072,.T.);
#6074 = ORIENTED_EDGE('',*,*,#6073,.T.);
#6075 = EDGE_LOOP('',(#6065,#6068,#6071,#6074));
#6076 = FACE_OUTER_BOUND('',#6075,.T.);
#6077 = FACE_SURFACE('',(#6076),#6062,.T.);
#6078 = PLANE('',#7,(0.0,0.0,1.0));
#6079 = LINE('',#763,(1.0,0.0,0.0));
#6080 = EDGE_CURVE('',#763,#761,#6079,.T.);
#6081 = ORIENTED_EDGE('',*,*,#6080,.T.);
#6082 = LINE('',#761,(1.0,0.0,0.0));
#6083 = EDGE_CURVE('',#761,#783,#6082,.T.);
#6084 = ORIENTED_EDGE('',*,*,#6083,.T.);
#6085 = LINE('',#783,(1.0,0.0,0.0));
#6086 = EDGE_CURVE('',#783,#787,#6085,.T.);
#6087 = ORIENTED_EDGE('',*,*,#6086,.T.);
#6088 = LINE('',#787,(1.0,0.0,0.0));
#6089 = EDGE_CURVE('',#787,#763,#6088,.T.);
#6090 = ORIENTED_EDGE('',*,*,#6089,.T.);
#6091 = EDGE_LOOP('',(#6081,#6084,#6087,#6090));
#6092 = FACE_OUTER_BOUND('',#6091,.T.);
#6093 = FACE_SURFACE('',(#6092),#6078,.T.);
#6094 = PLANE('',#7,(0.0,0.0,1.0));
#6095 = LINE('',#789,(1.0,0.0,0.0));
#6096 = EDGE_CURVE('',#789,#799,#6095,.T.);
#6097 = ORIENTED_EDGE('',*,*,#6096,.T.);
#6098 = LINE('',#799,(1.0,0.0,0.0));
#6099 = EDGE_CURVE('',#799,#741,#6098,.T.);
#6100 = ORIENTED_EDGE('',*,*,#6099,.T.);
#6101 = LINE('',#741,(1.0,0.0,0.0));
#6102 = EDGE_CURVE('',#741,#743,#6101,.T.);
#6103 = ORIENTED_EDGE('',*,*,#6102,.T.);
#6104 = LINE('',#743,(1.0,0.0,0.0));
#6105 = EDGE_CURVE('',#743,#789,#6104,.T.);
#6106 = ORIENTED_EDGE('',*,*,#6105,.T.);
#6107 = EDGE_LOOP('',(#6097,#6100,#6103,#6106));
#6108 = FACE_OUTER_BOUND('',#6107,.T.);
#6109 = FACE_SURFACE('',(#6108),#6094,.T.);
#6110 = PLANE('',#7,(0.0,0.0,1.0));
#6111 = LINE('',#799,(1.0,0.0,0.0));
#6112 = EDGE_CURVE('',#799,#749,#6111,.T.);
#6113 = ORIENTED_EDGE('',*,*,#6112,.T.);
#6114 = LINE('',#749,(1.0,0.0,0.0));
#6115 = EDGE_CURVE('',#749,#739,#6114,.T.);
#6116 = ORIENTED_EDGE('',*,*,#6115,.T.);
#6117 = LINE('',#739,(1.0,0.0,0.0));
#6118 = EDGE_CURVE('',#739,#741,#6117,.T.);
#6119 = ORIENTED_EDGE('',*,*,#6118,.T.);
#6120 = LINE('',#741,(1.0,0.0,0.0));
#6121 = EDGE_CURVE('',#741,#799,#6120,.T.);
#6122 = ORIENTED_EDGE('',*,*,#6121,.T.);
#6123 = EDGE_LOOP('',(#6113,#6116,#6119,#6122));
#6124 = FACE_OUTER_BOUND('',#6123,.T.);
#6125 = FACE_SURFACE('',(#6124),#6110,.T.);
#6126 = PLANE('',#7,(0.0,0.0,1.0));
#6127 = LINE('',#791,(1.0,0.0,0.0));
#6128 = EDGE_CURVE('',#791,#797,#6127,.T.);
#6129 = ORIENTED_EDGE('',*,*,#6128,.T.);
#6130 = LINE('',#797,(1.0,0.0,0.0));
#6131 = EDGE_CURVE('',#797,#799,#6130,.T.);
#6132 = ORIENTED_EDGE('',*,*,#6131,.T.);
#6133 = LINE('',#799,(1.0,0.0,0.0));
#6134 = EDGE_CURVE('',#799,#789,#6133,.T.);
#6135 = ORIENTED_EDGE('',*,*,#6134,.T.);
#6136 = LINE('',#789,(1.0,0.0,0.0));
#6137 = EDGE_CURVE('',#789,#791,#6136,.T.);
#6138 = ORIENTED_EDGE('',*,*,#6137,.T.);
#6139 = EDGE_LOOP('',(#6129,#6132,#6135,#6138));
#6140 = FACE_OUTER_BOUND('',#6139,.T.);
#6141 = FACE_SURFACE('',(#6140),#6126,.T.);
#6142 = PLANE('',#7,(0.0,0.0,1.0));
#6143 = LINE('',#797,(1.0,0.0,0.0));
#6144 = EDGE_CURVE('',#797,#751,#6143,.T.);
#6145 = ORIENTED_EDGE('',*,*,#6144,.T.);
#6146 = LINE('',#751,(1.0,0.0,0.0));
#6147 = EDGE_CURVE('',#751,#749,#6146,.T.);
#6148 = ORIENTED_EDGE('',*,*,#6147,.T.);
#6149 = LINE('',#749,(1.0,0.0,0.0));
#6150 = EDGE_CURVE('',#749,#799,#6149,.T.);
#6151 = ORIENTED_EDGE('',*,*,#6150,.T.);
#6152 = LINE('',#799,(1.0,0.0,0.0));
#6153 = EDGE_CURVE('',#799,#797,#6152,.T.);
#6154 = ORIENTED_EDGE('',*,*,#6153,.T.);
#6155 = EDGE_LOOP('',(#6145,#6148,#6151,#6154));
#6156 = FACE_OUTER_BOUND('',#6155,.T.);
#6157 = FACE_SURFACE('',(#6156),#6142,.T.);
#6158 = PLANE('',#7,(0.0,0.0,1.0));
#6159 = LINE('',#793,(1.0,0.0,0.0));
#6160 = EDGE_CURVE('',#793,#801,#6159,.T.);
#6161 = ORIENTED_EDGE('',*,*,#6160,.T.);
#6162 = LINE('',#801,(1.0,0.0,0.0));
#6163 = EDGE_CURVE('',#801,#797,#6162,.T.);
#6164 = ORIENTED_EDGE('',*,*,#6163,.T.);
#6165 = LINE('',#797,(1.0,0.0,0.0));
#6166 = EDGE_CURVE('',#797,#791,#6165,.T.);
#6167 = ORIENTED_EDGE('',*,*,#6166,.T.);
#6168 = LINE('',#791,(1.0,0.0,0.0));
#6169 = EDGE_CURVE('',#791,#793,#6168,.T.);
#6170 = ORIENTED_EDGE('',*,*,#6169,.T.);
#6171 = EDGE_LOOP('',(#6161,#6164,#6167,#6170));
#6172 = FACE_OUTER_BOUND('',#6171,.T.);
#6173 = FACE_SURFACE('',(#6172),#6158,.T.);
#6174 = PLANE('',#7,(0.0,0.0,1.0));
#6175 = LINE('',#801,(1.0,0.0,0.0));
#6176 = EDGE_CURVE('',#801,#753,#6175,.T.);
#6177 = ORIENTED_EDGE('',*,*,#6176,.T.);
#6178 = LINE('',#753,(1.0,0.0,0.0));
#6179 = EDGE_CURVE('',#753,#751,#6178,.T.);
#6180 = ORIENTED_EDGE('',*,*,#6179,.T.);
#6181 = LINE('',#751,(1.0,0.0,0.0));
#6182 = EDGE_CURVE('',#751,#797,#6181,.T.);
#6183 = ORIENTED_EDGE('',*,*,#6182,.T.);
#6184 = LINE('',#797,(1.0,0.0,0.0));
#6185 = EDGE_CURVE('',#797,#801,#6184,.T.);
#6186 = ORIENTED_EDGE('',*,*,#6185,.T.);
#6187 = EDGE_LOOP('',(#6177,#6180,#6183,#6186));
#6188 = FACE_OUTER_BOUND('',#6187,.T.);
#6189 = FACE_SURFACE('',(#6188),#6174,.T.);
#6190 = PLANE('',#7,(0.0,0.0,1.0));
#6191 = LINE('',#795,(1.0,0.0,0.0));
#6192 = EDGE_CURVE('',#795,#803,#6191,.T.);
#6193 = ORIENTED_EDGE('',*,*,#6192,.T.);
#6194 = LINE('',#803,(1.0,0.0,0.0));
#6195 = EDGE_CURVE('',#803,#801,#6194,.T.);
#6196 = ORIENTED_EDGE('',*,*,#6195,.T.);
#6197 = LINE('',#801,(1.0,0.0,0.0));
#6198 = EDGE_CURVE('',#801,#793,#6197,.T.);
#6199 = ORIENTED_EDGE('',*,*,#6198,.T.);
#6200 = LINE('',#793,(1.0,0.0,0.0));
#6201 = EDGE_CURVE('',#793,#795,#6200,.T.);
#6202 = ORIENTED_EDGE('',*,*,#6201,.T.);
#6203 = EDGE_LOOP('',(#6193,#6196,#6199,#6202));
#6204 = FACE_OUTER_BOUND('',#6203,.T.);
#6205 = FACE_SURFACE('',(#6204),#6190,.T.);
#6206 = PLANE('',#7,(0.0,0.0,1.0));
#6207 = LINE('',#803,(1.0,0.0,0.0));
#6208 = EDGE_CURVE('',#803,#755,#6207,.T.);
#6209 = ORIENTED_EDGE('',*,*,#6208,.T.);
#6210 = LINE('',#755,(1.0,0.0,0.0));
#6211 = EDGE_CURVE('',#755,#753,#6210,.T.);
#6212 = ORIENTED_EDGE('',*,*,#6211,.T.);
#6213 = LINE('',#753,(1.0,0.0,0.0));
#6214 = EDGE_CURVE('',#753,#801,#6213,.T.);
#6215 = ORIENTED_EDGE('',*,*,#6214,.T.);
#6216 = LINE('',#801,(1.0,0.0,0.0));
#6217 = EDGE_CURVE('',#801,#803,#6216,.T.);
#6218 = ORIENTED_EDGE('',*,*,#6217,.T.);
#6219 = EDGE_LOOP('',(#6209,#6212,#6215,#6218));
#6220 = FACE_OUTER_BOUND('',#6219,.T.);
#6221 = FACE_SURFACE('',(#6220),#6206,.T.);
#6222 = PLANE('',#7,(0.0,0.0,1.0));
#6223 = LINE('',#563,(1.0,0.0,0.0));
#6224 = EDGE_CURVE('',#563,#561,#6223,.T.);
#6225 = ORIENTED_EDGE('',*,*,#6224,.T.);
#6226 = LINE('',#561,(1.0,0.0,0.0));
#6227 = EDGE_CURVE('',#561,#803,#6226,.T.);
#6228 = ORIENTED_EDGE('',*,*,#6227,.T.);
#6229 = LINE('',#803,(1.0,0.0,0.0));
#6230 = EDGE_CURVE('',#803,#795,#6229,.T.);
#6231 = ORIENTED_EDGE('',*,*,#6230,.T.);
#6232 = LINE('',#795,(1.0,0.0,0.0));
#6233 = EDGE_CURVE('',#795,#563,#6232,.T.);
#6234 = ORIENTED_EDGE('',*,*,#6233,.T.);
#6235 = EDGE_LOOP('',(#6225,#6228,#6231,#6234));
#6236 = FACE_OUTER_BOUND('',#6235,.T.);
#6237 = FACE_SURFACE('',(#6236),#6222,.T.);
#6238 = PLANE('',#7,(0.0,0.0,1.0));
#6239 = LINE('',#561,(1.0,0.0,0.0));
#6240 = EDGE_CURVE('',#561,#559,#6239,.T.);
#6241 = ORIENTED_EDGE('',*,*,#6240,.T.);
#6242 = LINE('',#559,(1.0,0.0,0.0));
#6243 = EDGE_CURVE('',#559,#755,#6242,.T.);
#6244 = ORIENTED_EDGE('',*,*,#6243,.T.);
#6245 = LINE('',#755,(1.0,0.0,0.0));
#6246 = EDGE_CURVE('',#755,#803,#6245,.T.);
#6247 = ORIENTED_EDGE('',*,*,#6246,.T.);
#6248 = LINE('',#803,(1.0,0.0,0.0));
#6249 = EDGE_CURVE('',#803,#561,#6248,.T.);
#6250 = ORIENTED_EDGE('',*,*,#6249,.T.);
#6251 = EDGE_LOOP('',(#6241,#6244,#6247,#6250));
#6252 = FACE_OUTER_BOUND('',#6251,.T.);
#6253 = FACE_SURFACE('',(#6252),#6238,.T.);
#6254 = PLANE('',#7,(0.0,0.0,1.0));
#6255 = LINE('',#805,(1.0,0.0,0.0));
#6256 = EDGE_CURVE('',#805,#809,#6255,.T.);
#6257 = ORIENTED_EDGE('',*,*,#6256,.T.);
#6258 = LINE('',#809,(1.0,0.0,0.0));
#6259 = EDGE_CURVE('',#809,#197,#6258,.T.);
#6260 = ORIENTED_EDGE('',*,*,#6259,.T.);
#6261 = LINE('',#197,(1.0,0.0,0.0));
#6262 = EDGE_CURVE('',#197,#195,#6261,.T.);
#6263 = ORIENTED_EDGE('',*,*,#6262,.T.);
#6264 = LINE('',#195,(1.0,0.0,0.0));
#6265 = EDGE_CURVE('',#195,#805,#6264,.T.);
#6266 = ORIENTED_EDGE('',*,*,#6265,.T.);
#6267 = EDGE_LOOP('',(#6257,#6260,#6263,#6266));
#6268 = FACE_OUTER_BOUND('',#6267,.T.);
#6269 = FACE_SURFACE('',(#6268),#6254,.T.);
#6270 = PLANE('',#7,(0.0,0.0,1.0));
#6271 = LINE('',#809,(1.0,0.0,0.0));
#6272 = EDGE_CURVE('',#809,#747,#6271,.T.);
#6273 = ORIENTED_EDGE('',*,*,#6272,.T.);
#6274 = LINE('',#747,(1.0,0.0,0.0));
#6275 = EDGE_CURVE('',#747,#199,#6274,.T.);
#6276 = ORIENTED_EDGE('',*,*,#6275,.T.);
#6277 = LINE('',#199,(1.0,0.0,0.0));
#6278 = EDGE_CURVE('',#199,#197,#6277,.T.);
#6279 = ORIENTED_EDGE('',*,*,#6278,.T.);
#6280 = LINE('',#197,(1.0,0.0,0.0));
#6281 = EDGE_CURVE('',#197,#809,#6280,.T.);
#6282 = ORIENTED_EDGE('',*,*,#6281,.T.);
#6283 = EDGE_LOOP('',(#6273,#6276,#6279,#6282));
#6284 = FACE_OUTER_BOUND('',#6283,.T.);
#6285 = FACE_SURFACE('',(#6284),#6270,.T.);
#6286 = PLANE('',#7,(0.0,0.0,1.0));
#6287 = LINE('',#807,(1.0,0.0,0.0));
#6288 = EDGE_CURVE('',#807,#811,#6287,.T.);
#6289 = ORIENTED_EDGE('',*,*,#6288,.T.);
#6290 = LINE('',#811,(1.0,0.0,0.0));
#6291 = EDGE_CURVE('',#811,#809,#6290,.T.);
#6292 = ORIENTED_EDGE('',*,*,#6291,.T.);
#6293 = LINE('',#809,(1.0,0.0,0.0));
#6294 = EDGE_CURVE('',#809,#805,#6293,.T.);
#6295 = ORIENTED_EDGE('',*,*,#6294,.T.);
#6296 = LINE('',#805,(1.0,0.0,0.0));
#6297 = EDGE_CURVE('',#805,#807,#6296,.T.);
#6298 = ORIENTED_EDGE('',*,*,#6297,.T.);
#6299 = EDGE_LOOP('',(#6289,#6292,#6295,#6298));
#6300 = FACE_OUTER_BOUND('',#6299,.T.);
#6301 = FACE_SURFACE('',(#6300),#6286,.T.);
#6302 = PLANE('',#7,(0.0,0.0,1.0));
#6303 = LINE('',#811,(1.0,0.0,0.0));
#6304 = EDGE_CURVE('',#811,#745,#6303,.T.);
#6305 = ORIENTED_EDGE('',*,*,#6304,.T.);
#6306 = LINE('',#745,(1.0,0.0,0.0));
#6307 = EDGE_CURVE('',#745,#747,#6306,.T.);
#6308 = ORIENTED_EDGE('',*,*,#6307,.T.);
#6309 = LINE('',#747,(1.0,0.0,0.0));
#6310 = EDGE_CURVE('',#747,#809,#6309,.T.);
#6311 = ORIENTED_EDGE('',*,*,#6310,.T.);
#6312 = LINE('',#809,(1.0,0.0,0.0));
#6313 = EDGE_CURVE('',#809,#811,#6312,.T.);
#6314 = ORIENTED_EDGE('',*,*,#6313,.T.);
#6315 = EDGE_LOOP('',(#6305,#6308,#6311,#6314));
#6316 = FACE_OUTER_BOUND('',#6315,.T.);
#6317 = FACE_SURFACE('',(#6316),#6302,.T.);
#6318 = PLANE('',#7,(0.0,0.0,1.0));
#6319 = LINE('',#791,(1.0,0.0,0.0));
#6320 = EDGE_CURVE('',#791,#789,#6319,.T.);
#6321 = ORIENTED_EDGE('',*,*,#6320,.T.);
#6322 = LINE('',#789,(1.0,0.0,0.0));
#6323 = EDGE_CURVE('',#789,#811,#6322,.T.);
#6324 = ORIENTED_EDGE('',*,*,#6323,.T.);
#6325 = LINE('',#811,(1.0,0.0,0.0));
#6326 = EDGE_CURVE('',#811,#807,#6325,.T.);
#6327 = ORIENTED_EDGE('',*,*,#6326,.T.);
#6328 = LINE('',#807,(1.0,0.0,0.0));
#6329 = EDGE_CURVE('',#807,#791,#6328,.T.);
#6330 = ORIENTED_EDGE('',*,*,#6329,.T.);
#6331 = EDGE_LOOP('',(#6321,#6324,#6327,#6330));
#6332 = FACE_OUTER_BOUND('',#6331,.T.);
#6333 = FACE_SURFACE('',(#6332),#6318,.T.);
#6334 = PLANE('',#7,(0.0,0.0,1.0));
#6335 = LINE('',#789,(1.0,0.0,0.0));
#6336 = EDGE_CURVE('',#789,#743,#6335,.T.);
#6337 = ORIENTED_EDGE('',*,*,#6336,.T.);
#6338 = LINE('',#743,(1.0,0.0,0.0));
#6339 = EDGE_CURVE('',#743,#745,#6338,.T.);
#6340 = ORIENTED_EDGE('',*,*,#6339,.T.);
#6341 = LINE('',#745,(1.0,0.0,0.0));
#6342 = EDGE_CURVE('',#745,#811,#6341,.T.);
#6343 = ORIENTED_EDGE('',*,*,#6342,.T.);
#6344 = LINE('',#811,(1.0,0.0,0.0));
#6345 = EDGE_CURVE('',#811,#789,#6344,.T.);
#6346 = ORIENTED_EDGE('',*,*,#6345,.T.);
#6347 = EDGE_LOOP('',(#6337,#6340,#6343,#6346));
#6348 = FACE_OUTER_BOUND('',#6347,.T.);
#6349 = FACE_SURFACE('',(#6348),#6334,.T.);
#6350 = PLANE('',#7,(0.0,0.0,1.0));
#6351 = LINE('',#193,(1.0,0.0,0.0));
#6352 = EDGE_CURVE('',#193,#813,#6351,.T.);
#6353 = ORIENTED_EDGE('',*,*,#6352,.T.);
#6354 = LINE('',#813,(1.0,0.0,0.0));
#6355 = EDGE_CURVE('',#813,#805,#6354,.T.);
#6356 = ORIENTED_EDGE('',*,*,#6355,.T.);
#6357 = LINE('',#805,(1.0,0.0,0.0));
#6358 = EDGE_CURVE('',#805,#195,#6357,.T.);
#6359 = ORIENTED_EDGE('',*,*,#6358,.T.);
#6360 = LINE('',#195,(1.0,0.0,0.0));
#6361 = EDGE_CURVE('',#195,#193,#6360,.T.);
#6362 = ORIENTED_EDGE('',*,*,#6361,.T.);
#6363 = EDGE_LOOP('',(#6353,#6356,#6359,#6362));
#6364 = FACE_OUTER_BOUND('',#6363,.T.);
#6365 = FACE_SURFACE('',(#6364),#6350,.T.);
#6366 = PLANE('',#7,(0.0,0.0,1.0));
#6367 = LINE('',#813,(1.0,0.0,0.0));
#6368 = EDGE_CURVE('',#813,#815,#6367,.T.);
#6369 = ORIENTED_EDGE('',*,*,#6368,.T.);
#6370 = LINE('',#815,(1.0,0.0,0.0));
#6371 = EDGE_CURVE('',#815,#807,#6370,.T.);
#6372 = ORIENTED_EDGE('',*,*,#6371,.T.);
#6373 = LINE('',#807,(1.0,0.0,0.0));
#6374 = EDGE_CURVE('',#807,#805,#6373,.T.);
#6375 = ORIENTED_EDGE('',*,*,#6374,.T.);
#6376 = LINE('',#805,(1.0,0.0,0.0));
#6377 = EDGE_CURVE('',#805,#813,#6376,.T.);
#6378 = ORIENTED_EDGE('',*,*,#6377,.T.);
#6379 = EDGE_LOOP('',(#6369,#6372,#6375,#6378));
#6380 = FACE_OUTER_BOUND('',#6379,.T.);
#6381 = FACE_SURFACE('',(#6380),#6366,.T.);
#6382 = PLANE('',#7,(0.0,0.0,1.0));
#6383 = LINE('',#815,(1.0,0.0,0.0));
#6384 = EDGE_CURVE('',#815,#793,#6383,.T.);
#6385 = ORIENTED_EDGE('',*,*,#6384,.T.);
#6386 = LINE('',#793,(1.0,0.0,0.0));
#6387 = EDGE_CURVE('',#793,#791,#6386,.T.);
#6388 = ORIENTED_EDGE('',*,*,#6387,.T.);
#6389 = LINE('',#791,(1.0,0.0,0.0));
#6390 = EDGE_CURVE('',#791,#807,#6389,.T.);
#6391 = ORIENTED_EDGE('',*,*,#6390,.T.);
#6392 = LINE('',#807,(1.0,0.0,0.0));
#6393 = EDGE_CURVE('',#807,#815,#6392,.T.);
#6394 = ORIENTED_EDGE('',*,*,#6393,.T.);
#6395 = EDGE_LOOP('',(#6385,#6388,#6391,#6394));
#6396 = FACE_OUTER_BOUND('',#6395,.T.);
#6397 = FACE_SURFACE('',(#6396),#6382,.T.);
#6398 = PLANE('',#7,(0.0,0.0,1.0));
#6399 = LINE('',#567,(1.0,0.0,0.0));
#6400 = EDGE_CURVE('',#567,#817,#6399,.T.);
#6401 = ORIENTED_EDGE('',*,*,#6400,.T.);
#6402 = LINE('',#817,(1.0,0.0,0.0));
#6403 = EDGE_CURVE('',#817,#191,#6402,.T.);
#6404 = ORIENTED_EDGE('',*,*,#6403,.T.);
#6405 = LINE('',#191,(1.0,0.0,0.0));
#6406 = EDGE_CURVE('',#191,#189,#6405,.T.);
#6407 = ORIENTED_EDGE('',*,*,#6406,.T.);
#6408 = LINE('',#189,(1.0,0.0,0.0));
#6409 = EDGE_CURVE('',#189,#567,#6408,.T.);
#6410 = ORIENTED_EDGE('',*,*,#6409,.T.);
#6411 = EDGE_LOOP('',(#6401,#6404,#6407,#6410));
#6412 = FACE_OUTER_BOUND('',#6411,.T.);
#6413 = FACE_SURFACE('',(#6412),#6398,.T.);
#6414 = PLANE('',#7,(0.0,0.0,1.0));
#6415 = LINE('',#817,(1.0,0.0,0.0));
#6416 = EDGE_CURVE('',#817,#813,#6415,.T.);
#6417 = ORIENTED_EDGE('',*,*,#6416,.T.);
#6418 = LINE('',#813,(1.0,0.0,0.0));
#6419 = EDGE_CURVE('',#813,#193,#6418,.T.);
#6420 = ORIENTED_EDGE('',*,*,#6419,.T.);
#6421 = LINE('',#193,(1.0,0.0,0.0));
#6422 = EDGE_CURVE('',#193,#191,#6421,.T.);
#6423 = ORIENTED_EDGE('',*,*,#6422,.T.);
#6424 = LINE('',#191,(1.0,0.0,0.0));
#6425 = EDGE_CURVE('',#191,#817,#6424,.T.);
#6426 = ORIENTED_EDGE('',*,*,#6425,.T.);
#6427 = EDGE_LOOP('',(#6417,#6420,#6423,#6426));
#6428 = FACE_OUTER_BOUND('',#6427,.T.);
#6429 = FACE_SURFACE('',(#6428),#6414,.T.);
#6430 = PLANE('',#7,(0.0,0.0,1.0));
#6431 = LINE('',#565,(1.0,0.0,0.0));
#6432 = EDGE_CURVE('',#565,#819,#6431,.T.);
#6433 = ORIENTED_EDGE('',*,*,#6432,.T.);
#6434 = LINE('',#819,(1.0,0.0,0.0));
#6435 = EDGE_CURVE('',#819,#817,#6434,.T.);
#6436 = ORIENTED_EDGE('',*,*,#6435,.T.);
#6437 = LINE('',#817,(1.0,0.0,0.0));
#6438 = EDGE_CURVE('',#817,#567,#6437,.T.);
#6439 = ORIENTED_EDGE('',*,*,#6438,.T.);
#6440 = LINE('',#567,(1.0,0.0,0.0));
#6441 = EDGE_CURVE('',#567,#565,#6440,.T.);
#6442 = ORIENTED_EDGE('',*,*,#6441,.T.);
#6443 = EDGE_LOOP('',(#6433,#6436,#6439,#6442));
#6444 = FACE_OUTER_BOUND('',#6443,.T.);
#6445 = FACE_SURFACE('',(#6444),#6430,.T.);
#6446 = PLANE('',#7,(0.0,0.0,1.0));
#6447 = LINE('',#819,(1.0,0.0,0.0));
#6448 = EDGE_CURVE('',#819,#815,#6447,.T.);
#6449 = ORIENTED_EDGE('',*,*,#6448,.T.);
#6450 = LINE('',#815,(1.0,0.0,0.0));
#6451 = EDGE_CURVE('',#815,#813,#6450,.T.);
#6452 = ORIENTED_EDGE('',*,*,#6451,.T.);
#6453 = LINE('',#813,(1.0,0.0,0.0));
#6454 = EDGE_CURVE('',#813,#817,#6453,.T.);
#6455 = ORIENTED_EDGE('',*,*,#6454,.T.);
#6456 = LINE('',#817,(1.0,0.0,0.0));
#6457 = EDGE_CURVE('',#817,#819,#6456,.T.);
#6458 = ORIENTED_EDGE('',*,*,#6457,.T.);
#6459 = EDGE_LOOP('',(#6449,#6452,#6455,#6458));
#6460 = FACE_OUTER_BOUND('',#6459,.T.);
#6461 = FACE_SURFACE('',(#6460),#6446,.T.);
#6462 = PLANE('',#7,(0.0,0.0,1.0));
#6463 = LINE('',#563,(1.0,0.0,0.0));
#6464 = EDGE_CURVE('',#563,#795,#6463,.T.);
#6465 = ORIENTED_EDGE('',*,*,#6464,.T.);
#6466 = LINE('',#795,(1.0,0.0,0.0));
#6467 = EDGE_CURVE('',#795,#819,#6466,.T.);
#6468 = ORIENTED_EDGE('',*,*,#6467,.T.);
#6469 = LINE('',#819,(1.0,0.0,0.0));
#6470 = EDGE_CURVE('',#819,#565,#6469,.T.);
#6471 = ORIENTED_EDGE('',*,*,#6470,.T.);
#6472 = LINE('',#565,(1.0,0.0,0.0));
#6473 = EDGE_CURVE('',#565,#563,#6472,.T.);
#6474 = ORIENTED_EDGE('',*,*,#6473,.T.);
#6475 = EDGE_LOOP('',(#6465,#6468,#6471,#6474));
#6476 = FACE_OUTER_BOUND('',#6475,.T.);
#6477 = FACE_SURFACE('',(#6476),#6462,.T.);
#6478 = PLANE('',#7,(0.0,0.0,1.0));
#6479 = LINE('',#795,(1.0,0.0,0.0));
#6480 = EDGE_CURVE('',#795,#793,#6479,.T.);
#6481 = ORIENTED_EDGE('',*,*,#6480,.T.);
#6482 = LINE('',#793,(1.0,0.0,0.0));
#6483 = EDGE_CURVE('',#793,#815,#6482,.T.);
#6484 = ORIENTED_EDGE('',*,*,#6483,.T.);
#6485 = LINE('',#815,(1.0,0.0,0.0));
#6486 = EDGE_CURVE('',#815,#819,#6485,.T.);
#6487 = ORIENTED_EDGE('',*,*,#6486,.T.);
#6488 = LINE('',#819,(1.0,0.0,0.0));
#6489 = EDGE_CURVE('',#819,#795,#6488,.T.);
#6490 = ORIENTED_EDGE('',*,*,#6489,.T.);
#6491 = EDGE_LOOP('',(#6481,#6484,#6487,#6490));
#6492 = FACE_OUTER_BOUND('',#6491,.T.);
#6493 = FACE_SURFACE('',(#6492),#6478,.T.);
#6494 = PLANE('',#7,(0.0,0.0,1.0));
#6495 = LINE('',#829,(1.0,0.0,0.0));
#6496 = EDGE_CURVE('',#829,#839,#6495,.T.);
#6497 = ORIENTED_EDGE('',*,*,#6496,.T.);
#6498 = LINE('',#839,(1.0,0.0,0.0));
#6499 = EDGE_CURVE('',#839,#133,#6498,.T.);
#6500 = ORIENTED_EDGE('',*,*,#6499,.T.);
#6501 = LINE('',#133,(1.0,0.0,0.0));
#6502 = EDGE_CURVE('',#133,#135,#6501,.T.);
#6503 = ORIENTED_EDGE('',*,*,#6502,.T.);
#6504 = LINE('',#135,(1.0,0.0,0.0));
#6505 = EDGE_CURVE('',#135,#829,#6504,.T.);
#6506 = ORIENTED_EDGE('',*,*,#6505,.T.);
#6507 = EDGE_LOOP('',(#6497,#6500,#6503,#6506));
#6508 = FACE_OUTER_BOUND('',#6507,.T.);
#6509 = FACE_SURFACE('',(#6508),#6494,.T.);
#6510 = PLANE('',#7,(0.0,0.0,1.0));
#6511 = LINE('',#839,(1.0,0.0,0.0));
#6512 = EDGE_CURVE('',#839,#129,#6511,.T.);
#6513 = ORIENTED_EDGE('',*,*,#6512,.T.);
#6514 = LINE('',#129,(1.0,0.0,0.0));
#6515 = EDGE_CURVE('',#129,#131,#6514,.T.);
#6516 = ORIENTED_EDGE('',*,*,#6515,.T.);
#6517 = LINE('',#131,(1.0,0.0,0.0));
#6518 = EDGE_CURVE('',#131,#133,#6517,.T.);
#6519 = ORIENTED_EDGE('',*,*,#6518,.T.);
#6520 = LINE('',#133,(1.0,0.0,0.0));
#6521 = EDGE_CURVE('',#133,#839,#6520,.T.);
#6522 = ORIENTED_EDGE('',*,*,#6521,.T.);
#6523 = EDGE_LOOP('',(#6513,#6516,#6519,#6522));
#6524 = FACE_OUTER_BOUND('',#6523,.T.);
#6525 = FACE_SURFACE('',(#6524),#6510,.T.);
#6526 = PLANE('',#7,(0.0,0.0,1.0));
#6527 = LINE('',#831,(1.0,0.0,0.0));
#6528 = EDGE_CURVE('',#831,#837,#6527,.T.);
#6529 = ORIENTED_EDGE('',*,*,#6528,.T.);
#6530 = LINE('',#837,(1.0,0.0,0.0));
#6531 = EDGE_CURVE('',#837,#839,#6530,.T.);
#6532 = ORIENTED_EDGE('',*,*,#6531,.T.);
#6533 = LINE('',#839,(1.0,0.0,0.0));
#6534 = EDGE_CURVE('',#839,#829,#6533,.T.);
#6535 = ORIENTED_EDGE('',*,*,#6534,.T.);
#6536 = LINE('',#829,(1.0,0.0,0.0));
#6537 = EDGE_CURVE('',#829,#831,#6536,.T.);
#6538 = ORIENTED_EDGE('',*,*,#6537,.T.);
#6539 = EDGE_LOOP('',(#6529,#6532,#6535,#6538));
#6540 = FACE_OUTER_BOUND('',#6539,.T.);
#6541 = FACE_SURFACE('',(#6540),#6526,.T.);
#6542 = PLANE('',#7,(0.0,0.0,1.0));
#6543 = LINE('',#837,(1.0,0.0,0.0));
#6544 = EDGE_CURVE('',#837,#127,#6543,.T.);
#6545 = ORIENTED_EDGE('',*,*,#6544,.T.);
#6546 = LINE('',#127,(1.0,0.0,0.0));
#6547 = EDGE_CURVE('',#127,#129,#6546,.T.);
#6548 = ORIENTED_EDGE('',*,*,#6547,.T.);
#6549 = LINE('',#129,(1.0,0.0,0.0));
#6550 = EDGE_CURVE('',#129,#839,#6549,.T.);
#6551 = ORIENTED_EDGE('',*,*,#6550,.T.);
#6552 = LINE('',#839,(1.0,0.0,0.0));
#6553 = EDGE_CURVE('',#839,#837,#6552,.T.);
#6554 = ORIENTED_EDGE('',*,*,#6553,.T.);
#6555 = EDGE_LOOP('',(#6545,#6548,#6551,#6554));
#6556 = FACE_OUTER_BOUND('',#6555,.T.);
#6557 = FACE_SURFACE('',(#6556),#6542,.T.);
#6558 = PLANE('',#7,(0.0,0.0,1.0));
#6559 = LINE('',#833,(1.0,0.0,0.0));
#6560 = EDGE_CURVE('',#833,#841,#6559,.T.);
#6561 = ORIENTED_EDGE('',*,*,#6560,.T.);
#6562 = LINE('',#841,(1.0,0.0,0.0));
#6563 = EDGE_CURVE('',#841,#837,#6562,.T.);
#6564 = ORIENTED_EDGE('',*,*,#6563,.T.);
#6565 = LINE('',#837,(1.0,0.0,0.0));
#6566 = EDGE_CURVE('',#837,#831,#6565,.T.);
#6567 = ORIENTED_EDGE('',*,*,#6566,.T.);
#6568 = LINE('',#831,(1.0,0.0,0.0));
#6569 = EDGE_CURVE('',#831,#833,#6568,.T.);
#6570 = ORIENTED_EDGE('',*,*,#6569,.T.);
#6571 = EDGE_LOOP('',(#6561,#6564,#6567,#6570));
#6572 = FACE_OUTER_BOUND('',#6571,.T.);
#6573 = FACE_SURFACE('',(#6572),#6558,.T.);
#6574 = PLANE('',#7,(0.0,0.0,1.0));
#6575 = LINE('',#841,(1.0,0.0,0.0));
#6576 = EDGE_CURVE('',#841,#125,#6575,.T.);
#6577 = ORIENTED_EDGE('',*,*,#6576,.T.);
#6578 = LINE('',#125,(1.0,0.0,0.0));
#6579 = EDGE_CURVE('',#125,#127,#6578,.T.);
#6580 = ORIENTED_EDGE('',*,*,#6579,.T.);
#6581 = LINE('',#127,(1.0,0.0,0.0));
#6582 = EDGE_CURVE('',#127,#837,#6581,.T.);
#6583 = ORIENTED_EDGE('',*,*,#6582,.T.);
#6584 = LINE('',#837,(1.0,0.0,0.0));
#6585 = EDGE_CURVE('',#837,#841,#6584,.T.);
#6586 = ORIENTED_EDGE('',*,*,#6585,.T.);
#6587 = EDGE_LOOP('',(#6577,#6580,#6583,#6586));
#6588 = FACE_OUTER_BOUND('',#6587,.T.);
#6589 = FACE_SURFACE('',(#6588),#6574,.T.);
#6590 = PLANE('',#7,(0.0,0.0,1.0));
#6591 = LINE('',#835,(1.0,0.0,0.0));
#6592 = EDGE_CURVE('',#835,#843,#6591,.T.);
#6593 = ORIENTED_EDGE('',*,*,#6592,.T.);
#6594 = LINE('',#843,(1.0,0.0,0.0));
#6595 = EDGE_CURVE('',#843,#841,#6594,.T.);
#6596 = ORIENTED_EDGE('',*,*,#6595,.T.);
#6597 = LINE('',#841,(1.0,0.0,0.0));
#6598 = EDGE_CURVE('',#841,#833,#6597,.T.);
#6599 = ORIENTED_EDGE('',*,*,#6598,.T.);
#6600 = LINE('',#833,(1.0,0.0,0.0));
#6601 = EDGE_CURVE('',#833,#835,#6600,.T.);
#6602 = ORIENTED_EDGE('',*,*,#6601,.T.);
#6603 = EDGE_LOOP('',(#6593,#6596,#6599,#6602));
#6604 = FACE_OUTER_BOUND('',#6603,.T.);
#6605 = FACE_SURFACE('',(#6604),#6590,.T.);
#6606 = PLANE('',#7,(0.0,0.0,1.0));
#6607 = LINE('',#843,(1.0,0.0,0.0));
#6608 = EDGE_CURVE('',#843,#123,#6607,.T.);
#6609 = ORIENTED_EDGE('',*,*,#6608,.T.);
#6610 = LINE('',#123,(1.0,0.0,0.0));
#6611 = EDGE_CURVE('',#123,#125,#6610,.T.);
#6612 = ORIENTED_EDGE('',*,*,#6611,.T.);
#6613 = LINE('',#125,(1.0,0.0,0.0));
#6614 = EDGE_CURVE('',#125,#841,#6613,.T.);
#6615 = ORIENTED_EDGE('',*,*,#6614,.T.);
#6616 = LINE('',#841,(1.0,0.0,0.0));
#6617 = EDGE_CURVE('',#841,#843,#6616,.T.);
#6618 = ORIENTED_EDGE('',*,*,#6617,.T.);
#6619 = EDGE_LOOP('',(#6609,#6612,#6615,#6618));
#6620 = FACE_OUTER_BOUND('',#6619,.T.);
#6621 = FACE_SURFACE('',(#6620),#6606,.T.);
#6622 = PLANE('',#7,(0.0,0.0,1.0));
#6623 = LINE('',#733,(1.0,0.0,0.0));
#6624 = EDGE_CURVE('',#733,#731,#6623,.T.);
#6625 = ORIENTED_EDGE('',*,*,#6624,.T.);
#6626 = LINE('',#731,(1.0,0.0,0.0));
#6627 = EDGE_CURVE('',#731,#843,#6626,.T.);
#6628 = ORIENTED_EDGE('',*,*,#6627,.T.);
#6629 = LINE('',#843,(1.0,0.0,0.0));
#6630 = EDGE_CURVE('',#843,#835,#6629,.T.);
#6631 = ORIENTED_EDGE('',*,*,#6630,.T.);
#6632 = LINE('',#835,(1.0,0.0,0.0));
#6633 = EDGE_CURVE('',#835,#733,#6632,.T.);
#6634 = ORIENTED_EDGE('',*,*,#6633,.T.);
#6635 = EDGE_LOOP('',(#6625,#6628,#6631,#6634));
#6636 = FACE_OUTER_BOUND('',#6635,.T.);
#6637 = FACE_SURFACE('',(#6636),#6622,.T.);
#6638 = PLANE('',#7,(0.0,0.0,1.0));
#6639 = LINE('',#731,(1.0,0.0,0.0));
#6640 = EDGE_CURVE('',#731,#121,#6639,.T.);
#6641 = ORIENTED_EDGE('',*,*,#6640,.T.);
#6642 = LINE('',#121,(1.0,0.0,0.0));
#6643 = EDGE_CURVE('',#121,#123,#6642,.T.);
#6644 = ORIENTED_EDGE('',*,*,#6643,.T.);
#6645 = LINE('',#123,(1.0,0.0,0.0));
#6646 = EDGE_CURVE('',#123,#843,#6645,.T.);
#6647 = ORIENTED_EDGE('',*,*,#6646,.T.);
#6648 = LINE('',#843,(1.0,0.0,0.0));
#6649 = EDGE_CURVE('',#843,#731,#6648,.T.);
#6650 = ORIENTED_EDGE('',*,*,#6649,.T.);
#6651 = EDGE_LOOP('',(#6641,#6644,#6647,#6650));
#6652 = FACE_OUTER_BOUND('',#6651,.T.);
#6653 = FACE_SURFACE('',(#6652),#6638,.T.);
#6654 = PLANE('',#7,(0.0,0.0,1.0));
#6655 = LINE('',#845,(1.0,0.0,0.0));
#6656 = EDGE_CURVE('',#845,#849,#6655,.T.);
#6657 = ORIENTED_EDGE('',*,*,#6656,.T.);
#6658 = LINE('',#849,(1.0,0.0,0.0));
#6659 = EDGE_CURVE('',#849,#821,#6658,.T.);
#6660 = ORIENTED_EDGE('',*,*,#6659,.T.);
#6661 = LINE('',#821,(1.0,0.0,0.0));
#6662 = EDGE_CURVE('',#821,#823,#6661,.T.);
#6663 = ORIENTED_EDGE('',*,*,#6662,.T.);
#6664 = LINE('',#823,(1.0,0.0,0.0));
#6665 = EDGE_CURVE('',#823,#845,#6664,.T.);
#6666 = ORIENTED_EDGE('',*,*,#6665,.T.);
#6667 = EDGE_LOOP('',(#6657,#6660,#6663,#6666));
#6668 = FACE_OUTER_BOUND('',#6667,.T.);
#6669 = FACE_SURFACE('',(#6668),#6654,.T.);
#6670 = PLANE('',#7,(0.0,0.0,1.0));
#6671 = LINE('',#849,(1.0,0.0,0.0));
#6672 = EDGE_CURVE('',#849,#139,#6671,.T.);
#6673 = ORIENTED_EDGE('',*,*,#6672,.T.);
#6674 = LINE('',#139,(1.0,0.0,0.0));
#6675 = EDGE_CURVE('',#139,#141,#6674,.T.);
#6676 = ORIENTED_EDGE('',*,*,#6675,.T.);
#6677 = LINE('',#141,(1.0,0.0,0.0));
#6678 = EDGE_CURVE('',#141,#821,#6677,.T.);
#6679 = ORIENTED_EDGE('',*,*,#6678,.T.);
#6680 = LINE('',#821,(1.0,0.0,0.0));
#6681 = EDGE_CURVE('',#821,#849,#6680,.T.);
#6682 = ORIENTED_EDGE('',*,*,#6681,.T.);
#6683 = EDGE_LOOP('',(#6673,#6676,#6679,#6682));
#6684 = FACE_OUTER_BOUND('',#6683,.T.);
#6685 = FACE_SURFACE('',(#6684),#6670,.T.);
#6686 = PLANE('',#7,(0.0,0.0,1.0));
#6687 = LINE('',#847,(1.0,0.0,0.0));
#6688 = EDGE_CURVE('',#847,#851,#6687,.T.);
#6689 = ORIENTED_EDGE('',*,*,#6688,.T.);
#6690 = LINE('',#851,(1.0,0.0,0.0));
#6691 = EDGE_CURVE('',#851,#849,#6690,.T.);
#6692 = ORIENTED_EDGE('',*,*,#6691,.T.);
#6693 = LINE('',#849,(1.0,0.0,0.0));
#6694 = EDGE_CURVE('',#849,#845,#6693,.T.);
#6695 = ORIENTED_EDGE('',*,*,#6694,.T.);
#6696 = LINE('',#845,(1.0,0.0,0.0));
#6697 = EDGE_CURVE('',#845,#847,#6696,.T.);
#6698 = ORIENTED_EDGE('',*,*,#6697,.T.);
#6699 = EDGE_LOOP('',(#6689,#6692,#6695,#6698));
#6700 = FACE_OUTER_BOUND('',#6699,.T.);
#6701 = FACE_SURFACE('',(#6700),#6686,.T.);
#6702 = PLANE('',#7,(0.0,0.0,1.0));
#6703 = LINE('',#851,(1.0,0.0,0.0));
#6704 = EDGE_CURVE('',#851,#137,#6703,.T.);
#6705 = ORIENTED_EDGE('',*,*,#6704,.T.);
#6706 = LINE('',#137,(1.0,0.0,0.0));
#6707 = EDGE_CURVE('',#137,#139,#6706,.T.);
#6708 = ORIENTED_EDGE('',*,*,#6707,.T.);
#6709 = LINE('',#139,(1.0,0.0,0.0));
#6710 = EDGE_CURVE('',#139,#849,#6709,.T.);
#6711 = ORIENTED_EDGE('',*,*,#6710,.T.);
#6712 = LINE('',#849,(1.0,0.0,0.0));
#6713 = EDGE_CURVE('',#849,#851,#6712,.T.);
#6714 = ORIENTED_EDGE('',*,*,#6713,.T.);
#6715 = EDGE_LOOP('',(#6705,#6708,#6711,#6714));
#6716 = FACE_OUTER_BOUND('',#6715,.T.);
#6717 = FACE_SURFACE('',(#6716),#6702,.T.);
#6718 = PLANE('',#7,(0.0,0.0,1.0));
#6719 = LINE('',#831,(1.0,0.0,0.0));
#6720 = EDGE_CURVE('',#831,#829,#6719,.T.);
#6721 = ORIENTED_EDGE('',*,*,#6720,.T.);
#6722 = LINE('',#829,(1.0,0.0,0.0));
#6723 = EDGE_CURVE('',#829,#851,#6722,.T.);
#6724 = ORIENTED_EDGE('',*,*,#6723,.T.);
#6725 = LINE('',#851,(1.0,0.0,0.0));
#6726 = EDGE_CURVE('',#851,#847,#6725,.T.);
#6727 = ORIENTED_EDGE('',*,*,#6726,.T.);
#6728 = LINE('',#847,(1.0,0.0,0.0));
#6729 = EDGE_CURVE('',#847,#831,#6728,.T.);
#6730 = ORIENTED_EDGE('',*,*,#6729,.T.);
#6731 = EDGE_LOOP('',(#6721,#6724,#6727,#6730));
#6732 = FACE_OUTER_BOUND('',#6731,.T.);
#6733 = FACE_SURFACE('',(#6732),#6718,.T.);
#6734 = PLANE('',#7,(0.0,0.0,1.0));
#6735 = LINE('',#829,(1.0,0.0,0.0));
#6736 = EDGE_CURVE('',#829,#135,#6735,.T.);
#6737 = ORIENTED_EDGE('',*,*,#6736,.T.);
#6738 = LINE('',#135,(1.0,0.0,0.0));
#6739 = EDGE_CURVE('',#135,#137,#6738,.T.);
#6740 = ORIENTED_EDGE('',*,*,#6739,.T.);
#6741 = LINE('',#137,(1.0,0.0,0.0));
#6742 = EDGE_CURVE('',#137,#851,#6741,.T.);
#6743 = ORIENTED_EDGE('',*,*,#6742,.T.);
#6744 = LINE('',#851,(1.0,0.0,0.0));
#6745 = EDGE_CURVE('',#851,#829,#6744,.T.);
#6746 = ORIENTED_EDGE('',*,*,#6745,.T.);
#6747 = EDGE_LOOP('',(#6737,#6740,#6743,#6746));
#6748 = FACE_OUTER_BOUND('',#6747,.T.);
#6749 = FACE_SURFACE('',(#6748),#6734,.T.);
#6750 = PLANE('',#7,(0.0,0.0,1.0));
#6751 = LINE('',#825,(1.0,0.0,0.0));
#6752 = EDGE_CURVE('',#825,#853,#6751,.T.);
#6753 = ORIENTED_EDGE('',*,*,#6752,.T.);
#6754 = LINE('',#853,(1.0,0.0,0.0));
#6755 = EDGE_CURVE('',#853,#845,#6754,.T.);
#6756 = ORIENTED_EDGE('',*,*,#6755,.T.);
#6757 = LINE('',#845,(1.0,0.0,0.0));
#6758 = EDGE_CURVE('',#845,#823,#6757,.T.);
#6759 = ORIENTED_EDGE('',*,*,#6758,.T.);
#6760 = LINE('',#823,(1.0,0.0,0.0));
#6761 = EDGE_CURVE('',#823,#825,#6760,.T.);
#6762 = ORIENTED_EDGE('',*,*,#6761,.T.);
#6763 = EDGE_LOOP('',(#6753,#6756,#6759,#6762));
#6764 = FACE_OUTER_BOUND('',#6763,.T.);
#6765 = FACE_SURFACE('',(#6764),#6750,.T.);
#6766 = PLANE('',#7,(0.0,0.0,1.0));
#6767 = LINE('',#853,(1.0,0.0,0.0));
#6768 = EDGE_CURVE('',#853,#855,#6767,.T.);
#6769 = ORIENTED_EDGE('',*,*,#6768,.T.);
#6770 = LINE('',#855,(1.0,0.0,0.0));
#6771 = EDGE_CURVE('',#855,#847,#6770,.T.);
#6772 = ORIENTED_EDGE('',*,*,#6771,.T.);
#6773 = LINE('',#847,(1.0,0.0,0.0));
#6774 = EDGE_CURVE('',#847,#845,#6773,.T.);
#6775 = ORIENTED_EDGE('',*,*,#6774,.T.);
#6776 = LINE('',#845,(1.0,0.0,0.0));
#6777 = EDGE_CURVE('',#845,#853,#6776,.T.);
#6778 = ORIENTED_EDGE('',*,*,#6777,.T.);
#6779 = EDGE_LOOP('',(#6769,#6772,#6775,#6778));
#6780 = FACE_OUTER_BOUND('',#6779,.T.);
#6781 = FACE_SURFACE('',(#6780),#6766,.T.);
#6782 = PLANE('',#7,(0.0,0.0,1.0));
#6783 = LINE('',#855,(1.0,0.0,0.0));
#6784 = EDGE_CURVE('',#855,#833,#6783,.T.);
#6785 = ORIENTED_EDGE('',*,*,#6784,.T.);
#6786 = LINE('',#833,(1.0,0.0,0.0));
#6787 = EDGE_CURVE('',#833,#831,#6786,.T.);
#6788 = ORIENTED_EDGE('',*,*,#6787,.T.);
#6789 = LINE('',#831,(1.0,0.0,0.0));
#6790 = EDGE_CURVE('',#831,#847,#6789,.T.);
#6791 = ORIENTED_EDGE('',*,*,#6790,.T.);
#6792 = LINE('',#847,(1.0,0.0,0.0));
#6793 = EDGE_CURVE('',#847,#855,#6792,.T.);
#6794 = ORIENTED_EDGE('',*,*,#6793,.T.);
#6795 = EDGE_LOOP('',(#6785,#6788,#6791,#6794));
#6796 = FACE_OUTER_BOUND('',#6795,.T.);
#6797 = FACE_SURFACE('',(#6796),#6782,.T.);
#6798 = PLANE('',#7,(0.0,0.0,1.0));
#6799 = LINE('',#737,(1.0,0.0,0.0));
#6800 = EDGE_CURVE('',#737,#857,#6799,.T.);
#6801 = ORIENTED_EDGE('',*,*,#6800,.T.);
#6802 = LINE('',#857,(1.0,0.0,0.0));
#6803 = EDGE_CURVE('',#857,#827,#6802,.T.);
#6804 = ORIENTED_EDGE('',*,*,#6803,.T.);
#6805 = LINE('',#827,(1.0,0.0,0.0));
#6806 = EDGE_CURVE('',#827,#739,#6805,.T.);
#6807 = ORIENTED_EDGE('',*,*,#6806,.T.);
#6808 = LINE('',#739,(1.0,0.0,0.0));
#6809 = EDGE_CURVE('',#739,#737,#6808,.T.);
#6810 = ORIENTED_EDGE('',*,*,#6809,.T.);
#6811 = EDGE_LOOP('',(#6801,#6804,#6807,#6810));
#6812 = FACE_OUTER_BOUND('',#6811,.T.);
#6813 = FACE_SURFACE('',(#6812),#6798,.T.);
#6814 = PLANE('',#7,(0.0,0.0,1.0));
#6815 = LINE('',#857,(1.0,0.0,0.0));
#6816 = EDGE_CURVE('',#857,#853,#6815,.T.);
#6817 = ORIENTED_EDGE('',*,*,#6816,.T.);
#6818 = LINE('',#853,(1.0,0.0,0.0));
#6819 = EDGE_CURVE('',#853,#825,#6818,.T.);
#6820 = ORIENTED_EDGE('',*,*,#6819,.T.);
#6821 = LINE('',#825,(1.0,0.0,0.0));
#6822 = EDGE_CURVE('',#825,#827,#6821,.T.);
#6823 = ORIENTED_EDGE('',*,*,#6822,.T.);
#6824 = LINE('',#827,(1.0,0.0,0.0));
#6825 = EDGE_CURVE('',#827,#857,#6824,.T.);
#6826 = ORIENTED_EDGE('',*,*,#6825,.T.);
#6827 = EDGE_LOOP('',(#6817,#6820,#6823,#6826));
#6828 = FACE_OUTER_BOUND('',#6827,.T.);
#6829 = FACE_SURFACE('',(#6828),#6814,.T.);
#6830 = PLANE('',#7,(0.0,0.0,1.0));
#6831 = LINE('',#735,(1.0,0.0,0.0));
#6832 = EDGE_CURVE('',#735,#859,#6831,.T.);
#6833 = ORIENTED_EDGE('',*,*,#6832,.T.);
#6834 = LINE('',#859,(1.0,0.0,0.0));
#6835 = EDGE_CURVE('',#859,#857,#6834,.T.);
#6836 = ORIENTED_EDGE('',*,*,#6835,.T.);
#6837 = LINE('',#857,(1.0,0.0,0.0));
#6838 = EDGE_CURVE('',#857,#737,#6837,.T.);
#6839 = ORIENTED_EDGE('',*,*,#6838,.T.);
#6840 = LINE('',#737,(1.0,0.0,0.0));
#6841 = EDGE_CURVE('',#737,#735,#6840,.T.);
#6842 = ORIENTED_EDGE('',*,*,#6841,.T.);
#6843 = EDGE_LOOP('',(#6833,#6836,#6839,#6842));
#6844 = FACE_OUTER_BOUND('',#6843,.T.);
#6845 = FACE_SURFACE('',(#6844),#6830,.T.);
#6846 = PLANE('',#7,(0.0,0.0,1.0));
#6847 = LINE('',#859,(1.0,0.0,0.0));
#6848 = EDGE_CURVE('',#859,#855,#6847,.T.);
#6849 = ORIENTED_EDGE('',*,*,#6848,.T.);
#6850 = LINE('',#855,(1.0,0.0,0.0));
#6851 = EDGE_CURVE('',#855,#853,#6850,.T.);
#6852 = ORIENTED_EDGE('',*,*,#6851,.T.);
#6853 = LINE('',#853,(1.0,0.0,0.0));
#6854 = EDGE_CURVE('',#853,#857,#6853,.T.);
#6855 = ORIENTED_EDGE('',*,*,#6854,.T.);
#6856 = LINE('',#857,(1.0,0.0,0.0));
#6857 = EDGE_CURVE('',#857,#859,#6856,.T.);
#6858 = ORIENTED_EDGE('',*,*,#6857,.T.);
#6859 = EDGE_LOOP('',(#6849,#6852,#6855,#6858));
#6860 = FACE_OUTER_BOUND('',#6859,.T.);
#6861 = FACE_SURFACE('',(#6860),#6846,.T.);
#6862 = PLANE('',#7,(0.0,0.0,1.0));
#6863 = LINE('',#733,(1.0,0.0,0.0));
#6864 = EDGE_CURVE('',#733,#835,#6863,.T.);
#6865 = ORIENTED_EDGE('',*,*,#6864,.T.);
#6866 = LINE('',#835,(1.0,0.0,0.0));
#6867 = EDGE_CURVE('',#835,#859,#6866,.T.);
#6868 = ORIENTED_EDGE('',*,*,#6867,.T.);
#6869 = LINE('',#859,(1.0,0.0,0.0));
#6870 = EDGE_CURVE('',#859,#735,#6869,.T.);
#6871 = ORIENTED_EDGE('',*,*,#6870,.T.);
#6872 = LINE('',#735,(1.0,0.0,0.0));
#6873 = EDGE_CURVE('',#735,#733,#6872,.T.);
#6874 = ORIENTED_EDGE('',*,*,#6873,.T.);
#6875 = EDGE_LOOP('',(#6865,#6868,#6871,#6874));
#6876 = FACE_OUTER_BOUND('',#6875,.T.);
#6877 = FACE_SURFACE('',(#6876),#6862,.T.);
#6878 = PLANE('',#7,(0.0,0.0,1.0));
#6879 = LINE('',#835,(1.0,0.0,0.0));
#6880 = EDGE_CURVE('',#835,#833,#6879,.T.);
#6881 = ORIENTED_EDGE('',*,*,#6880,.T.);
#6882 = LINE('',#833,(1.0,0.0,0.0));
#6883 = EDGE_CURVE('',#833,#855,#6882,.T.);
#6884 = ORIENTED_EDGE('',*,*,#6883,.T.);
#6885 = LINE('',#855,(1.0,0.0,0.0));
#6886 = EDGE_CURVE('',#855,#859,#6885,.T.);
#6887 = ORIENTED_EDGE('',*,*,#6886,.T.);
#6888 = LINE('',#859,(1.0,0.0,0.0));
#6889 = EDGE_CURVE('',#859,#835,#6888,.T.);
#6890 = ORIENTED_EDGE('',*,*,#6889,.T.);
#6891 = EDGE_LOOP('',(#6881,#6884,#6887,#6890));
#6892 = FACE_OUTER_BOUND('',#6891,.T.);
#6893 = FACE_SURFACE('',(#6892),#6878,.T.);
#6894 = PLANE('',#7,(0.0,0.0,1.0));
#6895 = LINE('',#861,(1.0,0.0,0.0));
#6896 = EDGE_CURVE('',#861,#871,#6895,.T.);
#6897 = ORIENTED_EDGE('',*,*,#6896,.T.);
#6898 = LINE('',#871,(1.0,0.0,0.0));
#6899 = EDGE_CURVE('',#871,#143,#6898,.T.);
#6900 = ORIENTED_EDGE('',*,*,#6899,.T.);
#6901 = LINE('',#143,(1.0,0.0,0.0));
#6902 = EDGE_CURVE('',#143,#145,#6901,.T.);
#6903 = ORIENTED_EDGE('',*,*,#6902,.T.);
#6904 = LINE('',#145,(1.0,0.0,0.0));
#6905 = EDGE_CURVE('',#145,#861,#6904,.T.);
#6906 = ORIENTED_EDGE('',*,*,#6905,.T.);
#6907 = EDGE_LOOP('',(#6897,#6900,#6903,#6906));
#6908 = FACE_OUTER_BOUND('',#6907,.T.);
#6909 = FACE_SURFACE('',(#6908),#6894,.T.);
#6910 = PLANE('',#7,(0.0,0.0,1.0));
#6911 = LINE('',#871,(1.0,0.0,0.0));
#6912 = EDGE_CURVE('',#871,#821,#6911,.T.);
#6913 = ORIENTED_EDGE('',*,*,#6912,.T.);
#6914 = LINE('',#821,(1.0,0.0,0.0));
#6915 = EDGE_CURVE('',#821,#141,#6914,.T.);
#6916 = ORIENTED_EDGE('',*,*,#6915,.T.);
#6917 = LINE('',#141,(1.0,0.0,0.0));
#6918 = EDGE_CURVE('',#141,#143,#6917,.T.);
#6919 = ORIENTED_EDGE('',*,*,#6918,.T.);
#6920 = LINE('',#143,(1.0,0.0,0.0));
#6921 = EDGE_CURVE('',#143,#871,#6920,.T.);
#6922 = ORIENTED_EDGE('',*,*,#6921,.T.);
#6923 = EDGE_LOOP('',(#6913,#6916,#6919,#6922));
#6924 = FACE_OUTER_BOUND('',#6923,.T.);
#6925 = FACE_SURFACE('',(#6924),#6910,.T.);
#6926 = PLANE('',#7,(0.0,0.0,1.0));
#6927 = LINE('',#863,(1.0,0.0,0.0));
#6928 = EDGE_CURVE('',#863,#869,#6927,.T.);
#6929 = ORIENTED_EDGE('',*,*,#6928,.T.);
#6930 = LINE('',#869,(1.0,0.0,0.0));
#6931 = EDGE_CURVE('',#869,#871,#6930,.T.);
#6932 = ORIENTED_EDGE('',*,*,#6931,.T.);
#6933 = LINE('',#871,(1.0,0.0,0.0));
#6934 = EDGE_CURVE('',#871,#861,#6933,.T.);
#6935 = ORIENTED_EDGE('',*,*,#6934,.T.);
#6936 = LINE('',#861,(1.0,0.0,0.0));
#6937 = EDGE_CURVE('',#861,#863,#6936,.T.);
#6938 = ORIENTED_EDGE('',*,*,#6937,.T.);
#6939 = EDGE_LOOP('',(#6929,#6932,#6935,#6938));
#6940 = FACE_OUTER_BOUND('',#6939,.T.);
#6941 = FACE_SURFACE('',(#6940),#6926,.T.);
#6942 = PLANE('',#7,(0.0,0.0,1.0));
#6943 = LINE('',#869,(1.0,0.0,0.0));
#6944 = EDGE_CURVE('',#869,#823,#6943,.T.);
#6945 = ORIENTED_EDGE('',*,*,#6944,.T.);
#6946 = LINE('',#823,(1.0,0.0,0.0));
#6947 = EDGE_CURVE('',#823,#821,#6946,.T.);
#6948 = ORIENTED_EDGE('',*,*,#6947,.T.);
#6949 = LINE('',#821,(1.0,0.0,0.0));
#6950 = EDGE_CURVE('',#821,#871,#6949,.T.);
#6951 = ORIENTED_EDGE('',*,*,#6950,.T.);
#6952 = LINE('',#871,(1.0,0.0,0.0));
#6953 = EDGE_CURVE('',#871,#869,#6952,.T.);
#6954 = ORIENTED_EDGE('',*,*,#6953,.T.);
#6955 = EDGE_LOOP('',(#6945,#6948,#6951,#6954));
#6956 = FACE_OUTER_BOUND('',#6955,.T.);
#6957 = FACE_SURFACE('',(#6956),#6942,.T.);
#6958 = PLANE('',#7,(0.0,0.0,1.0));
#6959 = LINE('',#865,(1.0,0.0,0.0));
#6960 = EDGE_CURVE('',#865,#873,#6959,.T.);
#6961 = ORIENTED_EDGE('',*,*,#6960,.T.);
#6962 = LINE('',#873,(1.0,0.0,0.0));
#6963 = EDGE_CURVE('',#873,#869,#6962,.T.);
#6964 = ORIENTED_EDGE('',*,*,#6963,.T.);
#6965 = LINE('',#869,(1.0,0.0,0.0));
#6966 = EDGE_CURVE('',#869,#863,#6965,.T.);
#6967 = ORIENTED_EDGE('',*,*,#6966,.T.);
#6968 = LINE('',#863,(1.0,0.0,0.0));
#6969 = EDGE_CURVE('',#863,#865,#6968,.T.);
#6970 = ORIENTED_EDGE('',*,*,#6969,.T.);
#6971 = EDGE_LOOP('',(#6961,#6964,#6967,#6970));
#6972 = FACE_OUTER_BOUND('',#6971,.T.);
#6973 = FACE_SURFACE('',(#6972),#6958,.T.);
#6974 = PLANE('',#7,(0.0,0.0,1.0));
#6975 = LINE('',#873,(1.0,0.0,0.0));
#6976 = EDGE_CURVE('',#873,#825,#6975,.T.);
#6977 = ORIENTED_EDGE('',*,*,#6976,.T.);
#6978 = LINE('',#825,(1.0,0.0,0.0));
#6979 = EDGE_CURVE('',#825,#823,#6978,.T.);
#6980 = ORIENTED_EDGE('',*,*,#6979,.T.);
#6981 = LINE('',#823,(1.0,0.0,0.0));
#6982 = EDGE_CURVE('',#823,#869,#6981,.T.);
#6983 = ORIENTED_EDGE('',*,*,#6982,.T.);
#6984 = LINE('',#869,(1.0,0.0,0.0));
#6985 = EDGE_CURVE('',#869,#873,#6984,.T.);
#6986 = ORIENTED_EDGE('',*,*,#6985,.T.);
#6987 = EDGE_LOOP('',(#6977,#6980,#6983,#6986));
#6988 = FACE_OUTER_BOUND('',#6987,.T.);
#6989 = FACE_SURFACE('',(#6988),#6974,.T.);
#6990 = PLANE('',#7,(0.0,0.0,1.0));
#6991 = LINE('',#867,(1.0,0.0,0.0));
#6992 = EDGE_CURVE('',#867,#875,#6991,.T.);
#6993 = ORIENTED_EDGE('',*,*,#6992,.T.);
#6994 = LINE('',#875,(1.0,0.0,0.0));
#6995 = EDGE_CURVE('',#875,#873,#6994,.T.);
#6996 = ORIENTED_EDGE('',*,*,#6995,.T.);
#6997 = LINE('',#873,(1.0,0.0,0.0));
#6998 = EDGE_CURVE('',#873,#865,#6997,.T.);
#6999 = ORIENTED_EDGE('',*,*,#6998,.T.);
#7000 = LINE('',#865,(1.0,0.0,0.0));
#7001 = EDGE_CURVE('',#865,#867,#7000,.T.);
#7002 = ORIENTED_EDGE('',*,*,#7001,.T.);
#7003 = EDGE_LOOP('',(#6993,#6996,#6999,#7002));
#7004 = FACE_OUTER_BOUND('',#7003,.T.);
#7005 = FACE_SURFACE('',(#7004),#6990,.T.);
#7006 = PLANE('',#7,(0.0,0.0,1.0));
#7007 = LINE('',#875,(1.0,0.0,0.0));
#7008 = EDGE_CURVE('',#875,#827,#7007,.T.);
#7009 = ORIENTED_EDGE('',*,*,#7008,.T.);
#7010 = LINE('',#827,(1.0,0.0,0.0));
#7011 = EDGE_CURVE('',#827,#825,#7010,.T.);
#7012 = ORIENTED_EDGE('',*,*,#7011,.T.);
#7013 = LINE('',#825,(1.0,0.0,0.0));
#7014 = EDGE_CURVE('',#825,#873,#7013,.T.);
#7015 = ORIENTED_EDGE('',*,*,#7014,.T.);
#7016 = LINE('',#873,(1.0,0.0,0.0));
#7017 = EDGE_CURVE('',#873,#875,#7016,.T.);
#7018 = ORIENTED_EDGE('',*,*,#7017,.T.);
#7019 = EDGE_LOOP('',(#7009,#7012,#7015,#7018));
#7020 = FACE_OUTER_BOUND('',#7019,.T.);
#7021 = FACE_SURFACE('',(#7020),#7006,.T.);
#7022 = PLANE('',#7,(0.0,0.0,1.0));
#7023 = LINE('',#743,(1.0,0.0,0.0));
#7024 = EDGE_CURVE('',#743,#741,#7023,.T.);
#7025 = ORIENTED_EDGE('',*,*,#7024,.T.);
#7026 = LINE('',#741,(1.0,0.0,0.0));
#7027 = EDGE_CURVE('',#741,#875,#7026,.T.);
#7028 = ORIENTED_EDGE('',*,*,#7027,.T.);
#7029 = LINE('',#875,(1.0,0.0,0.0));
#7030 = EDGE_CURVE('',#875,#867,#7029,.T.);
#7031 = ORIENTED_EDGE('',*,*,#7030,.T.);
#7032 = LINE('',#867,(1.0,0.0,0.0));
#7033 = EDGE_CURVE('',#867,#743,#7032,.T.);
#7034 = ORIENTED_EDGE('',*,*,#7033,.T.);
#7035 = EDGE_LOOP('',(#7025,#7028,#7031,#7034));
#7036 = FACE_OUTER_BOUND('',#7035,.T.);
#7037 = FACE_SURFACE('',(#7036),#7022,.T.);
#7038 = PLANE('',#7,(0.0,0.0,1.0));
#7039 = LINE('',#741,(1.0,0.0,0.0));
#7040 = EDGE_CURVE('',#741,#739,#7039,.T.);
#7041 = ORIENTED_EDGE('',*,*,#7040,.T.);
#7042 = LINE('',#739,(1.0,0.0,0.0));
#7043 = EDGE_CURVE('',#739,#827,#7042,.T.);
#7044 = ORIENTED_EDGE('',*,*,#7043,.T.);
#7045 = LINE('',#827,(1.0,0.0,0.0));
#7046 = EDGE_CURVE('',#827,#875,#7045,.T.);
#7047 = ORIENTED_EDGE('',*,*,#7046,.T.);
#7048 = LINE('',#875,(1.0,0.0,0.0));
#7049 = EDGE_CURVE('',#875,#741,#7048,.T.);
#7050 = ORIENTED_EDGE('',*,*,#7049,.T.);
#7051 = EDGE_LOOP('',(#7041,#7044,#7047,#7050));
#7052 = FACE_OUTER_BOUND('',#7051,.T.);
#7053 = FACE_SURFACE('',(#7052),#7038,.T.);
#7054 = PLANE('',#7,(0.0,0.0,1.0));
#7055 = LINE('',#877,(1.0,0.0,0.0));
#7056 = EDGE_CURVE('',#877,#881,#7055,.T.);
#7057 = ORIENTED_EDGE('',*,*,#7056,.T.);
#7058 = LINE('',#881,(1.0,0.0,0.0));
#7059 = EDGE_CURVE('',#881,#207,#7058,.T.);
#7060 = ORIENTED_EDGE('',*,*,#7059,.T.);
#7061 = LINE('',#207,(1.0,0.0,0.0));
#7062 = EDGE_CURVE('',#207,#205,#7061,.T.);
#7063 = ORIENTED_EDGE('',*,*,#7062,.T.);
#7064 = LINE('',#205,(1.0,0.0,0.0));
#7065 = EDGE_CURVE('',#205,#877,#7064,.T.);
#7066 = ORIENTED_EDGE('',*,*,#7065,.T.);
#7067 = EDGE_LOOP('',(#7057,#7060,#7063,#7066));
#7068 = FACE_OUTER_BOUND('',#7067,.T.);
#7069 = FACE_SURFACE('',(#7068),#7054,.T.);
#7070 = PLANE('',#7,(0.0,0.0,1.0));
#7071 = LINE('',#881,(1.0,0.0,0.0));
#7072 = EDGE_CURVE('',#881,#149,#7071,.T.);
#7073 = ORIENTED_EDGE('',*,*,#7072,.T.);
#7074 = LINE('',#149,(1.0,0.0,0.0));
#7075 = EDGE_CURVE('',#149,#151,#7074,.T.);
#7076 = ORIENTED_EDGE('',*,*,#7075,.T.);
#7077 = LINE('',#151,(1.0,0.0,0.0));
#7078 = EDGE_CURVE('',#151,#207,#7077,.T.);
#7079 = ORIENTED_EDGE('',*,*,#7078,.T.);
#7080 = LINE('',#207,(1.0,0.0,0.0));
#7081 = EDGE_CURVE('',#207,#881,#7080,.T.);
#7082 = ORIENTED_EDGE('',*,*,#7081,.T.);
#7083 = EDGE_LOOP('',(#7073,#7076,#7079,#7082));
#7084 = FACE_OUTER_BOUND('',#7083,.T.);
#7085 = FACE_SURFACE('',(#7084),#7070,.T.);
#7086 = PLANE('',#7,(0.0,0.0,1.0));
#7087 = LINE('',#879,(1.0,0.0,0.0));
#7088 = EDGE_CURVE('',#879,#883,#7087,.T.);
#7089 = ORIENTED_EDGE('',*,*,#7088,.T.);
#7090 = LINE('',#883,(1.0,0.0,0.0));
#7091 = EDGE_CURVE('',#883,#881,#7090,.T.);
#7092 = ORIENTED_EDGE('',*,*,#7091,.T.);
#7093 = LINE('',#881,(1.0,0.0,0.0));
#7094 = EDGE_CURVE('',#881,#877,#7093,.T.);
#7095 = ORIENTED_EDGE('',*,*,#7094,.T.);
#7096 = LINE('',#877,(1.0,0.0,0.0));
#7097 = EDGE_CURVE('',#877,#879,#7096,.T.);
#7098 = ORIENTED_EDGE('',*,*,#7097,.T.);
#7099 = EDGE_LOOP('',(#7089,#7092,#7095,#7098));
#7100 = FACE_OUTER_BOUND('',#7099,.T.);
#7101 = FACE_SURFACE('',(#7100),#7086,.T.);
#7102 = PLANE('',#7,(0.0,0.0,1.0));
#7103 = LINE('',#883,(1.0,0.0,0.0));
#7104 = EDGE_CURVE('',#883,#147,#7103,.T.);
#7105 = ORIENTED_EDGE('',*,*,#7104,.T.);
#7106 = LINE('',#147,(1.0,0.0,0.0));
#7107 = EDGE_CURVE('',#147,#149,#7106,.T.);
#7108 = ORIENTED_EDGE('',*,*,#7107,.T.);
#7109 = LINE('',#149,(1.0,0.0,0.0));
#7110 = EDGE_CURVE('',#149,#881,#7109,.T.);
#7111 = ORIENTED_EDGE('',*,*,#7110,.T.);
#7112 = LINE('',#881,(1.0,0.0,0.0));
#7113 = EDGE_CURVE('',#881,#883,#7112,.T.);
#7114 = ORIENTED_EDGE('',*,*,#7113,.T.);
#7115 = EDGE_LOOP('',(#7105,#7108,#7111,#7114));
#7116 = FACE_OUTER_BOUND('',#7115,.T.);
#7117 = FACE_SURFACE('',(#7116),#7102,.T.);
#7118 = PLANE('',#7,(0.0,0.0,1.0));
#7119 = LINE('',#863,(1.0,0.0,0.0));
#7120 = EDGE_CURVE('',#863,#861,#7119,.T.);
#7121 = ORIENTED_EDGE('',*,*,#7120,.T.);
#7122 = LINE('',#861,(1.0,0.0,0.0));
#7123 = EDGE_CURVE('',#861,#883,#7122,.T.);
#7124 = ORIENTED_EDGE('',*,*,#7123,.T.);
#7125 = LINE('',#883,(1.0,0.0,0.0));
#7126 = EDGE_CURVE('',#883,#879,#7125,.T.);
#7127 = ORIENTED_EDGE('',*,*,#7126,.T.);
#7128 = LINE('',#879,(1.0,0.0,0.0));
#7129 = EDGE_CURVE('',#879,#863,#7128,.T.);
#7130 = ORIENTED_EDGE('',*,*,#7129,.T.);
#7131 = EDGE_LOOP('',(#7121,#7124,#7127,#7130));
#7132 = FACE_OUTER_BOUND('',#7131,.T.);
#7133 = FACE_SURFACE('',(#7132),#7118,.T.);
#7134 = PLANE('',#7,(0.0,0.0,1.0));
#7135 = LINE('',#861,(1.0,0.0,0.0));
#7136 = EDGE_CURVE('',#861,#145,#7135,.T.);
#7137 = ORIENTED_EDGE('',*,*,#7136,.T.);
#7138 = LINE('',#145,(1.0,0.0,0.0));
#7139 = EDGE_CURVE('',#145,#147,#7138,.T.);
#7140 = ORIENTED_EDGE('',*,*,#7139,.T.);
#7141 = LINE('',#147,(1.0,0.0,0.0));
#7142 = EDGE_CURVE('',#147,#883,#7141,.T.);
#7143 = ORIENTED_EDGE('',*,*,#7142,.T.);
#7144 = LINE('',#883,(1.0,0.0,0.0));
#7145 = EDGE_CURVE('',#883,#861,#7144,.T.);
#7146 = ORIENTED_EDGE('',*,*,#7145,.T.);
#7147 = EDGE_LOOP('',(#7137,#7140,#7143,#7146));
#7148 = FACE_OUTER_BOUND('',#7147,.T.);
#7149 = FACE_SURFACE('',(#7148),#7134,.T.);
#7150 = PLANE('',#7,(0.0,0.0,1.0));
#7151 = LINE('',#203,(1.0,0.0,0.0));
#7152 = EDGE_CURVE('',#203,#885,#7151,.T.);
#7153 = ORIENTED_EDGE('',*,*,#7152,.T.);
#7154 = LINE('',#885,(1.0,0.0,0.0));
#7155 = EDGE_CURVE('',#885,#877,#7154,.T.);
#7156 = ORIENTED_EDGE('',*,*,#7155,.T.);
#7157 = LINE('',#877,(1.0,0.0,0.0));
#7158 = EDGE_CURVE('',#877,#205,#7157,.T.);
#7159 = ORIENTED_EDGE('',*,*,#7158,.T.);
#7160 = LINE('',#205,(1.0,0.0,0.0));
#7161 = EDGE_CURVE('',#205,#203,#7160,.T.);
#7162 = ORIENTED_EDGE('',*,*,#7161,.T.);
#7163 = EDGE_LOOP('',(#7153,#7156,#7159,#7162));
#7164 = FACE_OUTER_BOUND('',#7163,.T.);
#7165 = FACE_SURFACE('',(#7164),#7150,.T.);
#7166 = PLANE('',#7,(0.0,0.0,1.0));
#7167 = LINE('',#885,(1.0,0.0,0.0));
#7168 = EDGE_CURVE('',#885,#887,#7167,.T.);
#7169 = ORIENTED_EDGE('',*,*,#7168,.T.);
#7170 = LINE('',#887,(1.0,0.0,0.0));
#7171 = EDGE_CURVE('',#887,#879,#7170,.T.);
#7172 = ORIENTED_EDGE('',*,*,#7171,.T.);
#7173 = LINE('',#879,(1.0,0.0,0.0));
#7174 = EDGE_CURVE('',#879,#877,#7173,.T.);
#7175 = ORIENTED_EDGE('',*,*,#7174,.T.);
#7176 = LINE('',#877,(1.0,0.0,0.0));
#7177 = EDGE_CURVE('',#877,#885,#7176,.T.);
#7178 = ORIENTED_EDGE('',*,*,#7177,.T.);
#7179 = EDGE_LOOP('',(#7169,#7172,#7175,#7178));
#7180 = FACE_OUTER_BOUND('',#7179,.T.);
#7181 = FACE_SURFACE('',(#7180),#7166,.T.);
#7182 = PLANE('',#7,(0.0,0.0,1.0));
#7183 = LINE('',#887,(1.0,0.0,0.0));
#7184 = EDGE_CURVE('',#887,#865,#7183,.T.);
#7185 = ORIENTED_EDGE('',*,*,#7184,.T.);
#7186 = LINE('',#865,(1.0,0.0,0.0));
#7187 = EDGE_CURVE('',#865,#863,#7186,.T.);
#7188 = ORIENTED_EDGE('',*,*,#7187,.T.);
#7189 = LINE('',#863,(1.0,0.0,0.0));
#7190 = EDGE_CURVE('',#863,#879,#7189,.T.);
#7191 = ORIENTED_EDGE('',*,*,#7190,.T.);
#7192 = LINE('',#879,(1.0,0.0,0.0));
#7193 = EDGE_CURVE('',#879,#887,#7192,.T.);
#7194 = ORIENTED_EDGE('',*,*,#7193,.T.);
#7195 = EDGE_LOOP('',(#7185,#7188,#7191,#7194));
#7196 = FACE_OUTER_BOUND('',#7195,.T.);
#7197 = FACE_SURFACE('',(#7196),#7182,.T.);
#7198 = PLANE('',#7,(0.0,0.0,1.0));
#7199 = LINE('',#747,(1.0,0.0,0.0));
#7200 = EDGE_CURVE('',#747,#889,#7199,.T.);
#7201 = ORIENTED_EDGE('',*,*,#7200,.T.);
#7202 = LINE('',#889,(1.0,0.0,0.0));
#7203 = EDGE_CURVE('',#889,#201,#7202,.T.);
#7204 = ORIENTED_EDGE('',*,*,#7203,.T.);
#7205 = LINE('',#201,(1.0,0.0,0.0));
#7206 = EDGE_CURVE('',#201,#199,#7205,.T.);
#7207 = ORIENTED_EDGE('',*,*,#7206,.T.);
#7208 = LINE('',#199,(1.0,0.0,0.0));
#7209 = EDGE_CURVE('',#199,#747,#7208,.T.);
#7210 = ORIENTED_EDGE('',*,*,#7209,.T.);
#7211 = EDGE_LOOP('',(#7201,#7204,#7207,#7210));
#7212 = FACE_OUTER_BOUND('',#7211,.T.);
#7213 = FACE_SURFACE('',(#7212),#7198,.T.);
#7214 = PLANE('',#7,(0.0,0.0,1.0));
#7215 = LINE('',#889,(1.0,0.0,0.0));
#7216 = EDGE_CURVE('',#889,#885,#7215,.T.);
#7217 = ORIENTED_EDGE('',*,*,#7216,.T.);
#7218 = LINE('',#885,(1.0,0.0,0.0));
#7219 = EDGE_CURVE('',#885,#203,#7218,.T.);
#7220 = ORIENTED_EDGE('',*,*,#7219,.T.);
#7221 = LINE('',#203,(1.0,0.0,0.0));
#7222 = EDGE_CURVE('',#203,#201,#7221,.T.);
#7223 = ORIENTED_EDGE('',*,*,#7222,.T.);
#7224 = LINE('',#201,(1.0,0.0,0.0));
#7225 = EDGE_CURVE('',#201,#889,#7224,.T.);
#7226 = ORIENTED_EDGE('',*,*,#7225,.T.);
#7227 = EDGE_LOOP('',(#7217,#7220,#7223,#7226));
#7228 = FACE_OUTER_BOUND('',#7227,.T.);
#7229 = FACE_SURFACE('',(#7228),#7214,.T.);
#7230 = PLANE('',#7,(0.0,0.0,1.0));
#7231 = LINE('',#745,(1.0,0.0,0.0));
#7232 = EDGE_CURVE('',#745,#891,#7231,.T.);
#7233 = ORIENTED_EDGE('',*,*,#7232,.T.);
#7234 = LINE('',#891,(1.0,0.0,0.0));
#7235 = EDGE_CURVE('',#891,#889,#7234,.T.);
#7236 = ORIENTED_EDGE('',*,*,#7235,.T.);
#7237 = LINE('',#889,(1.0,0.0,0.0));
#7238 = EDGE_CURVE('',#889,#747,#7237,.T.);
#7239 = ORIENTED_EDGE('',*,*,#7238,.T.);
#7240 = LINE('',#747,(1.0,0.0,0.0));
#7241 = EDGE_CURVE('',#747,#745,#7240,.T.);
#7242 = ORIENTED_EDGE('',*,*,#7241,.T.);
#7243 = EDGE_LOOP('',(#7233,#7236,#7239,#7242));
#7244 = FACE_OUTER_BOUND('',#7243,.T.);
#7245 = FACE_SURFACE('',(#7244),#7230,.T.);
#7246 = PLANE('',#7,(0.0,0.0,1.0));
#7247 = LINE('',#891,(1.0,0.0,0.0));
#7248 = EDGE_CURVE('',#891,#887,#7247,.T.);
#7249 = ORIENTED_EDGE('',*,*,#7248,.T.);
#7250 = LINE('',#887,(1.0,0.0,0.0));
#7251 = EDGE_CURVE('',#887,#885,#7250,.T.);
#7252 = ORIENTED_EDGE('',*,*,#7251,.T.);
#7253 = LINE('',#885,(1.0,0.0,0.0));
#7254 = EDGE_CURVE('',#885,#889,#7253,.T.);
#7255 = ORIENTED_EDGE('',*,*,#7254,.T.);
#7256 = LINE('',#889,(1.0,0.0,0.0));
#7257 = EDGE_CURVE('',#889,#891,#7256,.T.);
#7258 = ORIENTED_EDGE('',*,*,#7257,.T.);
#7259 = EDGE_LOOP('',(#7249,#7252,#7255,#7258));
#7260 = FACE_OUTER_BOUND('',#7259,.T.);
#7261 = FACE_SURFACE('',(#7260),#7246,.T.);
#7262 = PLANE('',#7,(0.0,0.0,1.0));
#7263 = LINE('',#743,(1.0,0.0,0.0));
#7264 = EDGE_CURVE('',#743,#867,#7263,.T.);
#7265 = ORIENTED_EDGE('',*,*,#7264,.T.);
#7266 = LINE('',#867,(1.0,0.0,0.0));
#7267 = EDGE_CURVE('',#867,#891,#7266,.T.);
#7268 = ORIENTED_EDGE('',*,*,#7267,.T.);
#7269 = LINE('',#891,(1.0,0.0,0.0));
#7270 = EDGE_CURVE('',#891,#745,#7269,.T.);
#7271 = ORIENTED_EDGE('',*,*,#7270,.T.);
#7272 = LINE('',#745,(1.0,0.0,0.0));
#7273 = EDGE_CURVE('',#745,#743,#7272,.T.);
#7274 = ORIENTED_EDGE('',*,*,#7273,.T.);
#7275 = EDGE_LOOP('',(#7265,#7268,#7271,#7274));
#7276 = FACE_OUTER_BOUND('',#7275,.T.);
#7277 = FACE_SURFACE('',(#7276),#7262,.T.);
#7278 = PLANE('',#7,(0.0,0.0,1.0));
#7279 = LINE('',#867,(1.0,0.0,0.0));
#7280 = EDGE_CURVE('',#867,#865,#7279,.T.);
#7281 = ORIENTED_EDGE('',*,*,#7280,.T.);
#7282 = LINE('',#865,(1.0,0.0,0.0));
#7283 = EDGE_CURVE('',#865,#887,#7282,.T.);
#7284 = ORIENTED_EDGE('',*,*,#7283,.T.);
#7285 = LINE('',#887,(1.0,0.0,0.0));
#7286 = EDGE_CURVE('',#887,#891,#7285,.T.);
#7287 = ORIENTED_EDGE('',*,*,#7286,.T.);
#7288 = LINE('',#891,(1.0,0.0,0.0));
#7289 = EDGE_CURVE('',#891,#867,#7288,.T.);
#7290 = ORIENTED_EDGE('',*,*,#7289,.T.);
#7291 = EDGE_LOOP('',(#7281,#7284,#7287,#7290));
#7292 = FACE_OUTER_BOUND('',#7291,.T.);
#7293 = FACE_SURFACE('',(#7292),#7278,.T.);
#7294 = OPEN_SHELL('',(#909,#925,#941,#957,#973,#989,#1005,#1021,#1037,#1053,#1069,#1085,#1101,#1117,#1133,#1149,#1165,#1181,#1197,#1213,#1229,#1245,#1261,#1277,#1293,#1309,#1325,#1341,#1357,#1373,#1389,#1405,#1421,#1437,#1453,#1469,#1485,#1501,#1517,#1533,#1549,#1565,#1581,#1597,#1613,#1629,#1645,#1661,#1677,#1693,#1709,#1725,#1741,#1757,#1773,#1789,#1805,#1821,#1837,#1853,#1869,#1885,#1901,#1917,#1933,#1949,#1965,#1981,#1997,#2013,#2029,#2045,#2061,#2077,#2093,#2109,#2125,#2141,#2157,#2173,#2189,#2205,#2221,#2237,#2253,#2269,#2285,#2301,#2317,#2333,#2349,#2365,#2381,#2397,#2413,#2429,#2445,#2461,#2477,#2493,#2509,#2525,#2541,#2557,#2573,#2589,#2605,#2621,#2637,#2653,#2669,#2685,#2701,#2717,#2733,#2749,#2765,#2781,#2797,#2813,#2829,#2845,#2861,#2877,#2893,#2909,#2925,#2941,#2957,#2973,#2989,#3005,#3021,#3037,#3053,#3069,#3085,#3101,#3117,#3133,#3149,#3165,#3181,#3197,#3213,#3229,#3245,#3261,#3277,#3293,#3309,#3325,#3341,#3357,#3373,#3389,#3405,#3421,#3437,#3453,#3469,#3485,#3501,#3517,#3533,#3549,#3565,#3581,#3597,#3613,#3629,#3645,#3661,#3677,#3693,#3709,#3725,#3741,#3757,#3773,#3789,#3805,#3821,#3837,#3853,#3869,#3885,#3901,#3917,#3933,#3949,#3965,#3981,#3997,#4013,#4029,#4045,#4061,#4077,#4093,#4109,#4125,#4141,#4157,#4173,#4189,#4205,#4221,#4237,#4253,#4269,#4285,#4301,#4317,#4333,#4349,#4365,#4381,#4397,#4413,#4429,#4445,#4461,#4477,#4493,#4509,#4525,#4541,#4557,#4573,#4589,#4605,#4621,#4637,#4653,#4669,#4685,#4701,#4717,#4733,#4749,#4765,#4781,#4797,#4813,#4829,#4845,#4861,#4877,#4893,#4909,#4925,#4941,#4957,#4973,#4989,#5005,#5021,#5037,#5053,#5069,#5085,#5101,#5117,#5133,#5149,#5165,#5181,#5197,#5213,#5229,#5245,#5261,#5277,#5293,#5309,#5325,#5341,#5357,#5373,#5389,#5405,#5421,#5437,#5453,#5469,#5485,#5501,#5517,#5533,#5549,#5565,#5581,#5597,#5613,#5629,#5645,#5661,#5677,#5693,#5709,#5725,#5741,#5757,#5773,#5789,#5805,#5821,#5837,#5853,#5869,#5885,#5901,#5917,#5933,#5949,#5965,#5981,#5997,#6013,#6029,#6045,#6061,#6077,#6093,#6109,#6125,#6141,#6157,#6173,#6189,#6205,#6221,#6237,#6253,#6269,#6285,#6301,#6317,#6333,#6349,#6365,#6381,#6397,#6413,#6429,#6445,#6461,#6477,#6493,#6509,#6525,#6541,#6557,#6573,#6589,#6605,#6621,#6637,#6653,#6669,#6685,#6701,#6717,#6733,#6749,#6765,#6781,#6797,#6813,#6829,#6845,#6861,#6877,#6893,#6909,#6925,#6941,#6957,#6973,#6989,#7005,#7021,#7037,#7053,#7069,#7085,#7101,#7117,#7133,#7149,#7165,#7181,#7197,#7213,#7229,#7245,#7261,#7277,#7293));
#7295 = SHAPE_REPRESENTATION('mesh',(#7294),#7);
ENDSEC;
END-ISO-10303-21;