ISO-10303-21;
HEADER;
FILE_DESCRIPTION(('HyperMesh Geometry Export'),'2;1');
FILE_NAME('geometry.step','2026-01-01T00:00:00',('HyperMesh Export'),(''),'hm_parser_v2.py','HyperMesh','');
FILE_SCHEMA(('AUTOMOTIVE_DESIGN')); 
ENDSEC;

DATA;
#1 = APPLICATION_CONTEXT('automotive_design');
#2 = APPLICATION_PROTOCOL_DEFINITION('international standard','automotive_design',2000,#1);
#3 = UNCERTAINTY_MEASURE_WITH_UNIT(LENGTH_MEASURE(1.E-06),#4,'distance_accuracy_value','Maximum model space deviation');
#4 = ( LENGTH_UNIT() NAMED_UNIT(*) SI_UNIT(.MILLI.,.METRE.) );
#5 = ( NAMED_UNIT(*) PLANE_ANGLE_UNIT() SI_UNIT($,.RADIAN.) );
#6 = ( NAMED_UNIT(*) SI_UNIT($,.STERADIAN.) SOLID_ANGLE_UNIT() );
#7 = (NAMED_UNIT(#5) NAMED_UNIT(#6)NAMED_UNIT(#4) REPRESENTATION_CONTEXT(#1,'design') REPRESENTATION_CONTEXT(#1,'design') REPRESENTATION_CONTEXT(#1,'design'));
#8 = CARTESIAN_POINT('',(1.79405065e+03,-1.21231694e+02,-8.95000000e+02));
#9 = CARTESIAN_POINT('',(-1.21231694e+02,-8.95000000e+02,1.77650000e+03));
#10 = CARTESIAN_POINT('',(-8.95000000e+02,1.77650000e+03,-1.02259049e+02));
#11 = CARTESIAN_POINT('',(1.77650000e+03,-1.02259049e+02,-8.95000000e+02));
#12 = CARTESIAN_POINT('',(-1.02259049e+02,-8.95000000e+02,1.77650000e+03));
#13 = CARTESIAN_POINT('',(-8.95000000e+02,1.77650000e+03,-7.64136120e+01));
#14 = CARTESIAN_POINT('',(1.77650000e+03,-7.64136120e+01,-8.95000000e+02));
#15 = CARTESIAN_POINT('',(-7.64136120e+01,-8.95000000e+02,1.79405065e+03));
#16 = CARTESIAN_POINT('',(-8.95000000e+02,1.79405065e+03,-1.21231694e+02));
#17 = CARTESIAN_POINT('',(1.79405065e+03,-1.21231694e+02,-9.00000000e+02));
#18 = CARTESIAN_POINT('',(-1.21231694e+02,-9.00000000e+02,1.77650000e+03));
#19 = CARTESIAN_POINT('',(-9.00000000e+02,1.77650000e+03,-1.02259049e+02));
#20 = CARTESIAN_POINT('',(1.77650000e+03,-1.02259049e+02,-9.00000000e+02));
#21 = CARTESIAN_POINT('',(-1.02259049e+02,-9.00000000e+02,1.77650000e+03));
#22 = CARTESIAN_POINT('',(-9.00000000e+02,1.77650000e+03,-7.64136120e+01));
#23 = CARTESIAN_POINT('',(1.77650000e+03,-7.64136120e+01,-9.00000000e+02));
#24 = CARTESIAN_POINT('',(1.00000000e+00,9.31150111e-01,1.00000000e+00));
#25 = CARTESIAN_POINT('',(9.31150111e-01,1.00000000e+00,1.00000000e+00));
#26 = CARTESIAN_POINT('',(1.00000000e+00,1.00000000e+00,9.31150111e-01));
#27 = CARTESIAN_POINT('',(1.00000000e+00,9.31150111e-01,1.00000000e+00));
#28 = CARTESIAN_POINT('',(2.00000000e-01,4.00000000e-01,6.00000000e-01));
#29 = CARTESIAN_POINT('',(4.00000000e-01,6.00000000e-01,8.00000000e-01));
#30 = CARTESIAN_POINT('',(6.00000000e-01,8.00000000e-01,1.00000000e+00));
#31 = CARTESIAN_POINT('',(8.00000000e-01,1.00000000e+00,1.00000000e+00));
#32 = CARTESIAN_POINT('',(3.14159265e+00,-1.37750000e+02,3.88807654e+00));
#33 = CARTESIAN_POINT('',(-1.37750000e+02,3.88807654e+00,-1.37750000e+02));
#34 = CARTESIAN_POINT('',(1.77650000e+03,-7.64136120e+01,-7.57250000e+02));
#35 = CARTESIAN_POINT('',(-7.64136120e+01,-7.57250000e+02,1.00000000e+00));
#36 = CARTESIAN_POINT('',(1.00000000e+00,-5.20388902e+00,-1.63953889e+02));
#37 = CARTESIAN_POINT('',(-5.20388902e+00,-1.63953889e+02,2.59413612e+02));
#38 = CARTESIAN_POINT('',(-1.63953889e+02,2.59413612e+02,-2.62723062e+01));
#39 = CARTESIAN_POINT('',(5.30509403e-02,1.06101881e-01,1.59152821e-01));
#40 = CARTESIAN_POINT('',(1.06101881e-01,1.59152821e-01,2.12203761e-01));
#41 = CARTESIAN_POINT('',(1.59152821e-01,2.12203761e-01,2.65254701e-01));
#42 = CARTESIAN_POINT('',(2.12203761e-01,2.65254701e-01,2.72056104e-01));
#43 = CARTESIAN_POINT('',(1.74248579e+03,-1.46805764e+02,-7.57250000e+02));
#44 = CARTESIAN_POINT('',(-1.46805764e+02,-7.57250000e+02,1.90808995e-01));
#45 = CARTESIAN_POINT('',(-7.57250000e+02,1.90808995e-01,-9.81627183e-01));
#46 = CARTESIAN_POINT('',(1.00000000e+00,-1.14000006e+02,-1.37750000e+02));
#47 = CARTESIAN_POINT('',(-1.14000006e+02,-1.37750000e+02,6.49511091e+01));
#48 = CARTESIAN_POINT('',(-1.37750000e+02,6.49511091e+01,3.62500064e+01));
#49 = CARTESIAN_POINT('',(5.00000000e+00,6.66666667e-01,5.00000000e+00));
#50 = CARTESIAN_POINT('',(6.66666667e-01,5.00000000e+00,1.00000000e+00));
#51 = CARTESIAN_POINT('',(1.77650000e+03,-1.34412508e+02,-8.95000000e+02));
#52 = CARTESIAN_POINT('',(-1.34412508e+02,-8.95000000e+02,1.80624357e+03));
#53 = CARTESIAN_POINT('',(-8.95000000e+02,1.80624357e+03,-7.64136120e+01));
#54 = CARTESIAN_POINT('',(1.80624357e+03,-7.64136120e+01,-8.35000000e+02));
#55 = CARTESIAN_POINT('',(1.80624287e+03,-1.34412643e+02,-9.00000000e+02));
#56 = CARTESIAN_POINT('',(1.80624287e+03,-1.34412643e+02,-9.00000000e+02));
#57 = CARTESIAN_POINT('',(6.66666667e-01,5.00000000e+00,6.66666667e-01));
#58 = CARTESIAN_POINT('',(1.70000000e+03,-2.06000000e+02,-9.00000000e+02));
#59 = CARTESIAN_POINT('',(-6.85000000e+01,-3.27650776e+01,2.24616670e+02));
#60 = CARTESIAN_POINT('',(-3.27650776e+01,2.24616670e+02,3.34611667e+02));
#61 = CARTESIAN_POINT('',(3.11930842e-01,5.60562755e-01,8.17058007e-01));
#62 = CARTESIAN_POINT('',(5.60562755e-01,8.17058007e-01,1.05762604e+00));
#63 = CARTESIAN_POINT('',(8.17058007e-01,1.05762604e+00,1.30584326e+00));
#64 = CARTESIAN_POINT('',(1.05762604e+00,1.30584326e+00,1.56197685e+00));
#65 = CARTESIAN_POINT('',(1.30584326e+00,1.56197685e+00,1.80225599e+00));
#66 = CARTESIAN_POINT('',(1.56197685e+00,1.80225599e+00,2.05021962e+00));
#67 = CARTESIAN_POINT('',(1.80225599e+00,2.05021962e+00,2.30612902e+00));
#68 = CARTESIAN_POINT('',(2.05021962e+00,2.30612902e+00,2.54622286e+00));
#69 = CARTESIAN_POINT('',(2.30612902e+00,2.54622286e+00,2.79401383e+00));
#70 = CARTESIAN_POINT('',(2.54622286e+00,2.79401383e+00,3.04975677e+00));
#71 = CARTESIAN_POINT('',(2.79401383e+00,3.04975677e+00,3.31371328e+00));
#72 = CARTESIAN_POINT('',(3.04975677e+00,3.31371328e+00,3.58615171e+00));
#73 = CARTESIAN_POINT('',(3.31371328e+00,3.58615171e+00,3.84176396e+00));
#74 = CARTESIAN_POINT('',(3.58615171e+00,3.84176396e+00,4.10557311e+00));
#75 = CARTESIAN_POINT('',(3.84176396e+00,4.10557311e+00,4.37784184e+00));
#76 = CARTESIAN_POINT('',(4.10557311e+00,4.37784184e+00,4.65883997e+00));
#77 = CARTESIAN_POINT('',(4.37784184e+00,4.65883997e+00,4.94884457e+00));
#78 = CARTESIAN_POINT('',(4.65883997e+00,4.94884457e+00,5.00117182e+00));
#79 = CARTESIAN_POINT('',(1.77520716e+03,-7.77064482e+01,-9.00275265e+02));
#80 = CARTESIAN_POINT('',(-7.77064482e+01,-9.00275265e+02,1.77779284e+03));
#81 = CARTESIAN_POINT('',(-9.00275265e+02,1.77779284e+03,-7.51207758e+01));
#82 = CARTESIAN_POINT('',(1.77779284e+03,-7.51207758e+01,-8.33707164e+02));
#83 = CARTESIAN_POINT('',(-7.51207758e+01,-8.33707164e+02,2.06306839e+00));
#84 = CARTESIAN_POINT('',(1.72140726e+03,-1.64146333e+02,-9.06000000e+02));
#85 = CARTESIAN_POINT('',(-1.64146333e+02,-9.06000000e+02,-9.81627183e-01));
#86 = CARTESIAN_POINT('',(-9.06000000e+02,-9.81627183e-01,-1.90808995e-01));
#87 = CARTESIAN_POINT('',(1.72140392e+03,-1.64149667e+02,-9.06003333e+02));
#88 = CARTESIAN_POINT('',(-1.64149667e+02,-9.06003333e+02,1.72141059e+03));
#89 = CARTESIAN_POINT('',(-9.06003333e+02,1.72141059e+03,-1.64143000e+02));
#90 = CARTESIAN_POINT('',(1.72141059e+03,-1.64143000e+02,-8.99996667e+02));
#91 = CARTESIAN_POINT('',(1.72140726e+03,-1.64146333e+02,-9.06000000e+02));
#92 = CARTESIAN_POINT('',(1.72140726e+03,-1.64146333e+02,-9.06000000e+02));
#93 = CARTESIAN_POINT('',(-1.64146333e+02,-9.06000000e+02,3.06305885e+00));
#94 = CARTESIAN_POINT('',(5.50514730e-01,1.10102946e+00,1.65154419e+00));
#95 = CARTESIAN_POINT('',(1.10102946e+00,1.65154419e+00,2.20205892e+00));
#96 = CARTESIAN_POINT('',(1.65154419e+00,2.20205892e+00,2.75257365e+00));
#97 = CARTESIAN_POINT('',(2.20205892e+00,2.75257365e+00,3.30308838e+00));
#98 = CARTESIAN_POINT('',(2.75257365e+00,3.30308838e+00,3.85360311e+00));
#99 = CARTESIAN_POINT('',(3.30308838e+00,3.85360311e+00,4.40411784e+00));
#100 = CARTESIAN_POINT('',(3.85360311e+00,4.40411784e+00,4.95463257e+00));
#101 = CARTESIAN_POINT('',(4.40411784e+00,4.95463257e+00,5.50514730e+00));
#102 = CARTESIAN_POINT('',(4.95463257e+00,5.50514730e+00,6.00000000e+00));
#103 = CARTESIAN_POINT('',(1.70000000e+03,-2.06000000e+02,-9.06000000e+02));
#104 = CARTESIAN_POINT('',(1.34098395e+01,-3.79933427e+01,2.10401158e+02));
#105 = CARTESIAN_POINT('',(-3.79933427e+01,2.10401158e+02,8.14977936e+01));
#106 = CARTESIAN_POINT('',(2.22400500e+00,3.70110601e+00,7.00674822e+00));
#107 = CARTESIAN_POINT('',(3.70110601e+00,7.00674822e+00,1.17894914e+01));
#108 = CARTESIAN_POINT('',(7.00674822e+00,1.17894914e+01,1.65722347e+01));
#109 = CARTESIAN_POINT('',(1.17894914e+01,1.65722347e+01,2.13549779e+01));
#110 = CARTESIAN_POINT('',(1.65722347e+01,2.13549779e+01,2.61377211e+01));
#111 = CARTESIAN_POINT('',(2.13549779e+01,2.61377211e+01,3.09204643e+01));
#112 = CARTESIAN_POINT('',(2.61377211e+01,3.09204643e+01,3.57032076e+01));
#113 = CARTESIAN_POINT('',(3.09204643e+01,3.57032076e+01,4.04859508e+01));
#114 = CARTESIAN_POINT('',(3.57032076e+01,4.04859508e+01,4.52686940e+01));
#115 = CARTESIAN_POINT('',(4.04859508e+01,4.52686940e+01,5.00514372e+01));
#116 = CARTESIAN_POINT('',(4.52686940e+01,5.00514372e+01,5.48341804e+01));
#117 = CARTESIAN_POINT('',(5.00514372e+01,5.48341804e+01,5.96169237e+01));
#118 = CARTESIAN_POINT('',(5.48341804e+01,5.96169237e+01,6.43996669e+01));
#119 = CARTESIAN_POINT('',(5.96169237e+01,6.43996669e+01,6.91824101e+01));
#120 = CARTESIAN_POINT('',(6.43996669e+01,6.91824101e+01,7.32913353e+01));
#121 = CARTESIAN_POINT('',(7.10000000e+01,1.20000000e+01,7.40000000e+01));
#122 = CARTESIAN_POINT('',(1.20000000e+01,7.40000000e+01,1.20000000e+01));
#123 = CARTESIAN_POINT('',(1.72100612e+03,-2.37187878e+02,-9.06401133e+02));
#124 = CARTESIAN_POINT('',(-2.37187878e+02,-9.06401133e+02,1.73592825e+03));
#125 = CARTESIAN_POINT('',(-9.06401133e+02,1.73592825e+03,-1.63745201e+02));
#126 = CARTESIAN_POINT('',(1.73592825e+03,-1.63745201e+02,-9.05598867e+02));
#127 = CARTESIAN_POINT('',(1.71953207e+03,-2.35717045e+02,-9.01875182e+02));
#128 = CARTESIAN_POINT('',(-2.35717045e+02,-9.01875182e+02,1.73682988e+03));
#129 = CARTESIAN_POINT('',(-9.01875182e+02,1.73682988e+03,-1.62271152e+02));
#130 = CARTESIAN_POINT('',(1.73682988e+03,-1.62271152e+02,-8.98124818e+02));
#131 = CARTESIAN_POINT('',(-1.62271152e+02,-8.98124818e+02,2.06306839e+00));
#132 = CARTESIAN_POINT('',(1.88793688e+03,-1.32055800e+02,-9.00346996e+02));
#133 = CARTESIAN_POINT('',(-1.32055800e+02,-9.00346996e+02,1.88863087e+03));
#134 = CARTESIAN_POINT('',(-9.00346996e+02,1.88863087e+03,-1.31361809e+02));
#135 = CARTESIAN_POINT('',(1.88863087e+03,-1.31361809e+02,-8.85653004e+02));
#136 = CARTESIAN_POINT('',(1.88885630e+03,-1.34653686e+02,-9.00000000e+02));
#137 = CARTESIAN_POINT('',(7.10000000e+01,6.00000000e+00,7.10000000e+01));
#138 = CARTESIAN_POINT('',(6.00000000e+00,7.10000000e+01,2.00000000e+01));
#139 = CARTESIAN_POINT('',(1.88283877e+02,1.65078429e+00,2.02403742e+02));
#140 = CARTESIAN_POINT('',(1.65078429e+00,2.02403742e+02,7.42911959e+01));
#141 = CARTESIAN_POINT('',(2.74646803e-01,9.90315953e-01,1.70598510e+00));
#142 = CARTESIAN_POINT('',(9.90315953e-01,1.70598510e+00,2.42165425e+00));
#143 = CARTESIAN_POINT('',(1.70598510e+00,2.42165425e+00,3.13732340e+00));
#144 = CARTESIAN_POINT('',(2.42165425e+00,3.13732340e+00,3.85299255e+00));
#145 = CARTESIAN_POINT('',(3.13732340e+00,3.85299255e+00,4.56866170e+00));
#146 = CARTESIAN_POINT('',(3.85299255e+00,4.56866170e+00,5.28433085e+00));
#147 = CARTESIAN_POINT('',(4.56866170e+00,5.28433085e+00,6.00000000e+00));
#148 = CARTESIAN_POINT('',(1.74496631e+03,-1.59566917e+02,-8.86000000e+02));
#149 = CARTESIAN_POINT('',(1.74496631e+03,-1.59566917e+02,-8.86000000e+02));
#150 = CARTESIAN_POINT('',(1.46000000e+02,6.00000000e+00,1.46000000e+02));
#151 = CARTESIAN_POINT('',(6.00000000e+00,1.46000000e+02,2.00000000e+01));
#152 = CARTESIAN_POINT('',(1.74496008e+03,-1.59573144e+02,-9.06006227e+02));
#153 = CARTESIAN_POINT('',(-1.59573144e+02,-9.06006227e+02,1.88829010e+03));
#154 = CARTESIAN_POINT('',(-9.06006227e+02,1.88829010e+03,-1.31702578e+02));
#155 = CARTESIAN_POINT('',(1.88829010e+03,-1.31702578e+02,-9.05993773e+02));
#156 = CARTESIAN_POINT('',(3.00598510e+00,1.07830979e+01,1.85602106e+01));
#157 = CARTESIAN_POINT('',(1.07830979e+01,1.85602106e+01,2.63373234e+01));
#158 = CARTESIAN_POINT('',(1.85602106e+01,2.63373234e+01,3.41144362e+01));
#159 = CARTESIAN_POINT('',(2.63373234e+01,3.41144362e+01,4.18915489e+01));
#160 = CARTESIAN_POINT('',(3.41144362e+01,4.18915489e+01,4.96686617e+01));
#161 = CARTESIAN_POINT('',(4.18915489e+01,4.96686617e+01,5.74457745e+01));
#162 = CARTESIAN_POINT('',(4.96686617e+01,5.74457745e+01,6.52228872e+01));
#163 = CARTESIAN_POINT('',(5.74457745e+01,6.52228872e+01,7.30000000e+01));
#164 = CARTESIAN_POINT('',(6.52228872e+01,7.30000000e+01,8.07771128e+01));
#165 = CARTESIAN_POINT('',(7.30000000e+01,8.07771128e+01,8.85542255e+01));
#166 = CARTESIAN_POINT('',(8.07771128e+01,8.85542255e+01,9.63313383e+01));
#167 = CARTESIAN_POINT('',(8.85542255e+01,9.63313383e+01,1.04108451e+02));
#168 = CARTESIAN_POINT('',(9.63313383e+01,1.04108451e+02,1.11885564e+02));
#169 = CARTESIAN_POINT('',(1.04108451e+02,1.11885564e+02,1.19662677e+02));
#170 = CARTESIAN_POINT('',(1.11885564e+02,1.19662677e+02,1.27439789e+02));
#171 = CARTESIAN_POINT('',(1.19662677e+02,1.27439789e+02,1.35216902e+02));
#172 = CARTESIAN_POINT('',(1.27439789e+02,1.35216902e+02,1.42994015e+02));
#173 = CARTESIAN_POINT('',(1.35216902e+02,1.42994015e+02,1.46000000e+02));
#174 = CARTESIAN_POINT('',(5.00000000e-02,1.00000000e-01,1.50000000e-01));
#175 = CARTESIAN_POINT('',(1.00000000e-01,1.50000000e-01,2.00000000e-01));
#176 = CARTESIAN_POINT('',(1.50000000e-01,2.00000000e-01,2.50000000e-01));
#177 = CARTESIAN_POINT('',(2.00000000e-01,2.50000000e-01,3.00000000e-01));
#178 = CARTESIAN_POINT('',(2.50000000e-01,3.00000000e-01,3.50000000e-01));
#179 = CARTESIAN_POINT('',(3.00000000e-01,3.50000000e-01,4.00000000e-01));
#180 = CARTESIAN_POINT('',(3.50000000e-01,4.00000000e-01,4.50000000e-01));
#181 = CARTESIAN_POINT('',(4.00000000e-01,4.50000000e-01,5.00000000e-01));
#182 = CARTESIAN_POINT('',(4.50000000e-01,5.00000000e-01,5.44944546e-01));
#183 = CARTESIAN_POINT('',(-1.29586388e+02,-8.10000000e+01,-1.27548955e+02));
#184 = CARTESIAN_POINT('',(1.77650000e+03,3.30000000e+01,-8.35000000e+02));
#185 = CARTESIAN_POINT('',(3.30000000e+01,-8.35000000e+02,1.79250000e+03));
#186 = CARTESIAN_POINT('',(-8.35000000e+02,1.79250000e+03,3.30000000e+01));
#187 = CARTESIAN_POINT('',(1.79250000e+03,3.30000000e+01,-8.35000000e+02));
#188 = CARTESIAN_POINT('',(3.30000000e+01,-8.35000000e+02,1.77650000e+03));
#189 = CARTESIAN_POINT('',(-8.35000000e+02,1.77650000e+03,7.66251642e+01));
#190 = CARTESIAN_POINT('',(1.77650000e+03,7.66251642e+01,-8.17840769e+02));
#191 = CARTESIAN_POINT('',(7.66251642e+01,-8.17840769e+02,1.79250000e+03));
#192 = CARTESIAN_POINT('',(-8.17840769e+02,1.79250000e+03,7.66251642e+01));
#193 = CARTESIAN_POINT('',(1.79250000e+03,7.66251642e+01,-8.17840769e+02));
#194 = CARTESIAN_POINT('',(7.66251642e+01,-8.17840769e+02,1.77650000e+03));
#195 = CARTESIAN_POINT('',(-8.17840769e+02,1.77650000e+03,1.20250328e+02));
#196 = CARTESIAN_POINT('',(1.77650000e+03,1.20250328e+02,-8.00681537e+02));
#197 = CARTESIAN_POINT('',(1.20250328e+02,-8.00681537e+02,1.79250000e+03));
#198 = CARTESIAN_POINT('',(-8.00681537e+02,1.79250000e+03,1.20250328e+02));
#199 = CARTESIAN_POINT('',(1.79250000e+03,1.20250328e+02,-8.00681537e+02));
#200 = CARTESIAN_POINT('',(1.20250328e+02,-8.00681537e+02,1.77650000e+03));
#201 = CARTESIAN_POINT('',(-8.00681537e+02,1.77650000e+03,1.63875493e+02));
#202 = CARTESIAN_POINT('',(1.77650000e+03,1.63875493e+02,-7.83522306e+02));
#203 = CARTESIAN_POINT('',(1.63875493e+02,-7.83522306e+02,1.79250000e+03));
#204 = CARTESIAN_POINT('',(-7.83522306e+02,1.79250000e+03,1.63875493e+02));
#205 = CARTESIAN_POINT('',(1.79250000e+03,1.63875493e+02,-7.83522306e+02));
#206 = CARTESIAN_POINT('',(1.79249695e+03,-7.84540984e+01,-8.35003053e+02));
#207 = CARTESIAN_POINT('',(-7.84540984e+01,-8.35003053e+02,1.79250305e+03));
#208 = CARTESIAN_POINT('',(-8.35003053e+02,1.79250305e+03,-4.44378931e+01));
#209 = CARTESIAN_POINT('',(1.79250305e+03,-4.44378931e+01,-8.34996947e+02));
#210 = CARTESIAN_POINT('',(1.79250000e+03,-4.44409461e+01,-8.35000000e+02));
#211 = CARTESIAN_POINT('',(1.79250000e+03,-4.44409461e+01,-8.35000000e+02));
#212 = CARTESIAN_POINT('',(1.79249695e+03,-1.02266240e+01,-8.35003053e+02));
#213 = CARTESIAN_POINT('',(-1.02266240e+01,-8.35003053e+02,1.79250305e+03));
#214 = CARTESIAN_POINT('',(-8.35003053e+02,1.79250305e+03,3.30030530e+01));
#215 = CARTESIAN_POINT('',(1.79250305e+03,3.30030530e+01,-8.34996947e+02));
#216 = CARTESIAN_POINT('',(1.79996388e+03,-1.36651872e+02,-8.75500000e+02));
#217 = CARTESIAN_POINT('',(-1.36651872e+02,-8.75500000e+02,-1.90750857e-01));
#218 = CARTESIAN_POINT('',(-8.75500000e+02,-1.90750857e-01,9.81328089e-01));
#219 = CARTESIAN_POINT('',(-1.90750857e-01,9.81328089e-01,2.46838348e-02));
#220 = CARTESIAN_POINT('',(9.81328089e-01,2.46838348e-02,-4.70989771e-03));
#221 = CARTESIAN_POINT('',(2.46838348e-02,-4.70989771e-03,2.42303232e-02));
#222 = CARTESIAN_POINT('',(-4.70989771e-03,2.42303232e-02,-9.99695308e-01));
#223 = CARTESIAN_POINT('',(2.42303232e-02,-9.99695308e-01,-9.81627183e-01));
#224 = CARTESIAN_POINT('',(-9.99695308e-01,-9.81627183e-01,-1.90808995e-01));
#225 = CARTESIAN_POINT('',(-4.05123438e+01,-1.41640492e+02,4.05123438e+01));
#226 = CARTESIAN_POINT('',(-1.41640492e+02,4.05123438e+01,-5.28539303e+01));
#227 = CARTESIAN_POINT('',(2.05608931e+02,-1.42750000e+02,2.09000000e+02));
#228 = CARTESIAN_POINT('',(-1.42750000e+02,2.09000000e+02,-1.42750000e+02));
#229 = CARTESIAN_POINT('',(1.88885008e+03,-1.34659912e+02,-9.00006227e+02));
#230 = CARTESIAN_POINT('',(-1.34659912e+02,-9.00006227e+02,1.89867880e+03));
#231 = CARTESIAN_POINT('',(-9.00006227e+02,1.89867880e+03,-1.32739369e+02));
#232 = CARTESIAN_POINT('',(1.89867880e+03,-1.32739369e+02,-8.99993773e+02));
#233 = CARTESIAN_POINT('',(1.89965486e+03,-1.32554658e+02,-9.02833898e+02));
#234 = CARTESIAN_POINT('',(-1.32554658e+02,-9.02833898e+02,1.90808995e-01));
#235 = CARTESIAN_POINT('',(-9.02833898e+02,1.90808995e-01,-9.81627183e-01));
#236 = CARTESIAN_POINT('',(5.80109933e+00,1.12761948e+00,4.33023284e+00));
#237 = CARTESIAN_POINT('',(1.12761948e+00,4.33023284e+00,-2.46747949e+00));
#238 = CARTESIAN_POINT('',(4.33023284e+00,-2.46747949e+00,-4.79629427e-01));
#239 = CARTESIAN_POINT('',(-2.46747949e+00,-4.79629427e-01,3.43051602e+00));
#240 = CARTESIAN_POINT('',(-4.79629427e-01,3.43051602e+00,-7.31944045e-01));
#241 = CARTESIAN_POINT('',(3.43051602e+00,-7.31944045e-01,-2.91402635e+00));
#242 = CARTESIAN_POINT('',(-7.31944045e-01,-2.91402635e+00,5.07889307e+00));
#243 = CARTESIAN_POINT('',(-2.91402635e+00,5.07889307e+00,1.07473813e+01));
#244 = CARTESIAN_POINT('',(1.90136291e+03,-2.01872735e+02,-9.00468401e+02));
#245 = CARTESIAN_POINT('',(-2.01872735e+02,-9.00468401e+02,1.91604250e+03));
#246 = CARTESIAN_POINT('',(-9.00468401e+02,1.91604250e+03,-1.98264607e+02));
#247 = CARTESIAN_POINT('',(1.91604250e+03,-1.98264607e+02,-8.99531599e+02));
#248 = CARTESIAN_POINT('',(-1.98264607e+02,-8.99531599e+02,2.06306839e+00));
#249 = CARTESIAN_POINT('',(1.88845130e+03,-1.35058694e+02,-9.00405008e+02));
#250 = CARTESIAN_POINT('',(-1.35058694e+02,-9.00405008e+02,1.90285892e+03));
#251 = CARTESIAN_POINT('',(-9.00405008e+02,1.90285892e+03,-1.31722527e+02));
#252 = CARTESIAN_POINT('',(1.90285892e+03,-1.31722527e+02,-8.99594992e+02));
#253 = CARTESIAN_POINT('',(-1.31722527e+02,-8.99594992e+02,2.06306839e+00));
#254 = CARTESIAN_POINT('',(1.74467879e+03,-1.62799320e+02,-8.86287521e+02));
#255 = CARTESIAN_POINT('',(-1.62799320e+02,-8.86287521e+02,1.74582626e+03));
#256 = CARTESIAN_POINT('',(-8.86287521e+02,1.74582626e+03,-1.59279397e+02));
#257 = CARTESIAN_POINT('',(1.74582626e+03,-1.59279397e+02,-8.85712479e+02));
#258 = CARTESIAN_POINT('',(1.43471112e-01,1.91056863e-01,2.38642614e-01));
#259 = CARTESIAN_POINT('',(1.91056863e-01,2.38642614e-01,2.86228365e-01));
#260 = CARTESIAN_POINT('',(2.38642614e-01,2.86228365e-01,4.28984024e-01));
#261 = CARTESIAN_POINT('',(2.86228365e-01,4.28984024e-01,4.76568724e-01));
#262 = CARTESIAN_POINT('',(4.28984024e-01,4.76568724e-01,5.24153423e-01));
#263 = CARTESIAN_POINT('',(4.76568724e-01,5.24153423e-01,5.71738122e-01));
#264 = CARTESIAN_POINT('',(5.24153423e-01,5.71738122e-01,7.14492158e-01));
#265 = CARTESIAN_POINT('',(5.71738122e-01,7.14492158e-01,7.62076902e-01));
#266 = CARTESIAN_POINT('',(7.14492158e-01,7.62076902e-01,8.09661647e-01));
#267 = CARTESIAN_POINT('',(7.62076902e-01,8.09661647e-01,8.57246392e-01));
#268 = CARTESIAN_POINT('',(8.09661647e-01,8.57246392e-01,1.00000000e+00));
#269 = CARTESIAN_POINT('',(1.75217165e+03,-2.86737534e+00,-9.16328352e+02));
#270 = CARTESIAN_POINT('',(-2.86737534e+00,-9.16328352e+02,1.75282835e+03));
#271 = CARTESIAN_POINT('',(-9.16328352e+02,1.75282835e+03,-2.21067228e+00));
#272 = CARTESIAN_POINT('',(1.75282835e+03,-2.21067228e+00,-8.99671648e+02));
#273 = CARTESIAN_POINT('',(1.64748460e+03,-2.55442460e+00,-9.16015401e+02));
#274 = CARTESIAN_POINT('',(-2.55442460e+00,-9.16015401e+02,1.70001545e+03));
#275 = CARTESIAN_POINT('',(-9.16015401e+02,1.70001545e+03,4.99762760e+01));
#276 = CARTESIAN_POINT('',(1.70001545e+03,4.99762760e+01,-9.15984599e+02));
#277 = CARTESIAN_POINT('',(-4.15180800e+06,-4.15193575e+06,-4.15193575e+06));
#278 = CARTESIAN_POINT('',(1.64750000e+03,-2.53902381e+00,-9.00000000e+02));
#279 = CARTESIAN_POINT('',(-2.53902381e+00,-9.00000000e+02,3.06305885e+00));
#280 = CARTESIAN_POINT('',(6.25000000e-02,1.25000000e-01,1.87500000e-01));
#281 = CARTESIAN_POINT('',(1.25000000e-01,1.87500000e-01,2.50000000e-01));
#282 = CARTESIAN_POINT('',(1.87500000e-01,2.50000000e-01,3.12500000e-01));
#283 = CARTESIAN_POINT('',(2.50000000e-01,3.12500000e-01,3.75000000e-01));
#284 = CARTESIAN_POINT('',(3.12500000e-01,3.75000000e-01,4.37500000e-01));
#285 = CARTESIAN_POINT('',(3.75000000e-01,4.37500000e-01,4.99952251e-01));
#286 = CARTESIAN_POINT('',(4.37500000e-01,4.99952251e-01,4.99952251e-01));
#287 = CARTESIAN_POINT('',(1.60000000e+01,1.57079734e+00,1.60000000e+01));
#288 = CARTESIAN_POINT('',(1.64750000e+03,-2.53902381e+00,-9.16000000e+02));
#289 = CARTESIAN_POINT('',(-2.53902381e+00,-9.16000000e+02,1.75250000e+03));
#290 = CARTESIAN_POINT('',(-9.16000000e+02,1.75250000e+03,4.99609762e+01));
#291 = CARTESIAN_POINT('',(1.75250000e+03,4.99609762e+01,-9.00000000e+02));
#292 = CARTESIAN_POINT('',(1.73552712e+03,-2.36786745e+02,-8.91000000e+02));
#293 = CARTESIAN_POINT('',(2.48970539e-01,1.50000000e+00,2.75102946e+00));
#294 = CARTESIAN_POINT('',(1.50000000e+00,2.75102946e+00,2.99966667e+00));
#295 = CARTESIAN_POINT('',(2.75102946e+00,2.99966667e+00,3.00000000e+00));
#296 = CARTESIAN_POINT('',(3.33333338e-04,1.39794108e+00,2.94897054e+00));
#297 = CARTESIAN_POINT('',(1.39794108e+00,2.94897054e+00,4.50000000e+00));
#298 = CARTESIAN_POINT('',(2.94897054e+00,4.50000000e+00,6.05102946e+00));
#299 = CARTESIAN_POINT('',(4.50000000e+00,6.05102946e+00,7.60205892e+00));
#300 = CARTESIAN_POINT('',(6.05102946e+00,7.60205892e+00,9.00000000e+00));
#301 = CARTESIAN_POINT('',(5.50514730e-01,1.10102946e+00,1.65154419e+00));
#302 = CARTESIAN_POINT('',(1.10102946e+00,1.65154419e+00,2.20205892e+00));
#303 = CARTESIAN_POINT('',(1.65154419e+00,2.20205892e+00,2.75257365e+00));
#304 = CARTESIAN_POINT('',(2.20205892e+00,2.75257365e+00,3.30308838e+00));
#305 = CARTESIAN_POINT('',(2.75257365e+00,3.30308838e+00,3.85360311e+00));
#306 = CARTESIAN_POINT('',(3.30308838e+00,3.85360311e+00,4.40411784e+00));
#307 = CARTESIAN_POINT('',(3.85360311e+00,4.40411784e+00,4.95463257e+00));
#308 = CARTESIAN_POINT('',(4.40411784e+00,4.95463257e+00,5.00000000e+00));
#309 = CARTESIAN_POINT('',(1.90548495e+03,-2.08133368e+02,-8.86000000e+02));
#310 = CARTESIAN_POINT('',(-2.08133368e+02,-8.86000000e+02,1.90309549e+03));
#311 = CARTESIAN_POINT('',(-8.86000000e+02,1.90309549e+03,-2.08597833e+02));
#312 = CARTESIAN_POINT('',(1.90309549e+03,-2.08597833e+02,-8.86000000e+02));
#313 = CARTESIAN_POINT('',(-2.08597833e+02,-8.86000000e+02,1.90070603e+03));
#314 = CARTESIAN_POINT('',(-8.86000000e+02,1.90070603e+03,-2.09062297e+02));
#315 = CARTESIAN_POINT('',(1.90070603e+03,-2.09062297e+02,-8.86000000e+02));
#316 = CARTESIAN_POINT('',(-2.09062297e+02,-8.86000000e+02,1.89831657e+03));
#317 = CARTESIAN_POINT('',(-8.86000000e+02,1.89831657e+03,-2.09526761e+02));
#318 = CARTESIAN_POINT('',(1.89831657e+03,-2.09526761e+02,-8.86000000e+02));
#319 = CARTESIAN_POINT('',(-2.09526761e+02,-8.86000000e+02,1.84596312e+03));
#320 = CARTESIAN_POINT('',(-8.86000000e+02,1.84596312e+03,-2.19703240e+02));
#321 = CARTESIAN_POINT('',(1.84596312e+03,-2.19703240e+02,-8.86000000e+02));
#322 = CARTESIAN_POINT('',(-2.19703240e+02,-8.86000000e+02,1.79360967e+03));
#323 = CARTESIAN_POINT('',(-8.86000000e+02,1.79360967e+03,-2.29879720e+02));
#324 = CARTESIAN_POINT('',(1.79360967e+03,-2.29879720e+02,-8.86000000e+02));
#325 = CARTESIAN_POINT('',(-2.29879720e+02,-8.86000000e+02,1.74125622e+03));
#326 = CARTESIAN_POINT('',(-8.86000000e+02,1.74125622e+03,-2.40056200e+02));
#327 = CARTESIAN_POINT('',(1.74125622e+03,-2.40056200e+02,-8.86000000e+02));
#328 = CARTESIAN_POINT('',(-2.40056200e+02,-8.86000000e+02,1.73886676e+03));
#329 = CARTESIAN_POINT('',(-8.86000000e+02,1.73886676e+03,-2.40520664e+02));
#330 = CARTESIAN_POINT('',(1.73886676e+03,-2.40520664e+02,-8.86000000e+02));
#331 = CARTESIAN_POINT('',(-2.40520664e+02,-8.86000000e+02,1.73647730e+03));
#332 = CARTESIAN_POINT('',(-8.86000000e+02,1.73647730e+03,-2.40985128e+02));
#333 = CARTESIAN_POINT('',(1.73647730e+03,-2.40985128e+02,-8.86000000e+02));
#334 = CARTESIAN_POINT('',(-2.40985128e+02,-8.86000000e+02,1.73408784e+03));
#335 = CARTESIAN_POINT('',(-8.86000000e+02,1.73408784e+03,-2.41449592e+02));
#336 = CARTESIAN_POINT('',(1.73408784e+03,-2.41449592e+02,-8.86000000e+02));
#337 = CARTESIAN_POINT('',(-2.41449592e+02,-8.86000000e+02,1.90409156e+03));
#338 = CARTESIAN_POINT('',(-8.86000000e+02,1.90409156e+03,-2.00964987e+02));
#339 = CARTESIAN_POINT('',(1.90409156e+03,-2.00964987e+02,-8.86000000e+02));
#340 = CARTESIAN_POINT('',(-2.00964987e+02,-8.86000000e+02,1.90170210e+03));
#341 = CARTESIAN_POINT('',(-8.86000000e+02,1.90170210e+03,-2.01429451e+02));
#342 = CARTESIAN_POINT('',(1.90170210e+03,-2.01429451e+02,-8.86000000e+02));
#343 = CARTESIAN_POINT('',(-2.01429451e+02,-8.86000000e+02,1.89931264e+03));
#344 = CARTESIAN_POINT('',(-8.86000000e+02,1.89931264e+03,-2.01893915e+02));
#345 = CARTESIAN_POINT('',(1.89931264e+03,-2.01893915e+02,-8.86000000e+02));
#346 = CARTESIAN_POINT('',(-2.01893915e+02,-8.86000000e+02,1.89692318e+03));
#347 = CARTESIAN_POINT('',(-8.86000000e+02,1.89692318e+03,-2.02358379e+02));
#348 = CARTESIAN_POINT('',(1.89692318e+03,-2.02358379e+02,-8.86000000e+02));
#349 = CARTESIAN_POINT('',(-2.02358379e+02,-8.86000000e+02,1.84456973e+03));
#350 = CARTESIAN_POINT('',(-8.86000000e+02,1.84456973e+03,-2.12534859e+02));
#351 = CARTESIAN_POINT('',(1.84456973e+03,-2.12534859e+02,-8.86000000e+02));
#352 = CARTESIAN_POINT('',(-2.12534859e+02,-8.86000000e+02,1.79221628e+03));
#353 = CARTESIAN_POINT('',(-8.86000000e+02,1.79221628e+03,-2.22711339e+02));
#354 = CARTESIAN_POINT('',(1.79221628e+03,-2.22711339e+02,-8.86000000e+02));
#355 = CARTESIAN_POINT('',(-2.22711339e+02,-8.86000000e+02,1.73986283e+03));
#356 = CARTESIAN_POINT('',(-8.86000000e+02,1.73986283e+03,-2.32887818e+02));
#357 = CARTESIAN_POINT('',(1.73986283e+03,-2.32887818e+02,-8.86000000e+02));
#358 = CARTESIAN_POINT('',(-2.32887818e+02,-8.86000000e+02,1.73747337e+03));
#359 = CARTESIAN_POINT('',(-8.86000000e+02,1.73747337e+03,-2.33352282e+02));
#360 = CARTESIAN_POINT('',(1.73747337e+03,-2.33352282e+02,-8.86000000e+02));
#361 = CARTESIAN_POINT('',(-2.33352282e+02,-8.86000000e+02,1.73508391e+03));
#362 = CARTESIAN_POINT('',(-8.86000000e+02,1.73508391e+03,-2.33816747e+02));
#363 = CARTESIAN_POINT('',(1.73508391e+03,-2.33816747e+02,-8.86000000e+02));
#364 = CARTESIAN_POINT('',(-2.33816747e+02,-8.86000000e+02,1.73269445e+03));
#365 = CARTESIAN_POINT('',(-8.86000000e+02,1.73269445e+03,-2.34281211e+02));
#366 = CARTESIAN_POINT('',(1.73269445e+03,-2.34281211e+02,-8.86000000e+02));
#367 = CARTESIAN_POINT('',(1.90236329e+03,-2.04389669e+02,-9.00040453e+02));
#368 = CARTESIAN_POINT('',(-2.04389669e+02,-9.00040453e+02,1.90244420e+03));
#369 = CARTESIAN_POINT('',(-9.00040453e+02,1.90244420e+03,-2.04308763e+02));
#370 = CARTESIAN_POINT('',(1.90244420e+03,-2.04308763e+02,-8.85959547e+02));
#371 = CARTESIAN_POINT('',(1.60000000e+01,7.00000000e+01,1.60000000e+01));
#372 = CARTESIAN_POINT('',(5.25000000e+01,1.33460976e+02,5.25000000e+01));
#373 = CARTESIAN_POINT('',(1.33460976e+02,5.25000000e+01,2.03460976e+02));
#374 = CARTESIAN_POINT('',(1.89923478e+03,-1.32387945e+02,-8.96405585e+02));
#375 = CARTESIAN_POINT('',(-1.32387945e+02,-8.96405585e+02,1.90300467e+03));
#376 = CARTESIAN_POINT('',(-8.96405585e+02,1.90300467e+03,-1.16355494e+02));
#377 = CARTESIAN_POINT('',(1.90300467e+03,-1.16355494e+02,-8.95594415e+02));
#378 = CARTESIAN_POINT('',(1.89830726e+03,-1.19363726e+02,-8.97333103e+02));
#379 = CARTESIAN_POINT('',(-1.19363726e+02,-8.97333103e+02,1.90122024e+03));
#380 = CARTESIAN_POINT('',(-8.97333103e+02,1.90122024e+03,-1.15427976e+02));
#381 = CARTESIAN_POINT('',(1.90122024e+03,-1.15427976e+02,-8.42288006e+02));
#382 = CARTESIAN_POINT('',(1.89988714e+03,-1.18030623e+02,-8.43621109e+02));
#383 = CARTESIAN_POINT('',(-1.18030623e+02,-8.43621109e+02,3.06305885e+00));
#384 = CARTESIAN_POINT('',(1.89990855e+03,-1.18140736e+02,-8.43623879e+02));
#385 = CARTESIAN_POINT('',(1.90259908e+03,-1.31982360e+02,-9.16000000e+02));
#386 = CARTESIAN_POINT('',(1.90259908e+03,-1.31982360e+02,-9.16000000e+02));
#387 = CARTESIAN_POINT('',(-1.31982360e+02,-9.16000000e+02,3.06305885e+00));
#388 = CARTESIAN_POINT('',(1.90117578e+03,-1.33405667e+02,-9.01023307e+02));
#389 = CARTESIAN_POINT('',(-1.33405667e+02,-9.01023307e+02,1.90402239e+03));
#390 = CARTESIAN_POINT('',(-9.01023307e+02,1.90402239e+03,-1.30559052e+02));
#391 = CARTESIAN_POINT('',(1.90402239e+03,-1.30559052e+02,-8.94576693e+02));
#392 = CARTESIAN_POINT('',(1.89838271e+03,-1.33635154e+02,-9.16019458e+02));
#393 = CARTESIAN_POINT('',(-1.33635154e+02,-9.16019458e+02,1.90425188e+03));
#394 = CARTESIAN_POINT('',(-9.16019458e+02,1.90425188e+03,-1.15503424e+02));
#395 = CARTESIAN_POINT('',(1.90425188e+03,-1.15503424e+02,-8.42319250e+02));
#396 = CARTESIAN_POINT('',(1.91859731e+03,-2.14286072e+02,-9.09688724e+02));
#397 = CARTESIAN_POINT('',(-2.14286072e+02,-9.09688724e+02,2.06305885e+00));
#398 = CARTESIAN_POINT('',(6.84436220e-01,4.19220830e-01,1.00000000e+00));
#399 = CARTESIAN_POINT('',(4.19220830e-01,1.00000000e+00,4.20000000e-01));
#400 = CARTESIAN_POINT('',(1.88578771e+03,-1.18963099e+02,-9.16015401e+02));
#401 = CARTESIAN_POINT('',(-1.18963099e+02,-9.16015401e+02,1.89956154e+03));
#402 = CARTESIAN_POINT('',(-9.16015401e+02,1.89956154e+03,-1.16260924e+02));
#403 = CARTESIAN_POINT('',(1.89956154e+03,-1.16260924e+02,-9.15984599e+02));
#404 = CARTESIAN_POINT('',(1.88481347e+03,-1.20082766e+02,-9.16989647e+02));
#405 = CARTESIAN_POINT('',(-1.20082766e+02,-9.16989647e+02,1.90003920e+03));
#406 = CARTESIAN_POINT('',(-9.16989647e+02,1.90003920e+03,-1.15877495e+02));
#407 = CARTESIAN_POINT('',(1.90003920e+03,-1.15877495e+02,-8.95601170e+02));
#408 = CARTESIAN_POINT('',(1.88485680e+03,-1.21885493e+02,-9.10974833e+02));
#409 = CARTESIAN_POINT('',(-1.21885493e+02,-9.10974833e+02,1.88715953e+03));
#410 = CARTESIAN_POINT('',(-9.10974833e+02,1.88715953e+03,-1.18118537e+02));
#411 = CARTESIAN_POINT('',(1.88715953e+03,-1.18118537e+02,-8.34025474e+02));
#412 = CARTESIAN_POINT('',(1.88569129e+03,-1.21050794e+02,-9.16212721e+02));
#413 = CARTESIAN_POINT('',(-1.21050794e+02,-9.16212721e+02,1.90002702e+03));
#414 = CARTESIAN_POINT('',(-9.16212721e+02,1.90002702e+03,-1.16063604e+02));
#415 = CARTESIAN_POINT('',(1.90002702e+03,-1.16063604e+02,-8.34860173e+02));
#416 = CARTESIAN_POINT('',(1.73985660e+03,-2.32894045e+02,-8.86006227e+02));
#417 = CARTESIAN_POINT('',(-2.32894045e+02,-8.86006227e+02,1.89692941e+03));
#418 = CARTESIAN_POINT('',(-8.86006227e+02,1.89692941e+03,-2.02352153e+02));
#419 = CARTESIAN_POINT('',(1.89692941e+03,-2.02352153e+02,-8.85993773e+02));
#420 = CARTESIAN_POINT('',(1.89362704e+03,-2.02999084e+02,-8.35000000e+02));
#421 = CARTESIAN_POINT('',(1.89362676e+03,-2.02997661e+02,-8.35000000e+02));
#422 = CARTESIAN_POINT('',(-2.02997661e+02,-8.35000000e+02,2.06305885e+00));
#423 = CARTESIAN_POINT('',(1.89362704e+03,-2.02999084e+02,-8.35000000e+02));
#424 = CARTESIAN_POINT('',(1.70000000e+03,-2.06000000e+02,-8.35000000e+02));
#425 = CARTESIAN_POINT('',(-1.93627040e+02,-4.68912342e+01,2.04502640e+02));
#426 = CARTESIAN_POINT('',(-4.68912342e+01,2.04502640e+02,4.59558944e+00));
#427 = CARTESIAN_POINT('',(1.73494847e+03,-2.33848090e+02,-8.91006227e+02));
#428 = CARTESIAN_POINT('',(-2.33848090e+02,-8.91006227e+02,1.73496092e+03));
#429 = CARTESIAN_POINT('',(-8.91006227e+02,1.73496092e+03,-2.33835637e+02));
#430 = CARTESIAN_POINT('',(1.73496092e+03,-2.33835637e+02,-8.85993773e+02));
#431 = CARTESIAN_POINT('',(3.56089305e+01,-1.33750000e+02,3.56089305e+01));
#432 = CARTESIAN_POINT('',(-1.33750000e+02,3.56089305e+01,-1.28750000e+02));
#433 = CARTESIAN_POINT('',(1.60000000e+02,1.00000000e+00,1.65000000e+02));
#434 = CARTESIAN_POINT('',(1.00000000e+00,1.65000000e+02,1.00000000e+00));
#435 = CARTESIAN_POINT('',(2.00608931e+02,-1.28750000e+02,2.05608931e+02));
#436 = CARTESIAN_POINT('',(-1.28750000e+02,2.05608931e+02,-1.28750000e+02));
#437 = CARTESIAN_POINT('',(1.71887013e+03,-2.37141171e+02,-9.00214475e+02));
#438 = CARTESIAN_POINT('',(-2.37141171e+02,-9.00214475e+02,1.73516917e+03));
#439 = CARTESIAN_POINT('',(-9.00214475e+02,1.73516917e+03,-2.33627389e+02));
#440 = CARTESIAN_POINT('',(1.73516917e+03,-2.33627389e+02,-8.99785525e+02));
#441 = CARTESIAN_POINT('',(1.94418052e+01,-1.42750000e+02,3.56089305e+01));
#442 = CARTESIAN_POINT('',(-1.42750000e+02,3.56089305e+01,-1.42750000e+02));
#443 = CARTESIAN_POINT('',(1.92223509e+03,-1.97443000e+02,-8.42472878e+02));
#444 = CARTESIAN_POINT('',(-1.97443000e+02,-8.42472878e+02,1.90629630e-01));
#445 = CARTESIAN_POINT('',(-8.42472878e+02,1.90629630e-01,-9.81662026e-01));
#446 = CARTESIAN_POINT('',(1.90629630e-01,-9.81662026e-01,1.06351960e-04));
#447 = CARTESIAN_POINT('',(-9.81662026e-01,1.06351960e-04,-2.76990987e+01));
#448 = CARTESIAN_POINT('',(1.06351960e-04,-2.76990987e+01,-5.37711361e+00));
#449 = CARTESIAN_POINT('',(-2.76990987e+01,-5.37711361e+00,1.65552935e+01));
#450 = CARTESIAN_POINT('',(-5.37711361e+00,1.65552935e+01,-6.92198461e+00));
#451 = CARTESIAN_POINT('',(1.65552935e+01,-6.92198461e+00,-1.34548705e+00));
#452 = CARTESIAN_POINT('',(-6.92198461e+00,-1.34548705e+00,-1.20183657e+01));
#453 = CARTESIAN_POINT('',(1.65000000e+02,5.89184596e-01,1.65000000e+02));
#454 = CARTESIAN_POINT('',(5.89184596e-01,1.65000000e+02,1.00000000e+00));
#455 = CARTESIAN_POINT('',(-5.00000000e+00,7.27527727e-01,3.00000000e+00));
#456 = CARTESIAN_POINT('',(7.27527727e-01,3.00000000e+00,1.00000000e+00));
#457 = CARTESIAN_POINT('',(-5.00000000e+00,7.27527727e-01,3.00000000e+00));
#458 = CARTESIAN_POINT('',(7.27527727e-01,3.00000000e+00,1.00000000e+00));
#459 = CARTESIAN_POINT('',(1.90170039e+03,-2.01535263e+02,-9.00130929e+02));
#460 = CARTESIAN_POINT('',(-2.01535263e+02,-9.00130929e+02,1.90196224e+03));
#461 = CARTESIAN_POINT('',(-9.00130929e+02,1.90196224e+03,-2.01273405e+02));
#462 = CARTESIAN_POINT('',(1.90196224e+03,-2.01273405e+02,-8.90869071e+02));
#463 = CARTESIAN_POINT('',(1.00000000e+00,9.00000000e+00,1.00000000e+00));
#464 = CARTESIAN_POINT('',(4.53674257e-02,5.95882156e-01,1.14639689e+00));
#465 = CARTESIAN_POINT('',(5.95882156e-01,1.14639689e+00,1.69691162e+00));
#466 = CARTESIAN_POINT('',(1.14639689e+00,1.69691162e+00,2.24742635e+00));
#467 = CARTESIAN_POINT('',(1.69691162e+00,2.24742635e+00,2.79794108e+00));
#468 = CARTESIAN_POINT('',(2.24742635e+00,2.79794108e+00,3.34845581e+00));
#469 = CARTESIAN_POINT('',(2.79794108e+00,3.34845581e+00,3.89897054e+00));
#470 = CARTESIAN_POINT('',(3.34845581e+00,3.89897054e+00,4.44948527e+00));
#471 = CARTESIAN_POINT('',(3.89897054e+00,4.44948527e+00,5.00000000e+00));
#472 = CARTESIAN_POINT('',(1.40000000e+01,7.27527727e-01,1.40000000e+01));
#473 = CARTESIAN_POINT('',(7.27527727e-01,1.40000000e+01,1.00000000e+00));
#474 = CARTESIAN_POINT('',(1.74185801e+03,-1.47433542e+02,-8.95627778e+02));
#475 = CARTESIAN_POINT('',(-1.47433542e+02,-8.95627778e+02,1.78924571e+03));
#476 = CARTESIAN_POINT('',(-8.95627778e+02,1.78924571e+03,-1.37210806e+02));
#477 = CARTESIAN_POINT('',(1.78924571e+03,-1.37210806e+02,-8.94372222e+02));
#478 = CARTESIAN_POINT('',(-1.37750000e+02,4.69955798e+01,-1.37750000e+02));
#479 = CARTESIAN_POINT('',(7.35558438e-03,6.46077042e-02,1.21859824e-01));
#480 = CARTESIAN_POINT('',(6.46077042e-02,1.21859824e-01,1.79111944e-01));
#481 = CARTESIAN_POINT('',(1.21859824e-01,1.79111944e-01,2.36364064e-01));
#482 = CARTESIAN_POINT('',(1.79111944e-01,2.36364064e-01,2.93616183e-01));
#483 = CARTESIAN_POINT('',(1.79555293e+01,1.79555293e+01,1.88916935e+01));
#484 = CARTESIAN_POINT('',(1.79555293e+01,1.88916935e+01,1.88916935e+01));
#485 = CARTESIAN_POINT('',(3.00000000e+00,-7.77500000e+01,6.49511091e+01));
#486 = CARTESIAN_POINT('',(-7.77500000e+01,6.49511091e+01,-7.77500000e+01));
#487 = CARTESIAN_POINT('',(1.76557083e+03,-1.42320946e+02,-8.59003053e+02));
#488 = CARTESIAN_POINT('',(-1.42320946e+02,-8.59003053e+02,1.77539321e+03));
#489 = CARTESIAN_POINT('',(-8.59003053e+02,1.77539321e+03,-1.40406750e+02));
#490 = CARTESIAN_POINT('',(1.77539321e+03,-1.40406750e+02,-8.48996947e+02));
#491 = CARTESIAN_POINT('',(4.65689370e-10,2.00012063e+00,8.59045274e+09));
#492 = CARTESIAN_POINT('',(1.74248579e+03,-1.46805764e+02,-8.35000000e+02));
#493 = CARTESIAN_POINT('',(1.74248579e+03,-1.46805764e+02,-8.35000000e+02));
#494 = CARTESIAN_POINT('',(2.35202293e+01,-1.01750000e+02,3.35202293e+01));
#495 = CARTESIAN_POINT('',(-1.01750000e+02,3.35202293e+01,-9.17500000e+01));
#496 = CARTESIAN_POINT('',(5.00039300e-01,5.00039300e-01,1.00000000e+00));
#497 = CARTESIAN_POINT('',(5.00039300e-01,1.00000000e+00,1.00000000e+00));
#498 = CARTESIAN_POINT('',(1.15762692e-01,8.81188622e-01,8.84248249e-01));
#499 = CARTESIAN_POINT('',(8.81188622e-01,8.84248249e-01,8.81192074e-01));
#500 = CARTESIAN_POINT('',(1.69963699e+03,-2.39127711e+02,-8.35363012e+02));
#501 = CARTESIAN_POINT('',(-2.39127711e+02,-8.35363012e+02,1.71944391e+03));
#502 = CARTESIAN_POINT('',(-8.35363012e+02,1.71944391e+03,-2.36564404e+02));
#503 = CARTESIAN_POINT('',(1.71944391e+03,-2.36564404e+02,-8.34636988e+02));
#504 = CARTESIAN_POINT('',(1.70000000e+03,-2.38764698e+02,-8.35000000e+02));
#505 = CARTESIAN_POINT('',(-2.38764698e+02,-8.35000000e+02,2.06305885e+00));
#506 = CARTESIAN_POINT('',(1.70000000e+03,-2.38764698e+02,-8.35000000e+02));
#507 = CARTESIAN_POINT('',(1.69972473e+03,-2.39039966e+02,-9.00275829e+02));
#508 = CARTESIAN_POINT('',(-2.39039966e+02,-9.00275829e+02,1.70027527e+03));
#509 = CARTESIAN_POINT('',(-9.00275829e+02,1.70027527e+03,-2.38489431e+02));
#510 = CARTESIAN_POINT('',(1.70027527e+03,-2.38489431e+02,-8.93724733e+02));
#511 = CARTESIAN_POINT('',(4.16130365e-01,6.90479609e-01,9.22020210e-01));
#512 = CARTESIAN_POINT('',(6.90479609e-01,9.22020210e-01,1.18260224e+00));
#513 = CARTESIAN_POINT('',(9.22020210e-01,1.18260224e+00,1.45145138e+00));
#514 = CARTESIAN_POINT('',(1.18260224e+00,1.45145138e+00,1.72884917e+00));
#515 = CARTESIAN_POINT('',(1.45145138e+00,1.72884917e+00,1.99716270e+00));
#516 = CARTESIAN_POINT('',(1.72884917e+00,1.99716270e+00,2.27403564e+00));
#517 = CARTESIAN_POINT('',(1.99716270e+00,2.27403564e+00,2.53376687e+00));
#518 = CARTESIAN_POINT('',(2.27403564e+00,2.53376687e+00,2.80179544e+00));
#519 = CARTESIAN_POINT('',(2.53376687e+00,2.80179544e+00,3.07839782e+00));
#520 = CARTESIAN_POINT('',(2.80179544e+00,3.07839782e+00,3.36385872e+00));
#521 = CARTESIAN_POINT('',(3.07839782e+00,3.36385872e+00,3.63166831e+00));
#522 = CARTESIAN_POINT('',(3.36385872e+00,3.63166831e+00,3.90804908e+00));
#523 = CARTESIAN_POINT('',(3.63166831e+00,3.90804908e+00,4.19328053e+00));
#524 = CARTESIAN_POINT('',(3.90804908e+00,4.19328053e+00,4.48764968e+00));
#525 = CARTESIAN_POINT('',(4.19328053e+00,4.48764968e+00,4.79145117e+00));
#526 = CARTESIAN_POINT('',(4.48764968e+00,4.79145117e+00,5.07646504e+00));
#527 = CARTESIAN_POINT('',(4.79145117e+00,5.07646504e+00,5.37059228e+00));
#528 = CARTESIAN_POINT('',(5.07646504e+00,5.37059228e+00,5.67412333e+00));
#529 = CARTESIAN_POINT('',(5.37059228e+00,5.67412333e+00,5.98735671e+00));
#530 = CARTESIAN_POINT('',(5.67412333e+00,5.98735671e+00,6.00056132e+00));
#531 = CARTESIAN_POINT('',(-2.72387107e-06,-3.27634278e+01,1.90808995e+01));
#532 = CARTESIAN_POINT('',(-3.27634278e+01,1.90808995e+01,-3.09274165e+01));
#533 = CARTESIAN_POINT('',(2.25814602e+02,1.91986218e-01,2.90815163e+02));
#534 = CARTESIAN_POINT('',(2.25814602e+02,1.91986218e-01,2.90815163e+02));
#535 = CARTESIAN_POINT('',(1.68043967e+03,-2.37406843e+02,-9.00479764e+02));
#536 = CARTESIAN_POINT('',(-2.37406843e+02,-9.00479764e+02,1.68139853e+03));
#537 = CARTESIAN_POINT('',(-9.00479764e+02,1.68139853e+03,-2.36447990e+02));
#538 = CARTESIAN_POINT('',(1.68139853e+03,-2.36447990e+02,-8.93520573e+02));
#539 = CARTESIAN_POINT('',(1.68091910e+03,-2.36927416e+02,-8.94000000e+02));
#540 = CARTESIAN_POINT('',(4.16023298e-01,6.90301593e-01,9.21782206e-01));
#541 = CARTESIAN_POINT('',(6.90301593e-01,9.21782206e-01,1.18229674e+00));
#542 = CARTESIAN_POINT('',(9.21782206e-01,1.18229674e+00,1.45107637e+00));
#543 = CARTESIAN_POINT('',(1.18229674e+00,1.45107637e+00,1.72840255e+00));
#544 = CARTESIAN_POINT('',(1.45107637e+00,1.72840255e+00,1.99664687e+00));
#545 = CARTESIAN_POINT('',(1.72840255e+00,1.99664687e+00,2.27344842e+00));
#546 = CARTESIAN_POINT('',(1.99664687e+00,2.27344842e+00,2.53311275e+00));
#547 = CARTESIAN_POINT('',(2.27344842e+00,2.53311275e+00,2.80107236e+00));
#548 = CARTESIAN_POINT('',(2.53311275e+00,2.80107236e+00,3.07760364e+00));
#549 = CARTESIAN_POINT('',(2.80107236e+00,3.07760364e+00,3.36299125e+00));
#550 = CARTESIAN_POINT('',(3.07760364e+00,3.36299125e+00,3.63073216e+00));
#551 = CARTESIAN_POINT('',(3.36299125e+00,3.63073216e+00,3.90704212e+00));
#552 = CARTESIAN_POINT('',(3.63073216e+00,3.90704212e+00,4.19220054e+00));
#553 = CARTESIAN_POINT('',(3.90704212e+00,4.19220054e+00,4.48649440e+00));
#554 = CARTESIAN_POINT('',(4.19220054e+00,4.48649440e+00,4.79021827e+00));
#555 = CARTESIAN_POINT('',(4.48649440e+00,4.79021827e+00,5.07515935e+00));
#556 = CARTESIAN_POINT('',(4.79021827e+00,5.07515935e+00,5.36921151e+00));
#557 = CARTESIAN_POINT('',(5.07515935e+00,5.36921151e+00,5.67266513e+00));
#558 = CARTESIAN_POINT('',(5.36921151e+00,5.67266513e+00,5.98581867e+00));
#559 = CARTESIAN_POINT('',(5.67266513e+00,5.98581867e+00,6.00033814e+00));
#560 = CARTESIAN_POINT('',(1.68074109e+03,-2.38942711e+02,-8.35178013e+02));
#561 = CARTESIAN_POINT('',(-2.38942711e+02,-8.35178013e+02,1.71923666e+03));
#562 = CARTESIAN_POINT('',(-8.35178013e+02,1.71923666e+03,-2.36749403e+02));
#563 = CARTESIAN_POINT('',(1.71923666e+03,-2.36749403e+02,-8.34821987e+02));
#564 = CARTESIAN_POINT('',(-2.36749403e+02,-8.34821987e+02,2.06306839e+00));
#565 = CARTESIAN_POINT('',(1.77650000e+03,1.83000000e+02,-8.51000000e+02));
#566 = CARTESIAN_POINT('',(1.77650000e+03,1.83000000e+02,-8.51000000e+02));
#567 = CARTESIAN_POINT('',(1.83000000e+02,-8.51000000e+02,3.06305885e+00));
#568 = CARTESIAN_POINT('',(1.77650000e+03,1.83000000e+02,-8.51000000e+02));
#569 = CARTESIAN_POINT('',(2.59413612e+02,-1.44750000e+02,2.59413612e+02));
#570 = CARTESIAN_POINT('',(-1.44750000e+02,2.59413612e+02,-9.37500000e+01));
#571 = CARTESIAN_POINT('',(1.77650000e+03,1.64550381e+02,-8.61148039e+02));
#572 = CARTESIAN_POINT('',(1.64550381e+02,-8.61148039e+02,1.00000000e+00));
#573 = CARTESIAN_POINT('',(-8.61148039e+02,1.00000000e+00,-5.18281703e-09));
#574 = CARTESIAN_POINT('',(1.00000000e+00,-5.18281703e-09,-1.48217621e-10));
#575 = CARTESIAN_POINT('',(-1.48217621e-10,1.11210707e-08,-3.64503557e-01));
#576 = CARTESIAN_POINT('',(1.11210707e-08,-3.64503557e-01,8.77778625e+01));
#577 = CARTESIAN_POINT('',(-3.64503557e-01,8.77778625e+01,-1.48284159e-08));
#578 = CARTESIAN_POINT('',(8.77778625e+01,-1.48284159e-08,-2.86073289e+00));
#579 = CARTESIAN_POINT('',(-1.48284159e-08,-2.86073289e+00,-1.18793883e-02));
#580 = CARTESIAN_POINT('',(-8.71006417e-01,1.00000000e+00,4.59461046e+01));
#581 = CARTESIAN_POINT('',(1.77649667e+03,-7.64169453e+01,-8.35003333e+02));
#582 = CARTESIAN_POINT('',(-7.64169453e+01,-8.35003333e+02,1.77650333e+03));
#583 = CARTESIAN_POINT('',(-8.35003333e+02,1.77650333e+03,3.30033333e+01));
#584 = CARTESIAN_POINT('',(1.77650333e+03,3.30033333e+01,-8.34996667e+02));
#585 = CARTESIAN_POINT('',(1.77650000e+03,1.13000000e+02,-9.16000000e+02));
#586 = CARTESIAN_POINT('',(1.89413612e+02,-1.58750000e+02,1.89413612e+02));
#587 = CARTESIAN_POINT('',(-1.58750000e+02,1.89413612e+02,-1.42750000e+02));
#588 = CARTESIAN_POINT('',(1.97413612e+02,-1.58750000e+02,2.40289105e+02));
#589 = CARTESIAN_POINT('',(-1.58750000e+02,2.40289105e+02,-1.58750000e+02));
#590 = CARTESIAN_POINT('',(1.77407082e+03,1.85899183e+02,-9.16000000e+02));
#591 = CARTESIAN_POINT('',(1.00000000e+00,-1.57895867e-03,-2.49215510e+01));
#592 = CARTESIAN_POINT('',(2.38095238e-01,2.38095238e-01,1.00000000e+00));
#593 = CARTESIAN_POINT('',(2.38095238e-01,1.00000000e+00,1.00000000e+00));
#594 = CARTESIAN_POINT('',(-7.65000000e+01,3.73000000e+02,-7.65000000e+01));
#595 = CARTESIAN_POINT('',(3.73000000e+02,-7.65000000e+01,3.89000000e+02));
#596 = CARTESIAN_POINT('',(1.77630659e+03,1.63682082e+02,-8.51193410e+02));
#597 = CARTESIAN_POINT('',(1.63682082e+02,-8.51193410e+02,1.77669341e+03));
#598 = CARTESIAN_POINT('',(-8.51193410e+02,1.77669341e+03,1.67193410e+02));
#599 = CARTESIAN_POINT('',(1.77669341e+03,1.67193410e+02,-8.50806590e+02));
#600 = CARTESIAN_POINT('',(1.77649667e+03,1.61996667e+02,-8.51003333e+02));
#601 = CARTESIAN_POINT('',(1.61996667e+02,-8.51003333e+02,1.77650333e+03));
#602 = CARTESIAN_POINT('',(-8.51003333e+02,1.77650333e+03,1.63878826e+02));
#603 = CARTESIAN_POINT('',(1.77650333e+03,1.63878826e+02,-8.50996667e+02));
#604 = CARTESIAN_POINT('',(1.77650000e+03,1.63875493e+02,-7.83522306e+02));
#605 = CARTESIAN_POINT('',(1.63875493e+02,-7.83522306e+02,3.06305885e+00));
#606 = CARTESIAN_POINT('',(1.77650000e+03,1.63875493e+02,-7.83522306e+02));
#607 = CARTESIAN_POINT('',(1.63875493e+02,-7.83522306e+02,3.06305885e+00));
#608 = CARTESIAN_POINT('',(1.77613477e+03,1.63875493e+02,-7.83522306e+02));
#609 = CARTESIAN_POINT('',(1.77650000e+03,1.63875493e+02,-7.83522306e+02));
#610 = CARTESIAN_POINT('',(1.77632280e+03,1.63698288e+02,-8.51177205e+02));
#611 = CARTESIAN_POINT('',(1.63698288e+02,-8.51177205e+02,1.77667720e+03));
#612 = CARTESIAN_POINT('',(-8.51177205e+02,1.77667720e+03,1.64052697e+02));
#613 = CARTESIAN_POINT('',(1.77667720e+03,1.64052697e+02,-8.48694251e+02));
#614 = CARTESIAN_POINT('',(1.77498452e+03,1.62360016e+02,-8.50386932e+02));
#615 = CARTESIAN_POINT('',(1.62360016e+02,-8.50386932e+02,1.77801548e+03));
#616 = CARTESIAN_POINT('',(-8.50386932e+02,1.77801548e+03,1.65390969e+02));
#617 = CARTESIAN_POINT('',(1.77801548e+03,1.65390969e+02,-7.82006830e+02));
#618 = CARTESIAN_POINT('',(1.77650000e+03,1.83000000e+02,-9.16000000e+02));
#619 = CARTESIAN_POINT('',(1.83000000e+02,-9.16000000e+02,1.77650000e+03));
#620 = CARTESIAN_POINT('',(-9.16000000e+02,1.77650000e+03,1.83000000e+02));
#621 = CARTESIAN_POINT('',(1.77650000e+03,1.83000000e+02,-9.02000000e+02));
#622 = CARTESIAN_POINT('',(1.83000000e+02,-9.02000000e+02,1.81650000e+03));
#623 = CARTESIAN_POINT('',(-9.02000000e+02,1.81650000e+03,1.83000000e+02));
#624 = CARTESIAN_POINT('',(1.81650000e+03,1.83000000e+02,-9.16000000e+02));
#625 = CARTESIAN_POINT('',(1.83000000e+02,-9.16000000e+02,1.81650000e+03));
#626 = CARTESIAN_POINT('',(-9.16000000e+02,1.81650000e+03,1.83000000e+02));
#627 = CARTESIAN_POINT('',(1.81650000e+03,1.83000000e+02,-9.02000000e+02));
#628 = CARTESIAN_POINT('',(1.77510612e+03,1.11606121e+02,-9.17393879e+02));
#629 = CARTESIAN_POINT('',(1.11606121e+02,-9.17393879e+02,1.77789388e+03));
#630 = CARTESIAN_POINT('',(-9.17393879e+02,1.77789388e+03,1.65039664e+02));
#631 = CARTESIAN_POINT('',(1.77789388e+03,1.65039664e+02,-9.14606121e+02));
#632 = CARTESIAN_POINT('',(1.65039664e+02,-9.14606121e+02,2.06306839e+00));
#633 = CARTESIAN_POINT('',(1.77593790e+03,1.63515428e+02,-8.51562096e+02));
#634 = CARTESIAN_POINT('',(1.63515428e+02,-8.51562096e+02,1.77706210e+03));
#635 = CARTESIAN_POINT('',(-8.51562096e+02,1.77706210e+03,1.83562096e+02));
#636 = CARTESIAN_POINT('',(1.77706210e+03,1.83562096e+02,-8.50437904e+02));
#637 = CARTESIAN_POINT('',(1.83562096e+02,-8.50437904e+02,2.06306839e+00));
#638 = CARTESIAN_POINT('',(1.77621392e+03,1.63661817e+02,-9.16286076e+02));
#639 = CARTESIAN_POINT('',(1.63661817e+02,-9.16286076e+02,1.77678608e+03));
#640 = CARTESIAN_POINT('',(-9.16286076e+02,1.77678608e+03,1.83286076e+02));
#641 = CARTESIAN_POINT('',(1.77678608e+03,1.83286076e+02,-9.15713924e+02));
#642 = CARTESIAN_POINT('',(1.16285500e-01,1.16460910e-01,1.16326177e-01));
#643 = CARTESIAN_POINT('',(1.16460910e-01,1.16326177e-01,8.83481005e-01));
#644 = CARTESIAN_POINT('',(1.77641363e+03,1.82913626e+02,-9.16086374e+02));
#645 = CARTESIAN_POINT('',(1.82913626e+02,-9.16086374e+02,1.79250333e+03));
#646 = CARTESIAN_POINT('',(-9.16086374e+02,1.79250333e+03,1.83086374e+02));
#647 = CARTESIAN_POINT('',(1.79250333e+03,1.83086374e+02,-9.01913626e+02));
#648 = CARTESIAN_POINT('',(1.79249667e+03,1.82996667e+02,-9.02003333e+02));
#649 = CARTESIAN_POINT('',(1.82996667e+02,-9.02003333e+02,1.79250333e+03));
#650 = CARTESIAN_POINT('',(-9.02003333e+02,1.79250333e+03,1.83003333e+02));
#651 = CARTESIAN_POINT('',(1.79250333e+03,1.83003333e+02,-8.50996667e+02));
#652 = CARTESIAN_POINT('',(1.77633963e+03,1.82839626e+02,-9.02160374e+02));
#653 = CARTESIAN_POINT('',(1.82839626e+02,-9.02160374e+02,1.79250333e+03));
#654 = CARTESIAN_POINT('',(-9.02160374e+02,1.79250333e+03,1.83160374e+02));
#655 = CARTESIAN_POINT('',(1.79250333e+03,1.83160374e+02,-8.50839626e+02));
#656 = CARTESIAN_POINT('',(1.79232938e+03,1.68829377e+02,-9.16170623e+02));
#657 = CARTESIAN_POINT('',(1.68829377e+02,-9.16170623e+02,1.79267062e+03));
#658 = CARTESIAN_POINT('',(-9.16170623e+02,1.79267062e+03,1.83170623e+02));
#659 = CARTESIAN_POINT('',(1.79267062e+03,1.83170623e+02,-9.15829377e+02));
#660 = CARTESIAN_POINT('',(1.79250000e+03,1.83000000e+02,-7.83522306e+02));
#661 = CARTESIAN_POINT('',(1.83000000e+02,-7.83522306e+02,3.06305885e+00));
#662 = CARTESIAN_POINT('',(1.16285500e-01,1.16460910e-01,8.83714500e-01));
#663 = CARTESIAN_POINT('',(1.16460910e-01,8.83714500e-01,8.83539090e-01));
#664 = CARTESIAN_POINT('',(1.16285500e-01,1.16460910e-01,8.83714500e-01));
#665 = CARTESIAN_POINT('',(1.16460910e-01,8.83714500e-01,8.83539090e-01));
#666 = CARTESIAN_POINT('',(1.69748190e+03,1.80481899e+02,-7.99068816e+02));
#667 = CARTESIAN_POINT('',(1.80481899e+02,-7.99068816e+02,1.77901810e+03));
#668 = CARTESIAN_POINT('',(-7.99068816e+02,1.77901810e+03,1.85518101e+02));
#669 = CARTESIAN_POINT('',(1.77901810e+03,1.85518101e+02,-7.94032613e+02));
#670 = CARTESIAN_POINT('',(1.85518101e+02,-7.94032613e+02,2.06305885e+00));
#671 = CARTESIAN_POINT('',(1.77650000e+03,1.83000000e+02,-7.96550715e+02));
#672 = CARTESIAN_POINT('',(1.83000000e+02,-7.96550715e+02,2.06305885e+00));
#673 = CARTESIAN_POINT('',(1.69784901e+03,1.80849011e+02,-8.53150989e+02));
#674 = CARTESIAN_POINT('',(1.80849011e+02,-8.53150989e+02,1.77865099e+03));
#675 = CARTESIAN_POINT('',(-8.53150989e+02,1.77865099e+03,1.85150989e+02));
#676 = CARTESIAN_POINT('',(1.77865099e+03,1.85150989e+02,-7.95516644e+02));
#677 = CARTESIAN_POINT('',(1.77849667e+03,1.82996667e+02,-7.96554048e+02));
#678 = CARTESIAN_POINT('',(1.82996667e+02,-7.96554048e+02,1.77850333e+03));
#679 = CARTESIAN_POINT('',(-7.96554048e+02,1.77850333e+03,1.83003333e+02));
#680 = CARTESIAN_POINT('',(1.77850333e+03,1.83003333e+02,-7.83518973e+02));
#681 = CARTESIAN_POINT('',(1.77850000e+03,1.83000000e+02,-7.83522306e+02));
#682 = CARTESIAN_POINT('',(1.83000000e+02,-7.83522306e+02,2.06305885e+00));
#683 = CARTESIAN_POINT('',(1.77608440e+03,1.82584399e+02,-7.96966315e+02));
#684 = CARTESIAN_POINT('',(1.82584399e+02,-7.96966315e+02,1.77691560e+03));
#685 = CARTESIAN_POINT('',(-7.96966315e+02,1.77691560e+03,1.83415601e+02));
#686 = CARTESIAN_POINT('',(1.77691560e+03,1.83415601e+02,-7.83106706e+02));
#687 = CARTESIAN_POINT('',(1.24999999e-01,4.78112682e-01,1.00000000e+00));
#688 = CARTESIAN_POINT('',(4.78112682e-01,1.00000000e+00,4.78112682e-01));
#689 = CARTESIAN_POINT('',(1.62176191e+03,1.81261910e+02,-8.52738090e+02));
#690 = CARTESIAN_POINT('',(1.81261910e+02,-8.52738090e+02,1.70173809e+03));
#691 = CARTESIAN_POINT('',(-8.52738090e+02,1.70173809e+03,1.84738090e+02));
#692 = CARTESIAN_POINT('',(1.70173809e+03,1.84738090e+02,-8.49261910e+02));
#693 = CARTESIAN_POINT('',(1.84738090e+02,-8.49261910e+02,3.06305885e+00));
#694 = CARTESIAN_POINT('',(1.62350000e+03,1.83000000e+02,-8.51000000e+02));
#695 = CARTESIAN_POINT('',(1.62350000e+03,1.83000000e+02,-8.51000000e+02));
#696 = CARTESIAN_POINT('',(1.83000000e+02,-8.51000000e+02,3.06305885e+00));
#697 = CARTESIAN_POINT('',(1.62350000e+03,1.83000000e+02,-8.51000000e+02));
#698 = CARTESIAN_POINT('',(1.62350000e+03,1.83000000e+02,-8.51000000e+02));
#699 = CARTESIAN_POINT('',(1.83000000e+02,-8.51000000e+02,1.62350000e+03));
#700 = CARTESIAN_POINT('',(-8.51000000e+02,1.62350000e+03,1.83000000e+02));
#701 = CARTESIAN_POINT('',(1.62350000e+03,1.83000000e+02,-7.96550715e+02));
#702 = CARTESIAN_POINT('',(1.83000000e+02,-7.96550715e+02,1.58350000e+03));
#703 = CARTESIAN_POINT('',(-7.96550715e+02,1.58350000e+03,1.83000000e+02));
#704 = CARTESIAN_POINT('',(1.58350000e+03,1.83000000e+02,-8.51000000e+02));
#705 = CARTESIAN_POINT('',(1.83000000e+02,-8.51000000e+02,1.58350000e+03));
#706 = CARTESIAN_POINT('',(-8.51000000e+02,1.58350000e+03,1.83000000e+02));
#707 = CARTESIAN_POINT('',(1.58350000e+03,1.83000000e+02,-7.96550715e+02));
#708 = CARTESIAN_POINT('',(1.62350000e+03,1.83000000e+02,-9.02000000e+02));
#709 = CARTESIAN_POINT('',(1.83000000e+02,-9.02000000e+02,1.62350000e+03));
#710 = CARTESIAN_POINT('',(-9.02000000e+02,1.62350000e+03,1.83000000e+02));
#711 = CARTESIAN_POINT('',(1.62350000e+03,1.83000000e+02,-8.51000000e+02));
#712 = CARTESIAN_POINT('',(1.83000000e+02,-8.51000000e+02,1.58350000e+03));
#713 = CARTESIAN_POINT('',(-8.51000000e+02,1.58350000e+03,1.83000000e+02));
#714 = CARTESIAN_POINT('',(1.58350000e+03,1.83000000e+02,-9.02000000e+02));
#715 = CARTESIAN_POINT('',(1.83000000e+02,-9.02000000e+02,1.58350000e+03));
#716 = CARTESIAN_POINT('',(-9.02000000e+02,1.58350000e+03,1.83000000e+02));
#717 = CARTESIAN_POINT('',(1.58350000e+03,1.83000000e+02,-8.51000000e+02));
#718 = CARTESIAN_POINT('',(1.60728702e+03,1.82787016e+02,-7.96763699e+02));
#719 = CARTESIAN_POINT('',(1.82787016e+02,-7.96763699e+02,1.62171298e+03));
#720 = CARTESIAN_POINT('',(-7.96763699e+02,1.62171298e+03,1.83212984e+02));
#721 = CARTESIAN_POINT('',(1.62171298e+03,1.83212984e+02,-7.96337730e+02));
#722 = CARTESIAN_POINT('',(1.62148460e+03,1.82984599e+02,-7.96566115e+02));
#723 = CARTESIAN_POINT('',(1.82984599e+02,-7.96566115e+02,1.62351540e+03));
#724 = CARTESIAN_POINT('',(-7.96566115e+02,1.62351540e+03,1.83015401e+02));
#725 = CARTESIAN_POINT('',(1.62351540e+03,1.83015401e+02,-7.96535314e+02));
#726 = CARTESIAN_POINT('',(1.60748460e+03,1.82984599e+02,-8.51015401e+02));
#727 = CARTESIAN_POINT('',(1.82984599e+02,-8.51015401e+02,1.62351540e+03));
#728 = CARTESIAN_POINT('',(-8.51015401e+02,1.62351540e+03,1.83015401e+02));
#729 = CARTESIAN_POINT('',(1.62351540e+03,1.83015401e+02,-7.96535314e+02));
#730 = CARTESIAN_POINT('',(1.60731758e+03,1.82817580e+02,-7.96733135e+02));
#731 = CARTESIAN_POINT('',(1.82817580e+02,-7.96733135e+02,1.60768242e+03));
#732 = CARTESIAN_POINT('',(-7.96733135e+02,1.60768242e+03,1.83182420e+02));
#733 = CARTESIAN_POINT('',(1.60768242e+03,1.83182420e+02,-7.83339886e+02));
#734 = CARTESIAN_POINT('',(1.69923523e+03,1.82235233e+02,-7.84287073e+02));
#735 = CARTESIAN_POINT('',(1.82235233e+02,-7.84287073e+02,1.70576477e+03));
#736 = CARTESIAN_POINT('',(-7.84287073e+02,1.70576477e+03,1.83764767e+02));
#737 = CARTESIAN_POINT('',(1.70576477e+03,1.83764767e+02,-7.82757539e+02));
#738 = CARTESIAN_POINT('',(1.71757498e+03,-2.55149450e+02,-8.39552122e+02));
#739 = CARTESIAN_POINT('',(-2.55149450e+02,-8.39552122e+02,1.89817916e+03));
#740 = CARTESIAN_POINT('',(-8.39552122e+02,1.89817916e+03,-2.12708996e+02));
#741 = CARTESIAN_POINT('',(1.89817916e+03,-2.12708996e+02,-8.30447878e+02));
#742 = CARTESIAN_POINT('',(1.69958460e+03,-2.53211058e+02,-8.35415403e+02));
#743 = CARTESIAN_POINT('',(-2.53211058e+02,-8.35415403e+02,1.72254250e+03));
#744 = CARTESIAN_POINT('',(-8.35415403e+02,1.72254250e+03,-2.50181925e+02));
#745 = CARTESIAN_POINT('',(1.72254250e+03,-2.50181925e+02,-8.34584597e+02));
#746 = CARTESIAN_POINT('',(1.70000000e+03,-2.52795655e+02,-8.35000000e+02));
#747 = CARTESIAN_POINT('',(1.70000000e+03,-2.52795655e+02,-8.35000000e+02));
#748 = CARTESIAN_POINT('',(-2.52795655e+02,-8.35000000e+02,2.06305885e+00));
#749 = CARTESIAN_POINT('',(1.70000000e+03,-2.52727981e+02,-8.35001702e+02));
#750 = CARTESIAN_POINT('',(1.69979242e+03,-2.53003234e+02,-8.35207579e+02));
#751 = CARTESIAN_POINT('',(-2.53003234e+02,-8.35207579e+02,1.70020758e+03));
#752 = CARTESIAN_POINT('',(-8.35207579e+02,1.70020758e+03,-2.38597271e+02));
#753 = CARTESIAN_POINT('',(1.70020758e+03,-2.38597271e+02,-8.34792421e+02));
#754 = CARTESIAN_POINT('',(1.90171148e+03,-2.15266947e+02,-8.35119832e+02));
#755 = CARTESIAN_POINT('',(-2.15266947e+02,-8.35119832e+02,1.90462247e+03));
#756 = CARTESIAN_POINT('',(-8.35119832e+02,1.90462247e+03,-2.01284503e+02));
#757 = CARTESIAN_POINT('',(1.90462247e+03,-2.01284503e+02,-8.34880168e+02));
#758 = CARTESIAN_POINT('',(1.50635756e+03,-2.50612730e+02,-8.35015401e+02));
#759 = CARTESIAN_POINT('',(-2.50612730e+02,-8.35015401e+02,1.67788830e+03));
#760 = CARTESIAN_POINT('',(-8.35015401e+02,1.67788830e+03,-2.17245717e+02));
#761 = CARTESIAN_POINT('',(1.67788830e+03,-2.17245717e+02,-8.34984599e+02));
#762 = CARTESIAN_POINT('',(-2.17245717e+02,-8.34984599e+02,3.06305885e+00));
#763 = CARTESIAN_POINT('',(1.67787290e+03,-2.50597329e+02,-8.35000000e+02));
#764 = CARTESIAN_POINT('',(1.67787290e+03,-2.50597329e+02,-8.35000000e+02));
#765 = CARTESIAN_POINT('',(1.50637296e+03,-2.17261117e+02,-8.35000000e+02));
#766 = CARTESIAN_POINT('',(1.50637296e+03,-2.17261117e+02,-8.35000000e+02));
#767 = CARTESIAN_POINT('',(-2.17261117e+02,-8.35000000e+02,2.06305885e+00));
#768 = CARTESIAN_POINT('',(1.50637296e+03,-2.17261117e+02,-8.35000000e+02));
#769 = CARTESIAN_POINT('',(2.62611757e+00,1.04403670e+02,2.21270995e+01));
#770 = CARTESIAN_POINT('',(1.04403670e+02,2.21270995e+01,-1.13834058e+02));
#771 = CARTESIAN_POINT('',(2.21270995e+01,-1.13834058e+02,2.86332483e+00));
#772 = CARTESIAN_POINT('',(-1.13834058e+02,2.86332483e+00,-1.13870064e+02));
#773 = CARTESIAN_POINT('',(2.86332483e+00,-1.13870064e+02,-2.21201029e+01));
#774 = CARTESIAN_POINT('',(-1.13870064e+02,-2.21201029e+01,5.56397978e-01));
#775 = CARTESIAN_POINT('',(1.94380309e+01,-7.77500000e+01,1.97251098e+02));
#776 = CARTESIAN_POINT('',(-7.77500000e+01,1.97251098e+02,-7.77500000e+01));
#777 = CARTESIAN_POINT('',(1.50627098e+03,-2.17363094e+02,-8.35101976e+02));
#778 = CARTESIAN_POINT('',(-2.17363094e+02,-8.35101976e+02,1.50647494e+03));
#779 = CARTESIAN_POINT('',(-8.35101976e+02,1.50647494e+03,-2.02897108e+02));
#780 = CARTESIAN_POINT('',(1.50647494e+03,-2.02897108e+02,-8.34898024e+02));
#781 = CARTESIAN_POINT('',(1.49397122e+03,-2.18787255e+02,-8.36526137e+02));
#782 = CARTESIAN_POINT('',(-2.18787255e+02,-8.36526137e+02,1.50789910e+03));
#783 = CARTESIAN_POINT('',(-8.36526137e+02,1.50789910e+03,-2.13620978e+02));
#784 = CARTESIAN_POINT('',(1.50789910e+03,-2.13620978e+02,-8.33473863e+02));
#785 = CARTESIAN_POINT('',(1.49815328e+03,-2.03014485e+02,-8.35015401e+02));
#786 = CARTESIAN_POINT('',(-2.03014485e+02,-8.35015401e+02,1.50638836e+03));
#787 = CARTESIAN_POINT('',(-8.35015401e+02,1.50638836e+03,-2.01388934e+02));
#788 = CARTESIAN_POINT('',(1.50638836e+03,-2.01388934e+02,-8.34984599e+02));
#789 = CARTESIAN_POINT('',(-2.01388934e+02,-8.34984599e+02,3.06305885e+00));
#790 = CARTESIAN_POINT('',(1.49816867e+03,-2.01404411e+02,-8.35000000e+02));
#791 = CARTESIAN_POINT('',(1.49816816e+03,-2.01404312e+02,-8.34999374e+02));
#792 = CARTESIAN_POINT('',(-2.01404312e+02,-8.34999374e+02,3.06305885e+00));
#793 = CARTESIAN_POINT('',(1.50195136e+03,-2.00100407e+02,-8.32143544e+02));
#794 = CARTESIAN_POINT('',(-2.00100407e+02,-8.32143544e+02,-6.24322427e-01));
#795 = CARTESIAN_POINT('',(-8.32143544e+02,-6.24322427e-01,1.21238003e-01));
#796 = CARTESIAN_POINT('',(-6.24322427e-01,1.21238003e-01,7.71701272e-01));
#797 = CARTESIAN_POINT('',(1.21238003e-01,7.71701272e-01,-1.85926294e+01));
#798 = CARTESIAN_POINT('',(7.71701272e-01,-1.85926294e+01,6.07762167e+00));
#799 = CARTESIAN_POINT('',(-1.85926294e+01,6.07762167e+00,-1.59966488e+01));
#800 = CARTESIAN_POINT('',(6.07762167e+00,-1.59966488e+01,-5.45682465e+00));
#801 = CARTESIAN_POINT('',(-1.59966488e+01,-5.45682465e+00,-2.00304317e+01));
#802 = CARTESIAN_POINT('',(-5.45682465e+00,-2.00304317e+01,-1.26780726e+00));
#803 = CARTESIAN_POINT('',(1.91557410e+03,-1.98733008e+02,-8.46533041e+02));
#804 = CARTESIAN_POINT('',(-1.98733008e+02,-8.46533041e+02,3.06305885e+00));
#805 = CARTESIAN_POINT('',(1.91559302e+03,-1.98848026e+02,-8.46533042e+02));
#806 = CARTESIAN_POINT('',(1.91559252e+03,-1.98848122e+02,-8.46533649e+02));
#807 = CARTESIAN_POINT('',(1.91829113e+03,-2.12757000e+02,-8.46533042e+02));
#808 = CARTESIAN_POINT('',(-2.12757000e+02,-8.46533042e+02,3.06305885e+00));
#809 = CARTESIAN_POINT('',(1.91829976e+03,-2.12755323e+02,-8.46533041e+02));
#810 = CARTESIAN_POINT('',(1.91829176e+03,-2.12756877e+02,-8.46532258e+02));
#811 = CARTESIAN_POINT('',(2.12178610e-01,1.00000000e+00,2.12178610e-01));
#812 = CARTESIAN_POINT('',(1.21360160e-01,7.99205208e-01,8.71974217e-01));
#813 = CARTESIAN_POINT('',(7.99205208e-01,8.71974217e-01,8.83631782e-01));
#814 = CARTESIAN_POINT('',(1.91530972e+03,-2.13039679e+02,-8.46816452e+02));
#815 = CARTESIAN_POINT('',(-2.13039679e+02,-8.46816452e+02,1.91857457e+03));
#816 = CARTESIAN_POINT('',(-8.46816452e+02,1.91857457e+03,-1.98565320e+02));
#817 = CARTESIAN_POINT('',(1.91857457e+03,-1.98565320e+02,-8.46249455e+02));
#818 = CARTESIAN_POINT('',(8.71974228e-01,2.64238590e-01,8.84197185e-01));
#819 = CARTESIAN_POINT('',(2.64238590e-01,8.84197185e-01,8.83631914e-01));
#820 = CARTESIAN_POINT('',(1.88786933e+03,-1.35640655e+02,-8.86986969e+02));
#821 = CARTESIAN_POINT('',(-1.35640655e+02,-8.86986969e+02,1.88984327e+03));
#822 = CARTESIAN_POINT('',(-8.86986969e+02,1.88984327e+03,-1.33666716e+02));
#823 = CARTESIAN_POINT('',(1.88984327e+03,-1.33666716e+02,-8.34013031e+02));
#824 = CARTESIAN_POINT('',(1.40000000e+01,-1.28750000e+02,1.40000000e+01));
#825 = CARTESIAN_POINT('',(-1.28750000e+02,1.40000000e+01,-7.77500000e+01));
#826 = CARTESIAN_POINT('',(1.74848056e+03,-1.61942425e+02,-8.35003053e+02));
#827 = CARTESIAN_POINT('',(-1.61942425e+02,-8.35003053e+02,1.88885936e+03));
#828 = CARTESIAN_POINT('',(-8.35003053e+02,1.88885936e+03,-1.34650633e+02));
#829 = CARTESIAN_POINT('',(1.88885936e+03,-1.34650633e+02,-8.34996947e+02));
#830 = CARTESIAN_POINT('',(1.87189818e+03,-1.39020462e+02,-8.49000000e+02));
#831 = CARTESIAN_POINT('',(-1.39020462e+02,-8.49000000e+02,1.87680632e+03));
#832 = CARTESIAN_POINT('',(-8.49000000e+02,1.87680632e+03,-1.38066417e+02));
#833 = CARTESIAN_POINT('',(1.87680632e+03,-1.38066417e+02,-8.49000000e+02));
#834 = CARTESIAN_POINT('',(-1.38066417e+02,-8.49000000e+02,1.87680632e+03));
#835 = CARTESIAN_POINT('',(-8.49000000e+02,1.87680632e+03,-1.38066417e+02));
#836 = CARTESIAN_POINT('',(1.87680632e+03,-1.38066417e+02,-8.54000000e+02));
#837 = CARTESIAN_POINT('',(-1.38066417e+02,-8.54000000e+02,1.87680632e+03));
#838 = CARTESIAN_POINT('',(-8.54000000e+02,1.87680632e+03,-1.38066417e+02));
#839 = CARTESIAN_POINT('',(1.87680632e+03,-1.38066417e+02,-8.59000000e+02));
#840 = CARTESIAN_POINT('',(-1.38066417e+02,-8.59000000e+02,1.87189818e+03));
#841 = CARTESIAN_POINT('',(-8.59000000e+02,1.87189818e+03,-1.39020462e+02));
#842 = CARTESIAN_POINT('',(1.87189818e+03,-1.39020462e+02,-8.59000000e+02));
#843 = CARTESIAN_POINT('',(-1.39020462e+02,-8.59000000e+02,1.86699005e+03));
#844 = CARTESIAN_POINT('',(-8.59000000e+02,1.86699005e+03,-1.39974507e+02));
#845 = CARTESIAN_POINT('',(1.86699005e+03,-1.39974507e+02,-8.59000000e+02));
#846 = CARTESIAN_POINT('',(-1.39974507e+02,-8.59000000e+02,1.86699005e+03));
#847 = CARTESIAN_POINT('',(-8.59000000e+02,1.86699005e+03,-1.39974507e+02));
#848 = CARTESIAN_POINT('',(1.86699005e+03,-1.39974507e+02,-8.54000000e+02));
#849 = CARTESIAN_POINT('',(-1.39974507e+02,-8.54000000e+02,1.86699005e+03));
#850 = CARTESIAN_POINT('',(-8.54000000e+02,1.86699005e+03,-1.39974507e+02));
#851 = CARTESIAN_POINT('',(1.86699005e+03,-1.39974507e+02,-8.49000000e+02));
#852 = CARTESIAN_POINT('',(-1.39974507e+02,-8.49000000e+02,1.87189818e+03));
#853 = CARTESIAN_POINT('',(-8.49000000e+02,1.87189818e+03,-1.39020462e+02));
#854 = CARTESIAN_POINT('',(1.87189818e+03,-1.39020462e+02,-8.49000000e+02));
#855 = CARTESIAN_POINT('',(-1.39020462e+02,-8.49000000e+02,1.86235774e+03));
#856 = CARTESIAN_POINT('',(-8.49000000e+02,1.86235774e+03,-8.99391030e+01));
#857 = CARTESIAN_POINT('',(1.86235774e+03,-8.99391030e+01,-8.49000000e+02));
#858 = CARTESIAN_POINT('',(-8.99391030e+01,-8.49000000e+02,1.86726587e+03));
#859 = CARTESIAN_POINT('',(-8.49000000e+02,1.86726587e+03,-8.89850581e+01));
#860 = CARTESIAN_POINT('',(1.86726587e+03,-8.89850581e+01,-8.49000000e+02));
#861 = CARTESIAN_POINT('',(-8.89850581e+01,-8.49000000e+02,1.86726587e+03));
#862 = CARTESIAN_POINT('',(-8.49000000e+02,1.86726587e+03,-8.89850581e+01));
#863 = CARTESIAN_POINT('',(1.86726587e+03,-8.89850581e+01,-8.54000000e+02));
#864 = CARTESIAN_POINT('',(-8.89850581e+01,-8.54000000e+02,1.86726587e+03));
#865 = CARTESIAN_POINT('',(-8.54000000e+02,1.86726587e+03,-8.89850581e+01));
#866 = CARTESIAN_POINT('',(1.86726587e+03,-8.89850581e+01,-8.59000000e+02));
#867 = CARTESIAN_POINT('',(-8.89850581e+01,-8.59000000e+02,1.86235774e+03));
#868 = CARTESIAN_POINT('',(-8.59000000e+02,1.86235774e+03,-8.99391030e+01));
#869 = CARTESIAN_POINT('',(1.86235774e+03,-8.99391030e+01,-8.59000000e+02));
#870 = CARTESIAN_POINT('',(-8.99391030e+01,-8.59000000e+02,1.85744960e+03));
#871 = CARTESIAN_POINT('',(-8.59000000e+02,1.85744960e+03,-9.08931480e+01));
#872 = CARTESIAN_POINT('',(1.85744960e+03,-9.08931480e+01,-8.59000000e+02));
#873 = CARTESIAN_POINT('',(-9.08931480e+01,-8.59000000e+02,1.85744960e+03));
#874 = CARTESIAN_POINT('',(-8.59000000e+02,1.85744960e+03,-9.08931480e+01));
#875 = CARTESIAN_POINT('',(1.85744960e+03,-9.08931480e+01,-8.54000000e+02));
#876 = CARTESIAN_POINT('',(-9.08931480e+01,-8.54000000e+02,1.85744960e+03));
#877 = CARTESIAN_POINT('',(-8.54000000e+02,1.85744960e+03,-9.08931480e+01));
#878 = CARTESIAN_POINT('',(1.85744960e+03,-9.08931480e+01,-8.49000000e+02));
#879 = CARTESIAN_POINT('',(-9.08931480e+01,-8.49000000e+02,1.86235774e+03));
#880 = CARTESIAN_POINT('',(-8.49000000e+02,1.86235774e+03,-8.99391030e+01));
#881 = CARTESIAN_POINT('',(1.86235774e+03,-8.99391030e+01,-8.49000000e+02));
#882 = CARTESIAN_POINT('',(1.00000000e+00,7.07106781e-01,1.00000000e+00));
#883 = CARTESIAN_POINT('',(7.07106781e-01,1.00000000e+00,7.07106781e-01));
#884 = CARTESIAN_POINT('',(1.00000000e+00,7.07106781e-01,1.00000000e+00));
#885 = CARTESIAN_POINT('',(7.07106781e-01,1.00000000e+00,7.07106781e-01));
#886 = CARTESIAN_POINT('',(1.00000000e+00,7.07106781e-01,1.00000000e+00));
#887 = CARTESIAN_POINT('',(7.07106781e-01,1.00000000e+00,7.07106781e-01));
#888 = CARTESIAN_POINT('',(1.00000000e+00,7.07106781e-01,1.00000000e+00));
#889 = CARTESIAN_POINT('',(7.07106781e-01,1.00000000e+00,1.00000000e+00));
#890 = CARTESIAN_POINT('',(1.00000000e+00,1.00000000e+00,7.07106781e-01));
#891 = CARTESIAN_POINT('',(1.00000000e+00,7.07106781e-01,1.00000000e+00));
#892 = CARTESIAN_POINT('',(7.07106781e-01,1.00000000e+00,7.07106781e-01));
#893 = CARTESIAN_POINT('',(1.00000000e+00,7.07106781e-01,1.00000000e+00));
#894 = CARTESIAN_POINT('',(7.07106781e-01,1.00000000e+00,7.07106781e-01));
#895 = CARTESIAN_POINT('',(1.00000000e+00,7.07106781e-01,1.00000000e+00));
#896 = CARTESIAN_POINT('',(7.07106781e-01,1.00000000e+00,7.07106781e-01));
#897 = CARTESIAN_POINT('',(1.00000000e+00,7.07106781e-01,1.00000000e+00));
#898 = CARTESIAN_POINT('',(1.74553873e+03,-1.62511799e+02,-8.35000000e+02));
#899 = CARTESIAN_POINT('',(1.85127517e+03,-1.28310872e+02,-8.35762377e+02));
#900 = CARTESIAN_POINT('',(-1.28310872e+02,-8.35762377e+02,1.88694711e+03));
#901 = CARTESIAN_POINT('',(-8.35762377e+02,1.88694711e+03,-1.20148576e+02));
#902 = CARTESIAN_POINT('',(1.88694711e+03,-1.20148576e+02,-8.34237595e+02));
#903 = CARTESIAN_POINT('',(1.52026567e+02,7.84493725e+01,1.86184978e+02));
#904 = CARTESIAN_POINT('',(7.84493725e+01,1.86184978e+02,8.50890949e+01));
#905 = CARTESIAN_POINT('',(1.74248274e+03,-1.62514852e+02,-8.35003053e+02));
#906 = CARTESIAN_POINT('',(-1.62514852e+02,-8.35003053e+02,1.74554179e+03));
#907 = CARTESIAN_POINT('',(-8.35003053e+02,1.74554179e+03,-1.46802711e+02));
#908 = CARTESIAN_POINT('',(1.74554179e+03,-1.46802711e+02,-8.34996947e+02));
#909 = CARTESIAN_POINT('',(1.65669643e-01,1.32651262e+00,2.48735559e+00));
#910 = CARTESIAN_POINT('',(1.32651262e+00,2.48735559e+00,3.64819857e+00));
#911 = CARTESIAN_POINT('',(2.48735559e+00,3.64819857e+00,4.80904154e+00));
#912 = CARTESIAN_POINT('',(3.64819857e+00,4.80904154e+00,5.96988452e+00));
#913 = CARTESIAN_POINT('',(4.80904154e+00,5.96988452e+00,7.13072749e+00));
#914 = CARTESIAN_POINT('',(5.96988452e+00,7.13072749e+00,8.29157047e+00));
#915 = CARTESIAN_POINT('',(7.13072749e+00,8.29157047e+00,9.45241344e+00));
#916 = CARTESIAN_POINT('',(8.29157047e+00,9.45241344e+00,1.06132564e+01));
#917 = CARTESIAN_POINT('',(9.45241344e+00,1.06132564e+01,1.17740994e+01));
#918 = CARTESIAN_POINT('',(1.06132564e+01,1.17740994e+01,1.29349424e+01));
#919 = CARTESIAN_POINT('',(1.17740994e+01,1.29349424e+01,1.40957853e+01));
#920 = CARTESIAN_POINT('',(1.29349424e+01,1.40957853e+01,1.52566283e+01));
#921 = CARTESIAN_POINT('',(1.40957853e+01,1.52566283e+01,1.60000000e+01));
#922 = CARTESIAN_POINT('',(1.90516008e+03,-2.00757288e+02,-8.46533041e+02));
#923 = CARTESIAN_POINT('',(1.90516045e+03,-2.00759176e+02,-8.46533041e+02));
#924 = CARTESIAN_POINT('',(1.90171140e+03,-2.01524750e+02,-8.46653480e+02));
#925 = CARTESIAN_POINT('',(-2.01524750e+02,-8.46653480e+02,1.91569127e+03));
#926 = CARTESIAN_POINT('',(-8.46653480e+02,1.91569127e+03,-1.98613205e+02));
#927 = CARTESIAN_POINT('',(1.91569127e+03,-1.98613205e+02,-8.34878937e+02));
#928 = CARTESIAN_POINT('',(1.16273117e-01,1.16464059e-01,8.83284234e-01));
#929 = CARTESIAN_POINT('',(1.16464059e-01,8.83284234e-01,8.83535941e-01));
#930 = CARTESIAN_POINT('',(1.16273117e-01,1.16464059e-01,8.83284234e-01));
#931 = CARTESIAN_POINT('',(1.16464059e-01,8.83284234e-01,8.83535941e-01));
#932 = CARTESIAN_POINT('',(1.18449101e-01,6.76570401e-01,8.81550899e-01));
#933 = CARTESIAN_POINT('',(6.76570401e-01,8.81550899e-01,8.79336261e-01));
#934 = CARTESIAN_POINT('',(-4.05123438e+01,-8.88182621e+01,4.05123438e+01));
#935 = CARTESIAN_POINT('',(-8.88182621e+01,4.05123438e+01,-8.84295015e+01));
#936 = CARTESIAN_POINT('',(1.89899450e+03,-2.18255223e+02,-9.16000000e+02));
#937 = CARTESIAN_POINT('',(1.89899450e+03,-2.18255223e+02,-9.16000000e+02));
#938 = CARTESIAN_POINT('',(-2.18255223e+02,-9.16000000e+02,2.06305885e+00));
#939 = CARTESIAN_POINT('',(1.89341010e+03,-2.17478056e+02,-8.46143952e+02));
#940 = CARTESIAN_POINT('',(-2.17478056e+02,-8.46143952e+02,1.90477099e+03));
#941 = CARTESIAN_POINT('',(-8.46143952e+02,1.90477099e+03,-2.15195035e+02));
#942 = CARTESIAN_POINT('',(1.90477099e+03,-2.15195035e+02,-8.34783061e+02));
#943 = CARTESIAN_POINT('',(-4.05123438e+01,8.62803510e+01,-2.95820004e+01));
#944 = CARTESIAN_POINT('',(8.62803510e+01,-2.95820004e+01,9.73594372e+01));
#945 = CARTESIAN_POINT('',(1.90453865e+03,-2.16980447e+02,-9.10015879e+02));
#946 = CARTESIAN_POINT('',(-2.16980447e+02,-9.10015879e+02,1.90487092e+03));
#947 = CARTESIAN_POINT('',(-9.10015879e+02,1.90487092e+03,-2.15396573e+02));
#948 = CARTESIAN_POINT('',(1.90487092e+03,-2.15396573e+02,-8.45911612e+02));
#949 = CARTESIAN_POINT('',(1.90488375e+03,-2.17110468e+02,-9.16000000e+02));
#950 = CARTESIAN_POINT('',(-2.17110468e+02,-9.16000000e+02,3.06305885e+00));
#951 = CARTESIAN_POINT('',(1.90488375e+03,-2.17110468e+02,-9.16000000e+02));
#952 = CARTESIAN_POINT('',(4.71052061e-01,1.84025146e-01,6.09080642e-01));
#953 = CARTESIAN_POINT('',(1.84025146e-01,6.09080642e-01,8.64767602e-01));
#954 = CARTESIAN_POINT('',(1.90484623e+03,-2.17211852e+02,-9.10002572e+02));
#955 = CARTESIAN_POINT('',(-2.17211852e+02,-9.10002572e+02,1.91891115e+03));
#956 = CARTESIAN_POINT('',(-9.10002572e+02,1.91891115e+03,-2.13972225e+02));
#957 = CARTESIAN_POINT('',(1.91891115e+03,-2.13972225e+02,-9.09374877e+02));
#958 = CARTESIAN_POINT('',(1.90516008e+03,-2.16898004e+02,-9.09688724e+02));
#959 = CARTESIAN_POINT('',(-2.16898004e+02,-9.09688724e+02,2.06305885e+00));
#960 = CARTESIAN_POINT('',(1.90516008e+03,-2.16898004e+02,-9.09688724e+02));
#961 = CARTESIAN_POINT('',(9.47452844e-01,9.47452844e-01,1.00000000e+00));
#962 = CARTESIAN_POINT('',(9.47452844e-01,1.00000000e+00,1.00000000e+00));
#963 = CARTESIAN_POINT('',(-2.95820004e+01,9.73594372e+01,-2.89757872e+01));
#964 = CARTESIAN_POINT('',(9.73594372e+01,-2.89757872e+01,9.79738999e+01));
#965 = CARTESIAN_POINT('',(1.90418033e+03,-2.15717927e+02,-8.46941550e+02));
#966 = CARTESIAN_POINT('',(-2.15717927e+02,-8.46941550e+02,1.91869309e+03));
#967 = CARTESIAN_POINT('',(-8.46941550e+02,1.91869309e+03,-2.12349765e+02));
#968 = CARTESIAN_POINT('',(1.91869309e+03,-2.12349765e+02,-8.34677687e+02));
#969 = CARTESIAN_POINT('',(1.90463442e+03,-2.17359796e+02,-9.16249328e+02));
#970 = CARTESIAN_POINT('',(-2.17359796e+02,-9.16249328e+02,1.91887637e+03));
#971 = CARTESIAN_POINT('',(-9.16249328e+02,1.91887637e+03,-2.14189715e+02));
#972 = CARTESIAN_POINT('',(1.91887637e+03,-2.14189715e+02,-9.15750672e+02));
#973 = CARTESIAN_POINT('',(1.87991360e+03,-1.20092505e+02,-9.16000000e+02));
#974 = CARTESIAN_POINT('',(1.87991360e+03,-1.20092505e+02,-9.16000000e+02));
#975 = CARTESIAN_POINT('',(-1.20092505e+02,-9.16000000e+02,2.06305885e+00));
#976 = CARTESIAN_POINT('',(1.86896040e+03,-1.23906875e+02,-8.49000000e+02));
#977 = CARTESIAN_POINT('',(1.86896040e+03,-1.23906875e+02,-8.49000000e+02));
#978 = CARTESIAN_POINT('',(-1.23906875e+02,-8.49000000e+02,3.06305885e+00));
#979 = CARTESIAN_POINT('',(1.87940245e+03,-1.20603650e+02,-9.16511146e+02));
#980 = CARTESIAN_POINT('',(-1.20603650e+02,-9.16511146e+02,1.88631426e+03));
#981 = CARTESIAN_POINT('',(-9.16511146e+02,1.88631426e+03,-1.18436553e+02));
#982 = CARTESIAN_POINT('',(1.88631426e+03,-1.18436553e+02,-9.15488854e+02));
#983 = CARTESIAN_POINT('',(1.85111880e+03,-1.28121675e+02,-9.16918744e+02));
#984 = CARTESIAN_POINT('',(-1.28121675e+02,-9.16918744e+02,1.88675791e+03));
#985 = CARTESIAN_POINT('',(-9.16918744e+02,1.88675791e+03,-1.18897900e+02));
#986 = CARTESIAN_POINT('',(1.88675791e+03,-1.18897900e+02,-8.34426792e+02));
#987 = CARTESIAN_POINT('',(1.49987083e-01,1.00000000e+00,1.49993718e-01));
#988 = CARTESIAN_POINT('',(1.69957141e+03,1.63446902e+02,-7.83950897e+02));
#989 = CARTESIAN_POINT('',(1.63446902e+02,-7.83950897e+02,1.70542859e+03));
#990 = CARTESIAN_POINT('',(-7.83950897e+02,1.70542859e+03,1.64315380e+02));
#991 = CARTESIAN_POINT('',(1.70542859e+03,1.64315380e+02,-7.83093715e+02));
#992 = CARTESIAN_POINT('',(1.70000000e+03,1.63886789e+02,-7.83522306e+02));
#993 = CARTESIAN_POINT('',(1.63886789e+02,-7.83522306e+02,2.06305885e+00));
#994 = CARTESIAN_POINT('',(1.70000000e+03,1.63886789e+02,-7.83522306e+02));
#995 = CARTESIAN_POINT('',(1.62348460e+03,1.63860092e+02,-8.51015401e+02));
#996 = CARTESIAN_POINT('',(1.63860092e+02,-8.51015401e+02,1.62351540e+03));
#997 = CARTESIAN_POINT('',(-8.51015401e+02,1.62351540e+03,1.63890893e+02));
#998 = CARTESIAN_POINT('',(1.62351540e+03,1.63890893e+02,-8.48856055e+02));
#999 = CARTESIAN_POINT('',(1.63890893e+02,-8.48856055e+02,3.06305885e+00));
#1000 = CARTESIAN_POINT('',(1.62350000e+03,1.63875493e+02,-8.51000000e+02));
#1001 = CARTESIAN_POINT('',(1.62350000e+03,1.63875493e+02,-8.51000000e+02));
#1002 = CARTESIAN_POINT('',(1.63875493e+02,-8.51000000e+02,3.06305885e+00));
#1003 = CARTESIAN_POINT('',(1.62350000e+03,1.63875493e+02,-8.48871456e+02));
#1004 = CARTESIAN_POINT('',(1.62350000e+03,1.63875493e+02,-8.48871456e+02));
#1005 = CARTESIAN_POINT('',(5.00000000e+00,5.00000000e+00,7.65000000e+01));
#1006 = CARTESIAN_POINT('',(5.00000000e+00,7.65000000e+01,7.65000000e+01));
#1007 = CARTESIAN_POINT('',(-9.37500000e+01,-9.37500000e+01,-2.84008503e+01));
#1008 = CARTESIAN_POINT('',(-9.37500000e+01,-2.84008503e+01,-2.84008503e+01));
#1009 = CARTESIAN_POINT('',(1.69500000e+03,1.63875493e+02,-8.51000000e+02));
#1010 = CARTESIAN_POINT('',(1.63875493e+02,-8.51000000e+02,2.06305885e+00));
#1011 = CARTESIAN_POINT('',(5.00000000e+00,-9.37500000e+01,7.65000000e+01));
#1012 = CARTESIAN_POINT('',(-9.37500000e+01,7.65000000e+01,-9.37500000e+01));
#1013 = CARTESIAN_POINT('',(7.03197212e+00,1.40639443e+01,2.10959164e+01));
#1014 = CARTESIAN_POINT('',(1.40639443e+01,2.10959164e+01,2.81278885e+01));
#1015 = CARTESIAN_POINT('',(2.10959164e+01,2.81278885e+01,3.51598607e+01));
#1016 = CARTESIAN_POINT('',(2.81278885e+01,3.51598607e+01,4.21918328e+01));
#1017 = CARTESIAN_POINT('',(3.51598607e+01,4.21918328e+01,4.92238050e+01));
#1018 = CARTESIAN_POINT('',(4.21918328e+01,4.92238050e+01,5.62557771e+01));
#1019 = CARTESIAN_POINT('',(4.92238050e+01,5.62557771e+01,6.32877493e+01));
#1020 = CARTESIAN_POINT('',(1.62386523e+03,1.63875493e+02,-7.83522306e+02));
#1021 = CARTESIAN_POINT('',(1.63875493e+02,-7.83522306e+02,3.06305885e+00));
#1022 = CARTESIAN_POINT('',(1.62350000e+03,1.63875493e+02,-7.83522306e+02));
#1023 = CARTESIAN_POINT('',(1.63875493e+02,-7.83522306e+02,3.06305885e+00));
#1024 = CARTESIAN_POINT('',(1.62386523e+03,1.63875493e+02,-7.83522306e+02));
#1025 = CARTESIAN_POINT('',(1.59375643e+03,-1.34412508e+02,-8.35000000e+02));
#1026 = CARTESIAN_POINT('',(1.59375643e+03,-1.34412508e+02,-8.35000000e+02));
#1027 = CARTESIAN_POINT('',(-1.34412508e+02,-8.35000000e+02,3.06305885e+00));
#1028 = CARTESIAN_POINT('',(1.60594935e+03,-1.21231694e+02,-8.35000000e+02));
#1029 = CARTESIAN_POINT('',(1.62350000e+03,-7.64136120e+01,-8.95000000e+02));
#1030 = CARTESIAN_POINT('',(-7.64136120e+01,-8.95000000e+02,1.62350000e+03));
#1031 = CARTESIAN_POINT('',(-8.95000000e+02,1.62350000e+03,-7.69163557e+01));
#1032 = CARTESIAN_POINT('',(1.62350000e+03,-7.69163557e+01,-8.95000000e+02));
#1033 = CARTESIAN_POINT('',(-7.69163557e+01,-8.95000000e+02,1.62349234e+03));
#1034 = CARTESIAN_POINT('',(-8.95000000e+02,1.62349234e+03,-7.74190412e+01));
#1035 = CARTESIAN_POINT('',(1.62349234e+03,-7.74190412e+01,-8.95000000e+02));
#1036 = CARTESIAN_POINT('',(-7.74190412e+01,-8.95000000e+02,1.62348468e+03));
#1037 = CARTESIAN_POINT('',(-8.95000000e+02,1.62348468e+03,-7.79217266e+01));
#1038 = CARTESIAN_POINT('',(1.62348468e+03,-7.79217266e+01,-8.95000000e+02));
#1039 = CARTESIAN_POINT('',(-7.79217266e+01,-8.95000000e+02,1.62346937e+03));
#1040 = CARTESIAN_POINT('',(-8.95000000e+02,1.62346937e+03,-7.84242370e+01));
#1041 = CARTESIAN_POINT('',(1.62346937e+03,-7.84242370e+01,-8.95000000e+02));
#1042 = CARTESIAN_POINT('',(-7.84242370e+01,-8.95000000e+02,1.62345405e+03));
#1043 = CARTESIAN_POINT('',(-8.95000000e+02,1.62345405e+03,-7.89267475e+01));
#1044 = CARTESIAN_POINT('',(1.62345405e+03,-7.89267475e+01,-8.95000000e+02));
#1045 = CARTESIAN_POINT('',(-7.89267475e+01,-8.95000000e+02,1.62343108e+03));
#1046 = CARTESIAN_POINT('',(-8.95000000e+02,1.62343108e+03,-7.94289663e+01));
#1047 = CARTESIAN_POINT('',(1.62343108e+03,-7.94289663e+01,-8.95000000e+02));
#1048 = CARTESIAN_POINT('',(-7.94289663e+01,-8.95000000e+02,1.62340811e+03));
#1049 = CARTESIAN_POINT('',(-8.95000000e+02,1.62340811e+03,-7.99311851e+01));
#1050 = CARTESIAN_POINT('',(1.62340811e+03,-7.99311851e+01,-8.95000000e+02));
#1051 = CARTESIAN_POINT('',(-7.99311851e+01,-8.95000000e+02,1.62337750e+03));
#1052 = CARTESIAN_POINT('',(-8.95000000e+02,1.62337750e+03,-8.04329957e+01));
#1053 = CARTESIAN_POINT('',(1.62337750e+03,-8.04329957e+01,-8.95000000e+02));
#1054 = CARTESIAN_POINT('',(-8.04329957e+01,-8.95000000e+02,1.62334688e+03));
#1055 = CARTESIAN_POINT('',(-8.95000000e+02,1.62334688e+03,-8.09348063e+01));
#1056 = CARTESIAN_POINT('',(1.62334688e+03,-8.09348063e+01,-8.95000000e+02));
#1057 = CARTESIAN_POINT('',(-8.09348063e+01,-8.95000000e+02,1.62330862e+03));
#1058 = CARTESIAN_POINT('',(-8.95000000e+02,1.62330862e+03,-8.14360923e+01));
#1059 = CARTESIAN_POINT('',(1.62330862e+03,-8.14360923e+01,-8.95000000e+02));
#1060 = CARTESIAN_POINT('',(-8.14360923e+01,-8.95000000e+02,1.62327036e+03));
#1061 = CARTESIAN_POINT('',(-8.95000000e+02,1.62327036e+03,-8.19373783e+01));
#1062 = CARTESIAN_POINT('',(1.62327036e+03,-8.19373783e+01,-8.95000000e+02));
#1063 = CARTESIAN_POINT('',(-8.19373783e+01,-8.95000000e+02,1.62322447e+03));
#1064 = CARTESIAN_POINT('',(-8.95000000e+02,1.62322447e+03,-8.24380233e+01));
#1065 = CARTESIAN_POINT('',(1.62322447e+03,-8.24380233e+01,-8.95000000e+02));
#1066 = CARTESIAN_POINT('',(-8.24380233e+01,-8.95000000e+02,1.62317858e+03));
#1067 = CARTESIAN_POINT('',(-8.95000000e+02,1.62317858e+03,-8.29386683e+01));
#1068 = CARTESIAN_POINT('',(1.62317858e+03,-8.29386683e+01,-8.95000000e+02));
#1069 = CARTESIAN_POINT('',(-8.29386683e+01,-8.95000000e+02,1.62312507e+03));
#1070 = CARTESIAN_POINT('',(-8.95000000e+02,1.62312507e+03,-8.34385561e+01));
#1071 = CARTESIAN_POINT('',(1.62312507e+03,-8.34385561e+01,-8.95000000e+02));
#1072 = CARTESIAN_POINT('',(-8.34385561e+01,-8.95000000e+02,1.62307156e+03));
#1073 = CARTESIAN_POINT('',(-8.95000000e+02,1.62307156e+03,-8.39384439e+01));
#1074 = CARTESIAN_POINT('',(1.62307156e+03,-8.39384439e+01,-8.95000000e+02));
#1075 = CARTESIAN_POINT('',(-8.39384439e+01,-8.95000000e+02,1.62301044e+03));
#1076 = CARTESIAN_POINT('',(-8.95000000e+02,1.62301044e+03,-8.44374586e+01));
#1077 = CARTESIAN_POINT('',(1.62301044e+03,-8.44374586e+01,-8.95000000e+02));
#1078 = CARTESIAN_POINT('',(-8.44374586e+01,-8.95000000e+02,1.62294932e+03));
#1079 = CARTESIAN_POINT('',(-8.95000000e+02,1.62294932e+03,-8.49364732e+01));
#1080 = CARTESIAN_POINT('',(1.62294932e+03,-8.49364732e+01,-8.95000000e+02));
#1081 = CARTESIAN_POINT('',(-8.49364732e+01,-8.95000000e+02,1.62288061e+03));
#1082 = CARTESIAN_POINT('',(-8.95000000e+02,1.62288061e+03,-8.54344989e+01));
#1083 = CARTESIAN_POINT('',(1.62288061e+03,-8.54344989e+01,-8.95000000e+02));
#1084 = CARTESIAN_POINT('',(-8.54344989e+01,-8.95000000e+02,1.62281189e+03));
#1085 = CARTESIAN_POINT('',(-8.95000000e+02,1.62281189e+03,-8.59325245e+01));
#1086 = CARTESIAN_POINT('',(1.62281189e+03,-8.59325245e+01,-8.95000000e+02));
#1087 = CARTESIAN_POINT('',(-8.59325245e+01,-8.95000000e+02,1.62273560e+03));
#1088 = CARTESIAN_POINT('',(-8.95000000e+02,1.62273560e+03,-8.64294456e+01));
#1089 = CARTESIAN_POINT('',(1.62273560e+03,-8.64294456e+01,-8.95000000e+02));
#1090 = CARTESIAN_POINT('',(-8.64294456e+01,-8.95000000e+02,1.62265930e+03));
#1091 = CARTESIAN_POINT('',(-8.95000000e+02,1.62265930e+03,-8.69263666e+01));
#1092 = CARTESIAN_POINT('',(1.62265930e+03,-8.69263666e+01,-8.95000000e+02));
#1093 = CARTESIAN_POINT('',(-8.69263666e+01,-8.95000000e+02,1.62257545e+03));
#1094 = CARTESIAN_POINT('',(-8.95000000e+02,1.62257545e+03,-8.74220678e+01));
#1095 = CARTESIAN_POINT('',(1.62257545e+03,-8.74220678e+01,-8.95000000e+02));
#1096 = CARTESIAN_POINT('',(-8.74220678e+01,-8.95000000e+02,1.62249159e+03));
#1097 = CARTESIAN_POINT('',(-8.95000000e+02,1.62249159e+03,-8.79177689e+01));
#1098 = CARTESIAN_POINT('',(1.62249159e+03,-8.79177689e+01,-8.95000000e+02));
#1099 = CARTESIAN_POINT('',(-8.79177689e+01,-8.95000000e+02,1.62240020e+03));
#1100 = CARTESIAN_POINT('',(-8.95000000e+02,1.62240020e+03,-8.84121351e+01));
#1101 = CARTESIAN_POINT('',(1.62240020e+03,-8.84121351e+01,-8.95000000e+02));
#1102 = CARTESIAN_POINT('',(-8.84121351e+01,-8.95000000e+02,1.62230880e+03));
#1103 = CARTESIAN_POINT('',(-8.95000000e+02,1.62230880e+03,-8.89065013e+01));
#1104 = CARTESIAN_POINT('',(1.62230880e+03,-8.89065013e+01,-8.95000000e+02));
#1105 = CARTESIAN_POINT('',(-8.89065013e+01,-8.95000000e+02,1.62220988e+03));
#1106 = CARTESIAN_POINT('',(-8.95000000e+02,1.62220988e+03,-8.93994179e+01));
#1107 = CARTESIAN_POINT('',(1.62220988e+03,-8.93994179e+01,-8.95000000e+02));
#1108 = CARTESIAN_POINT('',(-8.93994179e+01,-8.95000000e+02,1.62211096e+03));
#1109 = CARTESIAN_POINT('',(-8.95000000e+02,1.62211096e+03,-8.98923344e+01));
#1110 = CARTESIAN_POINT('',(1.62211096e+03,-8.98923344e+01,-8.95000000e+02));
#1111 = CARTESIAN_POINT('',(-8.98923344e+01,-8.95000000e+02,1.62200455e+03));
#1112 = CARTESIAN_POINT('',(-8.95000000e+02,1.62200455e+03,-9.03836868e+01));
#1113 = CARTESIAN_POINT('',(1.62200455e+03,-9.03836868e+01,-8.95000000e+02));
#1114 = CARTESIAN_POINT('',(-9.03836868e+01,-8.95000000e+02,1.62189814e+03));
#1115 = CARTESIAN_POINT('',(-8.95000000e+02,1.62189814e+03,-9.08750393e+01));
#1116 = CARTESIAN_POINT('',(1.62189814e+03,-9.08750393e+01,-8.95000000e+02));
#1117 = CARTESIAN_POINT('',(-9.08750393e+01,-8.95000000e+02,1.62178425e+03));
#1118 = CARTESIAN_POINT('',(-8.95000000e+02,1.62178425e+03,-9.13647136e+01));
#1119 = CARTESIAN_POINT('',(1.62178425e+03,-9.13647136e+01,-8.95000000e+02));
#1120 = CARTESIAN_POINT('',(-9.13647136e+01,-8.95000000e+02,1.62167036e+03));
#1121 = CARTESIAN_POINT('',(-8.95000000e+02,1.62167036e+03,-9.18543879e+01));
#1122 = CARTESIAN_POINT('',(1.62167036e+03,-9.18543879e+01,-8.95000000e+02));
#1123 = CARTESIAN_POINT('',(-9.18543879e+01,-8.95000000e+02,1.62154903e+03));
#1124 = CARTESIAN_POINT('',(-8.95000000e+02,1.62154903e+03,-9.23422705e+01));
#1125 = CARTESIAN_POINT('',(1.62154903e+03,-9.23422705e+01,-8.95000000e+02));
#1126 = CARTESIAN_POINT('',(-9.23422705e+01,-8.95000000e+02,1.62142769e+03));
#1127 = CARTESIAN_POINT('',(-8.95000000e+02,1.62142769e+03,-9.28301530e+01));
#1128 = CARTESIAN_POINT('',(1.62142769e+03,-9.28301530e+01,-8.95000000e+02));
#1129 = CARTESIAN_POINT('',(-9.28301530e+01,-8.95000000e+02,1.62129894e+03));
#1130 = CARTESIAN_POINT('',(-8.95000000e+02,1.62129894e+03,-9.33161306e+01));
#1131 = CARTESIAN_POINT('',(1.62129894e+03,-9.33161306e+01,-8.95000000e+02));
#1132 = CARTESIAN_POINT('',(-9.33161306e+01,-8.95000000e+02,1.62117019e+03));
#1133 = CARTESIAN_POINT('',(-8.95000000e+02,1.62117019e+03,-9.38021082e+01));
#1134 = CARTESIAN_POINT('',(1.62117019e+03,-9.38021082e+01,-8.95000000e+02));
#1135 = CARTESIAN_POINT('',(-9.38021082e+01,-8.95000000e+02,1.62103405e+03));
#1136 = CARTESIAN_POINT('',(-8.95000000e+02,1.62103405e+03,-9.42860680e+01));
#1137 = CARTESIAN_POINT('',(1.62103405e+03,-9.42860680e+01,-8.95000000e+02));
#1138 = CARTESIAN_POINT('',(-9.42860680e+01,-8.95000000e+02,1.62089791e+03));
#1139 = CARTESIAN_POINT('',(-8.95000000e+02,1.62089791e+03,-9.47700278e+01));
#1140 = CARTESIAN_POINT('',(1.62089791e+03,-9.47700278e+01,-8.95000000e+02));
#1141 = CARTESIAN_POINT('',(-9.47700278e+01,-8.95000000e+02,1.62075441e+03));
#1142 = CARTESIAN_POINT('',(-8.95000000e+02,1.62075441e+03,-9.52518575e+01));
#1143 = CARTESIAN_POINT('',(1.62075441e+03,-9.52518575e+01,-8.95000000e+02));
#1144 = CARTESIAN_POINT('',(-9.52518575e+01,-8.95000000e+02,1.62061091e+03));
#1145 = CARTESIAN_POINT('',(-8.95000000e+02,1.62061091e+03,-9.57336872e+01));
#1146 = CARTESIAN_POINT('',(1.62061091e+03,-9.57336872e+01,-8.95000000e+02));
#1147 = CARTESIAN_POINT('',(-9.57336872e+01,-8.95000000e+02,1.62046009e+03));
#1148 = CARTESIAN_POINT('',(-8.95000000e+02,1.62046009e+03,-9.62132750e+01));
#1149 = CARTESIAN_POINT('',(1.62046009e+03,-9.62132750e+01,-8.95000000e+02));
#1150 = CARTESIAN_POINT('',(-9.62132750e+01,-8.95000000e+02,1.62030927e+03));
#1151 = CARTESIAN_POINT('',(-8.95000000e+02,1.62030927e+03,-9.66928628e+01));
#1152 = CARTESIAN_POINT('',(1.62030927e+03,-9.66928628e+01,-8.95000000e+02));
#1153 = CARTESIAN_POINT('',(-9.66928628e+01,-8.95000000e+02,1.62015116e+03));
#1154 = CARTESIAN_POINT('',(-8.95000000e+02,1.62015116e+03,-9.71700974e+01));
#1155 = CARTESIAN_POINT('',(1.62015116e+03,-9.71700974e+01,-8.95000000e+02));
#1156 = CARTESIAN_POINT('',(-9.71700974e+01,-8.95000000e+02,1.61999305e+03));
#1157 = CARTESIAN_POINT('',(-8.95000000e+02,1.61999305e+03,-9.76473320e+01));
#1158 = CARTESIAN_POINT('',(1.61999305e+03,-9.76473320e+01,-8.95000000e+02));
#1159 = CARTESIAN_POINT('',(-9.76473320e+01,-8.95000000e+02,1.61982769e+03));
#1160 = CARTESIAN_POINT('',(-8.95000000e+02,1.61982769e+03,-9.81221026e+01));
#1161 = CARTESIAN_POINT('',(1.61982769e+03,-9.81221026e+01,-8.95000000e+02));
#1162 = CARTESIAN_POINT('',(-9.81221026e+01,-8.95000000e+02,1.61966233e+03));
#1163 = CARTESIAN_POINT('',(-8.95000000e+02,1.61966233e+03,-9.85968732e+01));
#1164 = CARTESIAN_POINT('',(1.61966233e+03,-9.85968732e+01,-8.95000000e+02));
#1165 = CARTESIAN_POINT('',(-9.85968732e+01,-8.95000000e+02,1.61948976e+03));
#1166 = CARTESIAN_POINT('',(-8.95000000e+02,1.61948976e+03,-9.90690697e+01));
#1167 = CARTESIAN_POINT('',(1.61948976e+03,-9.90690697e+01,-8.95000000e+02));
#1168 = CARTESIAN_POINT('',(-9.90690697e+01,-8.95000000e+02,1.61931719e+03));
#1169 = CARTESIAN_POINT('',(-8.95000000e+02,1.61931719e+03,-9.95412661e+01));
#1170 = CARTESIAN_POINT('',(1.61931719e+03,-9.95412661e+01,-8.95000000e+02));
#1171 = CARTESIAN_POINT('',(-9.95412661e+01,-8.95000000e+02,1.61913744e+03));
#1172 = CARTESIAN_POINT('',(-8.95000000e+02,1.61913744e+03,-1.00010779e+02));
#1173 = CARTESIAN_POINT('',(1.61913744e+03,-1.00010779e+02,-8.95000000e+02));
#1174 = CARTESIAN_POINT('',(-1.00010779e+02,-8.95000000e+02,1.61895769e+03));
#1175 = CARTESIAN_POINT('',(-8.95000000e+02,1.61895769e+03,-1.00480291e+02));
#1176 = CARTESIAN_POINT('',(1.61895769e+03,-1.00480291e+02,-8.95000000e+02));
#1177 = CARTESIAN_POINT('',(-1.00480291e+02,-8.95000000e+02,1.61877081e+03));
#1178 = CARTESIAN_POINT('',(-8.95000000e+02,1.61877081e+03,-1.00947011e+02));
#1179 = CARTESIAN_POINT('',(1.61877081e+03,-1.00947011e+02,-8.95000000e+02));
#1180 = CARTESIAN_POINT('',(-1.00947011e+02,-8.95000000e+02,1.61858393e+03));
#1181 = CARTESIAN_POINT('',(-8.95000000e+02,1.61858393e+03,-1.01413731e+02));
#1182 = CARTESIAN_POINT('',(1.61858393e+03,-1.01413731e+02,-8.95000000e+02));
#1183 = CARTESIAN_POINT('',(-1.01413731e+02,-8.95000000e+02,1.61838997e+03));
#1184 = CARTESIAN_POINT('',(-8.95000000e+02,1.61838997e+03,-1.01877550e+02));
#1185 = CARTESIAN_POINT('',(1.61838997e+03,-1.01877550e+02,-8.95000000e+02));
#1186 = CARTESIAN_POINT('',(-1.01877550e+02,-8.95000000e+02,1.61819600e+03));
#1187 = CARTESIAN_POINT('',(-8.95000000e+02,1.61819600e+03,-1.02341369e+02));
#1188 = CARTESIAN_POINT('',(1.61819600e+03,-1.02341369e+02,-8.95000000e+02));
#1189 = CARTESIAN_POINT('',(-1.02341369e+02,-8.95000000e+02,1.61799499e+03));
#1190 = CARTESIAN_POINT('',(-8.95000000e+02,1.61799499e+03,-1.02802180e+02));
#1191 = CARTESIAN_POINT('',(1.61799499e+03,-1.02802180e+02,-8.95000000e+02));
#1192 = CARTESIAN_POINT('',(-1.02802180e+02,-8.95000000e+02,1.61779398e+03));
#1193 = CARTESIAN_POINT('',(-8.95000000e+02,1.61779398e+03,-1.03262990e+02));
#1194 = CARTESIAN_POINT('',(1.61779398e+03,-1.03262990e+02,-8.95000000e+02));
#1195 = CARTESIAN_POINT('',(-1.03262990e+02,-8.95000000e+02,1.61758597e+03));
#1196 = CARTESIAN_POINT('',(-8.95000000e+02,1.61758597e+03,-1.03720685e+02));
#1197 = CARTESIAN_POINT('',(1.61758597e+03,-1.03720685e+02,-8.95000000e+02));
#1198 = CARTESIAN_POINT('',(-1.03720685e+02,-8.95000000e+02,1.61737796e+03));
#1199 = CARTESIAN_POINT('',(-8.95000000e+02,1.61737796e+03,-1.04178379e+02));
#1200 = CARTESIAN_POINT('',(1.61737796e+03,-1.04178379e+02,-8.95000000e+02));
#1201 = CARTESIAN_POINT('',(-1.04178379e+02,-8.95000000e+02,1.61716301e+03));
#1202 = CARTESIAN_POINT('',(-8.95000000e+02,1.61716301e+03,-1.04632852e+02));
#1203 = CARTESIAN_POINT('',(1.61716301e+03,-1.04632852e+02,-8.95000000e+02));
#1204 = CARTESIAN_POINT('',(-1.04632852e+02,-8.95000000e+02,1.61694805e+03));
#1205 = CARTESIAN_POINT('',(-8.95000000e+02,1.61694805e+03,-1.05087325e+02));
#1206 = CARTESIAN_POINT('',(1.61694805e+03,-1.05087325e+02,-8.95000000e+02));
#1207 = CARTESIAN_POINT('',(-1.05087325e+02,-8.95000000e+02,1.61672620e+03));
#1208 = CARTESIAN_POINT('',(-8.95000000e+02,1.61672620e+03,-1.05538470e+02));
#1209 = CARTESIAN_POINT('',(1.61672620e+03,-1.05538470e+02,-8.95000000e+02));
#1210 = CARTESIAN_POINT('',(-1.05538470e+02,-8.95000000e+02,1.61650435e+03));
#1211 = CARTESIAN_POINT('',(-8.95000000e+02,1.61650435e+03,-1.05989616e+02));
#1212 = CARTESIAN_POINT('',(1.61650435e+03,-1.05989616e+02,-8.95000000e+02));
#1213 = CARTESIAN_POINT('',(-1.05989616e+02,-8.95000000e+02,1.61627564e+03));
#1214 = CARTESIAN_POINT('',(-8.95000000e+02,1.61627564e+03,-1.06437329e+02));
#1215 = CARTESIAN_POINT('',(1.61627564e+03,-1.06437329e+02,-8.95000000e+02));
#1216 = CARTESIAN_POINT('',(-1.06437329e+02,-8.95000000e+02,1.61604694e+03));
#1217 = CARTESIAN_POINT('',(-8.95000000e+02,1.61604694e+03,-1.06885043e+02));
#1218 = CARTESIAN_POINT('',(1.61604694e+03,-1.06885043e+02,-8.95000000e+02));
#1219 = CARTESIAN_POINT('',(-1.06885043e+02,-8.95000000e+02,1.61581145e+03));
#1220 = CARTESIAN_POINT('',(-8.95000000e+02,1.61581145e+03,-1.07329220e+02));
#1221 = CARTESIAN_POINT('',(1.61581145e+03,-1.07329220e+02,-8.95000000e+02));
#1222 = CARTESIAN_POINT('',(-1.07329220e+02,-8.95000000e+02,1.61557596e+03));
#1223 = CARTESIAN_POINT('',(-8.95000000e+02,1.61557596e+03,-1.07773398e+02));
#1224 = CARTESIAN_POINT('',(1.61557596e+03,-1.07773398e+02,-8.95000000e+02));
#1225 = CARTESIAN_POINT('',(-1.07773398e+02,-8.95000000e+02,1.61533372e+03));
#1226 = CARTESIAN_POINT('',(-8.95000000e+02,1.61533372e+03,-1.08213936e+02));
#1227 = CARTESIAN_POINT('',(1.61533372e+03,-1.08213936e+02,-8.95000000e+02));
#1228 = CARTESIAN_POINT('',(-1.08213936e+02,-8.95000000e+02,1.61509149e+03));
#1229 = CARTESIAN_POINT('',(-8.95000000e+02,1.61509149e+03,-1.08654475e+02));
#1230 = CARTESIAN_POINT('',(1.61509149e+03,-1.08654475e+02,-8.95000000e+02));
#1231 = CARTESIAN_POINT('',(-1.08654475e+02,-8.95000000e+02,1.61484257e+03));
#1232 = CARTESIAN_POINT('',(-8.95000000e+02,1.61484257e+03,-1.09091272e+02));
#1233 = CARTESIAN_POINT('',(1.61484257e+03,-1.09091272e+02,-8.95000000e+02));
#1234 = CARTESIAN_POINT('',(-1.09091272e+02,-8.95000000e+02,1.61459366e+03));
#1235 = CARTESIAN_POINT('',(-8.95000000e+02,1.61459366e+03,-1.09528070e+02));
#1236 = CARTESIAN_POINT('',(1.61459366e+03,-1.09528070e+02,-8.95000000e+02));
#1237 = CARTESIAN_POINT('',(-1.09528070e+02,-8.95000000e+02,1.61433811e+03));
#1238 = CARTESIAN_POINT('',(-8.95000000e+02,1.61433811e+03,-1.09961024e+02));
#1239 = CARTESIAN_POINT('',(1.61433811e+03,-1.09961024e+02,-8.95000000e+02));
#1240 = CARTESIAN_POINT('',(-1.09961024e+02,-8.95000000e+02,1.61408257e+03));
#1241 = CARTESIAN_POINT('',(-8.95000000e+02,1.61408257e+03,-1.10393979e+02));
#1242 = CARTESIAN_POINT('',(1.61408257e+03,-1.10393979e+02,-8.95000000e+02));
#1243 = CARTESIAN_POINT('',(-1.10393979e+02,-8.95000000e+02,1.61382046e+03));
#1244 = CARTESIAN_POINT('',(-8.95000000e+02,1.61382046e+03,-1.10822990e+02));
#1245 = CARTESIAN_POINT('',(1.61382046e+03,-1.10822990e+02,-8.95000000e+02));
#1246 = CARTESIAN_POINT('',(-1.10822990e+02,-8.95000000e+02,1.61355836e+03));
#1247 = CARTESIAN_POINT('',(-8.95000000e+02,1.61355836e+03,-1.11252002e+02));
#1248 = CARTESIAN_POINT('',(1.61355836e+03,-1.11252002e+02,-8.95000000e+02));
#1249 = CARTESIAN_POINT('',(-1.11252002e+02,-8.95000000e+02,1.61328974e+03));
#1250 = CARTESIAN_POINT('',(-8.95000000e+02,1.61328974e+03,-1.11676971e+02));
#1251 = CARTESIAN_POINT('',(1.61328974e+03,-1.11676971e+02,-8.95000000e+02));
#1252 = CARTESIAN_POINT('',(-1.11676971e+02,-8.95000000e+02,1.61302113e+03));
#1253 = CARTESIAN_POINT('',(-8.95000000e+02,1.61302113e+03,-1.12101940e+02));
#1254 = CARTESIAN_POINT('',(1.61302113e+03,-1.12101940e+02,-8.95000000e+02));
#1255 = CARTESIAN_POINT('',(-1.12101940e+02,-8.95000000e+02,1.61274608e+03));
#1256 = CARTESIAN_POINT('',(-8.95000000e+02,1.61274608e+03,-1.12522767e+02));
#1257 = CARTESIAN_POINT('',(1.61274608e+03,-1.12522767e+02,-8.95000000e+02));
#1258 = CARTESIAN_POINT('',(-1.12522767e+02,-8.95000000e+02,1.61247102e+03));
#1259 = CARTESIAN_POINT('',(-8.95000000e+02,1.61247102e+03,-1.12943595e+02));
#1260 = CARTESIAN_POINT('',(1.61247102e+03,-1.12943595e+02,-8.95000000e+02));
#1261 = CARTESIAN_POINT('',(-1.12943595e+02,-8.95000000e+02,1.61218959e+03));
#1262 = CARTESIAN_POINT('',(-8.95000000e+02,1.61218959e+03,-1.13360183e+02));
#1263 = CARTESIAN_POINT('',(1.61218959e+03,-1.13360183e+02,-8.95000000e+02));
#1264 = CARTESIAN_POINT('',(-1.13360183e+02,-8.95000000e+02,1.61190815e+03));
#1265 = CARTESIAN_POINT('',(-8.95000000e+02,1.61190815e+03,-1.13776772e+02));
#1266 = CARTESIAN_POINT('',(1.61190815e+03,-1.13776772e+02,-8.95000000e+02));
#1267 = CARTESIAN_POINT('',(-1.13776772e+02,-8.95000000e+02,1.61162040e+03));
#1268 = CARTESIAN_POINT('',(-8.95000000e+02,1.61162040e+03,-1.14189025e+02));
#1269 = CARTESIAN_POINT('',(1.61162040e+03,-1.14189025e+02,-8.95000000e+02));
#1270 = CARTESIAN_POINT('',(-1.14189025e+02,-8.95000000e+02,1.61133266e+03));
#1271 = CARTESIAN_POINT('',(-8.95000000e+02,1.61133266e+03,-1.14601278e+02));
#1272 = CARTESIAN_POINT('',(1.61133266e+03,-1.14601278e+02,-8.95000000e+02));
#1273 = CARTESIAN_POINT('',(-1.14601278e+02,-8.95000000e+02,1.61103866e+03));
#1274 = CARTESIAN_POINT('',(-8.95000000e+02,1.61103866e+03,-1.15009100e+02));
#1275 = CARTESIAN_POINT('',(1.61103866e+03,-1.15009100e+02,-8.95000000e+02));
#1276 = CARTESIAN_POINT('',(-1.15009100e+02,-8.95000000e+02,1.61074467e+03));
#1277 = CARTESIAN_POINT('',(-8.95000000e+02,1.61074467e+03,-1.15416921e+02));
#1278 = CARTESIAN_POINT('',(1.61074467e+03,-1.15416921e+02,-8.95000000e+02));
#1279 = CARTESIAN_POINT('',(-1.15416921e+02,-8.95000000e+02,1.61044449e+03));
#1280 = CARTESIAN_POINT('',(-8.95000000e+02,1.61044449e+03,-1.15820217e+02));
#1281 = CARTESIAN_POINT('',(1.61044449e+03,-1.15820217e+02,-8.95000000e+02));
#1282 = CARTESIAN_POINT('',(-1.15820217e+02,-8.95000000e+02,1.61014432e+03));
#1283 = CARTESIAN_POINT('',(-8.95000000e+02,1.61014432e+03,-1.16223513e+02));
#1284 = CARTESIAN_POINT('',(1.61014432e+03,-1.16223513e+02,-8.95000000e+02));
#1285 = CARTESIAN_POINT('',(-1.16223513e+02,-8.95000000e+02,1.60983804e+03));
#1286 = CARTESIAN_POINT('',(-8.95000000e+02,1.60983804e+03,-1.16622189e+02));
#1287 = CARTESIAN_POINT('',(1.60983804e+03,-1.16622189e+02,-8.95000000e+02));
#1288 = CARTESIAN_POINT('',(-1.16622189e+02,-8.95000000e+02,1.60953176e+03));
#1289 = CARTESIAN_POINT('',(-8.95000000e+02,1.60953176e+03,-1.17020865e+02));
#1290 = CARTESIAN_POINT('',(1.60953176e+03,-1.17020865e+02,-8.95000000e+02));
#1291 = CARTESIAN_POINT('',(-1.17020865e+02,-8.95000000e+02,1.60921944e+03));
#1292 = CARTESIAN_POINT('',(-8.95000000e+02,1.60921944e+03,-1.17414829e+02));
#1293 = CARTESIAN_POINT('',(1.60921944e+03,-1.17414829e+02,-8.95000000e+02));
#1294 = CARTESIAN_POINT('',(-1.17414829e+02,-8.95000000e+02,1.60890712e+03));
#1295 = CARTESIAN_POINT('',(-8.95000000e+02,1.60890712e+03,-1.17808793e+02));
#1296 = CARTESIAN_POINT('',(1.60890712e+03,-1.17808793e+02,-8.95000000e+02));
#1297 = CARTESIAN_POINT('',(-1.17808793e+02,-8.95000000e+02,1.60858883e+03));
#1298 = CARTESIAN_POINT('',(-8.95000000e+02,1.60858883e+03,-1.18197953e+02));
#1299 = CARTESIAN_POINT('',(1.60858883e+03,-1.18197953e+02,-8.95000000e+02));
#1300 = CARTESIAN_POINT('',(-1.18197953e+02,-8.95000000e+02,1.60827055e+03));
#1301 = CARTESIAN_POINT('',(-8.95000000e+02,1.60827055e+03,-1.18587114e+02));
#1302 = CARTESIAN_POINT('',(1.60827055e+03,-1.18587114e+02,-8.95000000e+02));
#1303 = CARTESIAN_POINT('',(-1.18587114e+02,-8.95000000e+02,1.60794637e+03));
#1304 = CARTESIAN_POINT('',(-8.95000000e+02,1.60794637e+03,-1.18971381e+02));
#1305 = CARTESIAN_POINT('',(1.60794637e+03,-1.18971381e+02,-8.95000000e+02));
#1306 = CARTESIAN_POINT('',(-1.18971381e+02,-8.95000000e+02,1.60762219e+03));
#1307 = CARTESIAN_POINT('',(-8.95000000e+02,1.60762219e+03,-1.19355647e+02));
#1308 = CARTESIAN_POINT('',(1.60762219e+03,-1.19355647e+02,-8.95000000e+02));
#1309 = CARTESIAN_POINT('',(-1.19355647e+02,-8.95000000e+02,1.60729220e+03));
#1310 = CARTESIAN_POINT('',(-8.95000000e+02,1.60729220e+03,-1.19734931e+02));
#1311 = CARTESIAN_POINT('',(1.60729220e+03,-1.19734931e+02,-8.95000000e+02));
#1312 = CARTESIAN_POINT('',(-1.19734931e+02,-8.95000000e+02,1.60696221e+03));
#1313 = CARTESIAN_POINT('',(-8.95000000e+02,1.60696221e+03,-1.20114214e+02));
#1314 = CARTESIAN_POINT('',(1.60696221e+03,-1.20114214e+02,-8.95000000e+02));
#1315 = CARTESIAN_POINT('',(-1.20114214e+02,-8.95000000e+02,1.60662648e+03));
#1316 = CARTESIAN_POINT('',(-8.95000000e+02,1.60662648e+03,-1.20488427e+02));
#1317 = CARTESIAN_POINT('',(1.60662648e+03,-1.20488427e+02,-8.95000000e+02));
#1318 = CARTESIAN_POINT('',(-1.20488427e+02,-8.95000000e+02,1.60629074e+03));
#1319 = CARTESIAN_POINT('',(-8.95000000e+02,1.60629074e+03,-1.20862640e+02));
#1320 = CARTESIAN_POINT('',(1.60629074e+03,-1.20862640e+02,-8.95000000e+02));
#1321 = CARTESIAN_POINT('',(-1.20862640e+02,-8.95000000e+02,1.60594935e+03));
#1322 = CARTESIAN_POINT('',(-8.95000000e+02,1.60594935e+03,-1.21231694e+02));
#1323 = CARTESIAN_POINT('',(1.60594935e+03,-1.21231694e+02,-8.95000000e+02));
#1324 = CARTESIAN_POINT('',(-1.21231694e+02,-8.95000000e+02,1.59985289e+03));
#1325 = CARTESIAN_POINT('',(-8.95000000e+02,1.59985289e+03,-1.27822101e+02));
#1326 = CARTESIAN_POINT('',(1.59985289e+03,-1.27822101e+02,-8.95000000e+02));
#1327 = CARTESIAN_POINT('',(-1.27822101e+02,-8.95000000e+02,1.59375643e+03));
#1328 = CARTESIAN_POINT('',(-8.95000000e+02,1.59375643e+03,-1.34412508e+02));
#1329 = CARTESIAN_POINT('',(1.59375643e+03,-1.34412508e+02,-8.95000000e+02));
#1330 = CARTESIAN_POINT('',(-1.34412508e+02,-8.95000000e+02,1.62350000e+03));
#1331 = CARTESIAN_POINT('',(-8.95000000e+02,1.62350000e+03,-7.64136120e+01));
#1332 = CARTESIAN_POINT('',(1.62350000e+03,-7.64136120e+01,-8.35000000e+02));
#1333 = CARTESIAN_POINT('',(-7.64136120e+01,-8.35000000e+02,1.62350000e+03));
#1334 = CARTESIAN_POINT('',(-8.35000000e+02,1.62350000e+03,-7.69163557e+01));
#1335 = CARTESIAN_POINT('',(1.62350000e+03,-7.69163557e+01,-8.35000000e+02));
#1336 = CARTESIAN_POINT('',(-7.69163557e+01,-8.35000000e+02,1.62349234e+03));
#1337 = CARTESIAN_POINT('',(-8.35000000e+02,1.62349234e+03,-7.74190412e+01));
#1338 = CARTESIAN_POINT('',(1.62349234e+03,-7.74190412e+01,-8.35000000e+02));
#1339 = CARTESIAN_POINT('',(-7.74190412e+01,-8.35000000e+02,1.62348468e+03));
#1340 = CARTESIAN_POINT('',(-8.35000000e+02,1.62348468e+03,-7.79217266e+01));
#1341 = CARTESIAN_POINT('',(1.62348468e+03,-7.79217266e+01,-8.35000000e+02));
#1342 = CARTESIAN_POINT('',(-7.79217266e+01,-8.35000000e+02,1.62346937e+03));
#1343 = CARTESIAN_POINT('',(-8.35000000e+02,1.62346937e+03,-7.84242370e+01));
#1344 = CARTESIAN_POINT('',(1.62346937e+03,-7.84242370e+01,-8.35000000e+02));
#1345 = CARTESIAN_POINT('',(-7.84242370e+01,-8.35000000e+02,1.62345405e+03));
#1346 = CARTESIAN_POINT('',(-8.35000000e+02,1.62345405e+03,-7.89267475e+01));
#1347 = CARTESIAN_POINT('',(1.62345405e+03,-7.89267475e+01,-8.35000000e+02));
#1348 = CARTESIAN_POINT('',(-7.89267475e+01,-8.35000000e+02,1.62343108e+03));
#1349 = CARTESIAN_POINT('',(-8.35000000e+02,1.62343108e+03,-7.94289663e+01));
#1350 = CARTESIAN_POINT('',(1.62343108e+03,-7.94289663e+01,-8.35000000e+02));
#1351 = CARTESIAN_POINT('',(-7.94289663e+01,-8.35000000e+02,1.62340811e+03));
#1352 = CARTESIAN_POINT('',(-8.35000000e+02,1.62340811e+03,-7.99311851e+01));
#1353 = CARTESIAN_POINT('',(1.62340811e+03,-7.99311851e+01,-8.35000000e+02));
#1354 = CARTESIAN_POINT('',(-7.99311851e+01,-8.35000000e+02,1.62337750e+03));
#1355 = CARTESIAN_POINT('',(-8.35000000e+02,1.62337750e+03,-8.04329957e+01));
#1356 = CARTESIAN_POINT('',(1.62337750e+03,-8.04329957e+01,-8.35000000e+02));
#1357 = CARTESIAN_POINT('',(-8.04329957e+01,-8.35000000e+02,1.62334688e+03));
#1358 = CARTESIAN_POINT('',(-8.35000000e+02,1.62334688e+03,-8.09348063e+01));
#1359 = CARTESIAN_POINT('',(1.62334688e+03,-8.09348063e+01,-8.35000000e+02));
#1360 = CARTESIAN_POINT('',(-8.09348063e+01,-8.35000000e+02,1.62330862e+03));
#1361 = CARTESIAN_POINT('',(-8.35000000e+02,1.62330862e+03,-8.14360923e+01));
#1362 = CARTESIAN_POINT('',(1.62330862e+03,-8.14360923e+01,-8.35000000e+02));
#1363 = CARTESIAN_POINT('',(-8.14360923e+01,-8.35000000e+02,1.62327036e+03));
#1364 = CARTESIAN_POINT('',(-8.35000000e+02,1.62327036e+03,-8.19373783e+01));
#1365 = CARTESIAN_POINT('',(1.62327036e+03,-8.19373783e+01,-8.35000000e+02));
#1366 = CARTESIAN_POINT('',(-8.19373783e+01,-8.35000000e+02,1.62322447e+03));
#1367 = CARTESIAN_POINT('',(-8.35000000e+02,1.62322447e+03,-8.24380233e+01));
#1368 = CARTESIAN_POINT('',(1.62322447e+03,-8.24380233e+01,-8.35000000e+02));
#1369 = CARTESIAN_POINT('',(-8.24380233e+01,-8.35000000e+02,1.62317858e+03));
#1370 = CARTESIAN_POINT('',(-8.35000000e+02,1.62317858e+03,-8.29386683e+01));
#1371 = CARTESIAN_POINT('',(1.62317858e+03,-8.29386683e+01,-8.35000000e+02));
#1372 = CARTESIAN_POINT('',(-8.29386683e+01,-8.35000000e+02,1.62312507e+03));
#1373 = CARTESIAN_POINT('',(-8.35000000e+02,1.62312507e+03,-8.34385561e+01));
#1374 = CARTESIAN_POINT('',(1.62312507e+03,-8.34385561e+01,-8.35000000e+02));
#1375 = CARTESIAN_POINT('',(-8.34385561e+01,-8.35000000e+02,1.62307156e+03));
#1376 = CARTESIAN_POINT('',(-8.35000000e+02,1.62307156e+03,-8.39384439e+01));
#1377 = CARTESIAN_POINT('',(1.62307156e+03,-8.39384439e+01,-8.35000000e+02));
#1378 = CARTESIAN_POINT('',(-8.39384439e+01,-8.35000000e+02,1.62301044e+03));
#1379 = CARTESIAN_POINT('',(-8.35000000e+02,1.62301044e+03,-8.44374586e+01));
#1380 = CARTESIAN_POINT('',(1.62301044e+03,-8.44374586e+01,-8.35000000e+02));
#1381 = CARTESIAN_POINT('',(-8.44374586e+01,-8.35000000e+02,1.62294932e+03));
#1382 = CARTESIAN_POINT('',(-8.35000000e+02,1.62294932e+03,-8.49364732e+01));
#1383 = CARTESIAN_POINT('',(1.62294932e+03,-8.49364732e+01,-8.35000000e+02));
#1384 = CARTESIAN_POINT('',(-8.49364732e+01,-8.35000000e+02,1.62288061e+03));
#1385 = CARTESIAN_POINT('',(-8.35000000e+02,1.62288061e+03,-8.54344989e+01));
#1386 = CARTESIAN_POINT('',(1.62288061e+03,-8.54344989e+01,-8.35000000e+02));
#1387 = CARTESIAN_POINT('',(-8.54344989e+01,-8.35000000e+02,1.62281189e+03));
#1388 = CARTESIAN_POINT('',(-8.35000000e+02,1.62281189e+03,-8.59325245e+01));
#1389 = CARTESIAN_POINT('',(1.62281189e+03,-8.59325245e+01,-8.35000000e+02));
#1390 = CARTESIAN_POINT('',(-8.59325245e+01,-8.35000000e+02,1.62273560e+03));
#1391 = CARTESIAN_POINT('',(-8.35000000e+02,1.62273560e+03,-8.64294456e+01));
#1392 = CARTESIAN_POINT('',(1.62273560e+03,-8.64294456e+01,-8.35000000e+02));
#1393 = CARTESIAN_POINT('',(-8.64294456e+01,-8.35000000e+02,1.62265930e+03));
#1394 = CARTESIAN_POINT('',(-8.35000000e+02,1.62265930e+03,-8.69263666e+01));
#1395 = CARTESIAN_POINT('',(1.62265930e+03,-8.69263666e+01,-8.35000000e+02));
#1396 = CARTESIAN_POINT('',(-8.69263666e+01,-8.35000000e+02,1.62257545e+03));
#1397 = CARTESIAN_POINT('',(-8.35000000e+02,1.62257545e+03,-8.74220678e+01));
#1398 = CARTESIAN_POINT('',(1.62257545e+03,-8.74220678e+01,-8.35000000e+02));
#1399 = CARTESIAN_POINT('',(-8.74220678e+01,-8.35000000e+02,1.62249159e+03));
#1400 = CARTESIAN_POINT('',(-8.35000000e+02,1.62249159e+03,-8.79177689e+01));
#1401 = CARTESIAN_POINT('',(1.62249159e+03,-8.79177689e+01,-8.35000000e+02));
#1402 = CARTESIAN_POINT('',(-8.79177689e+01,-8.35000000e+02,1.62240020e+03));
#1403 = CARTESIAN_POINT('',(-8.35000000e+02,1.62240020e+03,-8.84121351e+01));
#1404 = CARTESIAN_POINT('',(1.62240020e+03,-8.84121351e+01,-8.35000000e+02));
#1405 = CARTESIAN_POINT('',(-8.84121351e+01,-8.35000000e+02,1.62230880e+03));
#1406 = CARTESIAN_POINT('',(-8.35000000e+02,1.62230880e+03,-8.89065013e+01));
#1407 = CARTESIAN_POINT('',(1.62230880e+03,-8.89065013e+01,-8.35000000e+02));
#1408 = CARTESIAN_POINT('',(-8.89065013e+01,-8.35000000e+02,1.62220988e+03));
#1409 = CARTESIAN_POINT('',(-8.35000000e+02,1.62220988e+03,-8.93994179e+01));
#1410 = CARTESIAN_POINT('',(1.62220988e+03,-8.93994179e+01,-8.35000000e+02));
#1411 = CARTESIAN_POINT('',(-8.93994179e+01,-8.35000000e+02,1.62211096e+03));
#1412 = CARTESIAN_POINT('',(-8.35000000e+02,1.62211096e+03,-8.98923344e+01));
#1413 = CARTESIAN_POINT('',(1.62211096e+03,-8.98923344e+01,-8.35000000e+02));
#1414 = CARTESIAN_POINT('',(-8.98923344e+01,-8.35000000e+02,1.62200455e+03));
#1415 = CARTESIAN_POINT('',(-8.35000000e+02,1.62200455e+03,-9.03836868e+01));
#1416 = CARTESIAN_POINT('',(1.62200455e+03,-9.03836868e+01,-8.35000000e+02));
#1417 = CARTESIAN_POINT('',(-9.03836868e+01,-8.35000000e+02,1.62189814e+03));
#1418 = CARTESIAN_POINT('',(-8.35000000e+02,1.62189814e+03,-9.08750393e+01));
#1419 = CARTESIAN_POINT('',(1.62189814e+03,-9.08750393e+01,-8.35000000e+02));
#1420 = CARTESIAN_POINT('',(-9.08750393e+01,-8.35000000e+02,1.62178425e+03));
#1421 = CARTESIAN_POINT('',(-8.35000000e+02,1.62178425e+03,-9.13647136e+01));
#1422 = CARTESIAN_POINT('',(1.62178425e+03,-9.13647136e+01,-8.35000000e+02));
#1423 = CARTESIAN_POINT('',(-9.13647136e+01,-8.35000000e+02,1.62167036e+03));
#1424 = CARTESIAN_POINT('',(-8.35000000e+02,1.62167036e+03,-9.18543879e+01));
#1425 = CARTESIAN_POINT('',(1.62167036e+03,-9.18543879e+01,-8.35000000e+02));
#1426 = CARTESIAN_POINT('',(-9.18543879e+01,-8.35000000e+02,1.62154903e+03));
#1427 = CARTESIAN_POINT('',(-8.35000000e+02,1.62154903e+03,-9.23422705e+01));
#1428 = CARTESIAN_POINT('',(1.62154903e+03,-9.23422705e+01,-8.35000000e+02));
#1429 = CARTESIAN_POINT('',(-9.23422705e+01,-8.35000000e+02,1.62142769e+03));
#1430 = CARTESIAN_POINT('',(-8.35000000e+02,1.62142769e+03,-9.28301530e+01));
#1431 = CARTESIAN_POINT('',(1.62142769e+03,-9.28301530e+01,-8.35000000e+02));
#1432 = CARTESIAN_POINT('',(-9.28301530e+01,-8.35000000e+02,1.62129894e+03));
#1433 = CARTESIAN_POINT('',(-8.35000000e+02,1.62129894e+03,-9.33161306e+01));
#1434 = CARTESIAN_POINT('',(1.62129894e+03,-9.33161306e+01,-8.35000000e+02));
#1435 = CARTESIAN_POINT('',(-9.33161306e+01,-8.35000000e+02,1.62117019e+03));
#1436 = CARTESIAN_POINT('',(-8.35000000e+02,1.62117019e+03,-9.38021082e+01));
#1437 = CARTESIAN_POINT('',(1.62117019e+03,-9.38021082e+01,-8.35000000e+02));
#1438 = CARTESIAN_POINT('',(-9.38021082e+01,-8.35000000e+02,1.62103405e+03));
#1439 = CARTESIAN_POINT('',(-8.35000000e+02,1.62103405e+03,-9.42860680e+01));
#1440 = CARTESIAN_POINT('',(1.62103405e+03,-9.42860680e+01,-8.35000000e+02));
#1441 = CARTESIAN_POINT('',(-9.42860680e+01,-8.35000000e+02,1.62089791e+03));
#1442 = CARTESIAN_POINT('',(-8.35000000e+02,1.62089791e+03,-9.47700278e+01));
#1443 = CARTESIAN_POINT('',(1.62089791e+03,-9.47700278e+01,-8.35000000e+02));
#1444 = CARTESIAN_POINT('',(-9.47700278e+01,-8.35000000e+02,1.62075441e+03));
#1445 = CARTESIAN_POINT('',(-8.35000000e+02,1.62075441e+03,-9.52518575e+01));
#1446 = CARTESIAN_POINT('',(1.62075441e+03,-9.52518575e+01,-8.35000000e+02));
#1447 = CARTESIAN_POINT('',(-9.52518575e+01,-8.35000000e+02,1.62061091e+03));
#1448 = CARTESIAN_POINT('',(-8.35000000e+02,1.62061091e+03,-9.57336872e+01));
#1449 = CARTESIAN_POINT('',(1.62061091e+03,-9.57336872e+01,-8.35000000e+02));
#1450 = CARTESIAN_POINT('',(-9.57336872e+01,-8.35000000e+02,1.62046009e+03));
#1451 = CARTESIAN_POINT('',(-8.35000000e+02,1.62046009e+03,-9.62132750e+01));
#1452 = CARTESIAN_POINT('',(1.62046009e+03,-9.62132750e+01,-8.35000000e+02));
#1453 = CARTESIAN_POINT('',(-9.62132750e+01,-8.35000000e+02,1.62030927e+03));
#1454 = CARTESIAN_POINT('',(-8.35000000e+02,1.62030927e+03,-9.66928628e+01));
#1455 = CARTESIAN_POINT('',(1.62030927e+03,-9.66928628e+01,-8.35000000e+02));
#1456 = CARTESIAN_POINT('',(-9.66928628e+01,-8.35000000e+02,1.62015116e+03));
#1457 = CARTESIAN_POINT('',(-8.35000000e+02,1.62015116e+03,-9.71700974e+01));
#1458 = CARTESIAN_POINT('',(1.62015116e+03,-9.71700974e+01,-8.35000000e+02));
#1459 = CARTESIAN_POINT('',(-9.71700974e+01,-8.35000000e+02,1.61999305e+03));
#1460 = CARTESIAN_POINT('',(-8.35000000e+02,1.61999305e+03,-9.76473320e+01));
#1461 = CARTESIAN_POINT('',(1.61999305e+03,-9.76473320e+01,-8.35000000e+02));
#1462 = CARTESIAN_POINT('',(-9.76473320e+01,-8.35000000e+02,1.61982769e+03));
#1463 = CARTESIAN_POINT('',(-8.35000000e+02,1.61982769e+03,-9.81221026e+01));
#1464 = CARTESIAN_POINT('',(1.61982769e+03,-9.81221026e+01,-8.35000000e+02));
#1465 = CARTESIAN_POINT('',(-9.81221026e+01,-8.35000000e+02,1.61966233e+03));
#1466 = CARTESIAN_POINT('',(-8.35000000e+02,1.61966233e+03,-9.85968732e+01));
#1467 = CARTESIAN_POINT('',(1.61966233e+03,-9.85968732e+01,-8.35000000e+02));
#1468 = CARTESIAN_POINT('',(-9.85968732e+01,-8.35000000e+02,1.61948976e+03));
#1469 = CARTESIAN_POINT('',(-8.35000000e+02,1.61948976e+03,-9.90690697e+01));
#1470 = CARTESIAN_POINT('',(1.61948976e+03,-9.90690697e+01,-8.35000000e+02));
#1471 = CARTESIAN_POINT('',(-9.90690697e+01,-8.35000000e+02,1.61931719e+03));
#1472 = CARTESIAN_POINT('',(-8.35000000e+02,1.61931719e+03,-9.95412661e+01));
#1473 = CARTESIAN_POINT('',(1.61931719e+03,-9.95412661e+01,-8.35000000e+02));
#1474 = CARTESIAN_POINT('',(-9.95412661e+01,-8.35000000e+02,1.61913744e+03));
#1475 = CARTESIAN_POINT('',(-8.35000000e+02,1.61913744e+03,-1.00010779e+02));
#1476 = CARTESIAN_POINT('',(1.61913744e+03,-1.00010779e+02,-8.35000000e+02));
#1477 = CARTESIAN_POINT('',(-1.00010779e+02,-8.35000000e+02,1.61895769e+03));
#1478 = CARTESIAN_POINT('',(-8.35000000e+02,1.61895769e+03,-1.00480291e+02));
#1479 = CARTESIAN_POINT('',(1.61895769e+03,-1.00480291e+02,-8.35000000e+02));
#1480 = CARTESIAN_POINT('',(-1.00480291e+02,-8.35000000e+02,1.61877081e+03));
#1481 = CARTESIAN_POINT('',(-8.35000000e+02,1.61877081e+03,-1.00947011e+02));
#1482 = CARTESIAN_POINT('',(1.61877081e+03,-1.00947011e+02,-8.35000000e+02));
#1483 = CARTESIAN_POINT('',(-1.00947011e+02,-8.35000000e+02,1.61858393e+03));
#1484 = CARTESIAN_POINT('',(-8.35000000e+02,1.61858393e+03,-1.01413731e+02));
#1485 = CARTESIAN_POINT('',(1.61858393e+03,-1.01413731e+02,-8.35000000e+02));
#1486 = CARTESIAN_POINT('',(-1.01413731e+02,-8.35000000e+02,1.61838997e+03));
#1487 = CARTESIAN_POINT('',(-8.35000000e+02,1.61838997e+03,-1.01877550e+02));
#1488 = CARTESIAN_POINT('',(1.61838997e+03,-1.01877550e+02,-8.35000000e+02));
#1489 = CARTESIAN_POINT('',(-1.01877550e+02,-8.35000000e+02,1.61819600e+03));
#1490 = CARTESIAN_POINT('',(-8.35000000e+02,1.61819600e+03,-1.02341369e+02));
#1491 = CARTESIAN_POINT('',(1.61819600e+03,-1.02341369e+02,-8.35000000e+02));
#1492 = CARTESIAN_POINT('',(-1.02341369e+02,-8.35000000e+02,1.61799499e+03));
#1493 = CARTESIAN_POINT('',(-8.35000000e+02,1.61799499e+03,-1.02802180e+02));
#1494 = CARTESIAN_POINT('',(1.61799499e+03,-1.02802180e+02,-8.35000000e+02));
#1495 = CARTESIAN_POINT('',(-1.02802180e+02,-8.35000000e+02,1.61779398e+03));
#1496 = CARTESIAN_POINT('',(-8.35000000e+02,1.61779398e+03,-1.03262990e+02));
#1497 = CARTESIAN_POINT('',(1.61779398e+03,-1.03262990e+02,-8.35000000e+02));
#1498 = CARTESIAN_POINT('',(-1.03262990e+02,-8.35000000e+02,1.61758597e+03));
#1499 = CARTESIAN_POINT('',(-8.35000000e+02,1.61758597e+03,-1.03720685e+02));
#1500 = CARTESIAN_POINT('',(1.61758597e+03,-1.03720685e+02,-8.35000000e+02));
#1501 = CARTESIAN_POINT('',(-1.03720685e+02,-8.35000000e+02,1.61737796e+03));
#1502 = CARTESIAN_POINT('',(-8.35000000e+02,1.61737796e+03,-1.04178379e+02));
#1503 = CARTESIAN_POINT('',(1.61737796e+03,-1.04178379e+02,-8.35000000e+02));
#1504 = CARTESIAN_POINT('',(-1.04178379e+02,-8.35000000e+02,1.61716301e+03));
#1505 = CARTESIAN_POINT('',(-8.35000000e+02,1.61716301e+03,-1.04632852e+02));
#1506 = CARTESIAN_POINT('',(1.61716301e+03,-1.04632852e+02,-8.35000000e+02));
#1507 = CARTESIAN_POINT('',(-1.04632852e+02,-8.35000000e+02,1.61694805e+03));
#1508 = CARTESIAN_POINT('',(-8.35000000e+02,1.61694805e+03,-1.05087325e+02));
#1509 = CARTESIAN_POINT('',(1.61694805e+03,-1.05087325e+02,-8.35000000e+02));
#1510 = CARTESIAN_POINT('',(-1.05087325e+02,-8.35000000e+02,1.61672620e+03));
#1511 = CARTESIAN_POINT('',(-8.35000000e+02,1.61672620e+03,-1.05538470e+02));
#1512 = CARTESIAN_POINT('',(1.61672620e+03,-1.05538470e+02,-8.35000000e+02));
#1513 = CARTESIAN_POINT('',(-1.05538470e+02,-8.35000000e+02,1.61650435e+03));
#1514 = CARTESIAN_POINT('',(-8.35000000e+02,1.61650435e+03,-1.05989616e+02));
#1515 = CARTESIAN_POINT('',(1.61650435e+03,-1.05989616e+02,-8.35000000e+02));
#1516 = CARTESIAN_POINT('',(-1.05989616e+02,-8.35000000e+02,1.61627564e+03));
#1517 = CARTESIAN_POINT('',(-8.35000000e+02,1.61627564e+03,-1.06437329e+02));
#1518 = CARTESIAN_POINT('',(1.61627564e+03,-1.06437329e+02,-8.35000000e+02));
#1519 = CARTESIAN_POINT('',(-1.06437329e+02,-8.35000000e+02,1.61604694e+03));
#1520 = CARTESIAN_POINT('',(-8.35000000e+02,1.61604694e+03,-1.06885043e+02));
#1521 = CARTESIAN_POINT('',(1.61604694e+03,-1.06885043e+02,-8.35000000e+02));
#1522 = CARTESIAN_POINT('',(-1.06885043e+02,-8.35000000e+02,1.61581145e+03));
#1523 = CARTESIAN_POINT('',(-8.35000000e+02,1.61581145e+03,-1.07329220e+02));
#1524 = CARTESIAN_POINT('',(1.61581145e+03,-1.07329220e+02,-8.35000000e+02));
#1525 = CARTESIAN_POINT('',(-1.07329220e+02,-8.35000000e+02,1.61557596e+03));
#1526 = CARTESIAN_POINT('',(-8.35000000e+02,1.61557596e+03,-1.07773398e+02));
#1527 = CARTESIAN_POINT('',(1.61557596e+03,-1.07773398e+02,-8.35000000e+02));
#1528 = CARTESIAN_POINT('',(-1.07773398e+02,-8.35000000e+02,1.61533372e+03));
#1529 = CARTESIAN_POINT('',(-8.35000000e+02,1.61533372e+03,-1.08213936e+02));
#1530 = CARTESIAN_POINT('',(1.61533372e+03,-1.08213936e+02,-8.35000000e+02));
#1531 = CARTESIAN_POINT('',(-1.08213936e+02,-8.35000000e+02,1.61509149e+03));
#1532 = CARTESIAN_POINT('',(-8.35000000e+02,1.61509149e+03,-1.08654475e+02));
#1533 = CARTESIAN_POINT('',(1.61509149e+03,-1.08654475e+02,-8.35000000e+02));
#1534 = CARTESIAN_POINT('',(-1.08654475e+02,-8.35000000e+02,1.61484257e+03));
#1535 = CARTESIAN_POINT('',(-8.35000000e+02,1.61484257e+03,-1.09091272e+02));
#1536 = CARTESIAN_POINT('',(1.61484257e+03,-1.09091272e+02,-8.35000000e+02));
#1537 = CARTESIAN_POINT('',(-1.09091272e+02,-8.35000000e+02,1.61459366e+03));
#1538 = CARTESIAN_POINT('',(-8.35000000e+02,1.61459366e+03,-1.09528070e+02));
#1539 = CARTESIAN_POINT('',(1.61459366e+03,-1.09528070e+02,-8.35000000e+02));
#1540 = CARTESIAN_POINT('',(-1.09528070e+02,-8.35000000e+02,1.61433811e+03));
#1541 = CARTESIAN_POINT('',(-8.35000000e+02,1.61433811e+03,-1.09961024e+02));
#1542 = CARTESIAN_POINT('',(1.61433811e+03,-1.09961024e+02,-8.35000000e+02));
#1543 = CARTESIAN_POINT('',(-1.09961024e+02,-8.35000000e+02,1.61408257e+03));
#1544 = CARTESIAN_POINT('',(-8.35000000e+02,1.61408257e+03,-1.10393979e+02));
#1545 = CARTESIAN_POINT('',(1.61408257e+03,-1.10393979e+02,-8.35000000e+02));
#1546 = CARTESIAN_POINT('',(-1.10393979e+02,-8.35000000e+02,1.61382046e+03));
#1547 = CARTESIAN_POINT('',(-8.35000000e+02,1.61382046e+03,-1.10822990e+02));
#1548 = CARTESIAN_POINT('',(1.61382046e+03,-1.10822990e+02,-8.35000000e+02));
#1549 = CARTESIAN_POINT('',(-1.10822990e+02,-8.35000000e+02,1.61355836e+03));
#1550 = CARTESIAN_POINT('',(-8.35000000e+02,1.61355836e+03,-1.11252002e+02));
#1551 = CARTESIAN_POINT('',(1.61355836e+03,-1.11252002e+02,-8.35000000e+02));
#1552 = CARTESIAN_POINT('',(-1.11252002e+02,-8.35000000e+02,1.61328974e+03));
#1553 = CARTESIAN_POINT('',(-8.35000000e+02,1.61328974e+03,-1.11676971e+02));
#1554 = CARTESIAN_POINT('',(1.61328974e+03,-1.11676971e+02,-8.35000000e+02));
#1555 = CARTESIAN_POINT('',(-1.11676971e+02,-8.35000000e+02,1.61302113e+03));
#1556 = CARTESIAN_POINT('',(-8.35000000e+02,1.61302113e+03,-1.12101940e+02));
#1557 = CARTESIAN_POINT('',(1.61302113e+03,-1.12101940e+02,-8.35000000e+02));
#1558 = CARTESIAN_POINT('',(-1.12101940e+02,-8.35000000e+02,1.61274608e+03));
#1559 = CARTESIAN_POINT('',(-8.35000000e+02,1.61274608e+03,-1.12522767e+02));
#1560 = CARTESIAN_POINT('',(1.61274608e+03,-1.12522767e+02,-8.35000000e+02));
#1561 = CARTESIAN_POINT('',(-1.12522767e+02,-8.35000000e+02,1.61247102e+03));
#1562 = CARTESIAN_POINT('',(-8.35000000e+02,1.61247102e+03,-1.12943595e+02));
#1563 = CARTESIAN_POINT('',(1.61247102e+03,-1.12943595e+02,-8.35000000e+02));
#1564 = CARTESIAN_POINT('',(-1.12943595e+02,-8.35000000e+02,1.61218959e+03));
#1565 = CARTESIAN_POINT('',(-8.35000000e+02,1.61218959e+03,-1.13360183e+02));
#1566 = CARTESIAN_POINT('',(1.61218959e+03,-1.13360183e+02,-8.35000000e+02));
#1567 = CARTESIAN_POINT('',(-1.13360183e+02,-8.35000000e+02,1.61190815e+03));
#1568 = CARTESIAN_POINT('',(-8.35000000e+02,1.61190815e+03,-1.13776772e+02));
#1569 = CARTESIAN_POINT('',(1.61190815e+03,-1.13776772e+02,-8.35000000e+02));
#1570 = CARTESIAN_POINT('',(-1.13776772e+02,-8.35000000e+02,1.61162040e+03));
#1571 = CARTESIAN_POINT('',(-8.35000000e+02,1.61162040e+03,-1.14189025e+02));
#1572 = CARTESIAN_POINT('',(1.61162040e+03,-1.14189025e+02,-8.35000000e+02));
#1573 = CARTESIAN_POINT('',(-1.14189025e+02,-8.35000000e+02,1.61133266e+03));
#1574 = CARTESIAN_POINT('',(-8.35000000e+02,1.61133266e+03,-1.14601278e+02));
#1575 = CARTESIAN_POINT('',(1.61133266e+03,-1.14601278e+02,-8.35000000e+02));
#1576 = CARTESIAN_POINT('',(-1.14601278e+02,-8.35000000e+02,1.61103866e+03));
#1577 = CARTESIAN_POINT('',(-8.35000000e+02,1.61103866e+03,-1.15009100e+02));
#1578 = CARTESIAN_POINT('',(1.61103866e+03,-1.15009100e+02,-8.35000000e+02));
#1579 = CARTESIAN_POINT('',(-1.15009100e+02,-8.35000000e+02,1.61074467e+03));
#1580 = CARTESIAN_POINT('',(-8.35000000e+02,1.61074467e+03,-1.15416921e+02));
#1581 = CARTESIAN_POINT('',(1.61074467e+03,-1.15416921e+02,-8.35000000e+02));
#1582 = CARTESIAN_POINT('',(-1.15416921e+02,-8.35000000e+02,1.61044449e+03));
#1583 = CARTESIAN_POINT('',(-8.35000000e+02,1.61044449e+03,-1.15820217e+02));
#1584 = CARTESIAN_POINT('',(1.61044449e+03,-1.15820217e+02,-8.35000000e+02));
#1585 = CARTESIAN_POINT('',(-1.15820217e+02,-8.35000000e+02,1.61014432e+03));
#1586 = CARTESIAN_POINT('',(-8.35000000e+02,1.61014432e+03,-1.16223513e+02));
#1587 = CARTESIAN_POINT('',(1.61014432e+03,-1.16223513e+02,-8.35000000e+02));
#1588 = CARTESIAN_POINT('',(-1.16223513e+02,-8.35000000e+02,1.60983804e+03));
#1589 = CARTESIAN_POINT('',(-8.35000000e+02,1.60983804e+03,-1.16622189e+02));
#1590 = CARTESIAN_POINT('',(1.60983804e+03,-1.16622189e+02,-8.35000000e+02));
#1591 = CARTESIAN_POINT('',(-1.16622189e+02,-8.35000000e+02,1.60953176e+03));
#1592 = CARTESIAN_POINT('',(-8.35000000e+02,1.60953176e+03,-1.17020865e+02));
#1593 = CARTESIAN_POINT('',(1.60953176e+03,-1.17020865e+02,-8.35000000e+02));
#1594 = CARTESIAN_POINT('',(-1.17020865e+02,-8.35000000e+02,1.60921944e+03));
#1595 = CARTESIAN_POINT('',(-8.35000000e+02,1.60921944e+03,-1.17414829e+02));
#1596 = CARTESIAN_POINT('',(1.60921944e+03,-1.17414829e+02,-8.35000000e+02));
#1597 = CARTESIAN_POINT('',(-1.17414829e+02,-8.35000000e+02,1.60890712e+03));
#1598 = CARTESIAN_POINT('',(-8.35000000e+02,1.60890712e+03,-1.17808793e+02));
#1599 = CARTESIAN_POINT('',(1.60890712e+03,-1.17808793e+02,-8.35000000e+02));
#1600 = CARTESIAN_POINT('',(-1.17808793e+02,-8.35000000e+02,1.60858883e+03));
#1601 = CARTESIAN_POINT('',(-8.35000000e+02,1.60858883e+03,-1.18197953e+02));
#1602 = CARTESIAN_POINT('',(1.60858883e+03,-1.18197953e+02,-8.35000000e+02));
#1603 = CARTESIAN_POINT('',(-1.18197953e+02,-8.35000000e+02,1.60827055e+03));
#1604 = CARTESIAN_POINT('',(-8.35000000e+02,1.60827055e+03,-1.18587114e+02));
#1605 = CARTESIAN_POINT('',(1.60827055e+03,-1.18587114e+02,-8.35000000e+02));
#1606 = CARTESIAN_POINT('',(-1.18587114e+02,-8.35000000e+02,1.60794637e+03));
#1607 = CARTESIAN_POINT('',(-8.35000000e+02,1.60794637e+03,-1.18971381e+02));
#1608 = CARTESIAN_POINT('',(1.60794637e+03,-1.18971381e+02,-8.35000000e+02));
#1609 = CARTESIAN_POINT('',(-1.18971381e+02,-8.35000000e+02,1.60762219e+03));
#1610 = CARTESIAN_POINT('',(-8.35000000e+02,1.60762219e+03,-1.19355647e+02));
#1611 = CARTESIAN_POINT('',(1.60762219e+03,-1.19355647e+02,-8.35000000e+02));
#1612 = CARTESIAN_POINT('',(-1.19355647e+02,-8.35000000e+02,1.60729220e+03));
#1613 = CARTESIAN_POINT('',(-8.35000000e+02,1.60729220e+03,-1.19734931e+02));
#1614 = CARTESIAN_POINT('',(1.60729220e+03,-1.19734931e+02,-8.35000000e+02));
#1615 = CARTESIAN_POINT('',(-1.19734931e+02,-8.35000000e+02,1.60696221e+03));
#1616 = CARTESIAN_POINT('',(-8.35000000e+02,1.60696221e+03,-1.20114214e+02));
#1617 = CARTESIAN_POINT('',(1.60696221e+03,-1.20114214e+02,-8.35000000e+02));
#1618 = CARTESIAN_POINT('',(-1.20114214e+02,-8.35000000e+02,1.60662648e+03));
#1619 = CARTESIAN_POINT('',(-8.35000000e+02,1.60662648e+03,-1.20488427e+02));
#1620 = CARTESIAN_POINT('',(1.60662648e+03,-1.20488427e+02,-8.35000000e+02));
#1621 = CARTESIAN_POINT('',(-1.20488427e+02,-8.35000000e+02,1.60629074e+03));
#1622 = CARTESIAN_POINT('',(-8.35000000e+02,1.60629074e+03,-1.20862640e+02));
#1623 = CARTESIAN_POINT('',(1.60629074e+03,-1.20862640e+02,-8.35000000e+02));
#1624 = CARTESIAN_POINT('',(-1.20862640e+02,-8.35000000e+02,1.60594935e+03));
#1625 = CARTESIAN_POINT('',(-8.35000000e+02,1.60594935e+03,-1.21231694e+02));
#1626 = CARTESIAN_POINT('',(1.60594935e+03,-1.21231694e+02,-8.35000000e+02));
#1627 = CARTESIAN_POINT('',(-1.21231694e+02,-8.35000000e+02,1.59985289e+03));
#1628 = CARTESIAN_POINT('',(-8.35000000e+02,1.59985289e+03,-1.27822101e+02));
#1629 = CARTESIAN_POINT('',(1.59985289e+03,-1.27822101e+02,-8.35000000e+02));
#1630 = CARTESIAN_POINT('',(-1.27822101e+02,-8.35000000e+02,1.59375643e+03));
#1631 = CARTESIAN_POINT('',(-8.35000000e+02,1.59375643e+03,-1.34412508e+02));
#1632 = CARTESIAN_POINT('',(1.59375643e+03,-1.34412508e+02,-8.35000000e+02));
#1633 = CARTESIAN_POINT('',(1.00000000e+00,9.99970989e-01,1.00000000e+00));
#1634 = CARTESIAN_POINT('',(9.99970989e-01,1.00000000e+00,9.99970989e-01));
#1635 = CARTESIAN_POINT('',(1.00000000e+00,9.99970989e-01,1.00000000e+00));
#1636 = CARTESIAN_POINT('',(9.99970989e-01,1.00000000e+00,9.99970990e-01));
#1637 = CARTESIAN_POINT('',(1.00000000e+00,9.99970990e-01,1.00000000e+00));
#1638 = CARTESIAN_POINT('',(9.99970990e-01,1.00000000e+00,9.99970990e-01));
#1639 = CARTESIAN_POINT('',(1.00000000e+00,9.99970990e-01,1.00000000e+00));
#1640 = CARTESIAN_POINT('',(9.99970990e-01,1.00000000e+00,9.99970989e-01));
#1641 = CARTESIAN_POINT('',(1.00000000e+00,9.99970989e-01,1.00000000e+00));
#1642 = CARTESIAN_POINT('',(9.99970989e-01,1.00000000e+00,9.99970990e-01));
#1643 = CARTESIAN_POINT('',(1.00000000e+00,9.99970990e-01,1.00000000e+00));
#1644 = CARTESIAN_POINT('',(9.99970990e-01,1.00000000e+00,9.99970989e-01));
#1645 = CARTESIAN_POINT('',(1.00000000e+00,9.99970989e-01,1.00000000e+00));
#1646 = CARTESIAN_POINT('',(9.99970989e-01,1.00000000e+00,9.99970989e-01));
#1647 = CARTESIAN_POINT('',(1.00000000e+00,9.99970989e-01,1.00000000e+00));
#1648 = CARTESIAN_POINT('',(9.99970989e-01,1.00000000e+00,9.99970989e-01));
#1649 = CARTESIAN_POINT('',(1.00000000e+00,9.99970989e-01,1.00000000e+00));
#1650 = CARTESIAN_POINT('',(9.99970989e-01,1.00000000e+00,9.99970989e-01));
#1651 = CARTESIAN_POINT('',(1.00000000e+00,9.99970989e-01,1.00000000e+00));
#1652 = CARTESIAN_POINT('',(9.99970989e-01,1.00000000e+00,9.99970989e-01));
#1653 = CARTESIAN_POINT('',(1.00000000e+00,9.99970989e-01,1.00000000e+00));
#1654 = CARTESIAN_POINT('',(9.99970989e-01,1.00000000e+00,9.99970989e-01));
#1655 = CARTESIAN_POINT('',(1.00000000e+00,9.99970989e-01,1.00000000e+00));
#1656 = CARTESIAN_POINT('',(9.99970989e-01,1.00000000e+00,9.99970989e-01));
#1657 = CARTESIAN_POINT('',(1.00000000e+00,9.99970989e-01,1.00000000e+00));
#1658 = CARTESIAN_POINT('',(9.99970989e-01,1.00000000e+00,9.99970989e-01));
#1659 = CARTESIAN_POINT('',(1.00000000e+00,9.99970989e-01,1.00000000e+00));
#1660 = CARTESIAN_POINT('',(9.99970989e-01,1.00000000e+00,9.99970989e-01));
#1661 = CARTESIAN_POINT('',(1.00000000e+00,9.99970989e-01,1.00000000e+00));
#1662 = CARTESIAN_POINT('',(9.99970989e-01,1.00000000e+00,9.99970989e-01));
#1663 = CARTESIAN_POINT('',(1.00000000e+00,9.99970989e-01,1.00000000e+00));
#1664 = CARTESIAN_POINT('',(9.99970989e-01,1.00000000e+00,9.99970989e-01));
#1665 = CARTESIAN_POINT('',(1.00000000e+00,9.99970989e-01,1.00000000e+00));
#1666 = CARTESIAN_POINT('',(9.99970989e-01,1.00000000e+00,9.99970989e-01));
#1667 = CARTESIAN_POINT('',(1.00000000e+00,9.99970989e-01,1.00000000e+00));
#1668 = CARTESIAN_POINT('',(9.99970989e-01,1.00000000e+00,9.99970990e-01));
#1669 = CARTESIAN_POINT('',(1.00000000e+00,9.99970990e-01,1.00000000e+00));
#1670 = CARTESIAN_POINT('',(9.99970990e-01,1.00000000e+00,9.99970990e-01));
#1671 = CARTESIAN_POINT('',(1.00000000e+00,9.99970990e-01,1.00000000e+00));
#1672 = CARTESIAN_POINT('',(9.99970990e-01,1.00000000e+00,9.99970989e-01));
#1673 = CARTESIAN_POINT('',(1.00000000e+00,9.99970989e-01,1.00000000e+00));
#1674 = CARTESIAN_POINT('',(9.99970989e-01,1.00000000e+00,9.99970989e-01));
#1675 = CARTESIAN_POINT('',(1.00000000e+00,9.99970989e-01,1.00000000e+00));
#1676 = CARTESIAN_POINT('',(9.99970989e-01,1.00000000e+00,9.99970989e-01));
#1677 = CARTESIAN_POINT('',(1.00000000e+00,9.99970989e-01,1.00000000e+00));
#1678 = CARTESIAN_POINT('',(9.99970989e-01,1.00000000e+00,9.99970990e-01));
#1679 = CARTESIAN_POINT('',(1.00000000e+00,9.99970990e-01,1.00000000e+00));
#1680 = CARTESIAN_POINT('',(9.99970990e-01,1.00000000e+00,9.99970989e-01));
#1681 = CARTESIAN_POINT('',(1.00000000e+00,9.99970989e-01,1.00000000e+00));
#1682 = CARTESIAN_POINT('',(9.99970989e-01,1.00000000e+00,9.99970989e-01));
#1683 = CARTESIAN_POINT('',(1.00000000e+00,9.99970989e-01,1.00000000e+00));
#1684 = CARTESIAN_POINT('',(9.99970989e-01,1.00000000e+00,9.99970989e-01));
#1685 = CARTESIAN_POINT('',(1.00000000e+00,9.99970989e-01,1.00000000e+00));
#1686 = CARTESIAN_POINT('',(9.99970989e-01,1.00000000e+00,9.99970990e-01));
#1687 = CARTESIAN_POINT('',(1.00000000e+00,9.99970990e-01,1.00000000e+00));
#1688 = CARTESIAN_POINT('',(9.99970990e-01,1.00000000e+00,9.99970989e-01));
#1689 = CARTESIAN_POINT('',(1.00000000e+00,9.99970989e-01,1.00000000e+00));
#1690 = CARTESIAN_POINT('',(9.99970989e-01,1.00000000e+00,9.99970989e-01));
#1691 = CARTESIAN_POINT('',(1.00000000e+00,9.99970989e-01,1.00000000e+00));
#1692 = CARTESIAN_POINT('',(9.99970989e-01,1.00000000e+00,9.99970989e-01));
#1693 = CARTESIAN_POINT('',(1.00000000e+00,9.99970989e-01,1.00000000e+00));
#1694 = CARTESIAN_POINT('',(9.99970989e-01,1.00000000e+00,9.99970989e-01));
#1695 = CARTESIAN_POINT('',(1.00000000e+00,9.99970989e-01,1.00000000e+00));
#1696 = CARTESIAN_POINT('',(9.99970989e-01,1.00000000e+00,9.99970989e-01));
#1697 = CARTESIAN_POINT('',(1.00000000e+00,9.99970989e-01,1.00000000e+00));
#1698 = CARTESIAN_POINT('',(9.99970989e-01,1.00000000e+00,9.99970989e-01));
#1699 = CARTESIAN_POINT('',(1.00000000e+00,9.99970989e-01,1.00000000e+00));
#1700 = CARTESIAN_POINT('',(9.99970989e-01,1.00000000e+00,9.99970989e-01));
#1701 = CARTESIAN_POINT('',(1.00000000e+00,9.99970989e-01,1.00000000e+00));
#1702 = CARTESIAN_POINT('',(9.99970989e-01,1.00000000e+00,9.99970989e-01));
#1703 = CARTESIAN_POINT('',(1.00000000e+00,9.99970989e-01,1.00000000e+00));
#1704 = CARTESIAN_POINT('',(9.99970989e-01,1.00000000e+00,9.99970990e-01));
#1705 = CARTESIAN_POINT('',(1.00000000e+00,9.99970990e-01,1.00000000e+00));
#1706 = CARTESIAN_POINT('',(9.99970990e-01,1.00000000e+00,9.99970989e-01));
#1707 = CARTESIAN_POINT('',(1.00000000e+00,9.99970989e-01,1.00000000e+00));
#1708 = CARTESIAN_POINT('',(9.99970989e-01,1.00000000e+00,9.99970989e-01));
#1709 = CARTESIAN_POINT('',(1.00000000e+00,9.99970989e-01,1.00000000e+00));
#1710 = CARTESIAN_POINT('',(9.99970989e-01,1.00000000e+00,9.99970989e-01));
#1711 = CARTESIAN_POINT('',(1.00000000e+00,9.99970989e-01,1.00000000e+00));
#1712 = CARTESIAN_POINT('',(9.99970989e-01,1.00000000e+00,9.99970989e-01));
#1713 = CARTESIAN_POINT('',(1.00000000e+00,9.99970989e-01,1.00000000e+00));
#1714 = CARTESIAN_POINT('',(9.99970989e-01,1.00000000e+00,9.99970989e-01));
#1715 = CARTESIAN_POINT('',(1.00000000e+00,9.99970989e-01,1.00000000e+00));
#1716 = CARTESIAN_POINT('',(9.99970989e-01,1.00000000e+00,9.99970989e-01));
#1717 = CARTESIAN_POINT('',(1.00000000e+00,9.99970989e-01,1.00000000e+00));
#1718 = CARTESIAN_POINT('',(9.99970989e-01,1.00000000e+00,9.99970989e-01));
#1719 = CARTESIAN_POINT('',(1.00000000e+00,9.99970989e-01,1.00000000e+00));
#1720 = CARTESIAN_POINT('',(9.99970989e-01,1.00000000e+00,9.99970989e-01));
#1721 = CARTESIAN_POINT('',(1.00000000e+00,9.99970989e-01,1.00000000e+00));
#1722 = CARTESIAN_POINT('',(9.99970989e-01,1.00000000e+00,9.99970989e-01));
#1723 = CARTESIAN_POINT('',(1.00000000e+00,9.99970989e-01,1.00000000e+00));
#1724 = CARTESIAN_POINT('',(9.99970989e-01,1.00000000e+00,9.99970989e-01));
#1725 = CARTESIAN_POINT('',(1.00000000e+00,9.99970989e-01,1.00000000e+00));
#1726 = CARTESIAN_POINT('',(9.99970989e-01,1.00000000e+00,9.99970989e-01));
#1727 = CARTESIAN_POINT('',(1.00000000e+00,9.99970989e-01,1.00000000e+00));
#1728 = CARTESIAN_POINT('',(9.99970989e-01,1.00000000e+00,9.99970989e-01));
#1729 = CARTESIAN_POINT('',(1.00000000e+00,9.99970989e-01,1.00000000e+00));
#1730 = CARTESIAN_POINT('',(9.99970989e-01,1.00000000e+00,1.00000000e+00));
#1731 = CARTESIAN_POINT('',(1.00000000e+00,1.00000000e+00,9.99970989e-01));
#1732 = CARTESIAN_POINT('',(1.00000000e+00,9.99970989e-01,1.00000000e+00));
#1733 = CARTESIAN_POINT('',(9.99970989e-01,1.00000000e+00,9.99970989e-01));
#1734 = CARTESIAN_POINT('',(1.00000000e+00,9.99970989e-01,1.00000000e+00));
#1735 = CARTESIAN_POINT('',(9.99970989e-01,1.00000000e+00,9.99970990e-01));
#1736 = CARTESIAN_POINT('',(1.00000000e+00,9.99970990e-01,1.00000000e+00));
#1737 = CARTESIAN_POINT('',(9.99970990e-01,1.00000000e+00,9.99970990e-01));
#1738 = CARTESIAN_POINT('',(1.00000000e+00,9.99970990e-01,1.00000000e+00));
#1739 = CARTESIAN_POINT('',(9.99970990e-01,1.00000000e+00,9.99970989e-01));
#1740 = CARTESIAN_POINT('',(1.00000000e+00,9.99970989e-01,1.00000000e+00));
#1741 = CARTESIAN_POINT('',(9.99970989e-01,1.00000000e+00,9.99970990e-01));
#1742 = CARTESIAN_POINT('',(1.00000000e+00,9.99970990e-01,1.00000000e+00));
#1743 = CARTESIAN_POINT('',(9.99970990e-01,1.00000000e+00,9.99970989e-01));
#1744 = CARTESIAN_POINT('',(1.00000000e+00,9.99970989e-01,1.00000000e+00));
#1745 = CARTESIAN_POINT('',(9.99970989e-01,1.00000000e+00,9.99970989e-01));
#1746 = CARTESIAN_POINT('',(1.00000000e+00,9.99970989e-01,1.00000000e+00));
#1747 = CARTESIAN_POINT('',(9.99970989e-01,1.00000000e+00,9.99970989e-01));
#1748 = CARTESIAN_POINT('',(1.00000000e+00,9.99970989e-01,1.00000000e+00));
#1749 = CARTESIAN_POINT('',(9.99970989e-01,1.00000000e+00,9.99970989e-01));
#1750 = CARTESIAN_POINT('',(1.00000000e+00,9.99970989e-01,1.00000000e+00));
#1751 = CARTESIAN_POINT('',(9.99970989e-01,1.00000000e+00,9.99970989e-01));
#1752 = CARTESIAN_POINT('',(1.00000000e+00,9.99970989e-01,1.00000000e+00));
#1753 = CARTESIAN_POINT('',(9.99970989e-01,1.00000000e+00,9.99970989e-01));
#1754 = CARTESIAN_POINT('',(1.00000000e+00,9.99970989e-01,1.00000000e+00));
#1755 = CARTESIAN_POINT('',(9.99970989e-01,1.00000000e+00,9.99970989e-01));
#1756 = CARTESIAN_POINT('',(1.00000000e+00,9.99970989e-01,1.00000000e+00));
#1757 = CARTESIAN_POINT('',(9.99970989e-01,1.00000000e+00,9.99970989e-01));
#1758 = CARTESIAN_POINT('',(1.00000000e+00,9.99970989e-01,1.00000000e+00));
#1759 = CARTESIAN_POINT('',(9.99970989e-01,1.00000000e+00,9.99970989e-01));
#1760 = CARTESIAN_POINT('',(1.00000000e+00,9.99970989e-01,1.00000000e+00));
#1761 = CARTESIAN_POINT('',(9.99970989e-01,1.00000000e+00,9.99970989e-01));
#1762 = CARTESIAN_POINT('',(1.00000000e+00,9.99970989e-01,1.00000000e+00));
#1763 = CARTESIAN_POINT('',(9.99970989e-01,1.00000000e+00,9.99970989e-01));
#1764 = CARTESIAN_POINT('',(1.00000000e+00,9.99970989e-01,1.00000000e+00));
#1765 = CARTESIAN_POINT('',(9.99970989e-01,1.00000000e+00,9.99970989e-01));
#1766 = CARTESIAN_POINT('',(1.00000000e+00,9.99970989e-01,1.00000000e+00));
#1767 = CARTESIAN_POINT('',(9.99970989e-01,1.00000000e+00,9.99970990e-01));
#1768 = CARTESIAN_POINT('',(1.00000000e+00,9.99970990e-01,1.00000000e+00));
#1769 = CARTESIAN_POINT('',(9.99970990e-01,1.00000000e+00,9.99970990e-01));
#1770 = CARTESIAN_POINT('',(1.00000000e+00,9.99970990e-01,1.00000000e+00));
#1771 = CARTESIAN_POINT('',(9.99970990e-01,1.00000000e+00,9.99970989e-01));
#1772 = CARTESIAN_POINT('',(1.00000000e+00,9.99970989e-01,1.00000000e+00));
#1773 = CARTESIAN_POINT('',(9.99970989e-01,1.00000000e+00,9.99970989e-01));
#1774 = CARTESIAN_POINT('',(1.00000000e+00,9.99970989e-01,1.00000000e+00));
#1775 = CARTESIAN_POINT('',(9.99970989e-01,1.00000000e+00,9.99970989e-01));
#1776 = CARTESIAN_POINT('',(1.00000000e+00,9.99970989e-01,1.00000000e+00));
#1777 = CARTESIAN_POINT('',(9.99970989e-01,1.00000000e+00,9.99970990e-01));
#1778 = CARTESIAN_POINT('',(1.00000000e+00,9.99970990e-01,1.00000000e+00));
#1779 = CARTESIAN_POINT('',(9.99970990e-01,1.00000000e+00,9.99970989e-01));
#1780 = CARTESIAN_POINT('',(1.00000000e+00,9.99970989e-01,1.00000000e+00));
#1781 = CARTESIAN_POINT('',(9.99970989e-01,1.00000000e+00,9.99970989e-01));
#1782 = CARTESIAN_POINT('',(1.00000000e+00,9.99970989e-01,1.00000000e+00));
#1783 = CARTESIAN_POINT('',(9.99970989e-01,1.00000000e+00,9.99970989e-01));
#1784 = CARTESIAN_POINT('',(1.00000000e+00,9.99970989e-01,1.00000000e+00));
#1785 = CARTESIAN_POINT('',(9.99970989e-01,1.00000000e+00,9.99970990e-01));
#1786 = CARTESIAN_POINT('',(1.00000000e+00,9.99970990e-01,1.00000000e+00));
#1787 = CARTESIAN_POINT('',(9.99970990e-01,1.00000000e+00,9.99970989e-01));
#1788 = CARTESIAN_POINT('',(1.00000000e+00,9.99970989e-01,1.00000000e+00));
#1789 = CARTESIAN_POINT('',(9.99970989e-01,1.00000000e+00,9.99970989e-01));
#1790 = CARTESIAN_POINT('',(1.00000000e+00,9.99970989e-01,1.00000000e+00));
#1791 = CARTESIAN_POINT('',(9.99970989e-01,1.00000000e+00,9.99970989e-01));
#1792 = CARTESIAN_POINT('',(1.00000000e+00,9.99970989e-01,1.00000000e+00));
#1793 = CARTESIAN_POINT('',(9.99970989e-01,1.00000000e+00,9.99970989e-01));
#1794 = CARTESIAN_POINT('',(1.00000000e+00,9.99970989e-01,1.00000000e+00));
#1795 = CARTESIAN_POINT('',(9.99970989e-01,1.00000000e+00,9.99970989e-01));
#1796 = CARTESIAN_POINT('',(1.00000000e+00,9.99970989e-01,1.00000000e+00));
#1797 = CARTESIAN_POINT('',(9.99970989e-01,1.00000000e+00,9.99970989e-01));
#1798 = CARTESIAN_POINT('',(1.00000000e+00,9.99970989e-01,1.00000000e+00));
#1799 = CARTESIAN_POINT('',(9.99970989e-01,1.00000000e+00,9.99970989e-01));
#1800 = CARTESIAN_POINT('',(1.00000000e+00,9.99970989e-01,1.00000000e+00));
#1801 = CARTESIAN_POINT('',(9.99970989e-01,1.00000000e+00,9.99970989e-01));
#1802 = CARTESIAN_POINT('',(1.00000000e+00,9.99970989e-01,1.00000000e+00));
#1803 = CARTESIAN_POINT('',(9.99970989e-01,1.00000000e+00,9.99970990e-01));
#1804 = CARTESIAN_POINT('',(1.00000000e+00,9.99970990e-01,1.00000000e+00));
#1805 = CARTESIAN_POINT('',(9.99970990e-01,1.00000000e+00,9.99970989e-01));
#1806 = CARTESIAN_POINT('',(1.00000000e+00,9.99970989e-01,1.00000000e+00));
#1807 = CARTESIAN_POINT('',(9.99970989e-01,1.00000000e+00,9.99970989e-01));
#1808 = CARTESIAN_POINT('',(1.00000000e+00,9.99970989e-01,1.00000000e+00));
#1809 = CARTESIAN_POINT('',(9.99970989e-01,1.00000000e+00,9.99970989e-01));
#1810 = CARTESIAN_POINT('',(1.00000000e+00,9.99970989e-01,1.00000000e+00));
#1811 = CARTESIAN_POINT('',(9.99970989e-01,1.00000000e+00,9.99970989e-01));
#1812 = CARTESIAN_POINT('',(1.00000000e+00,9.99970989e-01,1.00000000e+00));
#1813 = CARTESIAN_POINT('',(9.99970989e-01,1.00000000e+00,9.99970989e-01));
#1814 = CARTESIAN_POINT('',(1.00000000e+00,9.99970989e-01,1.00000000e+00));
#1815 = CARTESIAN_POINT('',(9.99970989e-01,1.00000000e+00,9.99970989e-01));
#1816 = CARTESIAN_POINT('',(1.00000000e+00,9.99970989e-01,1.00000000e+00));
#1817 = CARTESIAN_POINT('',(9.99970989e-01,1.00000000e+00,9.99970989e-01));
#1818 = CARTESIAN_POINT('',(1.00000000e+00,9.99970989e-01,1.00000000e+00));
#1819 = CARTESIAN_POINT('',(9.99970989e-01,1.00000000e+00,9.99970989e-01));
#1820 = CARTESIAN_POINT('',(1.00000000e+00,9.99970989e-01,1.00000000e+00));
#1821 = CARTESIAN_POINT('',(9.99970989e-01,1.00000000e+00,9.99970989e-01));
#1822 = CARTESIAN_POINT('',(1.00000000e+00,9.99970989e-01,1.00000000e+00));
#1823 = CARTESIAN_POINT('',(9.99970989e-01,1.00000000e+00,9.99970989e-01));
#1824 = CARTESIAN_POINT('',(1.00000000e+00,9.99970989e-01,1.00000000e+00));
#1825 = CARTESIAN_POINT('',(9.99970989e-01,1.00000000e+00,9.99970989e-01));
#1826 = CARTESIAN_POINT('',(1.00000000e+00,9.99970989e-01,1.00000000e+00));
#1827 = CARTESIAN_POINT('',(9.99970989e-01,1.00000000e+00,9.99970989e-01));
#1828 = CARTESIAN_POINT('',(1.00000000e+00,9.99970989e-01,1.00000000e+00));
#1829 = CARTESIAN_POINT('',(9.99970989e-01,1.00000000e+00,1.00000000e+00));
#1830 = CARTESIAN_POINT('',(1.59375338e+03,-1.34415561e+02,-8.95003053e+02));
#1831 = CARTESIAN_POINT('',(-1.34415561e+02,-8.95003053e+02,1.59375949e+03));
#1832 = CARTESIAN_POINT('',(-8.95003053e+02,1.59375949e+03,-1.34409455e+02));
#1833 = CARTESIAN_POINT('',(1.59375949e+03,-1.34409455e+02,-8.34996947e+02));
#1834 = CARTESIAN_POINT('',(-1.34409455e+02,-8.34996947e+02,2.06305885e+00));
#1835 = CARTESIAN_POINT('',(1.59375643e+03,-1.34412508e+02,-8.95000000e+02));
#1836 = CARTESIAN_POINT('',(-1.34412508e+02,-8.95000000e+02,2.06305885e+00));
#1837 = CARTESIAN_POINT('',(3.32890600e+00,8.66312480e+00,1.39973436e+01));
#1838 = CARTESIAN_POINT('',(8.66312480e+00,1.39973436e+01,1.93315624e+01));
#1839 = CARTESIAN_POINT('',(1.39973436e+01,1.93315624e+01,2.46657812e+01));
#1840 = CARTESIAN_POINT('',(1.93315624e+01,2.46657812e+01,3.00000000e+01));
#1841 = CARTESIAN_POINT('',(2.46657812e+01,3.00000000e+01,3.53342188e+01));
#1842 = CARTESIAN_POINT('',(3.00000000e+01,3.53342188e+01,4.06684376e+01));
#1843 = CARTESIAN_POINT('',(3.53342188e+01,4.06684376e+01,4.60026564e+01));
#1844 = CARTESIAN_POINT('',(4.06684376e+01,4.60026564e+01,5.13368752e+01));
#1845 = CARTESIAN_POINT('',(4.60026564e+01,5.13368752e+01,5.66710940e+01));
#1846 = CARTESIAN_POINT('',(5.13368752e+01,5.66710940e+01,6.00000000e+01));
#1847 = CARTESIAN_POINT('',(5.00000000e+00,5.00000000e+00,5.88644760e+01));
#1848 = CARTESIAN_POINT('',(5.00000000e+00,5.88644760e+01,5.88644760e+01));
#1849 = CARTESIAN_POINT('',(2.49540929e-01,3.32721063e-01,4.15901198e-01));
#1850 = CARTESIAN_POINT('',(3.32721063e-01,4.15901198e-01,4.99081332e-01));
#1851 = CARTESIAN_POINT('',(4.15901198e-01,4.99081332e-01,5.82261625e-01));
#1852 = CARTESIAN_POINT('',(4.99081332e-01,5.82261625e-01,6.65441917e-01));
#1853 = CARTESIAN_POINT('',(5.82261625e-01,6.65441917e-01,7.48622210e-01));
#1854 = CARTESIAN_POINT('',(6.65441917e-01,7.48622210e-01,1.00000000e+00));
#1855 = CARTESIAN_POINT('',(1.62348460e+03,-7.64290128e+01,-8.95015401e+02));
#1856 = CARTESIAN_POINT('',(-7.64290128e+01,-8.95015401e+02,1.62351540e+03));
#1857 = CARTESIAN_POINT('',(-8.95015401e+02,1.62351540e+03,-7.63982112e+01));
#1858 = CARTESIAN_POINT('',(1.62351540e+03,-7.63982112e+01,-8.34984599e+02));
#1859 = CARTESIAN_POINT('',(1.59285704e+03,-1.35312733e+02,-9.00900090e+02));
#1860 = CARTESIAN_POINT('',(-1.35312733e+02,-9.00900090e+02,1.59465722e+03));
#1861 = CARTESIAN_POINT('',(-9.00900090e+02,1.59465722e+03,-1.33512552e+02));
#1862 = CARTESIAN_POINT('',(1.59465722e+03,-1.33512552e+02,-8.94099910e+02));
#1863 = CARTESIAN_POINT('',(1.59297183e+03,-1.35197937e+02,-9.00785294e+02));
#1864 = CARTESIAN_POINT('',(-1.35197937e+02,-9.00785294e+02,1.60673442e+03));
#1865 = CARTESIAN_POINT('',(-9.00785294e+02,1.60673442e+03,-1.20446645e+02));
#1866 = CARTESIAN_POINT('',(1.60673442e+03,-1.20446645e+02,-8.99214706e+02));
#1867 = CARTESIAN_POINT('',(1.67859274e+03,-1.64146333e+02,-9.06000000e+02));
#1868 = CARTESIAN_POINT('',(-1.64146333e+02,-9.06000000e+02,-9.81627183e-01));
#1869 = CARTESIAN_POINT('',(-9.06000000e+02,-9.81627183e-01,1.90808995e-01));
#1870 = CARTESIAN_POINT('',(1.66428937e+03,-2.34597795e+02,-9.00755931e+02));
#1871 = CARTESIAN_POINT('',(-2.34597795e+02,-9.00755931e+02,1.66694609e+03));
#1872 = CARTESIAN_POINT('',(-9.00755931e+02,1.66694609e+03,-2.27196169e+02));
#1873 = CARTESIAN_POINT('',(1.66694609e+03,-2.27196169e+02,-8.99244069e+02));
#1874 = CARTESIAN_POINT('',(1.66619016e+03,-2.27952100e+02,-9.00000000e+02));
#1875 = CARTESIAN_POINT('',(1.67859274e+03,-1.64146333e+02,-9.06000000e+02));
#1876 = CARTESIAN_POINT('',(-1.64146333e+02,-9.06000000e+02,3.06305885e+00));
#1877 = CARTESIAN_POINT('',(2.15424751e+01,-3.07867449e+01,3.55271211e+01));
#1878 = CARTESIAN_POINT('',(-3.07867449e+01,3.55271211e+01,4.11580221e+01));
#1879 = CARTESIAN_POINT('',(1.66438221e+03,-2.36877411e+02,-9.06090666e+02));
#1880 = CARTESIAN_POINT('',(-2.36877411e+02,-9.06090666e+02,1.66456354e+03));
#1881 = CARTESIAN_POINT('',(-9.06090666e+02,1.66456354e+03,-2.36696079e+02));
#1882 = CARTESIAN_POINT('',(1.66456354e+03,-2.36696079e+02,-8.93909334e+02));
#1883 = CARTESIAN_POINT('',(1.66445748e+03,-2.36802146e+02,-8.94015401e+02));
#1884 = CARTESIAN_POINT('',(-2.36802146e+02,-8.94015401e+02,1.66506071e+03));
#1885 = CARTESIAN_POINT('',(-8.94015401e+02,1.66506071e+03,-2.33826463e+02));
#1886 = CARTESIAN_POINT('',(1.66506071e+03,-2.33826463e+02,-8.93984599e+02));
#1887 = CARTESIAN_POINT('',(5.50514730e-01,1.10102946e+00,1.65154419e+00));
#1888 = CARTESIAN_POINT('',(1.10102946e+00,1.65154419e+00,2.20205892e+00));
#1889 = CARTESIAN_POINT('',(1.65154419e+00,2.20205892e+00,2.75257365e+00));
#1890 = CARTESIAN_POINT('',(2.20205892e+00,2.75257365e+00,3.00000000e+00));
#1891 = CARTESIAN_POINT('',(1.49758086e+03,-2.04364616e+02,-9.00015401e+02));
#1892 = CARTESIAN_POINT('',(-2.04364616e+02,-9.00015401e+02,1.49818409e+03));
#1893 = CARTESIAN_POINT('',(-9.00015401e+02,1.49818409e+03,-2.01388933e+02));
#1894 = CARTESIAN_POINT('',(1.49818409e+03,-2.01388933e+02,-8.99984599e+02));
#1895 = CARTESIAN_POINT('',(-2.01388933e+02,-8.99984599e+02,3.06305885e+00));
#1896 = CARTESIAN_POINT('',(1.49759626e+03,-2.04349216e+02,-9.00000000e+02));
#1897 = CARTESIAN_POINT('',(1.49759626e+03,-2.04349216e+02,-9.00000000e+02));
#1898 = CARTESIAN_POINT('',(1.49816868e+03,-2.01404334e+02,-9.00000000e+02));
#1899 = CARTESIAN_POINT('',(-2.01404334e+02,-9.00000000e+02,3.06305885e+00));
#1900 = CARTESIAN_POINT('',(1.49816868e+03,-2.01404334e+02,-9.00000000e+02));
#1901 = CARTESIAN_POINT('',(1.49759626e+03,-2.04349216e+02,-9.06000000e+02));
#1902 = CARTESIAN_POINT('',(-2.04349216e+02,-9.06000000e+02,3.06305885e+00));
#1903 = CARTESIAN_POINT('',(1.49759626e+03,-2.04349216e+02,-9.06000000e+02));
#1904 = CARTESIAN_POINT('',(1.51170072e+03,-1.31724205e+02,-9.06015401e+02));
#1905 = CARTESIAN_POINT('',(-1.31724205e+02,-9.06015401e+02,1.51173152e+03));
#1906 = CARTESIAN_POINT('',(-9.06015401e+02,1.51173152e+03,-1.31693403e+02));
#1907 = CARTESIAN_POINT('',(1.51173152e+03,-1.31693403e+02,-8.99984599e+02));
#1908 = CARTESIAN_POINT('',(-1.31693403e+02,-8.99984599e+02,2.06305885e+00));
#1909 = CARTESIAN_POINT('',(7.15669150e-01,1.43133830e+00,2.14700745e+00));
#1910 = CARTESIAN_POINT('',(1.43133830e+00,2.14700745e+00,2.86267660e+00));
#1911 = CARTESIAN_POINT('',(2.14700745e+00,2.86267660e+00,3.57834575e+00));
#1912 = CARTESIAN_POINT('',(2.86267660e+00,3.57834575e+00,4.29401490e+00));
#1913 = CARTESIAN_POINT('',(3.57834575e+00,4.29401490e+00,5.00968405e+00));
#1914 = CARTESIAN_POINT('',(4.29401490e+00,5.00968405e+00,5.72535320e+00));
#1915 = CARTESIAN_POINT('',(5.00968405e+00,5.72535320e+00,6.00000000e+00));
#1916 = CARTESIAN_POINT('',(1.51114064e+03,-1.34656739e+02,-8.86003053e+02));
#1917 = CARTESIAN_POINT('',(-1.34656739e+02,-8.86003053e+02,1.51171918e+03));
#1918 = CARTESIAN_POINT('',(-8.86003053e+02,1.51171918e+03,-1.31705751e+02));
#1919 = CARTESIAN_POINT('',(1.51171918e+03,-1.31705751e+02,-8.85996947e+02));
#1920 = CARTESIAN_POINT('',(1.51170072e+03,-1.59582318e+02,-9.06015401e+02));
#1921 = CARTESIAN_POINT('',(-1.59582318e+02,-9.06015401e+02,1.65504909e+03));
#1922 = CARTESIAN_POINT('',(-9.06015401e+02,1.65504909e+03,-1.31693403e+02));
#1923 = CARTESIAN_POINT('',(1.65504909e+03,-1.31693403e+02,-9.05984599e+02));
#1924 = CARTESIAN_POINT('',(3.00598510e+00,1.07830979e+01,1.85602106e+01));
#1925 = CARTESIAN_POINT('',(1.07830979e+01,1.85602106e+01,2.63373234e+01));
#1926 = CARTESIAN_POINT('',(1.85602106e+01,2.63373234e+01,3.41144362e+01));
#1927 = CARTESIAN_POINT('',(2.63373234e+01,3.41144362e+01,4.18915489e+01));
#1928 = CARTESIAN_POINT('',(3.41144362e+01,4.18915489e+01,4.96686617e+01));
#1929 = CARTESIAN_POINT('',(4.18915489e+01,4.96686617e+01,5.74457745e+01));
#1930 = CARTESIAN_POINT('',(4.96686617e+01,5.74457745e+01,6.52228872e+01));
#1931 = CARTESIAN_POINT('',(5.74457745e+01,6.52228872e+01,7.30000000e+01));
#1932 = CARTESIAN_POINT('',(6.52228872e+01,7.30000000e+01,8.07771128e+01));
#1933 = CARTESIAN_POINT('',(7.30000000e+01,8.07771128e+01,8.85542255e+01));
#1934 = CARTESIAN_POINT('',(8.07771128e+01,8.85542255e+01,9.63313383e+01));
#1935 = CARTESIAN_POINT('',(8.85542255e+01,9.63313383e+01,1.04108451e+02));
#1936 = CARTESIAN_POINT('',(9.63313383e+01,1.04108451e+02,1.11885564e+02));
#1937 = CARTESIAN_POINT('',(1.04108451e+02,1.11885564e+02,1.19662677e+02));
#1938 = CARTESIAN_POINT('',(1.11885564e+02,1.19662677e+02,1.27439789e+02));
#1939 = CARTESIAN_POINT('',(1.19662677e+02,1.27439789e+02,1.35216902e+02));
#1940 = CARTESIAN_POINT('',(1.27439789e+02,1.35216902e+02,1.42994015e+02));
#1941 = CARTESIAN_POINT('',(1.35216902e+02,1.42994015e+02,1.46000000e+02));
#1942 = CARTESIAN_POINT('',(4.49445462e-02,9.49445462e-02,1.44944546e-01));
#1943 = CARTESIAN_POINT('',(9.49445462e-02,1.44944546e-01,1.94944546e-01));
#1944 = CARTESIAN_POINT('',(1.44944546e-01,1.94944546e-01,2.44944546e-01));
#1945 = CARTESIAN_POINT('',(1.94944546e-01,2.44944546e-01,2.94944546e-01));
#1946 = CARTESIAN_POINT('',(2.44944546e-01,2.94944546e-01,3.44944546e-01));
#1947 = CARTESIAN_POINT('',(2.94944546e-01,3.44944546e-01,3.94944546e-01));
#1948 = CARTESIAN_POINT('',(3.44944546e-01,3.94944546e-01,4.44944546e-01));
#1949 = CARTESIAN_POINT('',(3.94944546e-01,4.44944546e-01,4.94944546e-01));
#1950 = CARTESIAN_POINT('',(4.44944546e-01,4.94944546e-01,5.44944546e-01));
#1951 = CARTESIAN_POINT('',(1.65499959e+03,-1.59601024e+02,-9.00034106e+02));
#1952 = CARTESIAN_POINT('',(-1.59601024e+02,-9.00034106e+02,1.65506780e+03));
#1953 = CARTESIAN_POINT('',(-9.00034106e+02,1.65506780e+03,-1.59532811e+02));
#1954 = CARTESIAN_POINT('',(1.65506780e+03,-1.59532811e+02,-8.85965894e+02));
#1955 = CARTESIAN_POINT('',(1.51170072e+03,-1.59582318e+02,-8.86015401e+02));
#1956 = CARTESIAN_POINT('',(-1.59582318e+02,-8.86015401e+02,1.65504909e+03));
#1957 = CARTESIAN_POINT('',(-8.86015401e+02,1.65504909e+03,-1.31693403e+02));
#1958 = CARTESIAN_POINT('',(1.65504909e+03,-1.31693403e+02,-8.85984599e+02));
#1959 = CARTESIAN_POINT('',(1.55750000e+03,-8.45257159e+01,-5.93496000e+02));
#1960 = CARTESIAN_POINT('',(-8.45257159e+01,-5.93496000e+02,-9.53754287e+00));
#1961 = CARTESIAN_POINT('',(-5.93496000e+02,-9.53754287e+00,-4.90664045e+01));
#1962 = CARTESIAN_POINT('',(-9.53754287e+00,-4.90664045e+01,-1.23419174e+00));
#1963 = CARTESIAN_POINT('',(-4.90664045e+01,-1.23419174e+00,4.90819241e+01));
#1964 = CARTESIAN_POINT('',(-1.23419174e+00,4.90819241e+01,-9.53452710e+00));
#1965 = CARTESIAN_POINT('',(4.90819241e+01,-9.53452710e+00,-2.39826715e-01));
#1966 = CARTESIAN_POINT('',(1.60705353e+03,3.25535336e+01,-8.35446466e+02));
#1967 = CARTESIAN_POINT('',(3.25535336e+01,-8.35446466e+02,1.60794647e+03));
#1968 = CARTESIAN_POINT('',(-8.35446466e+02,1.60794647e+03,1.64321959e+02));
#1969 = CARTESIAN_POINT('',(1.60794647e+03,1.64321959e+02,-7.83075840e+02));
#1970 = CARTESIAN_POINT('',(1.64321959e+02,-7.83075840e+02,3.06305885e+00));
#1971 = CARTESIAN_POINT('',(1.60750000e+03,1.63875493e+02,-7.83522306e+02));
#1972 = CARTESIAN_POINT('',(1.60750000e+03,1.63875493e+02,-7.83522306e+02));
#1973 = CARTESIAN_POINT('',(1.63875493e+02,-7.83522306e+02,3.06305885e+00));
#1974 = CARTESIAN_POINT('',(2.08811046e-02,2.08811046e-02,4.66714614e-01));
#1975 = CARTESIAN_POINT('',(2.08811046e-02,4.66714614e-01,4.66714614e-01));
#1976 = CARTESIAN_POINT('',(4.66714614e-01,4.66714614e-01,1.00000000e+00));
#1977 = CARTESIAN_POINT('',(4.66714614e-01,1.00000000e+00,1.00000000e+00));
#1978 = CARTESIAN_POINT('',(4.14654602e-01,4.14654602e-01,4.14654602e-01));
#1979 = CARTESIAN_POINT('',(4.14654602e-01,4.14654602e-01,4.14654602e-01));
#1980 = CARTESIAN_POINT('',(-3.69875493e+02,-1.32477694e+02,-1.27548955e+02));
#1981 = CARTESIAN_POINT('',(-3.69875493e+02,-1.32477694e+02,-1.27548955e+02));
#1982 = CARTESIAN_POINT('',(-4.05123438e+01,-5.32426909e+01,4.05123438e+01));
#1983 = CARTESIAN_POINT('',(-5.32426909e+01,4.05123438e+01,-5.28539303e+01));
#1984 = CARTESIAN_POINT('',(1.54797038e+03,-1.28875278e+02,-8.35003053e+02));
#1985 = CARTESIAN_POINT('',(-1.28875278e+02,-8.35003053e+02,1.60750305e+03));
#1986 = CARTESIAN_POINT('',(-8.35003053e+02,1.60750305e+03,-7.84359997e+01));
#1987 = CARTESIAN_POINT('',(1.60750305e+03,-7.84359997e+01,-8.34996947e+02));
#1988 = CARTESIAN_POINT('',(1.24974068e-01,1.66629431e-01,2.08284794e-01));
#1989 = CARTESIAN_POINT('',(1.66629431e-01,2.08284794e-01,2.49940157e-01));
#1990 = CARTESIAN_POINT('',(2.08284794e-01,2.49940157e-01,3.74894772e-01));
#1991 = CARTESIAN_POINT('',(2.49940157e-01,3.74894772e-01,4.16542128e-01));
#1992 = CARTESIAN_POINT('',(3.74894772e-01,4.16542128e-01,4.58189485e-01));
#1993 = CARTESIAN_POINT('',(4.16542128e-01,4.58189485e-01,4.99836841e-01));
#1994 = CARTESIAN_POINT('',(4.58189485e-01,4.99836841e-01,6.24772254e-01));
#1995 = CARTESIAN_POINT('',(4.99836841e-01,6.24772254e-01,6.66414145e-01));
#1996 = CARTESIAN_POINT('',(6.24772254e-01,6.66414145e-01,7.08056037e-01));
#1997 = CARTESIAN_POINT('',(6.66414145e-01,7.08056037e-01,7.49697928e-01));
#1998 = CARTESIAN_POINT('',(7.08056037e-01,7.49697928e-01,8.74615327e-01));
#1999 = CARTESIAN_POINT('',(7.49697928e-01,8.74615327e-01,1.00000000e+00));
#2000 = CARTESIAN_POINT('',(1.54796246e+03,-1.28467117e+02,-9.17257277e+02));
#2001 = CARTESIAN_POINT('',(-1.28467117e+02,-9.17257277e+02,1.60750000e+03));
#2002 = CARTESIAN_POINT('',(-9.17257277e+02,1.60750000e+03,-7.64136120e+01));
#2003 = CARTESIAN_POINT('',(1.60750000e+03,-7.64136120e+01,-8.33732526e+02));
#2004 = CARTESIAN_POINT('',(1.50132742e+03,-1.32745596e+02,-9.00000000e+02));
#2005 = CARTESIAN_POINT('',(-1.32745596e+02,-9.00000000e+02,2.06305885e+00));
#2006 = CARTESIAN_POINT('',(1.48441050e+03,-1.98748409e+02,-9.00015401e+02));
#2007 = CARTESIAN_POINT('',(-1.98748409e+02,-9.00015401e+02,1.49741632e+03));
#2008 = VERTEX_POINT('',#8);
#2009 = VERTEX_POINT('',#9);
#2010 = VERTEX_POINT('',#10);
#2011 = VERTEX_POINT('',#11);
#2012 = VERTEX_POINT('',#12);
#2013 = VERTEX_POINT('',#13);
#2014 = VERTEX_POINT('',#14);
#2015 = VERTEX_POINT('',#15);
#2016 = VERTEX_POINT('',#16);
#2017 = VERTEX_POINT('',#17);
#2018 = VERTEX_POINT('',#18);
#2019 = VERTEX_POINT('',#19);
#2020 = VERTEX_POINT('',#20);
#2021 = VERTEX_POINT('',#21);
#2022 = VERTEX_POINT('',#22);
#2023 = VERTEX_POINT('',#23);
#2024 = VERTEX_POINT('',#24);
#2025 = VERTEX_POINT('',#25);
#2026 = VERTEX_POINT('',#26);
#2027 = VERTEX_POINT('',#27);
#2028 = VERTEX_POINT('',#28);
#2029 = VERTEX_POINT('',#29);
#2030 = VERTEX_POINT('',#30);
#2031 = VERTEX_POINT('',#31);
#2032 = VERTEX_POINT('',#32);
#2033 = VERTEX_POINT('',#33);
#2034 = VERTEX_POINT('',#34);
#2035 = VERTEX_POINT('',#35);
#2036 = VERTEX_POINT('',#36);
#2037 = VERTEX_POINT('',#37);
#2038 = VERTEX_POINT('',#38);
#2039 = VERTEX_POINT('',#39);
#2040 = VERTEX_POINT('',#40);
#2041 = VERTEX_POINT('',#41);
#2042 = VERTEX_POINT('',#42);
#2043 = VERTEX_POINT('',#43);
#2044 = VERTEX_POINT('',#44);
#2045 = VERTEX_POINT('',#45);
#2046 = VERTEX_POINT('',#46);
#2047 = VERTEX_POINT('',#47);
#2048 = VERTEX_POINT('',#48);
#2049 = VERTEX_POINT('',#49);
#2050 = VERTEX_POINT('',#50);
#2051 = VERTEX_POINT('',#51);
#2052 = VERTEX_POINT('',#52);
#2053 = VERTEX_POINT('',#53);
#2054 = VERTEX_POINT('',#54);
#2055 = VERTEX_POINT('',#55);
#2056 = VERTEX_POINT('',#56);
#2057 = VERTEX_POINT('',#57);
#2058 = VERTEX_POINT('',#58);
#2059 = VERTEX_POINT('',#59);
#2060 = VERTEX_POINT('',#60);
#2061 = VERTEX_POINT('',#61);
#2062 = VERTEX_POINT('',#62);
#2063 = VERTEX_POINT('',#63);
#2064 = VERTEX_POINT('',#64);
#2065 = VERTEX_POINT('',#65);
#2066 = VERTEX_POINT('',#66);
#2067 = VERTEX_POINT('',#67);
#2068 = VERTEX_POINT('',#68);
#2069 = VERTEX_POINT('',#69);
#2070 = VERTEX_POINT('',#70);
#2071 = VERTEX_POINT('',#71);
#2072 = VERTEX_POINT('',#72);
#2073 = VERTEX_POINT('',#73);
#2074 = VERTEX_POINT('',#74);
#2075 = VERTEX_POINT('',#75);
#2076 = VERTEX_POINT('',#76);
#2077 = VERTEX_POINT('',#77);
#2078 = VERTEX_POINT('',#78);
#2079 = VERTEX_POINT('',#79);
#2080 = VERTEX_POINT('',#80);
#2081 = VERTEX_POINT('',#81);
#2082 = VERTEX_POINT('',#82);
#2083 = VERTEX_POINT('',#83);
#2084 = VERTEX_POINT('',#84);
#2085 = VERTEX_POINT('',#85);
#2086 = VERTEX_POINT('',#86);
#2087 = VERTEX_POINT('',#87);
#2088 = VERTEX_POINT('',#88);
#2089 = VERTEX_POINT('',#89);
#2090 = VERTEX_POINT('',#90);
#2091 = VERTEX_POINT('',#91);
#2092 = VERTEX_POINT('',#92);
#2093 = VERTEX_POINT('',#93);
#2094 = VERTEX_POINT('',#94);
#2095 = VERTEX_POINT('',#95);
#2096 = VERTEX_POINT('',#96);
#2097 = VERTEX_POINT('',#97);
#2098 = VERTEX_POINT('',#98);
#2099 = VERTEX_POINT('',#99);
#2100 = VERTEX_POINT('',#100);
#2101 = VERTEX_POINT('',#101);
#2102 = VERTEX_POINT('',#102);
#2103 = VERTEX_POINT('',#103);
#2104 = VERTEX_POINT('',#104);
#2105 = VERTEX_POINT('',#105);
#2106 = VERTEX_POINT('',#106);
#2107 = VERTEX_POINT('',#107);
#2108 = VERTEX_POINT('',#108);
#2109 = VERTEX_POINT('',#109);
#2110 = VERTEX_POINT('',#110);
#2111 = VERTEX_POINT('',#111);
#2112 = VERTEX_POINT('',#112);
#2113 = VERTEX_POINT('',#113);
#2114 = VERTEX_POINT('',#114);
#2115 = VERTEX_POINT('',#115);
#2116 = VERTEX_POINT('',#116);
#2117 = VERTEX_POINT('',#117);
#2118 = VERTEX_POINT('',#118);
#2119 = VERTEX_POINT('',#119);
#2120 = VERTEX_POINT('',#120);
#2121 = VERTEX_POINT('',#121);
#2122 = VERTEX_POINT('',#122);
#2123 = VERTEX_POINT('',#123);
#2124 = VERTEX_POINT('',#124);
#2125 = VERTEX_POINT('',#125);
#2126 = VERTEX_POINT('',#126);
#2127 = VERTEX_POINT('',#127);
#2128 = VERTEX_POINT('',#128);
#2129 = VERTEX_POINT('',#129);
#2130 = VERTEX_POINT('',#130);
#2131 = VERTEX_POINT('',#131);
#2132 = VERTEX_POINT('',#132);
#2133 = VERTEX_POINT('',#133);
#2134 = VERTEX_POINT('',#134);
#2135 = VERTEX_POINT('',#135);
#2136 = VERTEX_POINT('',#136);
#2137 = VERTEX_POINT('',#137);
#2138 = VERTEX_POINT('',#138);
#2139 = VERTEX_POINT('',#139);
#2140 = VERTEX_POINT('',#140);
#2141 = VERTEX_POINT('',#141);
#2142 = VERTEX_POINT('',#142);
#2143 = VERTEX_POINT('',#143);
#2144 = VERTEX_POINT('',#144);
#2145 = VERTEX_POINT('',#145);
#2146 = VERTEX_POINT('',#146);
#2147 = VERTEX_POINT('',#147);
#2148 = VERTEX_POINT('',#148);
#2149 = VERTEX_POINT('',#149);
#2150 = VERTEX_POINT('',#150);
#2151 = VERTEX_POINT('',#151);
#2152 = VERTEX_POINT('',#152);
#2153 = VERTEX_POINT('',#153);
#2154 = VERTEX_POINT('',#154);
#2155 = VERTEX_POINT('',#155);
#2156 = VERTEX_POINT('',#156);
#2157 = VERTEX_POINT('',#157);
#2158 = VERTEX_POINT('',#158);
#2159 = VERTEX_POINT('',#159);
#2160 = VERTEX_POINT('',#160);
#2161 = VERTEX_POINT('',#161);
#2162 = VERTEX_POINT('',#162);
#2163 = VERTEX_POINT('',#163);
#2164 = VERTEX_POINT('',#164);
#2165 = VERTEX_POINT('',#165);
#2166 = VERTEX_POINT('',#166);
#2167 = VERTEX_POINT('',#167);
#2168 = VERTEX_POINT('',#168);
#2169 = VERTEX_POINT('',#169);
#2170 = VERTEX_POINT('',#170);
#2171 = VERTEX_POINT('',#171);
#2172 = VERTEX_POINT('',#172);
#2173 = VERTEX_POINT('',#173);
#2174 = VERTEX_POINT('',#174);
#2175 = VERTEX_POINT('',#175);
#2176 = VERTEX_POINT('',#176);
#2177 = VERTEX_POINT('',#177);
#2178 = VERTEX_POINT('',#178);
#2179 = VERTEX_POINT('',#179);
#2180 = VERTEX_POINT('',#180);
#2181 = VERTEX_POINT('',#181);
#2182 = VERTEX_POINT('',#182);
#2183 = VERTEX_POINT('',#183);
#2184 = VERTEX_POINT('',#184);
#2185 = VERTEX_POINT('',#185);
#2186 = VERTEX_POINT('',#186);
#2187 = VERTEX_POINT('',#187);
#2188 = VERTEX_POINT('',#188);
#2189 = VERTEX_POINT('',#189);
#2190 = VERTEX_POINT('',#190);
#2191 = VERTEX_POINT('',#191);
#2192 = VERTEX_POINT('',#192);
#2193 = VERTEX_POINT('',#193);
#2194 = VERTEX_POINT('',#194);
#2195 = VERTEX_POINT('',#195);
#2196 = VERTEX_POINT('',#196);
#2197 = VERTEX_POINT('',#197);
#2198 = VERTEX_POINT('',#198);
#2199 = VERTEX_POINT('',#199);
#2200 = VERTEX_POINT('',#200);
#2201 = VERTEX_POINT('',#201);
#2202 = VERTEX_POINT('',#202);
#2203 = VERTEX_POINT('',#203);
#2204 = VERTEX_POINT('',#204);
#2205 = VERTEX_POINT('',#205);
#2206 = VERTEX_POINT('',#206);
#2207 = VERTEX_POINT('',#207);
#2208 = VERTEX_POINT('',#208);
#2209 = VERTEX_POINT('',#209);
#2210 = VERTEX_POINT('',#210);
#2211 = VERTEX_POINT('',#211);
#2212 = VERTEX_POINT('',#212);
#2213 = VERTEX_POINT('',#213);
#2214 = VERTEX_POINT('',#214);
#2215 = VERTEX_POINT('',#215);
#2216 = VERTEX_POINT('',#216);
#2217 = VERTEX_POINT('',#217);
#2218 = VERTEX_POINT('',#218);
#2219 = VERTEX_POINT('',#219);
#2220 = VERTEX_POINT('',#220);
#2221 = VERTEX_POINT('',#221);
#2222 = VERTEX_POINT('',#222);
#2223 = VERTEX_POINT('',#223);
#2224 = VERTEX_POINT('',#224);
#2225 = VERTEX_POINT('',#225);
#2226 = VERTEX_POINT('',#226);
#2227 = VERTEX_POINT('',#227);
#2228 = VERTEX_POINT('',#228);
#2229 = VERTEX_POINT('',#229);
#2230 = VERTEX_POINT('',#230);
#2231 = VERTEX_POINT('',#231);
#2232 = VERTEX_POINT('',#232);
#2233 = VERTEX_POINT('',#233);
#2234 = VERTEX_POINT('',#234);
#2235 = VERTEX_POINT('',#235);
#2236 = VERTEX_POINT('',#236);
#2237 = VERTEX_POINT('',#237);
#2238 = VERTEX_POINT('',#238);
#2239 = VERTEX_POINT('',#239);
#2240 = VERTEX_POINT('',#240);
#2241 = VERTEX_POINT('',#241);
#2242 = VERTEX_POINT('',#242);
#2243 = VERTEX_POINT('',#243);
#2244 = VERTEX_POINT('',#244);
#2245 = VERTEX_POINT('',#245);
#2246 = VERTEX_POINT('',#246);
#2247 = VERTEX_POINT('',#247);
#2248 = VERTEX_POINT('',#248);
#2249 = VERTEX_POINT('',#249);
#2250 = VERTEX_POINT('',#250);
#2251 = VERTEX_POINT('',#251);
#2252 = VERTEX_POINT('',#252);
#2253 = VERTEX_POINT('',#253);
#2254 = VERTEX_POINT('',#254);
#2255 = VERTEX_POINT('',#255);
#2256 = VERTEX_POINT('',#256);
#2257 = VERTEX_POINT('',#257);
#2258 = VERTEX_POINT('',#258);
#2259 = VERTEX_POINT('',#259);
#2260 = VERTEX_POINT('',#260);
#2261 = VERTEX_POINT('',#261);
#2262 = VERTEX_POINT('',#262);
#2263 = VERTEX_POINT('',#263);
#2264 = VERTEX_POINT('',#264);
#2265 = VERTEX_POINT('',#265);
#2266 = VERTEX_POINT('',#266);
#2267 = VERTEX_POINT('',#267);
#2268 = VERTEX_POINT('',#268);
#2269 = VERTEX_POINT('',#269);
#2270 = VERTEX_POINT('',#270);
#2271 = VERTEX_POINT('',#271);
#2272 = VERTEX_POINT('',#272);
#2273 = VERTEX_POINT('',#273);
#2274 = VERTEX_POINT('',#274);
#2275 = VERTEX_POINT('',#275);
#2276 = VERTEX_POINT('',#276);
#2277 = VERTEX_POINT('',#277);
#2278 = VERTEX_POINT('',#278);
#2279 = VERTEX_POINT('',#279);
#2280 = VERTEX_POINT('',#280);
#2281 = VERTEX_POINT('',#281);
#2282 = VERTEX_POINT('',#282);
#2283 = VERTEX_POINT('',#283);
#2284 = VERTEX_POINT('',#284);
#2285 = VERTEX_POINT('',#285);
#2286 = VERTEX_POINT('',#286);
#2287 = VERTEX_POINT('',#287);
#2288 = VERTEX_POINT('',#288);
#2289 = VERTEX_POINT('',#289);
#2290 = VERTEX_POINT('',#290);
#2291 = VERTEX_POINT('',#291);
#2292 = VERTEX_POINT('',#292);
#2293 = VERTEX_POINT('',#293);
#2294 = VERTEX_POINT('',#294);
#2295 = VERTEX_POINT('',#295);
#2296 = VERTEX_POINT('',#296);
#2297 = VERTEX_POINT('',#297);
#2298 = VERTEX_POINT('',#298);
#2299 = VERTEX_POINT('',#299);
#2300 = VERTEX_POINT('',#300);
#2301 = VERTEX_POINT('',#301);
#2302 = VERTEX_POINT('',#302);
#2303 = VERTEX_POINT('',#303);
#2304 = VERTEX_POINT('',#304);
#2305 = VERTEX_POINT('',#305);
#2306 = VERTEX_POINT('',#306);
#2307 = VERTEX_POINT('',#307);
#2308 = VERTEX_POINT('',#308);
#2309 = VERTEX_POINT('',#309);
#2310 = VERTEX_POINT('',#310);
#2311 = VERTEX_POINT('',#311);
#2312 = VERTEX_POINT('',#312);
#2313 = VERTEX_POINT('',#313);
#2314 = VERTEX_POINT('',#314);
#2315 = VERTEX_POINT('',#315);
#2316 = VERTEX_POINT('',#316);
#2317 = VERTEX_POINT('',#317);
#2318 = VERTEX_POINT('',#318);
#2319 = VERTEX_POINT('',#319);
#2320 = VERTEX_POINT('',#320);
#2321 = VERTEX_POINT('',#321);
#2322 = VERTEX_POINT('',#322);
#2323 = VERTEX_POINT('',#323);
#2324 = VERTEX_POINT('',#324);
#2325 = VERTEX_POINT('',#325);
#2326 = VERTEX_POINT('',#326);
#2327 = VERTEX_POINT('',#327);
#2328 = VERTEX_POINT('',#328);
#2329 = VERTEX_POINT('',#329);
#2330 = VERTEX_POINT('',#330);
#2331 = VERTEX_POINT('',#331);
#2332 = VERTEX_POINT('',#332);
#2333 = VERTEX_POINT('',#333);
#2334 = VERTEX_POINT('',#334);
#2335 = VERTEX_POINT('',#335);
#2336 = VERTEX_POINT('',#336);
#2337 = VERTEX_POINT('',#337);
#2338 = VERTEX_POINT('',#338);
#2339 = VERTEX_POINT('',#339);
#2340 = VERTEX_POINT('',#340);
#2341 = VERTEX_POINT('',#341);
#2342 = VERTEX_POINT('',#342);
#2343 = VERTEX_POINT('',#343);
#2344 = VERTEX_POINT('',#344);
#2345 = VERTEX_POINT('',#345);
#2346 = VERTEX_POINT('',#346);
#2347 = VERTEX_POINT('',#347);
#2348 = VERTEX_POINT('',#348);
#2349 = VERTEX_POINT('',#349);
#2350 = VERTEX_POINT('',#350);
#2351 = VERTEX_POINT('',#351);
#2352 = VERTEX_POINT('',#352);
#2353 = VERTEX_POINT('',#353);
#2354 = VERTEX_POINT('',#354);
#2355 = VERTEX_POINT('',#355);
#2356 = VERTEX_POINT('',#356);
#2357 = VERTEX_POINT('',#357);
#2358 = VERTEX_POINT('',#358);
#2359 = VERTEX_POINT('',#359);
#2360 = VERTEX_POINT('',#360);
#2361 = VERTEX_POINT('',#361);
#2362 = VERTEX_POINT('',#362);
#2363 = VERTEX_POINT('',#363);
#2364 = VERTEX_POINT('',#364);
#2365 = VERTEX_POINT('',#365);
#2366 = VERTEX_POINT('',#366);
#2367 = VERTEX_POINT('',#367);
#2368 = VERTEX_POINT('',#368);
#2369 = VERTEX_POINT('',#369);
#2370 = VERTEX_POINT('',#370);
#2371 = VERTEX_POINT('',#371);
#2372 = VERTEX_POINT('',#372);
#2373 = VERTEX_POINT('',#373);
#2374 = VERTEX_POINT('',#374);
#2375 = VERTEX_POINT('',#375);
#2376 = VERTEX_POINT('',#376);
#2377 = VERTEX_POINT('',#377);
#2378 = VERTEX_POINT('',#378);
#2379 = VERTEX_POINT('',#379);
#2380 = VERTEX_POINT('',#380);
#2381 = VERTEX_POINT('',#381);
#2382 = VERTEX_POINT('',#382);
#2383 = VERTEX_POINT('',#383);
#2384 = VERTEX_POINT('',#384);
#2385 = VERTEX_POINT('',#385);
#2386 = VERTEX_POINT('',#386);
#2387 = VERTEX_POINT('',#387);
#2388 = VERTEX_POINT('',#388);
#2389 = VERTEX_POINT('',#389);
#2390 = VERTEX_POINT('',#390);
#2391 = VERTEX_POINT('',#391);
#2392 = VERTEX_POINT('',#392);
#2393 = VERTEX_POINT('',#393);
#2394 = VERTEX_POINT('',#394);
#2395 = VERTEX_POINT('',#395);
#2396 = VERTEX_POINT('',#396);
#2397 = VERTEX_POINT('',#397);
#2398 = VERTEX_POINT('',#398);
#2399 = VERTEX_POINT('',#399);
#2400 = VERTEX_POINT('',#400);
#2401 = VERTEX_POINT('',#401);
#2402 = VERTEX_POINT('',#402);
#2403 = VERTEX_POINT('',#403);
#2404 = VERTEX_POINT('',#404);
#2405 = VERTEX_POINT('',#405);
#2406 = VERTEX_POINT('',#406);
#2407 = VERTEX_POINT('',#407);
#2408 = VERTEX_POINT('',#408);
#2409 = VERTEX_POINT('',#409);
#2410 = VERTEX_POINT('',#410);
#2411 = VERTEX_POINT('',#411);
#2412 = VERTEX_POINT('',#412);
#2413 = VERTEX_POINT('',#413);
#2414 = VERTEX_POINT('',#414);
#2415 = VERTEX_POINT('',#415);
#2416 = VERTEX_POINT('',#416);
#2417 = VERTEX_POINT('',#417);
#2418 = VERTEX_POINT('',#418);
#2419 = VERTEX_POINT('',#419);
#2420 = VERTEX_POINT('',#420);
#2421 = VERTEX_POINT('',#421);
#2422 = VERTEX_POINT('',#422);
#2423 = VERTEX_POINT('',#423);
#2424 = VERTEX_POINT('',#424);
#2425 = VERTEX_POINT('',#425);
#2426 = VERTEX_POINT('',#426);
#2427 = VERTEX_POINT('',#427);
#2428 = VERTEX_POINT('',#428);
#2429 = VERTEX_POINT('',#429);
#2430 = VERTEX_POINT('',#430);
#2431 = VERTEX_POINT('',#431);
#2432 = VERTEX_POINT('',#432);
#2433 = VERTEX_POINT('',#433);
#2434 = VERTEX_POINT('',#434);
#2435 = VERTEX_POINT('',#435);
#2436 = VERTEX_POINT('',#436);
#2437 = VERTEX_POINT('',#437);
#2438 = VERTEX_POINT('',#438);
#2439 = VERTEX_POINT('',#439);
#2440 = VERTEX_POINT('',#440);
#2441 = VERTEX_POINT('',#441);
#2442 = VERTEX_POINT('',#442);
#2443 = VERTEX_POINT('',#443);
#2444 = VERTEX_POINT('',#444);
#2445 = VERTEX_POINT('',#445);
#2446 = VERTEX_POINT('',#446);
#2447 = VERTEX_POINT('',#447);
#2448 = VERTEX_POINT('',#448);
#2449 = VERTEX_POINT('',#449);
#2450 = VERTEX_POINT('',#450);
#2451 = VERTEX_POINT('',#451);
#2452 = VERTEX_POINT('',#452);
#2453 = VERTEX_POINT('',#453);
#2454 = VERTEX_POINT('',#454);
#2455 = VERTEX_POINT('',#455);
#2456 = VERTEX_POINT('',#456);
#2457 = VERTEX_POINT('',#457);
#2458 = VERTEX_POINT('',#458);
#2459 = VERTEX_POINT('',#459);
#2460 = VERTEX_POINT('',#460);
#2461 = VERTEX_POINT('',#461);
#2462 = VERTEX_POINT('',#462);
#2463 = VERTEX_POINT('',#463);
#2464 = VERTEX_POINT('',#464);
#2465 = VERTEX_POINT('',#465);
#2466 = VERTEX_POINT('',#466);
#2467 = VERTEX_POINT('',#467);
#2468 = VERTEX_POINT('',#468);
#2469 = VERTEX_POINT('',#469);
#2470 = VERTEX_POINT('',#470);
#2471 = VERTEX_POINT('',#471);
#2472 = VERTEX_POINT('',#472);
#2473 = VERTEX_POINT('',#473);
#2474 = VERTEX_POINT('',#474);
#2475 = VERTEX_POINT('',#475);
#2476 = VERTEX_POINT('',#476);
#2477 = VERTEX_POINT('',#477);
#2478 = VERTEX_POINT('',#478);
#2479 = VERTEX_POINT('',#479);
#2480 = VERTEX_POINT('',#480);
#2481 = VERTEX_POINT('',#481);
#2482 = VERTEX_POINT('',#482);
#2483 = VERTEX_POINT('',#483);
#2484 = VERTEX_POINT('',#484);
#2485 = VERTEX_POINT('',#485);
#2486 = VERTEX_POINT('',#486);
#2487 = VERTEX_POINT('',#487);
#2488 = VERTEX_POINT('',#488);
#2489 = VERTEX_POINT('',#489);
#2490 = VERTEX_POINT('',#490);
#2491 = VERTEX_POINT('',#491);
#2492 = VERTEX_POINT('',#492);
#2493 = VERTEX_POINT('',#493);
#2494 = VERTEX_POINT('',#494);
#2495 = VERTEX_POINT('',#495);
#2496 = VERTEX_POINT('',#496);
#2497 = VERTEX_POINT('',#497);
#2498 = VERTEX_POINT('',#498);
#2499 = VERTEX_POINT('',#499);
#2500 = VERTEX_POINT('',#500);
#2501 = VERTEX_POINT('',#501);
#2502 = VERTEX_POINT('',#502);
#2503 = VERTEX_POINT('',#503);
#2504 = VERTEX_POINT('',#504);
#2505 = VERTEX_POINT('',#505);
#2506 = VERTEX_POINT('',#506);
#2507 = VERTEX_POINT('',#507);
#2508 = VERTEX_POINT('',#508);
#2509 = VERTEX_POINT('',#509);
#2510 = VERTEX_POINT('',#510);
#2511 = VERTEX_POINT('',#511);
#2512 = VERTEX_POINT('',#512);
#2513 = VERTEX_POINT('',#513);
#2514 = VERTEX_POINT('',#514);
#2515 = VERTEX_POINT('',#515);
#2516 = VERTEX_POINT('',#516);
#2517 = VERTEX_POINT('',#517);
#2518 = VERTEX_POINT('',#518);
#2519 = VERTEX_POINT('',#519);
#2520 = VERTEX_POINT('',#520);
#2521 = VERTEX_POINT('',#521);
#2522 = VERTEX_POINT('',#522);
#2523 = VERTEX_POINT('',#523);
#2524 = VERTEX_POINT('',#524);
#2525 = VERTEX_POINT('',#525);
#2526 = VERTEX_POINT('',#526);
#2527 = VERTEX_POINT('',#527);
#2528 = VERTEX_POINT('',#528);
#2529 = VERTEX_POINT('',#529);
#2530 = VERTEX_POINT('',#530);
#2531 = VERTEX_POINT('',#531);
#2532 = VERTEX_POINT('',#532);
#2533 = VERTEX_POINT('',#533);
#2534 = VERTEX_POINT('',#534);
#2535 = VERTEX_POINT('',#535);
#2536 = VERTEX_POINT('',#536);
#2537 = VERTEX_POINT('',#537);
#2538 = VERTEX_POINT('',#538);
#2539 = VERTEX_POINT('',#539);
#2540 = VERTEX_POINT('',#540);
#2541 = VERTEX_POINT('',#541);
#2542 = VERTEX_POINT('',#542);
#2543 = VERTEX_POINT('',#543);
#2544 = VERTEX_POINT('',#544);
#2545 = VERTEX_POINT('',#545);
#2546 = VERTEX_POINT('',#546);
#2547 = VERTEX_POINT('',#547);
#2548 = VERTEX_POINT('',#548);
#2549 = VERTEX_POINT('',#549);
#2550 = VERTEX_POINT('',#550);
#2551 = VERTEX_POINT('',#551);
#2552 = VERTEX_POINT('',#552);
#2553 = VERTEX_POINT('',#553);
#2554 = VERTEX_POINT('',#554);
#2555 = VERTEX_POINT('',#555);
#2556 = VERTEX_POINT('',#556);
#2557 = VERTEX_POINT('',#557);
#2558 = VERTEX_POINT('',#558);
#2559 = VERTEX_POINT('',#559);
#2560 = VERTEX_POINT('',#560);
#2561 = VERTEX_POINT('',#561);
#2562 = VERTEX_POINT('',#562);
#2563 = VERTEX_POINT('',#563);
#2564 = VERTEX_POINT('',#564);
#2565 = VERTEX_POINT('',#565);
#2566 = VERTEX_POINT('',#566);
#2567 = VERTEX_POINT('',#567);
#2568 = VERTEX_POINT('',#568);
#2569 = VERTEX_POINT('',#569);
#2570 = VERTEX_POINT('',#570);
#2571 = VERTEX_POINT('',#571);
#2572 = VERTEX_POINT('',#572);
#2573 = VERTEX_POINT('',#573);
#2574 = VERTEX_POINT('',#574);
#2575 = VERTEX_POINT('',#575);
#2576 = VERTEX_POINT('',#576);
#2577 = VERTEX_POINT('',#577);
#2578 = VERTEX_POINT('',#578);
#2579 = VERTEX_POINT('',#579);
#2580 = VERTEX_POINT('',#580);
#2581 = VERTEX_POINT('',#581);
#2582 = VERTEX_POINT('',#582);
#2583 = VERTEX_POINT('',#583);
#2584 = VERTEX_POINT('',#584);
#2585 = VERTEX_POINT('',#585);
#2586 = VERTEX_POINT('',#586);
#2587 = VERTEX_POINT('',#587);
#2588 = VERTEX_POINT('',#588);
#2589 = VERTEX_POINT('',#589);
#2590 = VERTEX_POINT('',#590);
#2591 = VERTEX_POINT('',#591);
#2592 = VERTEX_POINT('',#592);
#2593 = VERTEX_POINT('',#593);
#2594 = VERTEX_POINT('',#594);
#2595 = VERTEX_POINT('',#595);
#2596 = VERTEX_POINT('',#596);
#2597 = VERTEX_POINT('',#597);
#2598 = VERTEX_POINT('',#598);
#2599 = VERTEX_POINT('',#599);
#2600 = VERTEX_POINT('',#600);
#2601 = VERTEX_POINT('',#601);
#2602 = VERTEX_POINT('',#602);
#2603 = VERTEX_POINT('',#603);
#2604 = VERTEX_POINT('',#604);
#2605 = VERTEX_POINT('',#605);
#2606 = VERTEX_POINT('',#606);
#2607 = VERTEX_POINT('',#607);
#2608 = VERTEX_POINT('',#608);
#2609 = VERTEX_POINT('',#609);
#2610 = VERTEX_POINT('',#610);
#2611 = VERTEX_POINT('',#611);
#2612 = VERTEX_POINT('',#612);
#2613 = VERTEX_POINT('',#613);
#2614 = VERTEX_POINT('',#614);
#2615 = VERTEX_POINT('',#615);
#2616 = VERTEX_POINT('',#616);
#2617 = VERTEX_POINT('',#617);
#2618 = VERTEX_POINT('',#618);
#2619 = VERTEX_POINT('',#619);
#2620 = VERTEX_POINT('',#620);
#2621 = VERTEX_POINT('',#621);
#2622 = VERTEX_POINT('',#622);
#2623 = VERTEX_POINT('',#623);
#2624 = VERTEX_POINT('',#624);
#2625 = VERTEX_POINT('',#625);
#2626 = VERTEX_POINT('',#626);
#2627 = VERTEX_POINT('',#627);
#2628 = VERTEX_POINT('',#628);
#2629 = VERTEX_POINT('',#629);
#2630 = VERTEX_POINT('',#630);
#2631 = VERTEX_POINT('',#631);
#2632 = VERTEX_POINT('',#632);
#2633 = VERTEX_POINT('',#633);
#2634 = VERTEX_POINT('',#634);
#2635 = VERTEX_POINT('',#635);
#2636 = VERTEX_POINT('',#636);
#2637 = VERTEX_POINT('',#637);
#2638 = VERTEX_POINT('',#638);
#2639 = VERTEX_POINT('',#639);
#2640 = VERTEX_POINT('',#640);
#2641 = VERTEX_POINT('',#641);
#2642 = VERTEX_POINT('',#642);
#2643 = VERTEX_POINT('',#643);
#2644 = VERTEX_POINT('',#644);
#2645 = VERTEX_POINT('',#645);
#2646 = VERTEX_POINT('',#646);
#2647 = VERTEX_POINT('',#647);
#2648 = VERTEX_POINT('',#648);
#2649 = VERTEX_POINT('',#649);
#2650 = VERTEX_POINT('',#650);
#2651 = VERTEX_POINT('',#651);
#2652 = VERTEX_POINT('',#652);
#2653 = VERTEX_POINT('',#653);
#2654 = VERTEX_POINT('',#654);
#2655 = VERTEX_POINT('',#655);
#2656 = VERTEX_POINT('',#656);
#2657 = VERTEX_POINT('',#657);
#2658 = VERTEX_POINT('',#658);
#2659 = VERTEX_POINT('',#659);
#2660 = VERTEX_POINT('',#660);
#2661 = VERTEX_POINT('',#661);
#2662 = VERTEX_POINT('',#662);
#2663 = VERTEX_POINT('',#663);
#2664 = VERTEX_POINT('',#664);
#2665 = VERTEX_POINT('',#665);
#2666 = VERTEX_POINT('',#666);
#2667 = VERTEX_POINT('',#667);
#2668 = VERTEX_POINT('',#668);
#2669 = VERTEX_POINT('',#669);
#2670 = VERTEX_POINT('',#670);
#2671 = VERTEX_POINT('',#671);
#2672 = VERTEX_POINT('',#672);
#2673 = VERTEX_POINT('',#673);
#2674 = VERTEX_POINT('',#674);
#2675 = VERTEX_POINT('',#675);
#2676 = VERTEX_POINT('',#676);
#2677 = VERTEX_POINT('',#677);
#2678 = VERTEX_POINT('',#678);
#2679 = VERTEX_POINT('',#679);
#2680 = VERTEX_POINT('',#680);
#2681 = VERTEX_POINT('',#681);
#2682 = VERTEX_POINT('',#682);
#2683 = VERTEX_POINT('',#683);
#2684 = VERTEX_POINT('',#684);
#2685 = VERTEX_POINT('',#685);
#2686 = VERTEX_POINT('',#686);
#2687 = VERTEX_POINT('',#687);
#2688 = VERTEX_POINT('',#688);
#2689 = VERTEX_POINT('',#689);
#2690 = VERTEX_POINT('',#690);
#2691 = VERTEX_POINT('',#691);
#2692 = VERTEX_POINT('',#692);
#2693 = VERTEX_POINT('',#693);
#2694 = VERTEX_POINT('',#694);
#2695 = VERTEX_POINT('',#695);
#2696 = VERTEX_POINT('',#696);
#2697 = VERTEX_POINT('',#697);
#2698 = VERTEX_POINT('',#698);
#2699 = VERTEX_POINT('',#699);
#2700 = VERTEX_POINT('',#700);
#2701 = VERTEX_POINT('',#701);
#2702 = VERTEX_POINT('',#702);
#2703 = VERTEX_POINT('',#703);
#2704 = VERTEX_POINT('',#704);
#2705 = VERTEX_POINT('',#705);
#2706 = VERTEX_POINT('',#706);
#2707 = VERTEX_POINT('',#707);
#2708 = VERTEX_POINT('',#708);
#2709 = VERTEX_POINT('',#709);
#2710 = VERTEX_POINT('',#710);
#2711 = VERTEX_POINT('',#711);
#2712 = VERTEX_POINT('',#712);
#2713 = VERTEX_POINT('',#713);
#2714 = VERTEX_POINT('',#714);
#2715 = VERTEX_POINT('',#715);
#2716 = VERTEX_POINT('',#716);
#2717 = VERTEX_POINT('',#717);
#2718 = VERTEX_POINT('',#718);
#2719 = VERTEX_POINT('',#719);
#2720 = VERTEX_POINT('',#720);
#2721 = VERTEX_POINT('',#721);
#2722 = VERTEX_POINT('',#722);
#2723 = VERTEX_POINT('',#723);
#2724 = VERTEX_POINT('',#724);
#2725 = VERTEX_POINT('',#725);
#2726 = VERTEX_POINT('',#726);
#2727 = VERTEX_POINT('',#727);
#2728 = VERTEX_POINT('',#728);
#2729 = VERTEX_POINT('',#729);
#2730 = VERTEX_POINT('',#730);
#2731 = VERTEX_POINT('',#731);
#2732 = VERTEX_POINT('',#732);
#2733 = VERTEX_POINT('',#733);
#2734 = VERTEX_POINT('',#734);
#2735 = VERTEX_POINT('',#735);
#2736 = VERTEX_POINT('',#736);
#2737 = VERTEX_POINT('',#737);
#2738 = VERTEX_POINT('',#738);
#2739 = VERTEX_POINT('',#739);
#2740 = VERTEX_POINT('',#740);
#2741 = VERTEX_POINT('',#741);
#2742 = VERTEX_POINT('',#742);
#2743 = VERTEX_POINT('',#743);
#2744 = VERTEX_POINT('',#744);
#2745 = VERTEX_POINT('',#745);
#2746 = VERTEX_POINT('',#746);
#2747 = VERTEX_POINT('',#747);
#2748 = VERTEX_POINT('',#748);
#2749 = VERTEX_POINT('',#749);
#2750 = VERTEX_POINT('',#750);
#2751 = VERTEX_POINT('',#751);
#2752 = VERTEX_POINT('',#752);
#2753 = VERTEX_POINT('',#753);
#2754 = VERTEX_POINT('',#754);
#2755 = VERTEX_POINT('',#755);
#2756 = VERTEX_POINT('',#756);
#2757 = VERTEX_POINT('',#757);
#2758 = VERTEX_POINT('',#758);
#2759 = VERTEX_POINT('',#759);
#2760 = VERTEX_POINT('',#760);
#2761 = VERTEX_POINT('',#761);
#2762 = VERTEX_POINT('',#762);
#2763 = VERTEX_POINT('',#763);
#2764 = VERTEX_POINT('',#764);
#2765 = VERTEX_POINT('',#765);
#2766 = VERTEX_POINT('',#766);
#2767 = VERTEX_POINT('',#767);
#2768 = VERTEX_POINT('',#768);
#2769 = VERTEX_POINT('',#769);
#2770 = VERTEX_POINT('',#770);
#2771 = VERTEX_POINT('',#771);
#2772 = VERTEX_POINT('',#772);
#2773 = VERTEX_POINT('',#773);
#2774 = VERTEX_POINT('',#774);
#2775 = VERTEX_POINT('',#775);
#2776 = VERTEX_POINT('',#776);
#2777 = VERTEX_POINT('',#777);
#2778 = VERTEX_POINT('',#778);
#2779 = VERTEX_POINT('',#779);
#2780 = VERTEX_POINT('',#780);
#2781 = VERTEX_POINT('',#781);
#2782 = VERTEX_POINT('',#782);
#2783 = VERTEX_POINT('',#783);
#2784 = VERTEX_POINT('',#784);
#2785 = VERTEX_POINT('',#785);
#2786 = VERTEX_POINT('',#786);
#2787 = VERTEX_POINT('',#787);
#2788 = VERTEX_POINT('',#788);
#2789 = VERTEX_POINT('',#789);
#2790 = VERTEX_POINT('',#790);
#2791 = VERTEX_POINT('',#791);
#2792 = VERTEX_POINT('',#792);
#2793 = VERTEX_POINT('',#793);
#2794 = VERTEX_POINT('',#794);
#2795 = VERTEX_POINT('',#795);
#2796 = VERTEX_POINT('',#796);
#2797 = VERTEX_POINT('',#797);
#2798 = VERTEX_POINT('',#798);
#2799 = VERTEX_POINT('',#799);
#2800 = VERTEX_POINT('',#800);
#2801 = VERTEX_POINT('',#801);
#2802 = VERTEX_POINT('',#802);
#2803 = VERTEX_POINT('',#803);
#2804 = VERTEX_POINT('',#804);
#2805 = VERTEX_POINT('',#805);
#2806 = VERTEX_POINT('',#806);
#2807 = VERTEX_POINT('',#807);
#2808 = VERTEX_POINT('',#808);
#2809 = VERTEX_POINT('',#809);
#2810 = VERTEX_POINT('',#810);
#2811 = VERTEX_POINT('',#811);
#2812 = VERTEX_POINT('',#812);
#2813 = VERTEX_POINT('',#813);
#2814 = VERTEX_POINT('',#814);
#2815 = VERTEX_POINT('',#815);
#2816 = VERTEX_POINT('',#816);
#2817 = VERTEX_POINT('',#817);
#2818 = VERTEX_POINT('',#818);
#2819 = VERTEX_POINT('',#819);
#2820 = VERTEX_POINT('',#820);
#2821 = VERTEX_POINT('',#821);
#2822 = VERTEX_POINT('',#822);
#2823 = VERTEX_POINT('',#823);
#2824 = VERTEX_POINT('',#824);
#2825 = VERTEX_POINT('',#825);
#2826 = VERTEX_POINT('',#826);
#2827 = VERTEX_POINT('',#827);
#2828 = VERTEX_POINT('',#828);
#2829 = VERTEX_POINT('',#829);
#2830 = VERTEX_POINT('',#830);
#2831 = VERTEX_POINT('',#831);
#2832 = VERTEX_POINT('',#832);
#2833 = VERTEX_POINT('',#833);
#2834 = VERTEX_POINT('',#834);
#2835 = VERTEX_POINT('',#835);
#2836 = VERTEX_POINT('',#836);
#2837 = VERTEX_POINT('',#837);
#2838 = VERTEX_POINT('',#838);
#2839 = VERTEX_POINT('',#839);
#2840 = VERTEX_POINT('',#840);
#2841 = VERTEX_POINT('',#841);
#2842 = VERTEX_POINT('',#842);
#2843 = VERTEX_POINT('',#843);
#2844 = VERTEX_POINT('',#844);
#2845 = VERTEX_POINT('',#845);
#2846 = VERTEX_POINT('',#846);
#2847 = VERTEX_POINT('',#847);
#2848 = VERTEX_POINT('',#848);
#2849 = VERTEX_POINT('',#849);
#2850 = VERTEX_POINT('',#850);
#2851 = VERTEX_POINT('',#851);
#2852 = VERTEX_POINT('',#852);
#2853 = VERTEX_POINT('',#853);
#2854 = VERTEX_POINT('',#854);
#2855 = VERTEX_POINT('',#855);
#2856 = VERTEX_POINT('',#856);
#2857 = VERTEX_POINT('',#857);
#2858 = VERTEX_POINT('',#858);
#2859 = VERTEX_POINT('',#859);
#2860 = VERTEX_POINT('',#860);
#2861 = VERTEX_POINT('',#861);
#2862 = VERTEX_POINT('',#862);
#2863 = VERTEX_POINT('',#863);
#2864 = VERTEX_POINT('',#864);
#2865 = VERTEX_POINT('',#865);
#2866 = VERTEX_POINT('',#866);
#2867 = VERTEX_POINT('',#867);
#2868 = VERTEX_POINT('',#868);
#2869 = VERTEX_POINT('',#869);
#2870 = VERTEX_POINT('',#870);
#2871 = VERTEX_POINT('',#871);
#2872 = VERTEX_POINT('',#872);
#2873 = VERTEX_POINT('',#873);
#2874 = VERTEX_POINT('',#874);
#2875 = VERTEX_POINT('',#875);
#2876 = VERTEX_POINT('',#876);
#2877 = VERTEX_POINT('',#877);
#2878 = VERTEX_POINT('',#878);
#2879 = VERTEX_POINT('',#879);
#2880 = VERTEX_POINT('',#880);
#2881 = VERTEX_POINT('',#881);
#2882 = VERTEX_POINT('',#882);
#2883 = VERTEX_POINT('',#883);
#2884 = VERTEX_POINT('',#884);
#2885 = VERTEX_POINT('',#885);
#2886 = VERTEX_POINT('',#886);
#2887 = VERTEX_POINT('',#887);
#2888 = VERTEX_POINT('',#888);
#2889 = VERTEX_POINT('',#889);
#2890 = VERTEX_POINT('',#890);
#2891 = VERTEX_POINT('',#891);
#2892 = VERTEX_POINT('',#892);
#2893 = VERTEX_POINT('',#893);
#2894 = VERTEX_POINT('',#894);
#2895 = VERTEX_POINT('',#895);
#2896 = VERTEX_POINT('',#896);
#2897 = VERTEX_POINT('',#897);
#2898 = VERTEX_POINT('',#898);
#2899 = VERTEX_POINT('',#899);
#2900 = VERTEX_POINT('',#900);
#2901 = VERTEX_POINT('',#901);
#2902 = VERTEX_POINT('',#902);
#2903 = VERTEX_POINT('',#903);
#2904 = VERTEX_POINT('',#904);
#2905 = VERTEX_POINT('',#905);
#2906 = VERTEX_POINT('',#906);
#2907 = VERTEX_POINT('',#907);
#2908 = VERTEX_POINT('',#908);
#2909 = VERTEX_POINT('',#909);
#2910 = VERTEX_POINT('',#910);
#2911 = VERTEX_POINT('',#911);
#2912 = VERTEX_POINT('',#912);
#2913 = VERTEX_POINT('',#913);
#2914 = VERTEX_POINT('',#914);
#2915 = VERTEX_POINT('',#915);
#2916 = VERTEX_POINT('',#916);
#2917 = VERTEX_POINT('',#917);
#2918 = VERTEX_POINT('',#918);
#2919 = VERTEX_POINT('',#919);
#2920 = VERTEX_POINT('',#920);
#2921 = VERTEX_POINT('',#921);
#2922 = VERTEX_POINT('',#922);
#2923 = VERTEX_POINT('',#923);
#2924 = VERTEX_POINT('',#924);
#2925 = VERTEX_POINT('',#925);
#2926 = VERTEX_POINT('',#926);
#2927 = VERTEX_POINT('',#927);
#2928 = VERTEX_POINT('',#928);
#2929 = VERTEX_POINT('',#929);
#2930 = VERTEX_POINT('',#930);
#2931 = VERTEX_POINT('',#931);
#2932 = VERTEX_POINT('',#932);
#2933 = VERTEX_POINT('',#933);
#2934 = VERTEX_POINT('',#934);
#2935 = VERTEX_POINT('',#935);
#2936 = VERTEX_POINT('',#936);
#2937 = VERTEX_POINT('',#937);
#2938 = VERTEX_POINT('',#938);
#2939 = VERTEX_POINT('',#939);
#2940 = VERTEX_POINT('',#940);
#2941 = VERTEX_POINT('',#941);
#2942 = VERTEX_POINT('',#942);
#2943 = VERTEX_POINT('',#943);
#2944 = VERTEX_POINT('',#944);
#2945 = VERTEX_POINT('',#945);
#2946 = VERTEX_POINT('',#946);
#2947 = VERTEX_POINT('',#947);
#2948 = VERTEX_POINT('',#948);
#2949 = VERTEX_POINT('',#949);
#2950 = VERTEX_POINT('',#950);
#2951 = VERTEX_POINT('',#951);
#2952 = VERTEX_POINT('',#952);
#2953 = VERTEX_POINT('',#953);
#2954 = VERTEX_POINT('',#954);
#2955 = VERTEX_POINT('',#955);
#2956 = VERTEX_POINT('',#956);
#2957 = VERTEX_POINT('',#957);
#2958 = VERTEX_POINT('',#958);
#2959 = VERTEX_POINT('',#959);
#2960 = VERTEX_POINT('',#960);
#2961 = VERTEX_POINT('',#961);
#2962 = VERTEX_POINT('',#962);
#2963 = VERTEX_POINT('',#963);
#2964 = VERTEX_POINT('',#964);
#2965 = VERTEX_POINT('',#965);
#2966 = VERTEX_POINT('',#966);
#2967 = VERTEX_POINT('',#967);
#2968 = VERTEX_POINT('',#968);
#2969 = VERTEX_POINT('',#969);
#2970 = VERTEX_POINT('',#970);
#2971 = VERTEX_POINT('',#971);
#2972 = VERTEX_POINT('',#972);
#2973 = VERTEX_POINT('',#973);
#2974 = VERTEX_POINT('',#974);
#2975 = VERTEX_POINT('',#975);
#2976 = VERTEX_POINT('',#976);
#2977 = VERTEX_POINT('',#977);
#2978 = VERTEX_POINT('',#978);
#2979 = VERTEX_POINT('',#979);
#2980 = VERTEX_POINT('',#980);
#2981 = VERTEX_POINT('',#981);
#2982 = VERTEX_POINT('',#982);
#2983 = VERTEX_POINT('',#983);
#2984 = VERTEX_POINT('',#984);
#2985 = VERTEX_POINT('',#985);
#2986 = VERTEX_POINT('',#986);
#2987 = VERTEX_POINT('',#987);
#2988 = VERTEX_POINT('',#988);
#2989 = VERTEX_POINT('',#989);
#2990 = VERTEX_POINT('',#990);
#2991 = VERTEX_POINT('',#991);
#2992 = VERTEX_POINT('',#992);
#2993 = VERTEX_POINT('',#993);
#2994 = VERTEX_POINT('',#994);
#2995 = VERTEX_POINT('',#995);
#2996 = VERTEX_POINT('',#996);
#2997 = VERTEX_POINT('',#997);
#2998 = VERTEX_POINT('',#998);
#2999 = VERTEX_POINT('',#999);
#3000 = VERTEX_POINT('',#1000);
#3001 = VERTEX_POINT('',#1001);
#3002 = VERTEX_POINT('',#1002);
#3003 = VERTEX_POINT('',#1003);
#3004 = VERTEX_POINT('',#1004);
#3005 = VERTEX_POINT('',#1005);
#3006 = VERTEX_POINT('',#1006);
#3007 = VERTEX_POINT('',#1007);
#3008 = VERTEX_POINT('',#1008);
#3009 = VERTEX_POINT('',#1009);
#3010 = VERTEX_POINT('',#1010);
#3011 = VERTEX_POINT('',#1011);
#3012 = VERTEX_POINT('',#1012);
#3013 = VERTEX_POINT('',#1013);
#3014 = VERTEX_POINT('',#1014);
#3015 = VERTEX_POINT('',#1015);
#3016 = VERTEX_POINT('',#1016);
#3017 = VERTEX_POINT('',#1017);
#3018 = VERTEX_POINT('',#1018);
#3019 = VERTEX_POINT('',#1019);
#3020 = VERTEX_POINT('',#1020);
#3021 = VERTEX_POINT('',#1021);
#3022 = VERTEX_POINT('',#1022);
#3023 = VERTEX_POINT('',#1023);
#3024 = VERTEX_POINT('',#1024);
#3025 = VERTEX_POINT('',#1025);
#3026 = VERTEX_POINT('',#1026);
#3027 = VERTEX_POINT('',#1027);
#3028 = VERTEX_POINT('',#1028);
#3029 = VERTEX_POINT('',#1029);
#3030 = VERTEX_POINT('',#1030);
#3031 = VERTEX_POINT('',#1031);
#3032 = VERTEX_POINT('',#1032);
#3033 = VERTEX_POINT('',#1033);
#3034 = VERTEX_POINT('',#1034);
#3035 = VERTEX_POINT('',#1035);
#3036 = VERTEX_POINT('',#1036);
#3037 = VERTEX_POINT('',#1037);
#3038 = VERTEX_POINT('',#1038);
#3039 = VERTEX_POINT('',#1039);
#3040 = VERTEX_POINT('',#1040);
#3041 = VERTEX_POINT('',#1041);
#3042 = VERTEX_POINT('',#1042);
#3043 = VERTEX_POINT('',#1043);
#3044 = VERTEX_POINT('',#1044);
#3045 = VERTEX_POINT('',#1045);
#3046 = VERTEX_POINT('',#1046);
#3047 = VERTEX_POINT('',#1047);
#3048 = VERTEX_POINT('',#1048);
#3049 = VERTEX_POINT('',#1049);
#3050 = VERTEX_POINT('',#1050);
#3051 = VERTEX_POINT('',#1051);
#3052 = VERTEX_POINT('',#1052);
#3053 = VERTEX_POINT('',#1053);
#3054 = VERTEX_POINT('',#1054);
#3055 = VERTEX_POINT('',#1055);
#3056 = VERTEX_POINT('',#1056);
#3057 = VERTEX_POINT('',#1057);
#3058 = VERTEX_POINT('',#1058);
#3059 = VERTEX_POINT('',#1059);
#3060 = VERTEX_POINT('',#1060);
#3061 = VERTEX_POINT('',#1061);
#3062 = VERTEX_POINT('',#1062);
#3063 = VERTEX_POINT('',#1063);
#3064 = VERTEX_POINT('',#1064);
#3065 = VERTEX_POINT('',#1065);
#3066 = VERTEX_POINT('',#1066);
#3067 = VERTEX_POINT('',#1067);
#3068 = VERTEX_POINT('',#1068);
#3069 = VERTEX_POINT('',#1069);
#3070 = VERTEX_POINT('',#1070);
#3071 = VERTEX_POINT('',#1071);
#3072 = VERTEX_POINT('',#1072);
#3073 = VERTEX_POINT('',#1073);
#3074 = VERTEX_POINT('',#1074);
#3075 = VERTEX_POINT('',#1075);
#3076 = VERTEX_POINT('',#1076);
#3077 = VERTEX_POINT('',#1077);
#3078 = VERTEX_POINT('',#1078);
#3079 = VERTEX_POINT('',#1079);
#3080 = VERTEX_POINT('',#1080);
#3081 = VERTEX_POINT('',#1081);
#3082 = VERTEX_POINT('',#1082);
#3083 = VERTEX_POINT('',#1083);
#3084 = VERTEX_POINT('',#1084);
#3085 = VERTEX_POINT('',#1085);
#3086 = VERTEX_POINT('',#1086);
#3087 = VERTEX_POINT('',#1087);
#3088 = VERTEX_POINT('',#1088);
#3089 = VERTEX_POINT('',#1089);
#3090 = VERTEX_POINT('',#1090);
#3091 = VERTEX_POINT('',#1091);
#3092 = VERTEX_POINT('',#1092);
#3093 = VERTEX_POINT('',#1093);
#3094 = VERTEX_POINT('',#1094);
#3095 = VERTEX_POINT('',#1095);
#3096 = VERTEX_POINT('',#1096);
#3097 = VERTEX_POINT('',#1097);
#3098 = VERTEX_POINT('',#1098);
#3099 = VERTEX_POINT('',#1099);
#3100 = VERTEX_POINT('',#1100);
#3101 = VERTEX_POINT('',#1101);
#3102 = VERTEX_POINT('',#1102);
#3103 = VERTEX_POINT('',#1103);
#3104 = VERTEX_POINT('',#1104);
#3105 = VERTEX_POINT('',#1105);
#3106 = VERTEX_POINT('',#1106);
#3107 = VERTEX_POINT('',#1107);
#3108 = VERTEX_POINT('',#1108);
#3109 = VERTEX_POINT('',#1109);
#3110 = VERTEX_POINT('',#1110);
#3111 = VERTEX_POINT('',#1111);
#3112 = VERTEX_POINT('',#1112);
#3113 = VERTEX_POINT('',#1113);
#3114 = VERTEX_POINT('',#1114);
#3115 = VERTEX_POINT('',#1115);
#3116 = VERTEX_POINT('',#1116);
#3117 = VERTEX_POINT('',#1117);
#3118 = VERTEX_POINT('',#1118);
#3119 = VERTEX_POINT('',#1119);
#3120 = VERTEX_POINT('',#1120);
#3121 = VERTEX_POINT('',#1121);
#3122 = VERTEX_POINT('',#1122);
#3123 = VERTEX_POINT('',#1123);
#3124 = VERTEX_POINT('',#1124);
#3125 = VERTEX_POINT('',#1125);
#3126 = VERTEX_POINT('',#1126);
#3127 = VERTEX_POINT('',#1127);
#3128 = VERTEX_POINT('',#1128);
#3129 = VERTEX_POINT('',#1129);
#3130 = VERTEX_POINT('',#1130);
#3131 = VERTEX_POINT('',#1131);
#3132 = VERTEX_POINT('',#1132);
#3133 = VERTEX_POINT('',#1133);
#3134 = VERTEX_POINT('',#1134);
#3135 = VERTEX_POINT('',#1135);
#3136 = VERTEX_POINT('',#1136);
#3137 = VERTEX_POINT('',#1137);
#3138 = VERTEX_POINT('',#1138);
#3139 = VERTEX_POINT('',#1139);
#3140 = VERTEX_POINT('',#1140);
#3141 = VERTEX_POINT('',#1141);
#3142 = VERTEX_POINT('',#1142);
#3143 = VERTEX_POINT('',#1143);
#3144 = VERTEX_POINT('',#1144);
#3145 = VERTEX_POINT('',#1145);
#3146 = VERTEX_POINT('',#1146);
#3147 = VERTEX_POINT('',#1147);
#3148 = VERTEX_POINT('',#1148);
#3149 = VERTEX_POINT('',#1149);
#3150 = VERTEX_POINT('',#1150);
#3151 = VERTEX_POINT('',#1151);
#3152 = VERTEX_POINT('',#1152);
#3153 = VERTEX_POINT('',#1153);
#3154 = VERTEX_POINT('',#1154);
#3155 = VERTEX_POINT('',#1155);
#3156 = VERTEX_POINT('',#1156);
#3157 = VERTEX_POINT('',#1157);
#3158 = VERTEX_POINT('',#1158);
#3159 = VERTEX_POINT('',#1159);
#3160 = VERTEX_POINT('',#1160);
#3161 = VERTEX_POINT('',#1161);
#3162 = VERTEX_POINT('',#1162);
#3163 = VERTEX_POINT('',#1163);
#3164 = VERTEX_POINT('',#1164);
#3165 = VERTEX_POINT('',#1165);
#3166 = VERTEX_POINT('',#1166);
#3167 = VERTEX_POINT('',#1167);
#3168 = VERTEX_POINT('',#1168);
#3169 = VERTEX_POINT('',#1169);
#3170 = VERTEX_POINT('',#1170);
#3171 = VERTEX_POINT('',#1171);
#3172 = VERTEX_POINT('',#1172);
#3173 = VERTEX_POINT('',#1173);
#3174 = VERTEX_POINT('',#1174);
#3175 = VERTEX_POINT('',#1175);
#3176 = VERTEX_POINT('',#1176);
#3177 = VERTEX_POINT('',#1177);
#3178 = VERTEX_POINT('',#1178);
#3179 = VERTEX_POINT('',#1179);
#3180 = VERTEX_POINT('',#1180);
#3181 = VERTEX_POINT('',#1181);
#3182 = VERTEX_POINT('',#1182);
#3183 = VERTEX_POINT('',#1183);
#3184 = VERTEX_POINT('',#1184);
#3185 = VERTEX_POINT('',#1185);
#3186 = VERTEX_POINT('',#1186);
#3187 = VERTEX_POINT('',#1187);
#3188 = VERTEX_POINT('',#1188);
#3189 = VERTEX_POINT('',#1189);
#3190 = VERTEX_POINT('',#1190);
#3191 = VERTEX_POINT('',#1191);
#3192 = VERTEX_POINT('',#1192);
#3193 = VERTEX_POINT('',#1193);
#3194 = VERTEX_POINT('',#1194);
#3195 = VERTEX_POINT('',#1195);
#3196 = VERTEX_POINT('',#1196);
#3197 = VERTEX_POINT('',#1197);
#3198 = VERTEX_POINT('',#1198);
#3199 = VERTEX_POINT('',#1199);
#3200 = VERTEX_POINT('',#1200);
#3201 = VERTEX_POINT('',#1201);
#3202 = VERTEX_POINT('',#1202);
#3203 = VERTEX_POINT('',#1203);
#3204 = VERTEX_POINT('',#1204);
#3205 = VERTEX_POINT('',#1205);
#3206 = VERTEX_POINT('',#1206);
#3207 = VERTEX_POINT('',#1207);
#3208 = VERTEX_POINT('',#1208);
#3209 = VERTEX_POINT('',#1209);
#3210 = VERTEX_POINT('',#1210);
#3211 = VERTEX_POINT('',#1211);
#3212 = VERTEX_POINT('',#1212);
#3213 = VERTEX_POINT('',#1213);
#3214 = VERTEX_POINT('',#1214);
#3215 = VERTEX_POINT('',#1215);
#3216 = VERTEX_POINT('',#1216);
#3217 = VERTEX_POINT('',#1217);
#3218 = VERTEX_POINT('',#1218);
#3219 = VERTEX_POINT('',#1219);
#3220 = VERTEX_POINT('',#1220);
#3221 = VERTEX_POINT('',#1221);
#3222 = VERTEX_POINT('',#1222);
#3223 = VERTEX_POINT('',#1223);
#3224 = VERTEX_POINT('',#1224);
#3225 = VERTEX_POINT('',#1225);
#3226 = VERTEX_POINT('',#1226);
#3227 = VERTEX_POINT('',#1227);
#3228 = VERTEX_POINT('',#1228);
#3229 = VERTEX_POINT('',#1229);
#3230 = VERTEX_POINT('',#1230);
#3231 = VERTEX_POINT('',#1231);
#3232 = VERTEX_POINT('',#1232);
#3233 = VERTEX_POINT('',#1233);
#3234 = VERTEX_POINT('',#1234);
#3235 = VERTEX_POINT('',#1235);
#3236 = VERTEX_POINT('',#1236);
#3237 = VERTEX_POINT('',#1237);
#3238 = VERTEX_POINT('',#1238);
#3239 = VERTEX_POINT('',#1239);
#3240 = VERTEX_POINT('',#1240);
#3241 = VERTEX_POINT('',#1241);
#3242 = VERTEX_POINT('',#1242);
#3243 = VERTEX_POINT('',#1243);
#3244 = VERTEX_POINT('',#1244);
#3245 = VERTEX_POINT('',#1245);
#3246 = VERTEX_POINT('',#1246);
#3247 = VERTEX_POINT('',#1247);
#3248 = VERTEX_POINT('',#1248);
#3249 = VERTEX_POINT('',#1249);
#3250 = VERTEX_POINT('',#1250);
#3251 = VERTEX_POINT('',#1251);
#3252 = VERTEX_POINT('',#1252);
#3253 = VERTEX_POINT('',#1253);
#3254 = VERTEX_POINT('',#1254);
#3255 = VERTEX_POINT('',#1255);
#3256 = VERTEX_POINT('',#1256);
#3257 = VERTEX_POINT('',#1257);
#3258 = VERTEX_POINT('',#1258);
#3259 = VERTEX_POINT('',#1259);
#3260 = VERTEX_POINT('',#1260);
#3261 = VERTEX_POINT('',#1261);
#3262 = VERTEX_POINT('',#1262);
#3263 = VERTEX_POINT('',#1263);
#3264 = VERTEX_POINT('',#1264);
#3265 = VERTEX_POINT('',#1265);
#3266 = VERTEX_POINT('',#1266);
#3267 = VERTEX_POINT('',#1267);
#3268 = VERTEX_POINT('',#1268);
#3269 = VERTEX_POINT('',#1269);
#3270 = VERTEX_POINT('',#1270);
#3271 = VERTEX_POINT('',#1271);
#3272 = VERTEX_POINT('',#1272);
#3273 = VERTEX_POINT('',#1273);
#3274 = VERTEX_POINT('',#1274);
#3275 = VERTEX_POINT('',#1275);
#3276 = VERTEX_POINT('',#1276);
#3277 = VERTEX_POINT('',#1277);
#3278 = VERTEX_POINT('',#1278);
#3279 = VERTEX_POINT('',#1279);
#3280 = VERTEX_POINT('',#1280);
#3281 = VERTEX_POINT('',#1281);
#3282 = VERTEX_POINT('',#1282);
#3283 = VERTEX_POINT('',#1283);
#3284 = VERTEX_POINT('',#1284);
#3285 = VERTEX_POINT('',#1285);
#3286 = VERTEX_POINT('',#1286);
#3287 = VERTEX_POINT('',#1287);
#3288 = VERTEX_POINT('',#1288);
#3289 = VERTEX_POINT('',#1289);
#3290 = VERTEX_POINT('',#1290);
#3291 = VERTEX_POINT('',#1291);
#3292 = VERTEX_POINT('',#1292);
#3293 = VERTEX_POINT('',#1293);
#3294 = VERTEX_POINT('',#1294);
#3295 = VERTEX_POINT('',#1295);
#3296 = VERTEX_POINT('',#1296);
#3297 = VERTEX_POINT('',#1297);
#3298 = VERTEX_POINT('',#1298);
#3299 = VERTEX_POINT('',#1299);
#3300 = VERTEX_POINT('',#1300);
#3301 = VERTEX_POINT('',#1301);
#3302 = VERTEX_POINT('',#1302);
#3303 = VERTEX_POINT('',#1303);
#3304 = VERTEX_POINT('',#1304);
#3305 = VERTEX_POINT('',#1305);
#3306 = VERTEX_POINT('',#1306);
#3307 = VERTEX_POINT('',#1307);
#3308 = VERTEX_POINT('',#1308);
#3309 = VERTEX_POINT('',#1309);
#3310 = VERTEX_POINT('',#1310);
#3311 = VERTEX_POINT('',#1311);
#3312 = VERTEX_POINT('',#1312);
#3313 = VERTEX_POINT('',#1313);
#3314 = VERTEX_POINT('',#1314);
#3315 = VERTEX_POINT('',#1315);
#3316 = VERTEX_POINT('',#1316);
#3317 = VERTEX_POINT('',#1317);
#3318 = VERTEX_POINT('',#1318);
#3319 = VERTEX_POINT('',#1319);
#3320 = VERTEX_POINT('',#1320);
#3321 = VERTEX_POINT('',#1321);
#3322 = VERTEX_POINT('',#1322);
#3323 = VERTEX_POINT('',#1323);
#3324 = VERTEX_POINT('',#1324);
#3325 = VERTEX_POINT('',#1325);
#3326 = VERTEX_POINT('',#1326);
#3327 = VERTEX_POINT('',#1327);
#3328 = VERTEX_POINT('',#1328);
#3329 = VERTEX_POINT('',#1329);
#3330 = VERTEX_POINT('',#1330);
#3331 = VERTEX_POINT('',#1331);
#3332 = VERTEX_POINT('',#1332);
#3333 = VERTEX_POINT('',#1333);
#3334 = VERTEX_POINT('',#1334);
#3335 = VERTEX_POINT('',#1335);
#3336 = VERTEX_POINT('',#1336);
#3337 = VERTEX_POINT('',#1337);
#3338 = VERTEX_POINT('',#1338);
#3339 = VERTEX_POINT('',#1339);
#3340 = VERTEX_POINT('',#1340);
#3341 = VERTEX_POINT('',#1341);
#3342 = VERTEX_POINT('',#1342);
#3343 = VERTEX_POINT('',#1343);
#3344 = VERTEX_POINT('',#1344);
#3345 = VERTEX_POINT('',#1345);
#3346 = VERTEX_POINT('',#1346);
#3347 = VERTEX_POINT('',#1347);
#3348 = VERTEX_POINT('',#1348);
#3349 = VERTEX_POINT('',#1349);
#3350 = VERTEX_POINT('',#1350);
#3351 = VERTEX_POINT('',#1351);
#3352 = VERTEX_POINT('',#1352);
#3353 = VERTEX_POINT('',#1353);
#3354 = VERTEX_POINT('',#1354);
#3355 = VERTEX_POINT('',#1355);
#3356 = VERTEX_POINT('',#1356);
#3357 = VERTEX_POINT('',#1357);
#3358 = VERTEX_POINT('',#1358);
#3359 = VERTEX_POINT('',#1359);
#3360 = VERTEX_POINT('',#1360);
#3361 = VERTEX_POINT('',#1361);
#3362 = VERTEX_POINT('',#1362);
#3363 = VERTEX_POINT('',#1363);
#3364 = VERTEX_POINT('',#1364);
#3365 = VERTEX_POINT('',#1365);
#3366 = VERTEX_POINT('',#1366);
#3367 = VERTEX_POINT('',#1367);
#3368 = VERTEX_POINT('',#1368);
#3369 = VERTEX_POINT('',#1369);
#3370 = VERTEX_POINT('',#1370);
#3371 = VERTEX_POINT('',#1371);
#3372 = VERTEX_POINT('',#1372);
#3373 = VERTEX_POINT('',#1373);
#3374 = VERTEX_POINT('',#1374);
#3375 = VERTEX_POINT('',#1375);
#3376 = VERTEX_POINT('',#1376);
#3377 = VERTEX_POINT('',#1377);
#3378 = VERTEX_POINT('',#1378);
#3379 = VERTEX_POINT('',#1379);
#3380 = VERTEX_POINT('',#1380);
#3381 = VERTEX_POINT('',#1381);
#3382 = VERTEX_POINT('',#1382);
#3383 = VERTEX_POINT('',#1383);
#3384 = VERTEX_POINT('',#1384);
#3385 = VERTEX_POINT('',#1385);
#3386 = VERTEX_POINT('',#1386);
#3387 = VERTEX_POINT('',#1387);
#3388 = VERTEX_POINT('',#1388);
#3389 = VERTEX_POINT('',#1389);
#3390 = VERTEX_POINT('',#1390);
#3391 = VERTEX_POINT('',#1391);
#3392 = VERTEX_POINT('',#1392);
#3393 = VERTEX_POINT('',#1393);
#3394 = VERTEX_POINT('',#1394);
#3395 = VERTEX_POINT('',#1395);
#3396 = VERTEX_POINT('',#1396);
#3397 = VERTEX_POINT('',#1397);
#3398 = VERTEX_POINT('',#1398);
#3399 = VERTEX_POINT('',#1399);
#3400 = VERTEX_POINT('',#1400);
#3401 = VERTEX_POINT('',#1401);
#3402 = VERTEX_POINT('',#1402);
#3403 = VERTEX_POINT('',#1403);
#3404 = VERTEX_POINT('',#1404);
#3405 = VERTEX_POINT('',#1405);
#3406 = VERTEX_POINT('',#1406);
#3407 = VERTEX_POINT('',#1407);
#3408 = VERTEX_POINT('',#1408);
#3409 = VERTEX_POINT('',#1409);
#3410 = VERTEX_POINT('',#1410);
#3411 = VERTEX_POINT('',#1411);
#3412 = VERTEX_POINT('',#1412);
#3413 = VERTEX_POINT('',#1413);
#3414 = VERTEX_POINT('',#1414);
#3415 = VERTEX_POINT('',#1415);
#3416 = VERTEX_POINT('',#1416);
#3417 = VERTEX_POINT('',#1417);
#3418 = VERTEX_POINT('',#1418);
#3419 = VERTEX_POINT('',#1419);
#3420 = VERTEX_POINT('',#1420);
#3421 = VERTEX_POINT('',#1421);
#3422 = VERTEX_POINT('',#1422);
#3423 = VERTEX_POINT('',#1423);
#3424 = VERTEX_POINT('',#1424);
#3425 = VERTEX_POINT('',#1425);
#3426 = VERTEX_POINT('',#1426);
#3427 = VERTEX_POINT('',#1427);
#3428 = VERTEX_POINT('',#1428);
#3429 = VERTEX_POINT('',#1429);
#3430 = VERTEX_POINT('',#1430);
#3431 = VERTEX_POINT('',#1431);
#3432 = VERTEX_POINT('',#1432);
#3433 = VERTEX_POINT('',#1433);
#3434 = VERTEX_POINT('',#1434);
#3435 = VERTEX_POINT('',#1435);
#3436 = VERTEX_POINT('',#1436);
#3437 = VERTEX_POINT('',#1437);
#3438 = VERTEX_POINT('',#1438);
#3439 = VERTEX_POINT('',#1439);
#3440 = VERTEX_POINT('',#1440);
#3441 = VERTEX_POINT('',#1441);
#3442 = VERTEX_POINT('',#1442);
#3443 = VERTEX_POINT('',#1443);
#3444 = VERTEX_POINT('',#1444);
#3445 = VERTEX_POINT('',#1445);
#3446 = VERTEX_POINT('',#1446);
#3447 = VERTEX_POINT('',#1447);
#3448 = VERTEX_POINT('',#1448);
#3449 = VERTEX_POINT('',#1449);
#3450 = VERTEX_POINT('',#1450);
#3451 = VERTEX_POINT('',#1451);
#3452 = VERTEX_POINT('',#1452);
#3453 = VERTEX_POINT('',#1453);
#3454 = VERTEX_POINT('',#1454);
#3455 = VERTEX_POINT('',#1455);
#3456 = VERTEX_POINT('',#1456);
#3457 = VERTEX_POINT('',#1457);
#3458 = VERTEX_POINT('',#1458);
#3459 = VERTEX_POINT('',#1459);
#3460 = VERTEX_POINT('',#1460);
#3461 = VERTEX_POINT('',#1461);
#3462 = VERTEX_POINT('',#1462);
#3463 = VERTEX_POINT('',#1463);
#3464 = VERTEX_POINT('',#1464);
#3465 = VERTEX_POINT('',#1465);
#3466 = VERTEX_POINT('',#1466);
#3467 = VERTEX_POINT('',#1467);
#3468 = VERTEX_POINT('',#1468);
#3469 = VERTEX_POINT('',#1469);
#3470 = VERTEX_POINT('',#1470);
#3471 = VERTEX_POINT('',#1471);
#3472 = VERTEX_POINT('',#1472);
#3473 = VERTEX_POINT('',#1473);
#3474 = VERTEX_POINT('',#1474);
#3475 = VERTEX_POINT('',#1475);
#3476 = VERTEX_POINT('',#1476);
#3477 = VERTEX_POINT('',#1477);
#3478 = VERTEX_POINT('',#1478);
#3479 = VERTEX_POINT('',#1479);
#3480 = VERTEX_POINT('',#1480);
#3481 = VERTEX_POINT('',#1481);
#3482 = VERTEX_POINT('',#1482);
#3483 = VERTEX_POINT('',#1483);
#3484 = VERTEX_POINT('',#1484);
#3485 = VERTEX_POINT('',#1485);
#3486 = VERTEX_POINT('',#1486);
#3487 = VERTEX_POINT('',#1487);
#3488 = VERTEX_POINT('',#1488);
#3489 = VERTEX_POINT('',#1489);
#3490 = VERTEX_POINT('',#1490);
#3491 = VERTEX_POINT('',#1491);
#3492 = VERTEX_POINT('',#1492);
#3493 = VERTEX_POINT('',#1493);
#3494 = VERTEX_POINT('',#1494);
#3495 = VERTEX_POINT('',#1495);
#3496 = VERTEX_POINT('',#1496);
#3497 = VERTEX_POINT('',#1497);
#3498 = VERTEX_POINT('',#1498);
#3499 = VERTEX_POINT('',#1499);
#3500 = VERTEX_POINT('',#1500);
#3501 = VERTEX_POINT('',#1501);
#3502 = VERTEX_POINT('',#1502);
#3503 = VERTEX_POINT('',#1503);
#3504 = VERTEX_POINT('',#1504);
#3505 = VERTEX_POINT('',#1505);
#3506 = VERTEX_POINT('',#1506);
#3507 = VERTEX_POINT('',#1507);
#3508 = VERTEX_POINT('',#1508);
#3509 = VERTEX_POINT('',#1509);
#3510 = VERTEX_POINT('',#1510);
#3511 = VERTEX_POINT('',#1511);
#3512 = VERTEX_POINT('',#1512);
#3513 = VERTEX_POINT('',#1513);
#3514 = VERTEX_POINT('',#1514);
#3515 = VERTEX_POINT('',#1515);
#3516 = VERTEX_POINT('',#1516);
#3517 = VERTEX_POINT('',#1517);
#3518 = VERTEX_POINT('',#1518);
#3519 = VERTEX_POINT('',#1519);
#3520 = VERTEX_POINT('',#1520);
#3521 = VERTEX_POINT('',#1521);
#3522 = VERTEX_POINT('',#1522);
#3523 = VERTEX_POINT('',#1523);
#3524 = VERTEX_POINT('',#1524);
#3525 = VERTEX_POINT('',#1525);
#3526 = VERTEX_POINT('',#1526);
#3527 = VERTEX_POINT('',#1527);
#3528 = VERTEX_POINT('',#1528);
#3529 = VERTEX_POINT('',#1529);
#3530 = VERTEX_POINT('',#1530);
#3531 = VERTEX_POINT('',#1531);
#3532 = VERTEX_POINT('',#1532);
#3533 = VERTEX_POINT('',#1533);
#3534 = VERTEX_POINT('',#1534);
#3535 = VERTEX_POINT('',#1535);
#3536 = VERTEX_POINT('',#1536);
#3537 = VERTEX_POINT('',#1537);
#3538 = VERTEX_POINT('',#1538);
#3539 = VERTEX_POINT('',#1539);
#3540 = VERTEX_POINT('',#1540);
#3541 = VERTEX_POINT('',#1541);
#3542 = VERTEX_POINT('',#1542);
#3543 = VERTEX_POINT('',#1543);
#3544 = VERTEX_POINT('',#1544);
#3545 = VERTEX_POINT('',#1545);
#3546 = VERTEX_POINT('',#1546);
#3547 = VERTEX_POINT('',#1547);
#3548 = VERTEX_POINT('',#1548);
#3549 = VERTEX_POINT('',#1549);
#3550 = VERTEX_POINT('',#1550);
#3551 = VERTEX_POINT('',#1551);
#3552 = VERTEX_POINT('',#1552);
#3553 = VERTEX_POINT('',#1553);
#3554 = VERTEX_POINT('',#1554);
#3555 = VERTEX_POINT('',#1555);
#3556 = VERTEX_POINT('',#1556);
#3557 = VERTEX_POINT('',#1557);
#3558 = VERTEX_POINT('',#1558);
#3559 = VERTEX_POINT('',#1559);
#3560 = VERTEX_POINT('',#1560);
#3561 = VERTEX_POINT('',#1561);
#3562 = VERTEX_POINT('',#1562);
#3563 = VERTEX_POINT('',#1563);
#3564 = VERTEX_POINT('',#1564);
#3565 = VERTEX_POINT('',#1565);
#3566 = VERTEX_POINT('',#1566);
#3567 = VERTEX_POINT('',#1567);
#3568 = VERTEX_POINT('',#1568);
#3569 = VERTEX_POINT('',#1569);
#3570 = VERTEX_POINT('',#1570);
#3571 = VERTEX_POINT('',#1571);
#3572 = VERTEX_POINT('',#1572);
#3573 = VERTEX_POINT('',#1573);
#3574 = VERTEX_POINT('',#1574);
#3575 = VERTEX_POINT('',#1575);
#3576 = VERTEX_POINT('',#1576);
#3577 = VERTEX_POINT('',#1577);
#3578 = VERTEX_POINT('',#1578);
#3579 = VERTEX_POINT('',#1579);
#3580 = VERTEX_POINT('',#1580);
#3581 = VERTEX_POINT('',#1581);
#3582 = VERTEX_POINT('',#1582);
#3583 = VERTEX_POINT('',#1583);
#3584 = VERTEX_POINT('',#1584);
#3585 = VERTEX_POINT('',#1585);
#3586 = VERTEX_POINT('',#1586);
#3587 = VERTEX_POINT('',#1587);
#3588 = VERTEX_POINT('',#1588);
#3589 = VERTEX_POINT('',#1589);
#3590 = VERTEX_POINT('',#1590);
#3591 = VERTEX_POINT('',#1591);
#3592 = VERTEX_POINT('',#1592);
#3593 = VERTEX_POINT('',#1593);
#3594 = VERTEX_POINT('',#1594);
#3595 = VERTEX_POINT('',#1595);
#3596 = VERTEX_POINT('',#1596);
#3597 = VERTEX_POINT('',#1597);
#3598 = VERTEX_POINT('',#1598);
#3599 = VERTEX_POINT('',#1599);
#3600 = VERTEX_POINT('',#1600);
#3601 = VERTEX_POINT('',#1601);
#3602 = VERTEX_POINT('',#1602);
#3603 = VERTEX_POINT('',#1603);
#3604 = VERTEX_POINT('',#1604);
#3605 = VERTEX_POINT('',#1605);
#3606 = VERTEX_POINT('',#1606);
#3607 = VERTEX_POINT('',#1607);
#3608 = VERTEX_POINT('',#1608);
#3609 = VERTEX_POINT('',#1609);
#3610 = VERTEX_POINT('',#1610);
#3611 = VERTEX_POINT('',#1611);
#3612 = VERTEX_POINT('',#1612);
#3613 = VERTEX_POINT('',#1613);
#3614 = VERTEX_POINT('',#1614);
#3615 = VERTEX_POINT('',#1615);
#3616 = VERTEX_POINT('',#1616);
#3617 = VERTEX_POINT('',#1617);
#3618 = VERTEX_POINT('',#1618);
#3619 = VERTEX_POINT('',#1619);
#3620 = VERTEX_POINT('',#1620);
#3621 = VERTEX_POINT('',#1621);
#3622 = VERTEX_POINT('',#1622);
#3623 = VERTEX_POINT('',#1623);
#3624 = VERTEX_POINT('',#1624);
#3625 = VERTEX_POINT('',#1625);
#3626 = VERTEX_POINT('',#1626);
#3627 = VERTEX_POINT('',#1627);
#3628 = VERTEX_POINT('',#1628);
#3629 = VERTEX_POINT('',#1629);
#3630 = VERTEX_POINT('',#1630);
#3631 = VERTEX_POINT('',#1631);
#3632 = VERTEX_POINT('',#1632);
#3633 = VERTEX_POINT('',#1633);
#3634 = VERTEX_POINT('',#1634);
#3635 = VERTEX_POINT('',#1635);
#3636 = VERTEX_POINT('',#1636);
#3637 = VERTEX_POINT('',#1637);
#3638 = VERTEX_POINT('',#1638);
#3639 = VERTEX_POINT('',#1639);
#3640 = VERTEX_POINT('',#1640);
#3641 = VERTEX_POINT('',#1641);
#3642 = VERTEX_POINT('',#1642);
#3643 = VERTEX_POINT('',#1643);
#3644 = VERTEX_POINT('',#1644);
#3645 = VERTEX_POINT('',#1645);
#3646 = VERTEX_POINT('',#1646);
#3647 = VERTEX_POINT('',#1647);
#3648 = VERTEX_POINT('',#1648);
#3649 = VERTEX_POINT('',#1649);
#3650 = VERTEX_POINT('',#1650);
#3651 = VERTEX_POINT('',#1651);
#3652 = VERTEX_POINT('',#1652);
#3653 = VERTEX_POINT('',#1653);
#3654 = VERTEX_POINT('',#1654);
#3655 = VERTEX_POINT('',#1655);
#3656 = VERTEX_POINT('',#1656);
#3657 = VERTEX_POINT('',#1657);
#3658 = VERTEX_POINT('',#1658);
#3659 = VERTEX_POINT('',#1659);
#3660 = VERTEX_POINT('',#1660);
#3661 = VERTEX_POINT('',#1661);
#3662 = VERTEX_POINT('',#1662);
#3663 = VERTEX_POINT('',#1663);
#3664 = VERTEX_POINT('',#1664);
#3665 = VERTEX_POINT('',#1665);
#3666 = VERTEX_POINT('',#1666);
#3667 = VERTEX_POINT('',#1667);
#3668 = VERTEX_POINT('',#1668);
#3669 = VERTEX_POINT('',#1669);
#3670 = VERTEX_POINT('',#1670);
#3671 = VERTEX_POINT('',#1671);
#3672 = VERTEX_POINT('',#1672);
#3673 = VERTEX_POINT('',#1673);
#3674 = VERTEX_POINT('',#1674);
#3675 = VERTEX_POINT('',#1675);
#3676 = VERTEX_POINT('',#1676);
#3677 = VERTEX_POINT('',#1677);
#3678 = VERTEX_POINT('',#1678);
#3679 = VERTEX_POINT('',#1679);
#3680 = VERTEX_POINT('',#1680);
#3681 = VERTEX_POINT('',#1681);
#3682 = VERTEX_POINT('',#1682);
#3683 = VERTEX_POINT('',#1683);
#3684 = VERTEX_POINT('',#1684);
#3685 = VERTEX_POINT('',#1685);
#3686 = VERTEX_POINT('',#1686);
#3687 = VERTEX_POINT('',#1687);
#3688 = VERTEX_POINT('',#1688);
#3689 = VERTEX_POINT('',#1689);
#3690 = VERTEX_POINT('',#1690);
#3691 = VERTEX_POINT('',#1691);
#3692 = VERTEX_POINT('',#1692);
#3693 = VERTEX_POINT('',#1693);
#3694 = VERTEX_POINT('',#1694);
#3695 = VERTEX_POINT('',#1695);
#3696 = VERTEX_POINT('',#1696);
#3697 = VERTEX_POINT('',#1697);
#3698 = VERTEX_POINT('',#1698);
#3699 = VERTEX_POINT('',#1699);
#3700 = VERTEX_POINT('',#1700);
#3701 = VERTEX_POINT('',#1701);
#3702 = VERTEX_POINT('',#1702);
#3703 = VERTEX_POINT('',#1703);
#3704 = VERTEX_POINT('',#1704);
#3705 = VERTEX_POINT('',#1705);
#3706 = VERTEX_POINT('',#1706);
#3707 = VERTEX_POINT('',#1707);
#3708 = VERTEX_POINT('',#1708);
#3709 = VERTEX_POINT('',#1709);
#3710 = VERTEX_POINT('',#1710);
#3711 = VERTEX_POINT('',#1711);
#3712 = VERTEX_POINT('',#1712);
#3713 = VERTEX_POINT('',#1713);
#3714 = VERTEX_POINT('',#1714);
#3715 = VERTEX_POINT('',#1715);
#3716 = VERTEX_POINT('',#1716);
#3717 = VERTEX_POINT('',#1717);
#3718 = VERTEX_POINT('',#1718);
#3719 = VERTEX_POINT('',#1719);
#3720 = VERTEX_POINT('',#1720);
#3721 = VERTEX_POINT('',#1721);
#3722 = VERTEX_POINT('',#1722);
#3723 = VERTEX_POINT('',#1723);
#3724 = VERTEX_POINT('',#1724);
#3725 = VERTEX_POINT('',#1725);
#3726 = VERTEX_POINT('',#1726);
#3727 = VERTEX_POINT('',#1727);
#3728 = VERTEX_POINT('',#1728);
#3729 = VERTEX_POINT('',#1729);
#3730 = VERTEX_POINT('',#1730);
#3731 = VERTEX_POINT('',#1731);
#3732 = VERTEX_POINT('',#1732);
#3733 = VERTEX_POINT('',#1733);
#3734 = VERTEX_POINT('',#1734);
#3735 = VERTEX_POINT('',#1735);
#3736 = VERTEX_POINT('',#1736);
#3737 = VERTEX_POINT('',#1737);
#3738 = VERTEX_POINT('',#1738);
#3739 = VERTEX_POINT('',#1739);
#3740 = VERTEX_POINT('',#1740);
#3741 = VERTEX_POINT('',#1741);
#3742 = VERTEX_POINT('',#1742);
#3743 = VERTEX_POINT('',#1743);
#3744 = VERTEX_POINT('',#1744);
#3745 = VERTEX_POINT('',#1745);
#3746 = VERTEX_POINT('',#1746);
#3747 = VERTEX_POINT('',#1747);
#3748 = VERTEX_POINT('',#1748);
#3749 = VERTEX_POINT('',#1749);
#3750 = VERTEX_POINT('',#1750);
#3751 = VERTEX_POINT('',#1751);
#3752 = VERTEX_POINT('',#1752);
#3753 = VERTEX_POINT('',#1753);
#3754 = VERTEX_POINT('',#1754);
#3755 = VERTEX_POINT('',#1755);
#3756 = VERTEX_POINT('',#1756);
#3757 = VERTEX_POINT('',#1757);
#3758 = VERTEX_POINT('',#1758);
#3759 = VERTEX_POINT('',#1759);
#3760 = VERTEX_POINT('',#1760);
#3761 = VERTEX_POINT('',#1761);
#3762 = VERTEX_POINT('',#1762);
#3763 = VERTEX_POINT('',#1763);
#3764 = VERTEX_POINT('',#1764);
#3765 = VERTEX_POINT('',#1765);
#3766 = VERTEX_POINT('',#1766);
#3767 = VERTEX_POINT('',#1767);
#3768 = VERTEX_POINT('',#1768);
#3769 = VERTEX_POINT('',#1769);
#3770 = VERTEX_POINT('',#1770);
#3771 = VERTEX_POINT('',#1771);
#3772 = VERTEX_POINT('',#1772);
#3773 = VERTEX_POINT('',#1773);
#3774 = VERTEX_POINT('',#1774);
#3775 = VERTEX_POINT('',#1775);
#3776 = VERTEX_POINT('',#1776);
#3777 = VERTEX_POINT('',#1777);
#3778 = VERTEX_POINT('',#1778);
#3779 = VERTEX_POINT('',#1779);
#3780 = VERTEX_POINT('',#1780);
#3781 = VERTEX_POINT('',#1781);
#3782 = VERTEX_POINT('',#1782);
#3783 = VERTEX_POINT('',#1783);
#3784 = VERTEX_POINT('',#1784);
#3785 = VERTEX_POINT('',#1785);
#3786 = VERTEX_POINT('',#1786);
#3787 = VERTEX_POINT('',#1787);
#3788 = VERTEX_POINT('',#1788);
#3789 = VERTEX_POINT('',#1789);
#3790 = VERTEX_POINT('',#1790);
#3791 = VERTEX_POINT('',#1791);
#3792 = VERTEX_POINT('',#1792);
#3793 = VERTEX_POINT('',#1793);
#3794 = VERTEX_POINT('',#1794);
#3795 = VERTEX_POINT('',#1795);
#3796 = VERTEX_POINT('',#1796);
#3797 = VERTEX_POINT('',#1797);
#3798 = VERTEX_POINT('',#1798);
#3799 = VERTEX_POINT('',#1799);
#3800 = VERTEX_POINT('',#1800);
#3801 = VERTEX_POINT('',#1801);
#3802 = VERTEX_POINT('',#1802);
#3803 = VERTEX_POINT('',#1803);
#3804 = VERTEX_POINT('',#1804);
#3805 = VERTEX_POINT('',#1805);
#3806 = VERTEX_POINT('',#1806);
#3807 = VERTEX_POINT('',#1807);
#3808 = VERTEX_POINT('',#1808);
#3809 = VERTEX_POINT('',#1809);
#3810 = VERTEX_POINT('',#1810);
#3811 = VERTEX_POINT('',#1811);
#3812 = VERTEX_POINT('',#1812);
#3813 = VERTEX_POINT('',#1813);
#3814 = VERTEX_POINT('',#1814);
#3815 = VERTEX_POINT('',#1815);
#3816 = VERTEX_POINT('',#1816);
#3817 = VERTEX_POINT('',#1817);
#3818 = VERTEX_POINT('',#1818);
#3819 = VERTEX_POINT('',#1819);
#3820 = VERTEX_POINT('',#1820);
#3821 = VERTEX_POINT('',#1821);
#3822 = VERTEX_POINT('',#1822);
#3823 = VERTEX_POINT('',#1823);
#3824 = VERTEX_POINT('',#1824);
#3825 = VERTEX_POINT('',#1825);
#3826 = VERTEX_POINT('',#1826);
#3827 = VERTEX_POINT('',#1827);
#3828 = VERTEX_POINT('',#1828);
#3829 = VERTEX_POINT('',#1829);
#3830 = VERTEX_POINT('',#1830);
#3831 = VERTEX_POINT('',#1831);
#3832 = VERTEX_POINT('',#1832);
#3833 = VERTEX_POINT('',#1833);
#3834 = VERTEX_POINT('',#1834);
#3835 = VERTEX_POINT('',#1835);
#3836 = VERTEX_POINT('',#1836);
#3837 = VERTEX_POINT('',#1837);
#3838 = VERTEX_POINT('',#1838);
#3839 = VERTEX_POINT('',#1839);
#3840 = VERTEX_POINT('',#1840);
#3841 = VERTEX_POINT('',#1841);
#3842 = VERTEX_POINT('',#1842);
#3843 = VERTEX_POINT('',#1843);
#3844 = VERTEX_POINT('',#1844);
#3845 = VERTEX_POINT('',#1845);
#3846 = VERTEX_POINT('',#1846);
#3847 = VERTEX_POINT('',#1847);
#3848 = VERTEX_POINT('',#1848);
#3849 = VERTEX_POINT('',#1849);
#3850 = VERTEX_POINT('',#1850);
#3851 = VERTEX_POINT('',#1851);
#3852 = VERTEX_POINT('',#1852);
#3853 = VERTEX_POINT('',#1853);
#3854 = VERTEX_POINT('',#1854);
#3855 = VERTEX_POINT('',#1855);
#3856 = VERTEX_POINT('',#1856);
#3857 = VERTEX_POINT('',#1857);
#3858 = VERTEX_POINT('',#1858);
#3859 = VERTEX_POINT('',#1859);
#3860 = VERTEX_POINT('',#1860);
#3861 = VERTEX_POINT('',#1861);
#3862 = VERTEX_POINT('',#1862);
#3863 = VERTEX_POINT('',#1863);
#3864 = VERTEX_POINT('',#1864);
#3865 = VERTEX_POINT('',#1865);
#3866 = VERTEX_POINT('',#1866);
#3867 = VERTEX_POINT('',#1867);
#3868 = VERTEX_POINT('',#1868);
#3869 = VERTEX_POINT('',#1869);
#3870 = VERTEX_POINT('',#1870);
#3871 = VERTEX_POINT('',#1871);
#3872 = VERTEX_POINT('',#1872);
#3873 = VERTEX_POINT('',#1873);
#3874 = VERTEX_POINT('',#1874);
#3875 = VERTEX_POINT('',#1875);
#3876 = VERTEX_POINT('',#1876);
#3877 = VERTEX_POINT('',#1877);
#3878 = VERTEX_POINT('',#1878);
#3879 = VERTEX_POINT('',#1879);
#3880 = VERTEX_POINT('',#1880);
#3881 = VERTEX_POINT('',#1881);
#3882 = VERTEX_POINT('',#1882);
#3883 = VERTEX_POINT('',#1883);
#3884 = VERTEX_POINT('',#1884);
#3885 = VERTEX_POINT('',#1885);
#3886 = VERTEX_POINT('',#1886);
#3887 = VERTEX_POINT('',#1887);
#3888 = VERTEX_POINT('',#1888);
#3889 = VERTEX_POINT('',#1889);
#3890 = VERTEX_POINT('',#1890);
#3891 = VERTEX_POINT('',#1891);
#3892 = VERTEX_POINT('',#1892);
#3893 = VERTEX_POINT('',#1893);
#3894 = VERTEX_POINT('',#1894);
#3895 = VERTEX_POINT('',#1895);
#3896 = VERTEX_POINT('',#1896);
#3897 = VERTEX_POINT('',#1897);
#3898 = VERTEX_POINT('',#1898);
#3899 = VERTEX_POINT('',#1899);
#3900 = VERTEX_POINT('',#1900);
#3901 = VERTEX_POINT('',#1901);
#3902 = VERTEX_POINT('',#1902);
#3903 = VERTEX_POINT('',#1903);
#3904 = VERTEX_POINT('',#1904);
#3905 = VERTEX_POINT('',#1905);
#3906 = VERTEX_POINT('',#1906);
#3907 = VERTEX_POINT('',#1907);
#3908 = VERTEX_POINT('',#1908);
#3909 = VERTEX_POINT('',#1909);
#3910 = VERTEX_POINT('',#1910);
#3911 = VERTEX_POINT('',#1911);
#3912 = VERTEX_POINT('',#1912);
#3913 = VERTEX_POINT('',#1913);
#3914 = VERTEX_POINT('',#1914);
#3915 = VERTEX_POINT('',#1915);
#3916 = VERTEX_POINT('',#1916);
#3917 = VERTEX_POINT('',#1917);
#3918 = VERTEX_POINT('',#1918);
#3919 = VERTEX_POINT('',#1919);
#3920 = VERTEX_POINT('',#1920);
#3921 = VERTEX_POINT('',#1921);
#3922 = VERTEX_POINT('',#1922);
#3923 = VERTEX_POINT('',#1923);
#3924 = VERTEX_POINT('',#1924);
#3925 = VERTEX_POINT('',#1925);
#3926 = VERTEX_POINT('',#1926);
#3927 = VERTEX_POINT('',#1927);
#3928 = VERTEX_POINT('',#1928);
#3929 = VERTEX_POINT('',#1929);
#3930 = VERTEX_POINT('',#1930);
#3931 = VERTEX_POINT('',#1931);
#3932 = VERTEX_POINT('',#1932);
#3933 = VERTEX_POINT('',#1933);
#3934 = VERTEX_POINT('',#1934);
#3935 = VERTEX_POINT('',#1935);
#3936 = VERTEX_POINT('',#1936);
#3937 = VERTEX_POINT('',#1937);
#3938 = VERTEX_POINT('',#1938);
#3939 = VERTEX_POINT('',#1939);
#3940 = VERTEX_POINT('',#1940);
#3941 = VERTEX_POINT('',#1941);
#3942 = VERTEX_POINT('',#1942);
#3943 = VERTEX_POINT('',#1943);
#3944 = VERTEX_POINT('',#1944);
#3945 = VERTEX_POINT('',#1945);
#3946 = VERTEX_POINT('',#1946);
#3947 = VERTEX_POINT('',#1947);
#3948 = VERTEX_POINT('',#1948);
#3949 = VERTEX_POINT('',#1949);
#3950 = VERTEX_POINT('',#1950);
#3951 = VERTEX_POINT('',#1951);
#3952 = VERTEX_POINT('',#1952);
#3953 = VERTEX_POINT('',#1953);
#3954 = VERTEX_POINT('',#1954);
#3955 = VERTEX_POINT('',#1955);
#3956 = VERTEX_POINT('',#1956);
#3957 = VERTEX_POINT('',#1957);
#3958 = VERTEX_POINT('',#1958);
#3959 = VERTEX_POINT('',#1959);
#3960 = VERTEX_POINT('',#1960);
#3961 = VERTEX_POINT('',#1961);
#3962 = VERTEX_POINT('',#1962);
#3963 = VERTEX_POINT('',#1963);
#3964 = VERTEX_POINT('',#1964);
#3965 = VERTEX_POINT('',#1965);
#3966 = VERTEX_POINT('',#1966);
#3967 = VERTEX_POINT('',#1967);
#3968 = VERTEX_POINT('',#1968);
#3969 = VERTEX_POINT('',#1969);
#3970 = VERTEX_POINT('',#1970);
#3971 = VERTEX_POINT('',#1971);
#3972 = VERTEX_POINT('',#1972);
#3973 = VERTEX_POINT('',#1973);
#3974 = VERTEX_POINT('',#1974);
#3975 = VERTEX_POINT('',#1975);
#3976 = VERTEX_POINT('',#1976);
#3977 = VERTEX_POINT('',#1977);
#3978 = VERTEX_POINT('',#1978);
#3979 = VERTEX_POINT('',#1979);
#3980 = VERTEX_POINT('',#1980);
#3981 = VERTEX_POINT('',#1981);
#3982 = VERTEX_POINT('',#1982);
#3983 = VERTEX_POINT('',#1983);
#3984 = VERTEX_POINT('',#1984);
#3985 = VERTEX_POINT('',#1985);
#3986 = VERTEX_POINT('',#1986);
#3987 = VERTEX_POINT('',#1987);
#3988 = VERTEX_POINT('',#1988);
#3989 = VERTEX_POINT('',#1989);
#3990 = VERTEX_POINT('',#1990);
#3991 = VERTEX_POINT('',#1991);
#3992 = VERTEX_POINT('',#1992);
#3993 = VERTEX_POINT('',#1993);
#3994 = VERTEX_POINT('',#1994);
#3995 = VERTEX_POINT('',#1995);
#3996 = VERTEX_POINT('',#1996);
#3997 = VERTEX_POINT('',#1997);
#3998 = VERTEX_POINT('',#1998);
#3999 = VERTEX_POINT('',#1999);
#4000 = VERTEX_POINT('',#2000);
#4001 = VERTEX_POINT('',#2001);
#4002 = VERTEX_POINT('',#2002);
#4003 = VERTEX_POINT('',#2003);
#4004 = VERTEX_POINT('',#2004);
#4005 = VERTEX_POINT('',#2005);
#4006 = VERTEX_POINT('',#2006);
#4007 = VERTEX_POINT('',#2007);
ENDSEC;
END-ISO-10303-21;
