read: 1
count=12115
E 393067 cfg=55 nodes= 103976 61853 61854 61855 61856 61857 61858 61859 61860 61861
E 393069 cfg=55 nodes= 103978 62605 62606 62607 62608 62609 62610 62611 62612 62613
E 393068 cfg=55 nodes= 103977 61843 61844 61845 61846 61847 61848 61849 61850 61851
E 393070 cfg=55 nodes= 103979 62595 62596 62597 62598 62599 62600 62601 62602 62603
E 393071 cfg=55 nodes= 103980 61116 61117 61118 61119 61120 61121 61122 61123 61124
E 385882 cfg=208 nodes= 61865 61832 61831 61863 96436 96439 96438 96437 0 0
E 385883 cfg=208 nodes= 96436 96439 96438 96437 96440 96443 96442 96441 0 0
E 385884 cfg=208 nodes= 96440 96443 96442 96441 96444 96447 96446 96445 0 0
E 385885 cfg=208 nodes= 96444 96447 96446 96445 96448 96451 96450 96449 0 0
E 385886 cfg=208 nodes= 96448 96451 96450 96449 96452 96455 96454 96453 0 0
E 385887 cfg=208 nodes= 61833 61832 61865 61866 96456 96439 96436 96457 0 0
E 385888 cfg=208 nodes= 96456 96439 96436 96457 96458 96443 96440 96459 0 0
E 385889 cfg=208 nodes= 96458 96443 96440 96459 96460 96447 96444 96461 0 0
E 385890 cfg=208 nodes= 96460 96447 96444 96461 96462 96451 96448 96463 0 0
E 385891 cfg=208 nodes= 96462 96451 96448 96463 96464 96455 96452 96465 0 0
E 385892 cfg=208 nodes= 61863 61831 61830 61864 96437 96438 96467 96466 0 0
E 385893 cfg=208 nodes= 96437 96438 96467 96466 96441 96442 96469 96468 0 0
E 385894 cfg=208 nodes= 96441 96442 96469 96468 96445 96446 96471 96470 0 0
E 385895 cfg=208 nodes= 96445 96446 96471 96470 96449 96450 96473 96472 0 0
E 385896 cfg=208 nodes= 96449 96450 96473 96472 96453 96454 96475 96474 0 0
E 385897 cfg=208 nodes= 61834 61833 61866 61867 96476 96456 96457 96477 0 0
E 385898 cfg=208 nodes= 96476 96456 96457 96477 96478 96458 96459 96479 0 0
E 385899 cfg=208 nodes= 96478 96458 96459 96479 96480 96460 96461 96481 0 0
E 385900 cfg=208 nodes= 96480 96460 96461 96481 96482 96462 96463 96483 0 0
E 385901 cfg=208 nodes= 96482 96462 96463 96483 96484 96464 96465 96485 0 0
E 385902 cfg=208 nodes= 61830 61829 61870 61864 96467 96487 96486 96466 0 0
E 385903 cfg=208 nodes= 96467 96487 96486 96466 96469 96489 96488 96468 0 0
E 385904 cfg=208 nodes= 96469 96489 96488 96468 96471 96491 96490 96470 0 0
E 385905 cfg=208 nodes= 96471 96491 96490 96470 96473 96493 96492 96472 0 0
E 385906 cfg=208 nodes= 96473 96493 96492 96472 96475 96495 96494 96474 0 0
E 385907 cfg=208 nodes= 61867 61871 61836 61835 96477 96498 96497 96496 0 0
E 385908 cfg=208 nodes= 96477 96498 96497 96496 96479 96501 96500 96499 0 0
E 385909 cfg=208 nodes= 96479 96501 96500 96499 96481 96504 96503 96502 0 0
E 385910 cfg=208 nodes= 96481 96504 96503 96502 96483 96507 96506 96505 0 0
E 385911 cfg=208 nodes= 96483 96507 96506 96505 96485 96510 96509 96508 0 0
E 385912 cfg=208 nodes= 61873 61866 61865 61868 96511 96457 96436 96512 0 0
E 385913 cfg=208 nodes= 96511 96457 96436 96512 96513 96459 96440 96514 0 0
E 385914 cfg=208 nodes= 96513 96459 96440 96514 96515 96461 96444 96516 0 0
E 385915 cfg=208 nodes= 96515 96461 96444 96516 96517 96463 96448 96518 0 0
E 385916 cfg=208 nodes= 96517 96463 96448 96518 96519 96465 96452 96520 0 0
E 385917 cfg=208 nodes= 61863 61869 61875 61868 96437 96522 96521 96512 0 0
E 385918 cfg=208 nodes= 96437 96522 96521 96512 96441 96524 96523 96514 0 0
E 385919 cfg=208 nodes= 96441 96524 96523 96514 96445 96526 96525 96516 0 0
E 385920 cfg=208 nodes= 96445 96526 96525 96516 96449 96528 96527 96518 0 0
E 385921 cfg=208 nodes= 96449 96528 96527 96518 96453 96530 96529 96520 0 0
E 385922 cfg=208 nodes= 61829 61828 61874 61870 96487 96532 96531 96486 0 0
E 385923 cfg=208 nodes= 96487 96532 96531 96486 96489 96534 96533 96488 0 0
E 385924 cfg=208 nodes= 96489 96534 96533 96488 96491 96536 96535 96490 0 0
E 385925 cfg=208 nodes= 96491 96536 96535 96490 96493 96538 96537 96492 0 0
E 385926 cfg=208 nodes= 96493 96538 96537 96492 96495 96540 96539 96494 0 0
E 385927 cfg=208 nodes= 61864 61870 61876 61869 96466 96486 96541 96522 0 0
E 385928 cfg=208 nodes= 96466 96486 96541 96522 96468 96488 96542 96524 0 0
E 385929 cfg=208 nodes= 96468 96488 96542 96524 96470 96490 96543 96526 0 0
E 385930 cfg=208 nodes= 96470 96490 96543 96526 96472 96492 96544 96528 0 0
E 385931 cfg=208 nodes= 96472 96492 96544 96528 96474 96494 96545 96530 0 0
E 385932 cfg=208 nodes= 61871 61877 61837 61836 96498 96547 96546 96497 0 0
E 385933 cfg=208 nodes= 96498 96547 96546 96497 96501 96549 96548 96500 0 0
E 385934 cfg=208 nodes= 96501 96549 96548 96500 96504 96551 96550 96503 0 0
E 385935 cfg=208 nodes= 96504 96551 96550 96503 96507 96553 96552 96506 0 0
E 385936 cfg=208 nodes= 96507 96553 96552 96506 96510 96555 96554 96509 0 0
E 385937 cfg=208 nodes= 61872 61878 61871 61867 96556 96557 96498 96477 0 0
E 385938 cfg=208 nodes= 96556 96557 96498 96477 96558 96559 96501 96479 0 0
E 385939 cfg=208 nodes= 96558 96559 96501 96479 96560 96561 96504 96481 0 0
E 385940 cfg=208 nodes= 96560 96561 96504 96481 96562 96563 96507 96483 0 0
E 385941 cfg=208 nodes= 96562 96563 96507 96483 96564 96565 96510 96485 0 0
E 385942 cfg=208 nodes= 61866 61873 61880 61872 96457 96511 96566 96556 0 0
E 385943 cfg=208 nodes= 96457 96511 96566 96556 96459 96513 96567 96558 0 0
E 385944 cfg=208 nodes= 96459 96513 96567 96558 96461 96515 96568 96560 0 0
E 385945 cfg=208 nodes= 96461 96515 96568 96560 96463 96517 96569 96562 0 0
E 385946 cfg=208 nodes= 96463 96517 96569 96562 96465 96519 96570 96564 0 0
E 385947 cfg=208 nodes= 61828 61827 61879 61874 96532 96572 96571 96531 0 0
E 385948 cfg=208 nodes= 96532 96572 96571 96531 96534 96574 96573 96533 0 0
E 385949 cfg=208 nodes= 96534 96574 96573 96533 96536 96576 96575 96535 0 0
E 385950 cfg=208 nodes= 96536 96576 96575 96535 96538 96578 96577 96537 0 0
E 385951 cfg=208 nodes= 96538 96578 96577 96537 96540 96580 96579 96539 0 0
E 385952 cfg=208 nodes= 61868 61875 61882 61873 96512 96521 96581 96511 0 0
E 385953 cfg=208 nodes= 96512 96521 96581 96511 96514 96523 96582 96513 0 0
E 385954 cfg=208 nodes= 96514 96523 96582 96513 96516 96525 96583 96515 0 0
E 385955 cfg=208 nodes= 96516 96525 96583 96515 96518 96527 96584 96517 0 0
E 385956 cfg=208 nodes= 96518 96527 96584 96517 96520 96529 96585 96519 0 0
E 385957 cfg=208 nodes= 61870 61874 61881 61876 96486 96531 96586 96541 0 0
E 385958 cfg=208 nodes= 96486 96531 96586 96541 96488 96533 96587 96542 0 0
E 385959 cfg=208 nodes= 96488 96533 96587 96542 96490 96535 96588 96543 0 0
E 385960 cfg=208 nodes= 96490 96535 96588 96543 96492 96537 96589 96544 0 0
E 385961 cfg=208 nodes= 96492 96537 96589 96544 96494 96539 96590 96545 0 0
E 385962 cfg=208 nodes= 61869 61876 61883 61875 96522 96541 96591 96521 0 0
E 385963 cfg=208 nodes= 96522 96541 96591 96521 96524 96542 96592 96523 0 0
E 385964 cfg=208 nodes= 96524 96542 96592 96523 96526 96543 96593 96525 0 0
E 385965 cfg=208 nodes= 96526 96543 96593 96525 96528 96544 96594 96527 0 0
E 385966 cfg=208 nodes= 96528 96544 96594 96527 96530 96545 96595 96529 0 0
E 385967 cfg=208 nodes= 61838 61837 61877 61884 96596 96546 96547 96597 0 0
E 385968 cfg=208 nodes= 96596 96546 96547 96597 96598 96548 96549 96599 0 0
E 385969 cfg=208 nodes= 96598 96548 96549 96599 96600 96550 96551 96601 0 0
E 385970 cfg=208 nodes= 96600 96550 96551 96601 96602 96552 96553 96603 0 0
E 385971 cfg=208 nodes= 96602 96552 96553 96603 96604 96554 96555 96605 0 0
E 385972 cfg=208 nodes= 61878 61885 61877 61871 96557 96606 96547 96498 0 0
E 385973 cfg=208 nodes= 96557 96606 96547 96498 96559 96607 96549 96501 0 0
E 385974 cfg=208 nodes= 96559 96607 96549 96501 96561 96608 96551 96504 0 0
E 385975 cfg=208 nodes= 96561 96608 96551 96504 96563 96609 96553 96507 0 0
E 385976 cfg=208 nodes= 96563 96609 96553 96507 96565 96610 96555 96510 0 0
E 385977 cfg=208 nodes= 61880 61888 61878 61872 96566 96611 96557 96556 0 0
E 385978 cfg=208 nodes= 96566 96611 96557 96556 96567 96612 96559 96558 0 0
E 385979 cfg=208 nodes= 96567 96612 96559 96558 96568 96613 96561 96560 0 0
E 385980 cfg=208 nodes= 96568 96613 96561 96560 96569 96614 96563 96562 0 0
E 385981 cfg=208 nodes= 96569 96614 96563 96562 96570 96615 96565 96564 0 0
E 385982 cfg=208 nodes= 61874 61879 61886 61881 96531 96571 96616 96586 0 0
E 385983 cfg=208 nodes= 96531 96571 96616 96586 96533 96573 96617 96587 0 0
E 385984 cfg=208 nodes= 96533 96573 96617 96587 96535 96575 96618 96588 0 0
E 385985 cfg=208 nodes= 96535 96575 96618 96588 96537 96577 96619 96589 0 0
E 385986 cfg=208 nodes= 96537 96577 96619 96589 96539 96579 96620 96590 0 0
E 385987 cfg=208 nodes= 61873 61882 61889 61880 96511 96581 96621 96566 0 0
E 385988 cfg=208 nodes= 96511 96581 96621 96566 96513 96582 96622 96567 0 0
E 385989 cfg=208 nodes= 96513 96582 96622 96567 96515 96583 96623 96568 0 0
E 385990 cfg=208 nodes= 96515 96583 96623 96568 96517 96584 96624 96569 0 0
E 385991 cfg=208 nodes= 96517 96584 96624 96569 96519 96585 96625 96570 0 0
E 385992 cfg=208 nodes= 61827 61826 61887 61879 96572 96627 96626 96571 0 0
E 385993 cfg=208 nodes= 96572 96627 96626 96571 96574 96629 96628 96573 0 0
E 385994 cfg=208 nodes= 96574 96629 96628 96573 96576 96631 96630 96575 0 0
E 385995 cfg=208 nodes= 96576 96631 96630 96575 96578 96633 96632 96577 0 0
E 385996 cfg=208 nodes= 96578 96633 96632 96577 96580 96635 96634 96579 0 0
E 385997 cfg=208 nodes= 61875 61883 61890 61882 96521 96591 96636 96581 0 0
E 385998 cfg=208 nodes= 96521 96591 96636 96581 96523 96592 96637 96582 0 0
E 385999 cfg=208 nodes= 96523 96592 96637 96582 96525 96593 96638 96583 0 0
E 386000 cfg=208 nodes= 96525 96593 96638 96583 96527 96594 96639 96584 0 0
E 386001 cfg=208 nodes= 96527 96594 96639 96584 96529 96595 96640 96585 0 0
E 386002 cfg=208 nodes= 61892 61883 61876 61881 96641 96591 96541 96586 0 0
E 386003 cfg=208 nodes= 96641 96591 96541 96586 96642 96592 96542 96587 0 0
E 386004 cfg=208 nodes= 96642 96592 96542 96587 96643 96593 96543 96588 0 0
E 386005 cfg=208 nodes= 96643 96593 96543 96588 96644 96594 96544 96589 0 0
E 386006 cfg=208 nodes= 96644 96594 96544 96589 96645 96595 96545 96590 0 0
E 386007 cfg=208 nodes= 61839 61838 61884 61891 96646 96596 96597 96647 0 0
E 386008 cfg=208 nodes= 96646 96596 96597 96647 96648 96598 96599 96649 0 0
E 386009 cfg=208 nodes= 96648 96598 96599 96649 96650 96600 96601 96651 0 0
E 386010 cfg=208 nodes= 96650 96600 96601 96651 96652 96602 96603 96653 0 0
E 386011 cfg=208 nodes= 96652 96602 96603 96653 96654 96604 96605 96655 0 0
E 386012 cfg=208 nodes= 61884 61877 61885 61893 96597 96547 96606 96656 0 0
E 386013 cfg=208 nodes= 96597 96547 96606 96656 96599 96549 96607 96657 0 0
E 386014 cfg=208 nodes= 96599 96549 96607 96657 96601 96551 96608 96658 0 0
E 386015 cfg=208 nodes= 96601 96551 96608 96658 96603 96553 96609 96659 0 0
E 386016 cfg=208 nodes= 96603 96553 96609 96659 96605 96555 96610 96660 0 0
E 386017 cfg=208 nodes= 61888 61895 61885 61878 96611 96661 96606 96557 0 0
E 386018 cfg=208 nodes= 96611 96661 96606 96557 96612 96662 96607 96559 0 0
E 386019 cfg=208 nodes= 96612 96662 96607 96559 96613 96663 96608 96561 0 0
E 386020 cfg=208 nodes= 96613 96663 96608 96561 96614 96664 96609 96563 0 0
E 386021 cfg=208 nodes= 96614 96664 96609 96563 96615 96665 96610 96565 0 0
E 386022 cfg=208 nodes= 61879 61887 61894 61886 96571 96626 96666 96616 0 0
E 386023 cfg=208 nodes= 96571 96626 96666 96616 96573 96628 96667 96617 0 0
E 386024 cfg=208 nodes= 96573 96628 96667 96617 96575 96630 96668 96618 0 0
E 386025 cfg=208 nodes= 96575 96630 96668 96618 96577 96632 96669 96619 0 0
E 386026 cfg=208 nodes= 96577 96632 96669 96619 96579 96634 96670 96620 0 0
E 386027 cfg=208 nodes= 61889 61897 61888 61880 96621 96671 96611 96566 0 0
E 386028 cfg=208 nodes= 96621 96671 96611 96566 96622 96672 96612 96567 0 0
E 386029 cfg=208 nodes= 96622 96672 96612 96567 96623 96673 96613 96568 0 0
E 386030 cfg=208 nodes= 96623 96673 96613 96568 96624 96674 96614 96569 0 0
E 386031 cfg=208 nodes= 96624 96674 96614 96569 96625 96675 96615 96570 0 0
E 386032 cfg=208 nodes= 61826 61825 61896 61887 96627 96677 96676 96626 0 0
E 386033 cfg=208 nodes= 96627 96677 96676 96626 96629 96679 96678 96628 0 0
E 386034 cfg=208 nodes= 96629 96679 96678 96628 96631 96681 96680 96630 0 0
E 386035 cfg=208 nodes= 96631 96681 96680 96630 96633 96683 96682 96632 0 0
E 386036 cfg=208 nodes= 96633 96683 96682 96632 96635 96685 96684 96634 0 0
E 386037 cfg=208 nodes= 61882 61890 61898 61889 96581 96636 96686 96621 0 0
E 386038 cfg=208 nodes= 96581 96636 96686 96621 96582 96637 96687 96622 0 0
E 386039 cfg=208 nodes= 96582 96637 96687 96622 96583 96638 96688 96623 0 0
E 386040 cfg=208 nodes= 96583 96638 96688 96623 96584 96639 96689 96624 0 0
E 386041 cfg=208 nodes= 96584 96639 96689 96624 96585 96640 96690 96625 0 0
E 386042 cfg=208 nodes= 61840 61839 61891 61900 96691 96646 96647 96692 0 0
E 386043 cfg=208 nodes= 96691 96646 96647 96692 96693 96648 96649 96694 0 0
E 386044 cfg=208 nodes= 96693 96648 96649 96694 96695 96650 96651 96696 0 0
E 386045 cfg=208 nodes= 96695 96650 96651 96696 96697 96652 96653 96698 0 0
E 386046 cfg=208 nodes= 96697 96652 96653 96698 96699 96654 96655 96700 0 0
E 386047 cfg=208 nodes= 61883 61892 61899 61890 96591 96641 96701 96636 0 0
E 386048 cfg=208 nodes= 96591 96641 96701 96636 96592 96642 96702 96637 0 0
E 386049 cfg=208 nodes= 96592 96642 96702 96637 96593 96643 96703 96638 0 0
E 386050 cfg=208 nodes= 96593 96643 96703 96638 96594 96644 96704 96639 0 0
E 386051 cfg=208 nodes= 96594 96644 96704 96639 96595 96645 96705 96640 0 0
E 386052 cfg=208 nodes= 61891 61884 61893 61901 96647 96597 96656 96706 0 0
E 386053 cfg=208 nodes= 96647 96597 96656 96706 96649 96599 96657 96707 0 0
E 386054 cfg=208 nodes= 96649 96599 96657 96707 96651 96601 96658 96708 0 0
E 386055 cfg=208 nodes= 96651 96601 96658 96708 96653 96603 96659 96709 0 0
E 386056 cfg=208 nodes= 96653 96603 96659 96709 96655 96605 96660 96710 0 0
E 386057 cfg=208 nodes= 61886 61894 61902 61892 96616 96666 96711 96641 0 0
E 386058 cfg=208 nodes= 96616 96666 96711 96641 96617 96667 96712 96642 0 0
E 386059 cfg=208 nodes= 96617 96667 96712 96642 96618 96668 96713 96643 0 0
E 386060 cfg=208 nodes= 96618 96668 96713 96643 96619 96669 96714 96644 0 0
E 386061 cfg=208 nodes= 96619 96669 96714 96644 96620 96670 96715 96645 0 0
E 386062 cfg=208 nodes= 61893 61885 61895 61903 96656 96606 96661 96716 0 0
E 386063 cfg=208 nodes= 96656 96606 96661 96716 96657 96607 96662 96717 0 0
E 386064 cfg=208 nodes= 96657 96607 96662 96717 96658 96608 96663 96718 0 0
E 386065 cfg=208 nodes= 96658 96608 96663 96718 96659 96609 96664 96719 0 0
E 386066 cfg=208 nodes= 96659 96609 96664 96719 96660 96610 96665 96720 0 0
E 386067 cfg=208 nodes= 61887 61896 61904 61894 96626 96676 96721 96666 0 0
E 386068 cfg=208 nodes= 96626 96676 96721 96666 96628 96678 96722 96667 0 0
E 386069 cfg=208 nodes= 96628 96678 96722 96667 96630 96680 96723 96668 0 0
E 386070 cfg=208 nodes= 96630 96680 96723 96668 96632 96682 96724 96669 0 0
E 386071 cfg=208 nodes= 96632 96682 96724 96669 96634 96684 96725 96670 0 0
E 386072 cfg=208 nodes= 61897 61906 61895 61888 96671 96726 96661 96611 0 0
E 386073 cfg=208 nodes= 96671 96726 96661 96611 96672 96727 96662 96612 0 0
E 386074 cfg=208 nodes= 96672 96727 96662 96612 96673 96728 96663 96613 0 0
E 386075 cfg=208 nodes= 96673 96728 96663 96613 96674 96729 96664 96614 0 0
E 386076 cfg=208 nodes= 96674 96729 96664 96614 96675 96730 96665 96615 0 0
E 386077 cfg=208 nodes= 61899 61905 61898 61890 96701 96731 96686 96636 0 0
E 386078 cfg=208 nodes= 96701 96731 96686 96636 96702 96732 96687 96637 0 0
E 386079 cfg=208 nodes= 96702 96732 96687 96637 96703 96733 96688 96638 0 0
E 386080 cfg=208 nodes= 96703 96733 96688 96638 96704 96734 96689 96639 0 0
E 386081 cfg=208 nodes= 96704 96734 96689 96639 96705 96735 96690 96640 0 0
E 386082 cfg=208 nodes= 61825 61824 61907 61896 96677 96737 96736 96676 0 0
E 386083 cfg=208 nodes= 96677 96737 96736 96676 96679 96739 96738 96678 0 0
E 386084 cfg=208 nodes= 96679 96739 96738 96678 96681 96741 96740 96680 0 0
E 386085 cfg=208 nodes= 96681 96741 96740 96680 96683 96743 96742 96682 0 0
E 386086 cfg=208 nodes= 96683 96743 96742 96682 96685 96745 96744 96684 0 0
E 386087 cfg=208 nodes= 61841 61840 61900 61908 96746 96691 96692 96747 0 0
E 386088 cfg=208 nodes= 96746 96691 96692 96747 96748 96693 96694 96749 0 0
E 386089 cfg=208 nodes= 96748 96693 96694 96749 96750 96695 96696 96751 0 0
E 386090 cfg=208 nodes= 96750 96695 96696 96751 96752 96697 96698 96753 0 0
E 386091 cfg=208 nodes= 96752 96697 96698 96753 96754 96699 96700 96755 0 0
E 386092 cfg=208 nodes= 61900 61891 61901 61910 96692 96647 96706 96756 0 0
E 386093 cfg=208 nodes= 96692 96647 96706 96756 96694 96649 96707 96757 0 0
E 386094 cfg=208 nodes= 96694 96649 96707 96757 96696 96651 96708 96758 0 0
E 386095 cfg=208 nodes= 96696 96651 96708 96758 96698 96653 96709 96759 0 0
E 386096 cfg=208 nodes= 96698 96653 96709 96759 96700 96655 96710 96760 0 0
E 386097 cfg=208 nodes= 61889 61852 61851 61897 96621 96762 96761 96671 0 0
E 386098 cfg=208 nodes= 96621 96762 96761 96671 96622 96764 96763 96672 0 0
E 386099 cfg=208 nodes= 96622 96764 96763 96672 96623 96766 96765 96673 0 0
E 386100 cfg=208 nodes= 96623 96766 96765 96673 96624 96768 96767 96674 0 0
E 386101 cfg=208 nodes= 96624 96768 96767 96674 96625 96770 96769 96675 0 0
E 386102 cfg=208 nodes= 61892 61902 61909 61899 96641 96711 96771 96701 0 0
E 386103 cfg=208 nodes= 96641 96711 96771 96701 96642 96712 96772 96702 0 0
E 386104 cfg=208 nodes= 96642 96712 96772 96702 96643 96713 96773 96703 0 0
E 386105 cfg=208 nodes= 96643 96713 96773 96703 96644 96714 96774 96704 0 0
E 386106 cfg=208 nodes= 96644 96714 96774 96704 96645 96715 96775 96705 0 0
E 386107 cfg=208 nodes= 61901 61893 61903 61912 96706 96656 96716 96776 0 0
E 386108 cfg=208 nodes= 96706 96656 96716 96776 96707 96657 96717 96777 0 0
E 386109 cfg=208 nodes= 96707 96657 96717 96777 96708 96658 96718 96778 0 0
E 386110 cfg=208 nodes= 96708 96658 96718 96778 96709 96659 96719 96779 0 0
E 386111 cfg=208 nodes= 96709 96659 96719 96779 96710 96660 96720 96780 0 0
E 386112 cfg=208 nodes= 61894 61904 61911 61902 96666 96721 96781 96711 0 0
E 386113 cfg=208 nodes= 96666 96721 96781 96711 96667 96722 96782 96712 0 0
E 386114 cfg=208 nodes= 96667 96722 96782 96712 96668 96723 96783 96713 0 0
E 386115 cfg=208 nodes= 96668 96723 96783 96713 96669 96724 96784 96714 0 0
E 386116 cfg=208 nodes= 96669 96724 96784 96714 96670 96725 96785 96715 0 0
E 386117 cfg=208 nodes= 61903 61895 61906 61914 96716 96661 96726 96786 0 0
E 386118 cfg=208 nodes= 96716 96661 96726 96786 96717 96662 96727 96787 0 0
E 386119 cfg=208 nodes= 96717 96662 96727 96787 96718 96663 96728 96788 0 0
E 386120 cfg=208 nodes= 96718 96663 96728 96788 96719 96664 96729 96789 0 0
E 386121 cfg=208 nodes= 96719 96664 96729 96789 96720 96665 96730 96790 0 0
E 386122 cfg=208 nodes= 61896 61907 61915 61904 96676 96736 96791 96721 0 0
E 386123 cfg=208 nodes= 96676 96736 96791 96721 96678 96738 96792 96722 0 0
E 386124 cfg=208 nodes= 96678 96738 96792 96722 96680 96740 96793 96723 0 0
E 386125 cfg=208 nodes= 96680 96740 96793 96723 96682 96742 96794 96724 0 0
E 386126 cfg=208 nodes= 96682 96742 96794 96724 96684 96744 96795 96725 0 0
E 386127 cfg=208 nodes= 61909 61913 61905 61899 96771 96796 96731 96701 0 0
E 386128 cfg=208 nodes= 96771 96796 96731 96701 96772 96797 96732 96702 0 0
E 386129 cfg=208 nodes= 96772 96797 96732 96702 96773 96798 96733 96703 0 0
E 386130 cfg=208 nodes= 96773 96798 96733 96703 96774 96799 96734 96704 0 0
E 386131 cfg=208 nodes= 96774 96799 96734 96704 96775 96800 96735 96705 0 0
E 386132 cfg=208 nodes= 61843 61852 61898 61905 96801 96762 96686 96731 0 0
E 386133 cfg=208 nodes= 96801 96762 96686 96731 96802 96764 96687 96732 0 0
E 386134 cfg=208 nodes= 96802 96764 96687 96732 96803 96766 96688 96733 0 0
E 386135 cfg=208 nodes= 96803 96766 96688 96733 96804 96768 96689 96734 0 0
E 386136 cfg=208 nodes= 96804 96768 96689 96734 96805 96770 96690 96735 0 0
E 386137 cfg=208 nodes= 61842 61841 61908 61916 96806 96746 96747 96807 0 0
E 386138 cfg=208 nodes= 96806 96746 96747 96807 96808 96748 96749 96809 0 0
E 386139 cfg=208 nodes= 96808 96748 96749 96809 96810 96750 96751 96811 0 0
E 386140 cfg=208 nodes= 96810 96750 96751 96811 96812 96752 96753 96813 0 0
E 386141 cfg=208 nodes= 96812 96752 96753 96813 96814 96754 96755 96815 0 0
E 386142 cfg=208 nodes= 61851 61850 61906 61897 96761 96816 96726 96671 0 0
E 386143 cfg=208 nodes= 96761 96816 96726 96671 96763 96817 96727 96672 0 0
E 386144 cfg=208 nodes= 96763 96817 96727 96672 96765 96818 96728 96673 0 0
E 386145 cfg=208 nodes= 96765 96818 96728 96673 96767 96819 96729 96674 0 0
E 386146 cfg=208 nodes= 96767 96819 96729 96674 96769 96820 96730 96675 0 0
E 386147 cfg=208 nodes= 61908 61900 61910 61917 96747 96692 96756 96821 0 0
E 386148 cfg=208 nodes= 96747 96692 96756 96821 96749 96694 96757 96822 0 0
E 386149 cfg=208 nodes= 96749 96694 96757 96822 96751 96696 96758 96823 0 0
E 386150 cfg=208 nodes= 96751 96696 96758 96823 96753 96698 96759 96824 0 0
E 386151 cfg=208 nodes= 96753 96698 96759 96824 96755 96700 96760 96825 0 0
E 386152 cfg=208 nodes= 61907 61824 61823 61918 96736 96737 96827 96826 0 0
E 386153 cfg=208 nodes= 96736 96737 96827 96826 96738 96739 96829 96828 0 0
E 386154 cfg=208 nodes= 96738 96739 96829 96828 96740 96741 96831 96830 0 0
E 386155 cfg=208 nodes= 96740 96741 96831 96830 96742 96743 96833 96832 0 0
E 386156 cfg=208 nodes= 96742 96743 96833 96832 96744 96745 96835 96834 0 0
E 386157 cfg=208 nodes= 61902 61911 61919 61909 96711 96781 96836 96771 0 0
E 386158 cfg=208 nodes= 96711 96781 96836 96771 96712 96782 96837 96772 0 0
E 386159 cfg=208 nodes= 96712 96782 96837 96772 96713 96783 96838 96773 0 0
E 386160 cfg=208 nodes= 96713 96783 96838 96773 96714 96784 96839 96774 0 0
E 386161 cfg=208 nodes= 96714 96784 96839 96774 96715 96785 96840 96775 0 0
E 386162 cfg=208 nodes= 61910 61901 61912 61920 96756 96706 96776 96841 0 0
E 386163 cfg=208 nodes= 96756 96706 96776 96841 96757 96707 96777 96842 0 0
E 386164 cfg=208 nodes= 96757 96707 96777 96842 96758 96708 96778 96843 0 0
E 386165 cfg=208 nodes= 96758 96708 96778 96843 96759 96709 96779 96844 0 0
E 386166 cfg=208 nodes= 96759 96709 96779 96844 96760 96710 96780 96845 0 0
E 386167 cfg=208 nodes= 61912 61903 61914 61922 96776 96716 96786 96846 0 0
E 386168 cfg=208 nodes= 96776 96716 96786 96846 96777 96717 96787 96847 0 0
E 386169 cfg=208 nodes= 96777 96717 96787 96847 96778 96718 96788 96848 0 0
E 386170 cfg=208 nodes= 96778 96718 96788 96848 96779 96719 96789 96849 0 0
E 386171 cfg=208 nodes= 96779 96719 96789 96849 96780 96720 96790 96850 0 0
E 386172 cfg=208 nodes= 61904 61915 61921 61911 96721 96791 96851 96781 0 0
E 386173 cfg=208 nodes= 96721 96791 96851 96781 96722 96792 96852 96782 0 0
E 386174 cfg=208 nodes= 96722 96792 96852 96782 96723 96793 96853 96783 0 0
E 386175 cfg=208 nodes= 96723 96793 96853 96783 96724 96794 96854 96784 0 0
E 386176 cfg=208 nodes= 96724 96794 96854 96784 96725 96795 96855 96785 0 0
E 386177 cfg=208 nodes= 61843 61905 61913 61844 96801 96731 96796 96856 0 0
E 386178 cfg=208 nodes= 96801 96731 96796 96856 96802 96732 96797 96857 0 0
E 386179 cfg=208 nodes= 96802 96732 96797 96857 96803 96733 96798 96858 0 0
E 386180 cfg=208 nodes= 96803 96733 96798 96858 96804 96734 96799 96859 0 0
E 386181 cfg=208 nodes= 96804 96734 96799 96859 96805 96735 96800 96860 0 0
E 386182 cfg=208 nodes= 59745 61842 61916 59746 96861 96806 96807 96862 0 0
E 386183 cfg=208 nodes= 96861 96806 96807 96862 96863 96808 96809 96864 0 0
E 386184 cfg=208 nodes= 96863 96808 96809 96864 96865 96810 96811 96866 0 0
E 386185 cfg=208 nodes= 96865 96810 96811 96866 96867 96812 96813 96868 0 0
E 386186 cfg=208 nodes= 96867 96812 96813 96868 96869 96814 96815 96870 0 0
E 386187 cfg=208 nodes= 61914 61906 61850 61849 96786 96726 96816 96871 0 0
E 386188 cfg=208 nodes= 96786 96726 96816 96871 96787 96727 96817 96872 0 0
E 386189 cfg=208 nodes= 96787 96727 96817 96872 96788 96728 96818 96873 0 0
E 386190 cfg=208 nodes= 96788 96728 96818 96873 96789 96729 96819 96874 0 0
E 386191 cfg=208 nodes= 96789 96729 96819 96874 96790 96730 96820 96875 0 0
E 386192 cfg=208 nodes= 61915 61907 61918 61923 96791 96736 96826 96876 0 0
E 386193 cfg=208 nodes= 96791 96736 96826 96876 96792 96738 96828 96877 0 0
E 386194 cfg=208 nodes= 96792 96738 96828 96877 96793 96740 96830 96878 0 0
E 386195 cfg=208 nodes= 96793 96740 96830 96878 96794 96742 96832 96879 0 0
E 386196 cfg=208 nodes= 96794 96742 96832 96879 96795 96744 96834 96880 0 0
E 386197 cfg=208 nodes= 61916 61908 61917 61924 96807 96747 96821 96881 0 0
E 386198 cfg=208 nodes= 96807 96747 96821 96881 96809 96749 96822 96882 0 0
E 386199 cfg=208 nodes= 96809 96749 96822 96882 96811 96751 96823 96883 0 0
E 386200 cfg=208 nodes= 96811 96751 96823 96883 96813 96753 96824 96884 0 0
E 386201 cfg=208 nodes= 96813 96753 96824 96884 96815 96755 96825 96885 0 0
E 386202 cfg=208 nodes= 61929 61913 61909 61919 96886 96796 96771 96836 0 0
E 386203 cfg=208 nodes= 96886 96796 96771 96836 96887 96797 96772 96837 0 0
E 386204 cfg=208 nodes= 96887 96797 96772 96837 96888 96798 96773 96838 0 0
E 386205 cfg=208 nodes= 96888 96798 96773 96838 96889 96799 96774 96839 0 0
E 386206 cfg=208 nodes= 96889 96799 96774 96839 96890 96800 96775 96840 0 0
E 386207 cfg=208 nodes= 61917 61910 61920 61925 96821 96756 96841 96891 0 0
E 386208 cfg=208 nodes= 96821 96756 96841 96891 96822 96757 96842 96892 0 0
E 386209 cfg=208 nodes= 96822 96757 96842 96892 96823 96758 96843 96893 0 0
E 386210 cfg=208 nodes= 96823 96758 96843 96893 96824 96759 96844 96894 0 0
E 386211 cfg=208 nodes= 96824 96759 96844 96894 96825 96760 96845 96895 0 0
E 386212 cfg=208 nodes= 61918 61823 61822 61927 96826 96827 96897 96896 0 0
E 386213 cfg=208 nodes= 96826 96827 96897 96896 96828 96829 96899 96898 0 0
E 386214 cfg=208 nodes= 96828 96829 96899 96898 96830 96831 96901 96900 0 0
E 386215 cfg=208 nodes= 96830 96831 96901 96900 96832 96833 96903 96902 0 0
E 386216 cfg=208 nodes= 96832 96833 96903 96902 96834 96835 96905 96904 0 0
E 386217 cfg=208 nodes= 61911 61921 61926 61919 96781 96851 96906 96836 0 0
E 386218 cfg=208 nodes= 96781 96851 96906 96836 96782 96852 96907 96837 0 0
E 386219 cfg=208 nodes= 96782 96852 96907 96837 96783 96853 96908 96838 0 0
E 386220 cfg=208 nodes= 96783 96853 96908 96838 96784 96854 96909 96839 0 0
E 386221 cfg=208 nodes= 96784 96854 96909 96839 96785 96855 96910 96840 0 0
E 386222 cfg=208 nodes= 61920 61912 61922 61928 96841 96776 96846 96911 0 0
E 386223 cfg=208 nodes= 96841 96776 96846 96911 96842 96777 96847 96912 0 0
E 386224 cfg=208 nodes= 96842 96777 96847 96912 96843 96778 96848 96913 0 0
E 386225 cfg=208 nodes= 96843 96778 96848 96913 96844 96779 96849 96914 0 0
E 386226 cfg=208 nodes= 96844 96779 96849 96914 96845 96780 96850 96915 0 0
E 386227 cfg=208 nodes= 61921 61915 61923 61930 96851 96791 96876 96916 0 0
E 386228 cfg=208 nodes= 96851 96791 96876 96916 96852 96792 96877 96917 0 0
E 386229 cfg=208 nodes= 96852 96792 96877 96917 96853 96793 96878 96918 0 0
E 386230 cfg=208 nodes= 96853 96793 96878 96918 96854 96794 96879 96919 0 0
E 386231 cfg=208 nodes= 96854 96794 96879 96919 96855 96795 96880 96920 0 0
E 386232 cfg=208 nodes= 59746 61916 61924 59747 96862 96807 96881 96921 0 0
E 386233 cfg=208 nodes= 96862 96807 96881 96921 96864 96809 96882 96922 0 0
E 386234 cfg=208 nodes= 96864 96809 96882 96922 96866 96811 96883 96923 0 0
E 386235 cfg=208 nodes= 96866 96811 96883 96923 96868 96813 96884 96924 0 0
E 386236 cfg=208 nodes= 96868 96813 96884 96924 96870 96815 96885 96925 0 0
E 386237 cfg=208 nodes= 61849 61931 61922 61914 96871 96926 96846 96786 0 0
E 386238 cfg=208 nodes= 96871 96926 96846 96786 96872 96927 96847 96787 0 0
E 386239 cfg=208 nodes= 96872 96927 96847 96787 96873 96928 96848 96788 0 0
E 386240 cfg=208 nodes= 96873 96928 96848 96788 96874 96929 96849 96789 0 0
E 386241 cfg=208 nodes= 96874 96929 96849 96789 96875 96930 96850 96790 0 0
E 386242 cfg=208 nodes= 61924 61917 61925 61933 96881 96821 96891 96931 0 0
E 386243 cfg=208 nodes= 96881 96821 96891 96931 96882 96822 96892 96932 0 0
E 386244 cfg=208 nodes= 96882 96822 96892 96932 96883 96823 96893 96933 0 0
E 386245 cfg=208 nodes= 96883 96823 96893 96933 96884 96824 96894 96934 0 0
E 386246 cfg=208 nodes= 96884 96824 96894 96934 96885 96825 96895 96935 0 0
E 386247 cfg=208 nodes= 61923 61918 61927 61934 96876 96826 96896 96936 0 0
E 386248 cfg=208 nodes= 96876 96826 96896 96936 96877 96828 96898 96937 0 0
E 386249 cfg=208 nodes= 96877 96828 96898 96937 96878 96830 96900 96938 0 0
E 386250 cfg=208 nodes= 96878 96830 96900 96938 96879 96832 96902 96939 0 0
E 386251 cfg=208 nodes= 96879 96832 96902 96939 96880 96834 96904 96940 0 0
E 386252 cfg=208 nodes= 61919 61926 61932 61929 96836 96906 96941 96886 0 0
E 386253 cfg=208 nodes= 96836 96906 96941 96886 96837 96907 96942 96887 0 0
E 386254 cfg=208 nodes= 96837 96907 96942 96887 96838 96908 96943 96888 0 0
E 386255 cfg=208 nodes= 96838 96908 96943 96888 96839 96909 96944 96889 0 0
E 386256 cfg=208 nodes= 96839 96909 96944 96889 96840 96910 96945 96890 0 0
E 386257 cfg=208 nodes= 61925 61920 61928 61935 96891 96841 96911 96946 0 0
E 386258 cfg=208 nodes= 96891 96841 96911 96946 96892 96842 96912 96947 0 0
E 386259 cfg=208 nodes= 96892 96842 96912 96947 96893 96843 96913 96948 0 0
E 386260 cfg=208 nodes= 96893 96843 96913 96948 96894 96844 96914 96949 0 0
E 386261 cfg=208 nodes= 96894 96844 96914 96949 96895 96845 96915 96950 0 0
E 386262 cfg=208 nodes= 61821 61936 61927 61822 96951 96952 96896 96897 0 0
E 386263 cfg=208 nodes= 96951 96952 96896 96897 96953 96954 96898 96899 0 0
E 386264 cfg=208 nodes= 96953 96954 96898 96899 96955 96956 96900 96901 0 0
E 386265 cfg=208 nodes= 96955 96956 96900 96901 96957 96958 96902 96903 0 0
E 386266 cfg=208 nodes= 96957 96958 96902 96903 96959 96960 96904 96905 0 0
E 386267 cfg=208 nodes= 61926 61921 61930 61937 96906 96851 96916 96961 0 0
E 386268 cfg=208 nodes= 96906 96851 96916 96961 96907 96852 96917 96962 0 0
E 386269 cfg=208 nodes= 96907 96852 96917 96962 96908 96853 96918 96963 0 0
E 386270 cfg=208 nodes= 96908 96853 96918 96963 96909 96854 96919 96964 0 0
E 386271 cfg=208 nodes= 96909 96854 96919 96964 96910 96855 96920 96965 0 0
E 386272 cfg=208 nodes= 61931 61938 61928 61922 96926 96966 96911 96846 0 0
E 386273 cfg=208 nodes= 96926 96966 96911 96846 96927 96967 96912 96847 0 0
E 386274 cfg=208 nodes= 96927 96967 96912 96847 96928 96968 96913 96848 0 0
E 386275 cfg=208 nodes= 96928 96968 96913 96848 96929 96969 96914 96849 0 0
E 386276 cfg=208 nodes= 96929 96969 96914 96849 96930 96970 96915 96850 0 0
E 386277 cfg=208 nodes= 61939 61845 61844 61929 96971 96972 96856 96886 0 0
E 386278 cfg=208 nodes= 96971 96972 96856 96886 96973 96974 96857 96887 0 0
E 386279 cfg=208 nodes= 96973 96974 96857 96887 96975 96976 96858 96888 0 0
E 386280 cfg=208 nodes= 96975 96976 96858 96888 96977 96978 96859 96889 0 0
E 386281 cfg=208 nodes= 96977 96978 96859 96889 96979 96980 96860 96890 0 0
E 386282 cfg=208 nodes= 61930 61923 61934 61940 96916 96876 96936 96981 0 0
E 386283 cfg=208 nodes= 96916 96876 96936 96981 96917 96877 96937 96982 0 0
E 386284 cfg=208 nodes= 96917 96877 96937 96982 96918 96878 96938 96983 0 0
E 386285 cfg=208 nodes= 96918 96878 96938 96983 96919 96879 96939 96984 0 0
E 386286 cfg=208 nodes= 96919 96879 96939 96984 96920 96880 96940 96985 0 0
E 386287 cfg=208 nodes= 59747 61924 61933 59748 96921 96881 96931 96986 0 0
E 386288 cfg=208 nodes= 96921 96881 96931 96986 96922 96882 96932 96987 0 0
E 386289 cfg=208 nodes= 96922 96882 96932 96987 96923 96883 96933 96988 0 0
E 386290 cfg=208 nodes= 96923 96883 96933 96988 96924 96884 96934 96989 0 0
E 386291 cfg=208 nodes= 96924 96884 96934 96989 96925 96885 96935 96990 0 0
E 386292 cfg=208 nodes= 61933 61925 61935 61941 96931 96891 96946 96991 0 0
E 386293 cfg=208 nodes= 96931 96891 96946 96991 96932 96892 96947 96992 0 0
E 386294 cfg=208 nodes= 96932 96892 96947 96992 96933 96893 96948 96993 0 0
E 386295 cfg=208 nodes= 96933 96893 96948 96993 96934 96894 96949 96994 0 0
E 386296 cfg=208 nodes= 96934 96894 96949 96994 96935 96895 96950 96995 0 0
E 386297 cfg=208 nodes= 61936 61942 61934 61927 96952 96996 96936 96896 0 0
E 386298 cfg=208 nodes= 96952 96996 96936 96896 96954 96997 96937 96898 0 0
E 386299 cfg=208 nodes= 96954 96997 96937 96898 96956 96998 96938 96900 0 0
E 386300 cfg=208 nodes= 96956 96998 96938 96900 96958 96999 96939 96902 0 0
E 386301 cfg=208 nodes= 96958 96999 96939 96902 96960 97000 96940 96904 0 0
E 386302 cfg=208 nodes= 61931 61849 61848 61943 96926 96871 97002 97001 0 0
E 386303 cfg=208 nodes= 96926 96871 97002 97001 96927 96872 97004 97003 0 0
E 386304 cfg=208 nodes= 96927 96872 97004 97003 96928 96873 97006 97005 0 0
E 386305 cfg=208 nodes= 96928 96873 97006 97005 96929 96874 97008 97007 0 0
E 386306 cfg=208 nodes= 96929 96874 97008 97007 96930 96875 97010 97009 0 0
E 386307 cfg=208 nodes= 61932 61926 61937 61944 96941 96906 96961 97011 0 0
E 386308 cfg=208 nodes= 96941 96906 96961 97011 96942 96907 96962 97012 0 0
E 386309 cfg=208 nodes= 96942 96907 96962 97012 96943 96908 96963 97013 0 0
E 386310 cfg=208 nodes= 96943 96908 96963 97013 96944 96909 96964 97014 0 0
E 386311 cfg=208 nodes= 96944 96909 96964 97014 96945 96910 96965 97015 0 0
E 386312 cfg=208 nodes= 61820 61945 61936 61821 97016 97017 96952 96951 0 0
E 386313 cfg=208 nodes= 97016 97017 96952 96951 97018 97019 96954 96953 0 0
E 386314 cfg=208 nodes= 97018 97019 96954 96953 97020 97021 96956 96955 0 0
E 386315 cfg=208 nodes= 97020 97021 96956 96955 97022 97023 96958 96957 0 0
E 386316 cfg=208 nodes= 97022 97023 96958 96957 97024 97025 96960 96959 0 0
E 386317 cfg=208 nodes= 61928 61938 61946 61935 96911 96966 97026 96946 0 0
E 386318 cfg=208 nodes= 96911 96966 97026 96946 96912 96967 97027 96947 0 0
E 386319 cfg=208 nodes= 96912 96967 97027 96947 96913 96968 97028 96948 0 0
E 386320 cfg=208 nodes= 96913 96968 97028 96948 96914 96969 97029 96949 0 0
E 386321 cfg=208 nodes= 96914 96969 97029 96949 96915 96970 97030 96950 0 0
E 386322 cfg=208 nodes= 61937 61930 61940 61948 96961 96916 96981 97031 0 0
E 386323 cfg=208 nodes= 96961 96916 96981 97031 96962 96917 96982 97032 0 0
E 386324 cfg=208 nodes= 96962 96917 96982 97032 96963 96918 96983 97033 0 0
E 386325 cfg=208 nodes= 96963 96918 96983 97033 96964 96919 96984 97034 0 0
E 386326 cfg=208 nodes= 96964 96919 96984 97034 96965 96920 96985 97035 0 0
E 386327 cfg=208 nodes= 59748 61933 61941 59749 96986 96931 96991 97036 0 0
E 386328 cfg=208 nodes= 96986 96931 96991 97036 96987 96932 96992 97037 0 0
E 386329 cfg=208 nodes= 96987 96932 96992 97037 96988 96933 96993 97038 0 0
E 386330 cfg=208 nodes= 96988 96933 96993 97038 96989 96934 96994 97039 0 0
E 386331 cfg=208 nodes= 96989 96934 96994 97039 96990 96935 96995 97040 0 0
E 386332 cfg=208 nodes= 61942 61949 61940 61934 96996 97041 96981 96936 0 0
E 386333 cfg=208 nodes= 96996 97041 96981 96936 96997 97042 96982 96937 0 0
E 386334 cfg=208 nodes= 96997 97042 96982 96937 96998 97043 96983 96938 0 0
E 386335 cfg=208 nodes= 96998 97043 96983 96938 96999 97044 96984 96939 0 0
E 386336 cfg=208 nodes= 96999 97044 96984 96939 97000 97045 96985 96940 0 0
E 386337 cfg=208 nodes= 61938 61931 61943 61950 96966 96926 97001 97046 0 0
E 386338 cfg=208 nodes= 96966 96926 97001 97046 96967 96927 97003 97047 0 0
E 386339 cfg=208 nodes= 96967 96927 97003 97047 96968 96928 97005 97048 0 0
E 386340 cfg=208 nodes= 96968 96928 97005 97048 96969 96929 97007 97049 0 0
E 386341 cfg=208 nodes= 96969 96929 97007 97049 96970 96930 97009 97050 0 0
E 386342 cfg=208 nodes= 61939 61932 61944 61951 96971 96941 97011 97051 0 0
E 386343 cfg=208 nodes= 96971 96941 97011 97051 96973 96942 97012 97052 0 0
E 386344 cfg=208 nodes= 96973 96942 97012 97052 96975 96943 97013 97053 0 0
E 386345 cfg=208 nodes= 96975 96943 97013 97053 96977 96944 97014 97054 0 0
E 386346 cfg=208 nodes= 96977 96944 97014 97054 96979 96945 97015 97055 0 0
E 386347 cfg=208 nodes= 61945 61953 61942 61936 97017 97056 96996 96952 0 0
E 386348 cfg=208 nodes= 97017 97056 96996 96952 97019 97057 96997 96954 0 0
E 386349 cfg=208 nodes= 97019 97057 96997 96954 97021 97058 96998 96956 0 0
E 386350 cfg=208 nodes= 97021 97058 96998 96956 97023 97059 96999 96958 0 0
E 386351 cfg=208 nodes= 97023 97059 96999 96958 97025 97060 97000 96960 0 0
E 386352 cfg=208 nodes= 61943 61848 61847 61952 97001 97002 97062 97061 0 0
E 386353 cfg=208 nodes= 97001 97002 97062 97061 97003 97004 97064 97063 0 0
E 386354 cfg=208 nodes= 97003 97004 97064 97063 97005 97006 97066 97065 0 0
E 386355 cfg=208 nodes= 97005 97006 97066 97065 97007 97008 97068 97067 0 0
E 386356 cfg=208 nodes= 97007 97008 97068 97067 97009 97010 97070 97069 0 0
E 386357 cfg=208 nodes= 61935 61946 61954 61941 96946 97026 97071 96991 0 0
E 386358 cfg=208 nodes= 96946 97026 97071 96991 96947 97027 97072 96992 0 0
E 386359 cfg=208 nodes= 96947 97027 97072 96992 96948 97028 97073 96993 0 0
E 386360 cfg=208 nodes= 96948 97028 97073 96993 96949 97029 97074 96994 0 0
E 386361 cfg=208 nodes= 96949 97029 97074 96994 96950 97030 97075 96995 0 0
E 386362 cfg=208 nodes= 61846 61845 61947 61957 97076 96972 97078 97077 0 0
E 386363 cfg=208 nodes= 97076 96972 97078 97077 97079 96974 97081 97080 0 0
E 386364 cfg=208 nodes= 97079 96974 97081 97080 97082 96976 97084 97083 0 0
E 386365 cfg=208 nodes= 97082 96976 97084 97083 97085 96978 97087 97086 0 0
E 386366 cfg=208 nodes= 97085 96978 97087 97086 97088 96980 97090 97089 0 0
E 386367 cfg=208 nodes= 61945 61820 61819 61955 97017 97016 97092 97091 0 0
E 386368 cfg=208 nodes= 97017 97016 97092 97091 97019 97018 97094 97093 0 0
E 386369 cfg=208 nodes= 97019 97018 97094 97093 97021 97020 97096 97095 0 0
E 386370 cfg=208 nodes= 97021 97020 97096 97095 97023 97022 97098 97097 0 0
E 386371 cfg=208 nodes= 97023 97022 97098 97097 97025 97024 97100 97099 0 0
E 386372 cfg=208 nodes= 61944 61937 61948 61958 97011 96961 97031 97101 0 0
E 386373 cfg=208 nodes= 97011 96961 97031 97101 97012 96962 97032 97102 0 0
E 386374 cfg=208 nodes= 97012 96962 97032 97102 97013 96963 97033 97103 0 0
E 386375 cfg=208 nodes= 97013 96963 97033 97103 97014 96964 97034 97104 0 0
E 386376 cfg=208 nodes= 97014 96964 97034 97104 97015 96965 97035 97105 0 0
E 386377 cfg=208 nodes= 61946 61938 61950 61956 97026 96966 97046 97106 0 0
E 386378 cfg=208 nodes= 97026 96966 97046 97106 97027 96967 97047 97107 0 0
E 386379 cfg=208 nodes= 97027 96967 97047 97107 97028 96968 97048 97108 0 0
E 386380 cfg=208 nodes= 97028 96968 97048 97108 97029 96969 97049 97109 0 0
E 386381 cfg=208 nodes= 97029 96969 97049 97109 97030 96970 97050 97110 0 0
E 386382 cfg=208 nodes= 61949 61959 61948 61940 97041 97111 97031 96981 0 0
E 386383 cfg=208 nodes= 97041 97111 97031 96981 97042 97112 97032 96982 0 0
E 386384 cfg=208 nodes= 97042 97112 97032 96982 97043 97113 97033 96983 0 0
E 386385 cfg=208 nodes= 97043 97113 97033 96983 97044 97114 97034 96984 0 0
E 386386 cfg=208 nodes= 97044 97114 97034 96984 97045 97115 97035 96985 0 0
E 386387 cfg=208 nodes= 61947 61939 61951 61960 97078 96971 97051 97116 0 0
E 386388 cfg=208 nodes= 97078 96971 97051 97116 97081 96973 97052 97117 0 0
E 386389 cfg=208 nodes= 97081 96973 97052 97117 97084 96975 97053 97118 0 0
E 386390 cfg=208 nodes= 97084 96975 97053 97118 97087 96977 97054 97119 0 0
E 386391 cfg=208 nodes= 97087 96977 97054 97119 97090 96979 97055 97120 0 0
E 386392 cfg=208 nodes= 61968 61847 61846 61957 97121 97062 97076 97077 0 0
E 386393 cfg=208 nodes= 97121 97062 97076 97077 97122 97064 97079 97080 0 0
E 386394 cfg=208 nodes= 97122 97064 97079 97080 97123 97066 97082 97083 0 0
E 386395 cfg=208 nodes= 97123 97066 97082 97083 97124 97068 97085 97086 0 0
E 386396 cfg=208 nodes= 97124 97068 97085 97086 97125 97070 97088 97089 0 0
E 386397 cfg=208 nodes= 61941 61954 59750 59749 96991 97071 97126 97036 0 0
E 386398 cfg=208 nodes= 96991 97071 97126 97036 96992 97072 97127 97037 0 0
E 386399 cfg=208 nodes= 96992 97072 97127 97037 96993 97073 97128 97038 0 0
E 386400 cfg=208 nodes= 96993 97073 97128 97038 96994 97074 97129 97039 0 0
E 386401 cfg=208 nodes= 96994 97074 97129 97039 96995 97075 97130 97040 0 0
E 386402 cfg=208 nodes= 61953 61961 61949 61942 97056 97131 97041 96996 0 0
E 386403 cfg=208 nodes= 97056 97131 97041 96996 97057 97132 97042 96997 0 0
E 386404 cfg=208 nodes= 97057 97132 97042 96997 97058 97133 97043 96998 0 0
E 386405 cfg=208 nodes= 97058 97133 97043 96998 97059 97134 97044 96999 0 0
E 386406 cfg=208 nodes= 97059 97134 97044 96999 97060 97135 97045 97000 0 0
E 386407 cfg=208 nodes= 61950 61943 61952 61962 97046 97001 97061 97136 0 0
E 386408 cfg=208 nodes= 97046 97001 97061 97136 97047 97003 97063 97137 0 0
E 386409 cfg=208 nodes= 97047 97003 97063 97137 97048 97005 97065 97138 0 0
E 386410 cfg=208 nodes= 97048 97005 97065 97138 97049 97007 97067 97139 0 0
E 386411 cfg=208 nodes= 97049 97007 97067 97139 97050 97009 97069 97140 0 0
E 386412 cfg=208 nodes= 61953 61945 61955 61963 97056 97017 97091 97141 0 0
E 386413 cfg=208 nodes= 97056 97017 97091 97141 97057 97019 97093 97142 0 0
E 386414 cfg=208 nodes= 97057 97019 97093 97142 97058 97021 97095 97143 0 0
E 386415 cfg=208 nodes= 97058 97021 97095 97143 97059 97023 97097 97144 0 0
E 386416 cfg=208 nodes= 97059 97023 97097 97144 97060 97025 97099 97145 0 0
E 386417 cfg=208 nodes= 61951 61944 61958 61967 97051 97011 97101 97146 0 0
E 386418 cfg=208 nodes= 97051 97011 97101 97146 97052 97012 97102 97147 0 0
E 386419 cfg=208 nodes= 97052 97012 97102 97147 97053 97013 97103 97148 0 0
E 386420 cfg=208 nodes= 97053 97013 97103 97148 97054 97014 97104 97149 0 0
E 386421 cfg=208 nodes= 97054 97014 97104 97149 97055 97015 97105 97150 0 0
E 386422 cfg=208 nodes= 61954 61946 61956 61964 97071 97026 97106 97151 0 0
E 386423 cfg=208 nodes= 97071 97026 97106 97151 97072 97027 97107 97152 0 0
E 386424 cfg=208 nodes= 97072 97027 97107 97152 97073 97028 97108 97153 0 0
E 386425 cfg=208 nodes= 97073 97028 97108 97153 97074 97029 97109 97154 0 0
E 386426 cfg=208 nodes= 97074 97029 97109 97154 97075 97030 97110 97155 0 0
E 386427 cfg=208 nodes= 61818 61966 61955 61819 97156 97157 97091 97092 0 0
E 386428 cfg=208 nodes= 97156 97157 97091 97092 97158 97159 97093 97094 0 0
E 386429 cfg=208 nodes= 97158 97159 97093 97094 97160 97161 97095 97096 0 0
E 386430 cfg=208 nodes= 97160 97161 97095 97096 97162 97163 97097 97098 0 0
E 386431 cfg=208 nodes= 97162 97163 97097 97098 97164 97165 97099 97100 0 0
E 386432 cfg=208 nodes= 61959 61969 61958 61948 97111 97166 97101 97031 0 0
E 386433 cfg=208 nodes= 97111 97166 97101 97031 97112 97167 97102 97032 0 0
E 386434 cfg=208 nodes= 97112 97167 97102 97032 97113 97168 97103 97033 0 0
E 386435 cfg=208 nodes= 97113 97168 97103 97033 97114 97169 97104 97034 0 0
E 386436 cfg=208 nodes= 97114 97169 97104 97034 97115 97170 97105 97035 0 0
E 386437 cfg=208 nodes= 61957 61947 61960 61970 97077 97078 97116 97171 0 0
E 386438 cfg=208 nodes= 97077 97078 97116 97171 97080 97081 97117 97172 0 0
E 386439 cfg=208 nodes= 97080 97081 97117 97172 97083 97084 97118 97173 0 0
E 386440 cfg=208 nodes= 97083 97084 97118 97173 97086 97087 97119 97174 0 0
E 386441 cfg=208 nodes= 97086 97087 97119 97174 97089 97090 97120 97175 0 0
E 386442 cfg=208 nodes= 61961 61971 61959 61949 97131 97176 97111 97041 0 0
E 386443 cfg=208 nodes= 97131 97176 97111 97041 97132 97177 97112 97042 0 0
E 386444 cfg=208 nodes= 97132 97177 97112 97042 97133 97178 97113 97043 0 0
E 386445 cfg=208 nodes= 97133 97178 97113 97043 97134 97179 97114 97044 0 0
E 386446 cfg=208 nodes= 97134 97179 97114 97044 97135 97180 97115 97045 0 0
E 386447 cfg=208 nodes= 61961 61953 61963 61972 97131 97056 97141 97181 0 0
E 386448 cfg=208 nodes= 97131 97056 97141 97181 97132 97057 97142 97182 0 0
E 386449 cfg=208 nodes= 97132 97057 97142 97182 97133 97058 97143 97183 0 0
E 386450 cfg=208 nodes= 97133 97058 97143 97183 97134 97059 97144 97184 0 0
E 386451 cfg=208 nodes= 97134 97059 97144 97184 97135 97060 97145 97185 0 0
E 386452 cfg=208 nodes= 59750 61954 61964 59751 97126 97071 97151 97186 0 0
E 386453 cfg=208 nodes= 97126 97071 97151 97186 97127 97072 97152 97187 0 0
E 386454 cfg=208 nodes= 97127 97072 97152 97187 97128 97073 97153 97188 0 0
E 386455 cfg=208 nodes= 97128 97073 97153 97188 97129 97074 97154 97189 0 0
E 386456 cfg=208 nodes= 97129 97074 97154 97189 97130 97075 97155 97190 0 0
E 386457 cfg=208 nodes= 61950 61962 61973 61965 97046 97136 97192 97191 0 0
E 386458 cfg=208 nodes= 97046 97136 97192 97191 97047 97137 97194 97193 0 0
E 386459 cfg=208 nodes= 97047 97137 97194 97193 97048 97138 97196 97195 0 0
E 386460 cfg=208 nodes= 97048 97138 97196 97195 97049 97139 97198 97197 0 0
E 386461 cfg=208 nodes= 97049 97139 97198 97197 97050 97140 97200 97199 0 0
E 386462 cfg=208 nodes= 61960 61951 61967 61975 97116 97051 97146 97201 0 0
E 386463 cfg=208 nodes= 97116 97051 97146 97201 97117 97052 97147 97202 0 0
E 386464 cfg=208 nodes= 97117 97052 97147 97202 97118 97053 97148 97203 0 0
E 386465 cfg=208 nodes= 97118 97053 97148 97203 97119 97054 97149 97204 0 0
E 386466 cfg=208 nodes= 97119 97054 97149 97204 97120 97055 97150 97205 0 0
E 386467 cfg=208 nodes= 61968 61977 61962 61952 97121 97206 97136 97061 0 0
E 386468 cfg=208 nodes= 97121 97206 97136 97061 97122 97207 97137 97063 0 0
E 386469 cfg=208 nodes= 97122 97207 97137 97063 97123 97208 97138 97065 0 0
E 386470 cfg=208 nodes= 97123 97208 97138 97065 97124 97209 97139 97067 0 0
E 386471 cfg=208 nodes= 97124 97209 97139 97067 97125 97210 97140 97069 0 0
E 386472 cfg=208 nodes= 61965 61974 61964 61956 97191 97211 97151 97106 0 0
E 386473 cfg=208 nodes= 97191 97211 97151 97106 97193 97212 97152 97107 0 0
E 386474 cfg=208 nodes= 97193 97212 97152 97107 97195 97213 97153 97108 0 0
E 386475 cfg=208 nodes= 97195 97213 97153 97108 97197 97214 97154 97109 0 0
E 386476 cfg=208 nodes= 97197 97214 97154 97109 97199 97215 97155 97110 0 0
E 386477 cfg=208 nodes= 61966 61976 61963 61955 97157 97216 97141 97091 0 0
E 386478 cfg=208 nodes= 97157 97216 97141 97091 97159 97217 97142 97093 0 0
E 386479 cfg=208 nodes= 97159 97217 97142 97093 97161 97218 97143 97095 0 0
E 386480 cfg=208 nodes= 97161 97218 97143 97095 97163 97219 97144 97097 0 0
E 386481 cfg=208 nodes= 97163 97219 97144 97097 97165 97220 97145 97099 0 0
E 386482 cfg=208 nodes= 61817 61978 61966 61818 97221 97222 97157 97156 0 0
E 386483 cfg=208 nodes= 97221 97222 97157 97156 97223 97224 97159 97158 0 0
E 386484 cfg=208 nodes= 97223 97224 97159 97158 97225 97226 97161 97160 0 0
E 386485 cfg=208 nodes= 97225 97226 97161 97160 97227 97228 97163 97162 0 0
E 386486 cfg=208 nodes= 97227 97228 97163 97162 97229 97230 97165 97164 0 0
E 386487 cfg=208 nodes= 61969 61979 61967 61958 97166 97231 97146 97101 0 0
E 386488 cfg=208 nodes= 97166 97231 97146 97101 97167 97232 97147 97102 0 0
E 386489 cfg=208 nodes= 97167 97232 97147 97102 97168 97233 97148 97103 0 0
E 386490 cfg=208 nodes= 97168 97233 97148 97103 97169 97234 97149 97104 0 0
E 386491 cfg=208 nodes= 97169 97234 97149 97104 97170 97235 97150 97105 0 0
E 386492 cfg=208 nodes= 61968 61957 61970 61981 97121 97077 97171 97236 0 0
E 386493 cfg=208 nodes= 97121 97077 97171 97236 97122 97080 97172 97237 0 0
E 386494 cfg=208 nodes= 97122 97080 97172 97237 97123 97083 97173 97238 0 0
E 386495 cfg=208 nodes= 97123 97083 97173 97238 97124 97086 97174 97239 0 0
E 386496 cfg=208 nodes= 97124 97086 97174 97239 97125 97089 97175 97240 0 0
E 386497 cfg=208 nodes= 61971 61980 61969 61959 97176 97241 97166 97111 0 0
E 386498 cfg=208 nodes= 97176 97241 97166 97111 97177 97242 97167 97112 0 0
E 386499 cfg=208 nodes= 97177 97242 97167 97112 97178 97243 97168 97113 0 0
E 386500 cfg=208 nodes= 97178 97243 97168 97113 97179 97244 97169 97114 0 0
E 386501 cfg=208 nodes= 97179 97244 97169 97114 97180 97245 97170 97115 0 0
E 386502 cfg=208 nodes= 61971 61961 61972 61982 97176 97131 97181 97246 0 0
E 386503 cfg=208 nodes= 97176 97131 97181 97246 97177 97132 97182 97247 0 0
E 386504 cfg=208 nodes= 97177 97132 97182 97247 97178 97133 97183 97248 0 0
E 386505 cfg=208 nodes= 97178 97133 97183 97248 97179 97134 97184 97249 0 0
E 386506 cfg=208 nodes= 97179 97134 97184 97249 97180 97135 97185 97250 0 0
E 386507 cfg=208 nodes= 61970 61960 61975 61983 97171 97116 97201 97251 0 0
E 386508 cfg=208 nodes= 97171 97116 97201 97251 97172 97117 97202 97252 0 0
E 386509 cfg=208 nodes= 97172 97117 97202 97252 97173 97118 97203 97253 0 0
E 386510 cfg=208 nodes= 97173 97118 97203 97253 97174 97119 97204 97254 0 0
E 386511 cfg=208 nodes= 97174 97119 97204 97254 97175 97120 97205 97255 0 0
E 386512 cfg=208 nodes= 61974 59752 59751 61964 97211 97256 97186 97151 0 0
E 386513 cfg=208 nodes= 97211 97256 97186 97151 97212 97257 97187 97152 0 0
E 386514 cfg=208 nodes= 97212 97257 97187 97152 97213 97258 97188 97153 0 0
E 386515 cfg=208 nodes= 97213 97258 97188 97153 97214 97259 97189 97154 0 0
E 386516 cfg=208 nodes= 97214 97259 97189 97154 97215 97260 97190 97155 0 0
E 386517 cfg=208 nodes= 61976 61984 61972 61963 97216 97261 97181 97141 0 0
E 386518 cfg=208 nodes= 97216 97261 97181 97141 97217 97262 97182 97142 0 0
E 386519 cfg=208 nodes= 97217 97262 97182 97142 97218 97263 97183 97143 0 0
E 386520 cfg=208 nodes= 97218 97263 97183 97143 97219 97264 97184 97144 0 0
E 386521 cfg=208 nodes= 97219 97264 97184 97144 97220 97265 97185 97145 0 0
E 386522 cfg=208 nodes= 61973 61985 61974 61965 97192 97266 97211 97191 0 0
E 386523 cfg=208 nodes= 97192 97266 97211 97191 97194 97267 97212 97193 0 0
E 386524 cfg=208 nodes= 97194 97267 97212 97193 97196 97268 97213 97195 0 0
E 386525 cfg=208 nodes= 97196 97268 97213 97195 97198 97269 97214 97197 0 0
E 386526 cfg=208 nodes= 97198 97269 97214 97197 97200 97270 97215 97199 0 0
E 386527 cfg=208 nodes= 61962 61977 61987 61973 97136 97206 97271 97192 0 0
E 386528 cfg=208 nodes= 97136 97206 97271 97192 97137 97207 97272 97194 0 0
E 386529 cfg=208 nodes= 97137 97207 97272 97194 97138 97208 97273 97196 0 0
E 386530 cfg=208 nodes= 97138 97208 97273 97196 97139 97209 97274 97198 0 0
E 386531 cfg=208 nodes= 97139 97209 97274 97198 97140 97210 97275 97200 0 0
E 386532 cfg=208 nodes= 61978 61986 61976 61966 97222 97276 97216 97157 0 0
E 386533 cfg=208 nodes= 97222 97276 97216 97157 97224 97277 97217 97159 0 0
E 386534 cfg=208 nodes= 97224 97277 97217 97159 97226 97278 97218 97161 0 0
E 386535 cfg=208 nodes= 97226 97278 97218 97161 97228 97279 97219 97163 0 0
E 386536 cfg=208 nodes= 97228 97279 97219 97163 97230 97280 97220 97165 0 0
E 386537 cfg=208 nodes= 61979 61988 61975 61967 97231 97281 97201 97146 0 0
E 386538 cfg=208 nodes= 97231 97281 97201 97146 97232 97282 97202 97147 0 0
E 386539 cfg=208 nodes= 97232 97282 97202 97147 97233 97283 97203 97148 0 0
E 386540 cfg=208 nodes= 97233 97283 97203 97148 97234 97284 97204 97149 0 0
E 386541 cfg=208 nodes= 97234 97284 97204 97149 97235 97285 97205 97150 0 0
E 386542 cfg=208 nodes= 61977 61968 61981 61991 97206 97121 97236 97286 0 0
E 386543 cfg=208 nodes= 97206 97121 97236 97286 97207 97122 97237 97287 0 0
E 386544 cfg=208 nodes= 97207 97122 97237 97287 97208 97123 97238 97288 0 0
E 386545 cfg=208 nodes= 97208 97123 97238 97288 97209 97124 97239 97289 0 0
E 386546 cfg=208 nodes= 97209 97124 97239 97289 97210 97125 97240 97290 0 0
E 386547 cfg=208 nodes= 61816 61989 61978 61817 97291 97292 97222 97221 0 0
E 386548 cfg=208 nodes= 97291 97292 97222 97221 97293 97294 97224 97223 0 0
E 386549 cfg=208 nodes= 97293 97294 97224 97223 97295 97296 97226 97225 0 0
E 386550 cfg=208 nodes= 97295 97296 97226 97225 97297 97298 97228 97227 0 0
E 386551 cfg=208 nodes= 97297 97298 97228 97227 97299 97300 97230 97229 0 0
E 386552 cfg=208 nodes= 61980 61990 61979 61969 97241 97301 97231 97166 0 0
E 386553 cfg=208 nodes= 97241 97301 97231 97166 97242 97302 97232 97167 0 0
E 386554 cfg=208 nodes= 97242 97302 97232 97167 97243 97303 97233 97168 0 0
E 386555 cfg=208 nodes= 97243 97303 97233 97168 97244 97304 97234 97169 0 0
E 386556 cfg=208 nodes= 97244 97304 97234 97169 97245 97305 97235 97170 0 0
E 386557 cfg=208 nodes= 61980 61971 61982 61992 97241 97176 97246 97306 0 0
E 386558 cfg=208 nodes= 97241 97176 97246 97306 97242 97177 97247 97307 0 0
E 386559 cfg=208 nodes= 97242 97177 97247 97307 97243 97178 97248 97308 0 0
E 386560 cfg=208 nodes= 97243 97178 97248 97308 97244 97179 97249 97309 0 0
E 386561 cfg=208 nodes= 97244 97179 97249 97309 97245 97180 97250 97310 0 0
E 386562 cfg=208 nodes= 61981 61970 61983 61993 97236 97171 97251 97311 0 0
E 386563 cfg=208 nodes= 97236 97171 97251 97311 97237 97172 97252 97312 0 0
E 386564 cfg=208 nodes= 97237 97172 97252 97312 97238 97173 97253 97313 0 0
E 386565 cfg=208 nodes= 97238 97173 97253 97313 97239 97174 97254 97314 0 0
E 386566 cfg=208 nodes= 97239 97174 97254 97314 97240 97175 97255 97315 0 0
E 386567 cfg=208 nodes= 61984 61994 61982 61972 97261 97316 97246 97181 0 0
E 386568 cfg=208 nodes= 97261 97316 97246 97181 97262 97317 97247 97182 0 0
E 386569 cfg=208 nodes= 97262 97317 97247 97182 97263 97318 97248 97183 0 0
E 386570 cfg=208 nodes= 97263 97318 97248 97183 97264 97319 97249 97184 0 0
E 386571 cfg=208 nodes= 97264 97319 97249 97184 97265 97320 97250 97185 0 0
E 386572 cfg=208 nodes= 61985 59753 59752 61974 97266 97321 97256 97211 0 0
E 386573 cfg=208 nodes= 97266 97321 97256 97211 97267 97322 97257 97212 0 0
E 386574 cfg=208 nodes= 97267 97322 97257 97212 97268 97323 97258 97213 0 0
E 386575 cfg=208 nodes= 97268 97323 97258 97213 97269 97324 97259 97214 0 0
E 386576 cfg=208 nodes= 97269 97324 97259 97214 97270 97325 97260 97215 0 0
E 386577 cfg=208 nodes= 61986 61995 61984 61976 97276 97326 97261 97216 0 0
E 386578 cfg=208 nodes= 97276 97326 97261 97216 97277 97327 97262 97217 0 0
E 386579 cfg=208 nodes= 97277 97327 97262 97217 97278 97328 97263 97218 0 0
E 386580 cfg=208 nodes= 97278 97328 97263 97218 97279 97329 97264 97219 0 0
E 386581 cfg=208 nodes= 97279 97329 97264 97219 97280 97330 97265 97220 0 0
E 386582 cfg=208 nodes= 61988 61996 61983 61975 97281 97331 97251 97201 0 0
E 386583 cfg=208 nodes= 97281 97331 97251 97201 97282 97332 97252 97202 0 0
E 386584 cfg=208 nodes= 97282 97332 97252 97202 97283 97333 97253 97203 0 0
E 386585 cfg=208 nodes= 97283 97333 97253 97203 97284 97334 97254 97204 0 0
E 386586 cfg=208 nodes= 97284 97334 97254 97204 97285 97335 97255 97205 0 0
E 386587 cfg=208 nodes= 61997 61985 61973 61987 97336 97266 97192 97271 0 0
E 386588 cfg=208 nodes= 97336 97266 97192 97271 97337 97267 97194 97272 0 0
E 386589 cfg=208 nodes= 97337 97267 97194 97272 97338 97268 97196 97273 0 0
E 386590 cfg=208 nodes= 97338 97268 97196 97273 97339 97269 97198 97274 0 0
E 386591 cfg=208 nodes= 97339 97269 97198 97274 97340 97270 97200 97275 0 0
E 386592 cfg=208 nodes= 61989 61998 61986 61978 97292 97341 97276 97222 0 0
E 386593 cfg=208 nodes= 97292 97341 97276 97222 97294 97342 97277 97224 0 0
E 386594 cfg=208 nodes= 97294 97342 97277 97224 97296 97343 97278 97226 0 0
E 386595 cfg=208 nodes= 97296 97343 97278 97226 97298 97344 97279 97228 0 0
E 386596 cfg=208 nodes= 97298 97344 97279 97228 97300 97345 97280 97230 0 0
E 386597 cfg=208 nodes= 61990 61999 61988 61979 97301 97346 97281 97231 0 0
E 386598 cfg=208 nodes= 97301 97346 97281 97231 97302 97347 97282 97232 0 0
E 386599 cfg=208 nodes= 97302 97347 97282 97232 97303 97348 97283 97233 0 0
E 386600 cfg=208 nodes= 97303 97348 97283 97233 97304 97349 97284 97234 0 0
E 386601 cfg=208 nodes= 97304 97349 97284 97234 97305 97350 97285 97235 0 0
E 386602 cfg=208 nodes= 61977 61991 62000 61987 97206 97286 97351 97271 0 0
E 386603 cfg=208 nodes= 97206 97286 97351 97271 97207 97287 97352 97272 0 0
E 386604 cfg=208 nodes= 97207 97287 97352 97272 97208 97288 97353 97273 0 0
E 386605 cfg=208 nodes= 97208 97288 97353 97273 97209 97289 97354 97274 0 0
E 386606 cfg=208 nodes= 97209 97289 97354 97274 97210 97290 97355 97275 0 0
E 386607 cfg=208 nodes= 61815 62001 61989 61816 97356 97357 97292 97291 0 0
E 386608 cfg=208 nodes= 97356 97357 97292 97291 97358 97359 97294 97293 0 0
E 386609 cfg=208 nodes= 97358 97359 97294 97293 97360 97361 97296 97295 0 0
E 386610 cfg=208 nodes= 97360 97361 97296 97295 97362 97363 97298 97297 0 0
E 386611 cfg=208 nodes= 97362 97363 97298 97297 97364 97365 97300 97299 0 0
E 386612 cfg=208 nodes= 61990 61980 61992 62002 97301 97241 97306 97366 0 0
E 386613 cfg=208 nodes= 97301 97241 97306 97366 97302 97242 97307 97367 0 0
E 386614 cfg=208 nodes= 97302 97242 97307 97367 97303 97243 97308 97368 0 0
E 386615 cfg=208 nodes= 97303 97243 97308 97368 97304 97244 97309 97369 0 0
E 386616 cfg=208 nodes= 97304 97244 97309 97369 97305 97245 97310 97370 0 0
E 386617 cfg=208 nodes= 61991 61981 61993 62003 97286 97236 97311 97371 0 0
E 386618 cfg=208 nodes= 97286 97236 97311 97371 97287 97237 97312 97372 0 0
E 386619 cfg=208 nodes= 97287 97237 97312 97372 97288 97238 97313 97373 0 0
E 386620 cfg=208 nodes= 97288 97238 97313 97373 97289 97239 97314 97374 0 0
E 386621 cfg=208 nodes= 97289 97239 97314 97374 97290 97240 97315 97375 0 0
E 386622 cfg=208 nodes= 61994 62004 61992 61982 97316 97376 97306 97246 0 0
E 386623 cfg=208 nodes= 97316 97376 97306 97246 97317 97377 97307 97247 0 0
E 386624 cfg=208 nodes= 97317 97377 97307 97247 97318 97378 97308 97248 0 0
E 386625 cfg=208 nodes= 97318 97378 97308 97248 97319 97379 97309 97249 0 0
E 386626 cfg=208 nodes= 97319 97379 97309 97249 97320 97380 97310 97250 0 0
E 386627 cfg=208 nodes= 61995 62005 61994 61984 97326 97381 97316 97261 0 0
E 386628 cfg=208 nodes= 97326 97381 97316 97261 97327 97382 97317 97262 0 0
E 386629 cfg=208 nodes= 97327 97382 97317 97262 97328 97383 97318 97263 0 0
E 386630 cfg=208 nodes= 97328 97383 97318 97263 97329 97384 97319 97264 0 0
E 386631 cfg=208 nodes= 97329 97384 97319 97264 97330 97385 97320 97265 0 0
E 386632 cfg=208 nodes= 61996 62006 61993 61983 97331 97386 97311 97251 0 0
E 386633 cfg=208 nodes= 97331 97386 97311 97251 97332 97387 97312 97252 0 0
E 386634 cfg=208 nodes= 97332 97387 97312 97252 97333 97388 97313 97253 0 0
E 386635 cfg=208 nodes= 97333 97388 97313 97253 97334 97389 97314 97254 0 0
E 386636 cfg=208 nodes= 97334 97389 97314 97254 97335 97390 97315 97255 0 0
E 386637 cfg=208 nodes= 59754 59753 61985 61997 97391 97321 97266 97336 0 0
E 386638 cfg=208 nodes= 97391 97321 97266 97336 97392 97322 97267 97337 0 0
E 386639 cfg=208 nodes= 97392 97322 97267 97337 97393 97323 97268 97338 0 0
E 386640 cfg=208 nodes= 97393 97323 97268 97338 97394 97324 97269 97339 0 0
E 386641 cfg=208 nodes= 97394 97324 97269 97339 97395 97325 97270 97340 0 0
E 386642 cfg=208 nodes= 61998 62007 61995 61986 97341 97396 97326 97276 0 0
E 386643 cfg=208 nodes= 97341 97396 97326 97276 97342 97397 97327 97277 0 0
E 386644 cfg=208 nodes= 97342 97397 97327 97277 97343 97398 97328 97278 0 0
E 386645 cfg=208 nodes= 97343 97398 97328 97278 97344 97399 97329 97279 0 0
E 386646 cfg=208 nodes= 97344 97399 97329 97279 97345 97400 97330 97280 0 0
E 386647 cfg=208 nodes= 61999 62008 61996 61988 97346 97401 97331 97281 0 0
E 386648 cfg=208 nodes= 97346 97401 97331 97281 97347 97402 97332 97282 0 0
E 386649 cfg=208 nodes= 97347 97402 97332 97282 97348 97403 97333 97283 0 0
E 386650 cfg=208 nodes= 97348 97403 97333 97283 97349 97404 97334 97284 0 0
E 386651 cfg=208 nodes= 97349 97404 97334 97284 97350 97405 97335 97285 0 0
E 386652 cfg=208 nodes= 62009 61997 61987 62000 97406 97336 97271 97351 0 0
E 386653 cfg=208 nodes= 97406 97336 97271 97351 97407 97337 97272 97352 0 0
E 386654 cfg=208 nodes= 97407 97337 97272 97352 97408 97338 97273 97353 0 0
E 386655 cfg=208 nodes= 97408 97338 97273 97353 97409 97339 97274 97354 0 0
E 386656 cfg=208 nodes= 97409 97339 97274 97354 97410 97340 97275 97355 0 0
E 386657 cfg=208 nodes= 62001 62010 61998 61989 97357 97411 97341 97292 0 0
E 386658 cfg=208 nodes= 97357 97411 97341 97292 97359 97412 97342 97294 0 0
E 386659 cfg=208 nodes= 97359 97412 97342 97294 97361 97413 97343 97296 0 0
E 386660 cfg=208 nodes= 97361 97413 97343 97296 97363 97414 97344 97298 0 0
E 386661 cfg=208 nodes= 97363 97414 97344 97298 97365 97415 97345 97300 0 0
E 386662 cfg=208 nodes= 61999 61990 62002 62011 97346 97301 97366 97416 0 0
E 386663 cfg=208 nodes= 97346 97301 97366 97416 97347 97302 97367 97417 0 0
E 386664 cfg=208 nodes= 97347 97302 97367 97417 97348 97303 97368 97418 0 0
E 386665 cfg=208 nodes= 97348 97303 97368 97418 97349 97304 97369 97419 0 0
E 386666 cfg=208 nodes= 97349 97304 97369 97419 97350 97305 97370 97420 0 0
E 386667 cfg=208 nodes= 61991 62003 62013 62000 97286 97371 97421 97351 0 0
E 386668 cfg=208 nodes= 97286 97371 97421 97351 97287 97372 97422 97352 0 0
E 386669 cfg=208 nodes= 97287 97372 97422 97352 97288 97373 97423 97353 0 0
E 386670 cfg=208 nodes= 97288 97373 97423 97353 97289 97374 97424 97354 0 0
E 386671 cfg=208 nodes= 97289 97374 97424 97354 97290 97375 97425 97355 0 0
E 386672 cfg=208 nodes= 61814 62012 62001 61815 97426 97427 97357 97356 0 0
E 386673 cfg=208 nodes= 97426 97427 97357 97356 97428 97429 97359 97358 0 0
E 386674 cfg=208 nodes= 97428 97429 97359 97358 97430 97431 97361 97360 0 0
E 386675 cfg=208 nodes= 97430 97431 97361 97360 97432 97433 97363 97362 0 0
E 386676 cfg=208 nodes= 97432 97433 97363 97362 97434 97435 97365 97364 0 0
E 386677 cfg=208 nodes= 62004 62014 62002 61992 97376 97436 97366 97306 0 0
E 386678 cfg=208 nodes= 97376 97436 97366 97306 97377 97437 97367 97307 0 0
E 386679 cfg=208 nodes= 97377 97437 97367 97307 97378 97438 97368 97308 0 0
E 386680 cfg=208 nodes= 97378 97438 97368 97308 97379 97439 97369 97309 0 0
E 386681 cfg=208 nodes= 97379 97439 97369 97309 97380 97440 97370 97310 0 0
E 386682 cfg=208 nodes= 62005 62015 62004 61994 97381 97441 97376 97316 0 0
E 386683 cfg=208 nodes= 97381 97441 97376 97316 97382 97442 97377 97317 0 0
E 386684 cfg=208 nodes= 97382 97442 97377 97317 97383 97443 97378 97318 0 0
E 386685 cfg=208 nodes= 97383 97443 97378 97318 97384 97444 97379 97319 0 0
E 386686 cfg=208 nodes= 97384 97444 97379 97319 97385 97445 97380 97320 0 0
E 386687 cfg=208 nodes= 62006 62016 62003 61993 97386 97446 97371 97311 0 0
E 386688 cfg=208 nodes= 97386 97446 97371 97311 97387 97447 97372 97312 0 0
E 386689 cfg=208 nodes= 97387 97447 97372 97312 97388 97448 97373 97313 0 0
E 386690 cfg=208 nodes= 97388 97448 97373 97313 97389 97449 97374 97314 0 0
E 386691 cfg=208 nodes= 97389 97449 97374 97314 97390 97450 97375 97315 0 0
E 386692 cfg=208 nodes= 62007 62017 62005 61995 97396 97451 97381 97326 0 0
E 386693 cfg=208 nodes= 97396 97451 97381 97326 97397 97452 97382 97327 0 0
E 386694 cfg=208 nodes= 97397 97452 97382 97327 97398 97453 97383 97328 0 0
E 386695 cfg=208 nodes= 97398 97453 97383 97328 97399 97454 97384 97329 0 0
E 386696 cfg=208 nodes= 97399 97454 97384 97329 97400 97455 97385 97330 0 0
E 386697 cfg=208 nodes= 62008 62018 62006 61996 97401 97456 97386 97331 0 0
E 386698 cfg=208 nodes= 97401 97456 97386 97331 97402 97457 97387 97332 0 0
E 386699 cfg=208 nodes= 97402 97457 97387 97332 97403 97458 97388 97333 0 0
E 386700 cfg=208 nodes= 97403 97458 97388 97333 97404 97459 97389 97334 0 0
E 386701 cfg=208 nodes= 97404 97459 97389 97334 97405 97460 97390 97335 0 0
E 386702 cfg=208 nodes= 59755 59754 61997 62009 97461 97391 97336 97406 0 0
E 386703 cfg=208 nodes= 97461 97391 97336 97406 97462 97392 97337 97407 0 0
E 386704 cfg=208 nodes= 97462 97392 97337 97407 97463 97393 97338 97408 0 0
E 386705 cfg=208 nodes= 97463 97393 97338 97408 97464 97394 97339 97409 0 0
E 386706 cfg=208 nodes= 97464 97394 97339 97409 97465 97395 97340 97410 0 0
E 386707 cfg=208 nodes= 62010 62019 62007 61998 97411 97466 97396 97341 0 0
E 386708 cfg=208 nodes= 97411 97466 97396 97341 97412 97467 97397 97342 0 0
E 386709 cfg=208 nodes= 97412 97467 97397 97342 97413 97468 97398 97343 0 0
E 386710 cfg=208 nodes= 97413 97468 97398 97343 97414 97469 97399 97344 0 0
E 386711 cfg=208 nodes= 97414 97469 97399 97344 97415 97470 97400 97345 0 0
E 386712 cfg=208 nodes= 62008 61999 62011 62020 97401 97346 97416 97471 0 0
E 386713 cfg=208 nodes= 97401 97346 97416 97471 97402 97347 97417 97472 0 0
E 386714 cfg=208 nodes= 97402 97347 97417 97472 97403 97348 97418 97473 0 0
E 386715 cfg=208 nodes= 97403 97348 97418 97473 97404 97349 97419 97474 0 0
E 386716 cfg=208 nodes= 97404 97349 97419 97474 97405 97350 97420 97475 0 0
E 386717 cfg=208 nodes= 62000 62013 62023 62009 97351 97421 97476 97406 0 0
E 386718 cfg=208 nodes= 97351 97421 97476 97406 97352 97422 97477 97407 0 0
E 386719 cfg=208 nodes= 97352 97422 97477 97407 97353 97423 97478 97408 0 0
E 386720 cfg=208 nodes= 97353 97423 97478 97408 97354 97424 97479 97409 0 0
E 386721 cfg=208 nodes= 97354 97424 97479 97409 97355 97425 97480 97410 0 0
E 386722 cfg=208 nodes= 62012 62021 62010 62001 97427 97481 97411 97357 0 0
E 386723 cfg=208 nodes= 97427 97481 97411 97357 97429 97482 97412 97359 0 0
E 386724 cfg=208 nodes= 97429 97482 97412 97359 97431 97483 97413 97361 0 0
E 386725 cfg=208 nodes= 97431 97483 97413 97361 97433 97484 97414 97363 0 0
E 386726 cfg=208 nodes= 97433 97484 97414 97363 97435 97485 97415 97365 0 0
E 386727 cfg=208 nodes= 62014 62022 62011 62002 97436 97486 97416 97366 0 0
E 386728 cfg=208 nodes= 97436 97486 97416 97366 97437 97487 97417 97367 0 0
E 386729 cfg=208 nodes= 97437 97487 97417 97367 97438 97488 97418 97368 0 0
E 386730 cfg=208 nodes= 97438 97488 97418 97368 97439 97489 97419 97369 0 0
E 386731 cfg=208 nodes= 97439 97489 97419 97369 97440 97490 97420 97370 0 0
E 386732 cfg=208 nodes= 61813 62024 62012 61814 97491 97492 97427 97426 0 0
E 386733 cfg=208 nodes= 97491 97492 97427 97426 97493 97494 97429 97428 0 0
E 386734 cfg=208 nodes= 97493 97494 97429 97428 97495 97496 97431 97430 0 0
E 386735 cfg=208 nodes= 97495 97496 97431 97430 97497 97498 97433 97432 0 0
E 386736 cfg=208 nodes= 97497 97498 97433 97432 97499 97500 97435 97434 0 0
E 386737 cfg=208 nodes= 62015 62025 62014 62004 97441 97501 97436 97376 0 0
E 386738 cfg=208 nodes= 97441 97501 97436 97376 97442 97502 97437 97377 0 0
E 386739 cfg=208 nodes= 97442 97502 97437 97377 97443 97503 97438 97378 0 0
E 386740 cfg=208 nodes= 97443 97503 97438 97378 97444 97504 97439 97379 0 0
E 386741 cfg=208 nodes= 97444 97504 97439 97379 97445 97505 97440 97380 0 0
E 386742 cfg=208 nodes= 62016 62026 62013 62003 97446 97506 97421 97371 0 0
E 386743 cfg=208 nodes= 97446 97506 97421 97371 97447 97507 97422 97372 0 0
E 386744 cfg=208 nodes= 97447 97507 97422 97372 97448 97508 97423 97373 0 0
E 386745 cfg=208 nodes= 97448 97508 97423 97373 97449 97509 97424 97374 0 0
E 386746 cfg=208 nodes= 97449 97509 97424 97374 97450 97510 97425 97375 0 0
E 386747 cfg=208 nodes= 62017 62027 62015 62005 97451 97511 97441 97381 0 0
E 386748 cfg=208 nodes= 97451 97511 97441 97381 97452 97512 97442 97382 0 0
E 386749 cfg=208 nodes= 97452 97512 97442 97382 97453 97513 97443 97383 0 0
E 386750 cfg=208 nodes= 97453 97513 97443 97383 97454 97514 97444 97384 0 0
E 386751 cfg=208 nodes= 97454 97514 97444 97384 97455 97515 97445 97385 0 0
E 386752 cfg=208 nodes= 62018 62028 62016 62006 97456 97516 97446 97386 0 0
E 386753 cfg=208 nodes= 97456 97516 97446 97386 97457 97517 97447 97387 0 0
E 386754 cfg=208 nodes= 97457 97517 97447 97387 97458 97518 97448 97388 0 0
E 386755 cfg=208 nodes= 97458 97518 97448 97388 97459 97519 97449 97389 0 0
E 386756 cfg=208 nodes= 97459 97519 97449 97389 97460 97520 97450 97390 0 0
E 386757 cfg=208 nodes= 62019 62029 62017 62007 97466 97521 97451 97396 0 0
E 386758 cfg=208 nodes= 97466 97521 97451 97396 97467 97522 97452 97397 0 0
E 386759 cfg=208 nodes= 97467 97522 97452 97397 97468 97523 97453 97398 0 0
E 386760 cfg=208 nodes= 97468 97523 97453 97398 97469 97524 97454 97399 0 0
E 386761 cfg=208 nodes= 97469 97524 97454 97399 97470 97525 97455 97400 0 0
E 386762 cfg=208 nodes= 62018 62008 62020 62030 97456 97401 97471 97526 0 0
E 386763 cfg=208 nodes= 97456 97401 97471 97526 97457 97402 97472 97527 0 0
E 386764 cfg=208 nodes= 97457 97402 97472 97527 97458 97403 97473 97528 0 0
E 386765 cfg=208 nodes= 97458 97403 97473 97528 97459 97404 97474 97529 0 0
E 386766 cfg=208 nodes= 97459 97404 97474 97529 97460 97405 97475 97530 0 0
E 386767 cfg=208 nodes= 62021 62031 62019 62010 97481 97531 97466 97411 0 0
E 386768 cfg=208 nodes= 97481 97531 97466 97411 97482 97532 97467 97412 0 0
E 386769 cfg=208 nodes= 97482 97532 97467 97412 97483 97533 97468 97413 0 0
E 386770 cfg=208 nodes= 97483 97533 97468 97413 97484 97534 97469 97414 0 0
E 386771 cfg=208 nodes= 97484 97534 97469 97414 97485 97535 97470 97415 0 0
E 386772 cfg=208 nodes= 62009 62023 59756 59755 97406 97476 97536 97461 0 0
E 386773 cfg=208 nodes= 97406 97476 97536 97461 97407 97477 97537 97462 0 0
E 386774 cfg=208 nodes= 97407 97477 97537 97462 97408 97478 97538 97463 0 0
E 386775 cfg=208 nodes= 97408 97478 97538 97463 97409 97479 97539 97464 0 0
E 386776 cfg=208 nodes= 97409 97479 97539 97464 97410 97480 97540 97465 0 0
E 386777 cfg=208 nodes= 62022 62032 62020 62011 97486 97541 97471 97416 0 0
E 386778 cfg=208 nodes= 97486 97541 97471 97416 97487 97542 97472 97417 0 0
E 386779 cfg=208 nodes= 97487 97542 97472 97417 97488 97543 97473 97418 0 0
E 386780 cfg=208 nodes= 97488 97543 97473 97418 97489 97544 97474 97419 0 0
E 386781 cfg=208 nodes= 97489 97544 97474 97419 97490 97545 97475 97420 0 0
E 386782 cfg=208 nodes= 62024 62033 62021 62012 97492 97546 97481 97427 0 0
E 386783 cfg=208 nodes= 97492 97546 97481 97427 97494 97547 97482 97429 0 0
E 386784 cfg=208 nodes= 97494 97547 97482 97429 97496 97548 97483 97431 0 0
E 386785 cfg=208 nodes= 97496 97548 97483 97431 97498 97549 97484 97433 0 0
E 386786 cfg=208 nodes= 97498 97549 97484 97433 97500 97550 97485 97435 0 0
E 386787 cfg=208 nodes= 62025 62034 62022 62014 97501 97551 97486 97436 0 0
E 386788 cfg=208 nodes= 97501 97551 97486 97436 97502 97552 97487 97437 0 0
E 386789 cfg=208 nodes= 97502 97552 97487 97437 97503 97553 97488 97438 0 0
E 386790 cfg=208 nodes= 97503 97553 97488 97438 97504 97554 97489 97439 0 0
E 386791 cfg=208 nodes= 97504 97554 97489 97439 97505 97555 97490 97440 0 0
E 386792 cfg=208 nodes= 62026 62035 62023 62013 97506 97556 97476 97421 0 0
E 386793 cfg=208 nodes= 97506 97556 97476 97421 97507 97557 97477 97422 0 0
E 386794 cfg=208 nodes= 97507 97557 97477 97422 97508 97558 97478 97423 0 0
E 386795 cfg=208 nodes= 97508 97558 97478 97423 97509 97559 97479 97424 0 0
E 386796 cfg=208 nodes= 97509 97559 97479 97424 97510 97560 97480 97425 0 0
E 386797 cfg=208 nodes= 61812 62036 62024 61813 97561 97562 97492 97491 0 0
E 386798 cfg=208 nodes= 97561 97562 97492 97491 97563 97564 97494 97493 0 0
E 386799 cfg=208 nodes= 97563 97564 97494 97493 97565 97566 97496 97495 0 0
E 386800 cfg=208 nodes= 97565 97566 97496 97495 97567 97568 97498 97497 0 0
E 386801 cfg=208 nodes= 97567 97568 97498 97497 97569 97570 97500 97499 0 0
E 386802 cfg=208 nodes= 62027 62037 62025 62015 97511 97571 97501 97441 0 0
E 386803 cfg=208 nodes= 97511 97571 97501 97441 97512 97572 97502 97442 0 0
E 386804 cfg=208 nodes= 97512 97572 97502 97442 97513 97573 97503 97443 0 0
E 386805 cfg=208 nodes= 97513 97573 97503 97443 97514 97574 97504 97444 0 0
E 386806 cfg=208 nodes= 97514 97574 97504 97444 97515 97575 97505 97445 0 0
E 386807 cfg=208 nodes= 62028 62038 62026 62016 97516 97576 97506 97446 0 0
E 386808 cfg=208 nodes= 97516 97576 97506 97446 97517 97577 97507 97447 0 0
E 386809 cfg=208 nodes= 97517 97577 97507 97447 97518 97578 97508 97448 0 0
E 386810 cfg=208 nodes= 97518 97578 97508 97448 97519 97579 97509 97449 0 0
E 386811 cfg=208 nodes= 97519 97579 97509 97449 97520 97580 97510 97450 0 0
E 386812 cfg=208 nodes= 62029 62039 62027 62017 97521 97581 97511 97451 0 0
E 386813 cfg=208 nodes= 97521 97581 97511 97451 97522 97582 97512 97452 0 0
E 386814 cfg=208 nodes= 97522 97582 97512 97452 97523 97583 97513 97453 0 0
E 386815 cfg=208 nodes= 97523 97583 97513 97453 97524 97584 97514 97454 0 0
E 386816 cfg=208 nodes= 97524 97584 97514 97454 97525 97585 97515 97455 0 0
E 386817 cfg=208 nodes= 62030 62040 62028 62018 97526 97586 97516 97456 0 0
E 386818 cfg=208 nodes= 97526 97586 97516 97456 97527 97587 97517 97457 0 0
E 386819 cfg=208 nodes= 97527 97587 97517 97457 97528 97588 97518 97458 0 0
E 386820 cfg=208 nodes= 97528 97588 97518 97458 97529 97589 97519 97459 0 0
E 386821 cfg=208 nodes= 97529 97589 97519 97459 97530 97590 97520 97460 0 0
E 386822 cfg=208 nodes= 62031 62041 62029 62019 97531 97591 97521 97466 0 0
E 386823 cfg=208 nodes= 97531 97591 97521 97466 97532 97592 97522 97467 0 0
E 386824 cfg=208 nodes= 97532 97592 97522 97467 97533 97593 97523 97468 0 0
E 386825 cfg=208 nodes= 97533 97593 97523 97468 97534 97594 97524 97469 0 0
E 386826 cfg=208 nodes= 97534 97594 97524 97469 97535 97595 97525 97470 0 0
E 386827 cfg=208 nodes= 62032 62042 62030 62020 97541 97596 97526 97471 0 0
E 386828 cfg=208 nodes= 97541 97596 97526 97471 97542 97597 97527 97472 0 0
E 386829 cfg=208 nodes= 97542 97597 97527 97472 97543 97598 97528 97473 0 0
E 386830 cfg=208 nodes= 97543 97598 97528 97473 97544 97599 97529 97474 0 0
E 386831 cfg=208 nodes= 97544 97599 97529 97474 97545 97600 97530 97475 0 0
E 386832 cfg=208 nodes= 62033 62043 62031 62021 97546 97601 97531 97481 0 0
E 386833 cfg=208 nodes= 97546 97601 97531 97481 97547 97602 97532 97482 0 0
E 386834 cfg=208 nodes= 97547 97602 97532 97482 97548 97603 97533 97483 0 0
E 386835 cfg=208 nodes= 97548 97603 97533 97483 97549 97604 97534 97484 0 0
E 386836 cfg=208 nodes= 97549 97604 97534 97484 97550 97605 97535 97485 0 0
E 386837 cfg=208 nodes= 62034 62044 62032 62022 97551 97606 97541 97486 0 0
E 386838 cfg=208 nodes= 97551 97606 97541 97486 97552 97607 97542 97487 0 0
E 386839 cfg=208 nodes= 97552 97607 97542 97487 97553 97608 97543 97488 0 0
E 386840 cfg=208 nodes= 97553 97608 97543 97488 97554 97609 97544 97489 0 0
E 386841 cfg=208 nodes= 97554 97609 97544 97489 97555 97610 97545 97490 0 0
E 386842 cfg=208 nodes= 62035 59757 59756 62023 97556 97611 97536 97476 0 0
E 386843 cfg=208 nodes= 97556 97611 97536 97476 97557 97612 97537 97477 0 0
E 386844 cfg=208 nodes= 97557 97612 97537 97477 97558 97613 97538 97478 0 0
E 386845 cfg=208 nodes= 97558 97613 97538 97478 97559 97614 97539 97479 0 0
E 386846 cfg=208 nodes= 97559 97614 97539 97479 97560 97615 97540 97480 0 0
E 386847 cfg=208 nodes= 62036 62045 62033 62024 97562 97616 97546 97492 0 0
E 386848 cfg=208 nodes= 97562 97616 97546 97492 97564 97617 97547 97494 0 0
E 386849 cfg=208 nodes= 97564 97617 97547 97494 97566 97618 97548 97496 0 0
E 386850 cfg=208 nodes= 97566 97618 97548 97496 97568 97619 97549 97498 0 0
E 386851 cfg=208 nodes= 97568 97619 97549 97498 97570 97620 97550 97500 0 0
E 386852 cfg=208 nodes= 62037 62046 62034 62025 97571 97621 97551 97501 0 0
E 386853 cfg=208 nodes= 97571 97621 97551 97501 97572 97622 97552 97502 0 0
E 386854 cfg=208 nodes= 97572 97622 97552 97502 97573 97623 97553 97503 0 0
E 386855 cfg=208 nodes= 97573 97623 97553 97503 97574 97624 97554 97504 0 0
E 386856 cfg=208 nodes= 97574 97624 97554 97504 97575 97625 97555 97505 0 0
E 386857 cfg=208 nodes= 62038 62047 62035 62026 97576 97626 97556 97506 0 0
E 386858 cfg=208 nodes= 97576 97626 97556 97506 97577 97627 97557 97507 0 0
E 386859 cfg=208 nodes= 97577 97627 97557 97507 97578 97628 97558 97508 0 0
E 386860 cfg=208 nodes= 97578 97628 97558 97508 97579 97629 97559 97509 0 0
E 386861 cfg=208 nodes= 97579 97629 97559 97509 97580 97630 97560 97510 0 0
E 386862 cfg=208 nodes= 61811 62048 62036 61812 97631 97632 97562 97561 0 0
E 386863 cfg=208 nodes= 97631 97632 97562 97561 97633 97634 97564 97563 0 0
E 386864 cfg=208 nodes= 97633 97634 97564 97563 97635 97636 97566 97565 0 0
E 386865 cfg=208 nodes= 97635 97636 97566 97565 97637 97638 97568 97567 0 0
E 386866 cfg=208 nodes= 97637 97638 97568 97567 97639 97640 97570 97569 0 0
E 386867 cfg=208 nodes= 62039 62049 62037 62027 97581 97641 97571 97511 0 0
E 386868 cfg=208 nodes= 97581 97641 97571 97511 97582 97642 97572 97512 0 0
E 386869 cfg=208 nodes= 97582 97642 97572 97512 97583 97643 97573 97513 0 0
E 386870 cfg=208 nodes= 97583 97643 97573 97513 97584 97644 97574 97514 0 0
E 386871 cfg=208 nodes= 97584 97644 97574 97514 97585 97645 97575 97515 0 0
E 386872 cfg=208 nodes= 62040 62050 62038 62028 97586 97646 97576 97516 0 0
E 386873 cfg=208 nodes= 97586 97646 97576 97516 97587 97647 97577 97517 0 0
E 386874 cfg=208 nodes= 97587 97647 97577 97517 97588 97648 97578 97518 0 0
E 386875 cfg=208 nodes= 97588 97648 97578 97518 97589 97649 97579 97519 0 0
E 386876 cfg=208 nodes= 97589 97649 97579 97519 97590 97650 97580 97520 0 0
E 386877 cfg=208 nodes= 62041 62051 62039 62029 97591 97651 97581 97521 0 0
E 386878 cfg=208 nodes= 97591 97651 97581 97521 97592 97652 97582 97522 0 0
E 386879 cfg=208 nodes= 97592 97652 97582 97522 97593 97653 97583 97523 0 0
E 386880 cfg=208 nodes= 97593 97653 97583 97523 97594 97654 97584 97524 0 0
E 386881 cfg=208 nodes= 97594 97654 97584 97524 97595 97655 97585 97525 0 0
E 386882 cfg=208 nodes= 62042 62052 62040 62030 97596 97656 97586 97526 0 0
E 386883 cfg=208 nodes= 97596 97656 97586 97526 97597 97657 97587 97527 0 0
E 386884 cfg=208 nodes= 97597 97657 97587 97527 97598 97658 97588 97528 0 0
E 386885 cfg=208 nodes= 97598 97658 97588 97528 97599 97659 97589 97529 0 0
E 386886 cfg=208 nodes= 97599 97659 97589 97529 97600 97660 97590 97530 0 0
E 386887 cfg=208 nodes= 62043 62053 62041 62031 97601 97661 97591 97531 0 0
E 386888 cfg=208 nodes= 97601 97661 97591 97531 97602 97662 97592 97532 0 0
E 386889 cfg=208 nodes= 97602 97662 97592 97532 97603 97663 97593 97533 0 0
E 386890 cfg=208 nodes= 97603 97663 97593 97533 97604 97664 97594 97534 0 0
E 386891 cfg=208 nodes= 97604 97664 97594 97534 97605 97665 97595 97535 0 0
E 386892 cfg=208 nodes= 62044 62054 62042 62032 97606 97666 97596 97541 0 0
E 386893 cfg=208 nodes= 97606 97666 97596 97541 97607 97667 97597 97542 0 0
E 386894 cfg=208 nodes= 97607 97667 97597 97542 97608 97668 97598 97543 0 0
E 386895 cfg=208 nodes= 97608 97668 97598 97543 97609 97669 97599 97544 0 0
E 386896 cfg=208 nodes= 97609 97669 97599 97544 97610 97670 97600 97545 0 0
E 386897 cfg=208 nodes= 62045 62055 62043 62033 97616 97671 97601 97546 0 0
E 386898 cfg=208 nodes= 97616 97671 97601 97546 97617 97672 97602 97547 0 0
E 386899 cfg=208 nodes= 97617 97672 97602 97547 97618 97673 97603 97548 0 0
E 386900 cfg=208 nodes= 97618 97673 97603 97548 97619 97674 97604 97549 0 0
E 386901 cfg=208 nodes= 97619 97674 97604 97549 97620 97675 97605 97550 0 0
E 386902 cfg=208 nodes= 62046 62056 62044 62034 97621 97676 97606 97551 0 0
E 386903 cfg=208 nodes= 97621 97676 97606 97551 97622 97677 97607 97552 0 0
E 386904 cfg=208 nodes= 97622 97677 97607 97552 97623 97678 97608 97553 0 0
E 386905 cfg=208 nodes= 97623 97678 97608 97553 97624 97679 97609 97554 0 0
E 386906 cfg=208 nodes= 97624 97679 97609 97554 97625 97680 97610 97555 0 0
E 386907 cfg=208 nodes= 62047 59758 59757 62035 97626 97681 97611 97556 0 0
E 386908 cfg=208 nodes= 97626 97681 97611 97556 97627 97682 97612 97557 0 0
E 386909 cfg=208 nodes= 97627 97682 97612 97557 97628 97683 97613 97558 0 0
E 386910 cfg=208 nodes= 97628 97683 97613 97558 97629 97684 97614 97559 0 0
E 386911 cfg=208 nodes= 97629 97684 97614 97559 97630 97685 97615 97560 0 0
E 386912 cfg=208 nodes= 62048 62057 62045 62036 97632 97686 97616 97562 0 0
E 386913 cfg=208 nodes= 97632 97686 97616 97562 97634 97687 97617 97564 0 0
E 386914 cfg=208 nodes= 97634 97687 97617 97564 97636 97688 97618 97566 0 0
E 386915 cfg=208 nodes= 97636 97688 97618 97566 97638 97689 97619 97568 0 0
E 386916 cfg=208 nodes= 97638 97689 97619 97568 97640 97690 97620 97570 0 0
E 386917 cfg=208 nodes= 62049 62058 62046 62037 97641 97691 97621 97571 0 0
E 386918 cfg=208 nodes= 97641 97691 97621 97571 97642 97692 97622 97572 0 0
E 386919 cfg=208 nodes= 97642 97692 97622 97572 97643 97693 97623 97573 0 0
E 386920 cfg=208 nodes= 97643 97693 97623 97573 97644 97694 97624 97574 0 0
E 386921 cfg=208 nodes= 97644 97694 97624 97574 97645 97695 97625 97575 0 0
E 386922 cfg=208 nodes= 62050 62059 62047 62038 97646 97696 97626 97576 0 0
E 386923 cfg=208 nodes= 97646 97696 97626 97576 97647 97697 97627 97577 0 0
E 386924 cfg=208 nodes= 97647 97697 97627 97577 97648 97698 97628 97578 0 0
E 386925 cfg=208 nodes= 97648 97698 97628 97578 97649 97699 97629 97579 0 0
E 386926 cfg=208 nodes= 97649 97699 97629 97579 97650 97700 97630 97580 0 0
E 386927 cfg=208 nodes= 61810 62060 62048 61811 97701 97702 97632 97631 0 0
E 386928 cfg=208 nodes= 97701 97702 97632 97631 97703 97704 97634 97633 0 0
E 386929 cfg=208 nodes= 97703 97704 97634 97633 97705 97706 97636 97635 0 0
E 386930 cfg=208 nodes= 97705 97706 97636 97635 97707 97708 97638 97637 0 0
E 386931 cfg=208 nodes= 97707 97708 97638 97637 97709 97710 97640 97639 0 0
E 386932 cfg=208 nodes= 62051 62061 62049 62039 97651 97711 97641 97581 0 0
E 386933 cfg=208 nodes= 97651 97711 97641 97581 97652 97712 97642 97582 0 0
E 386934 cfg=208 nodes= 97652 97712 97642 97582 97653 97713 97643 97583 0 0
E 386935 cfg=208 nodes= 97653 97713 97643 97583 97654 97714 97644 97584 0 0
E 386936 cfg=208 nodes= 97654 97714 97644 97584 97655 97715 97645 97585 0 0
E 386937 cfg=208 nodes= 62052 62062 62050 62040 97656 97716 97646 97586 0 0
E 386938 cfg=208 nodes= 97656 97716 97646 97586 97657 97717 97647 97587 0 0
E 386939 cfg=208 nodes= 97657 97717 97647 97587 97658 97718 97648 97588 0 0
E 386940 cfg=208 nodes= 97658 97718 97648 97588 97659 97719 97649 97589 0 0
E 386941 cfg=208 nodes= 97659 97719 97649 97589 97660 97720 97650 97590 0 0
E 386942 cfg=208 nodes= 62053 62063 62051 62041 97661 97721 97651 97591 0 0
E 386943 cfg=208 nodes= 97661 97721 97651 97591 97662 97722 97652 97592 0 0
E 386944 cfg=208 nodes= 97662 97722 97652 97592 97663 97723 97653 97593 0 0
E 386945 cfg=208 nodes= 97663 97723 97653 97593 97664 97724 97654 97594 0 0
E 386946 cfg=208 nodes= 97664 97724 97654 97594 97665 97725 97655 97595 0 0
E 386947 cfg=208 nodes= 62054 62064 62052 62042 97666 97726 97656 97596 0 0
E 386948 cfg=208 nodes= 97666 97726 97656 97596 97667 97727 97657 97597 0 0
E 386949 cfg=208 nodes= 97667 97727 97657 97597 97668 97728 97658 97598 0 0
E 386950 cfg=208 nodes= 97668 97728 97658 97598 97669 97729 97659 97599 0 0
E 386951 cfg=208 nodes= 97669 97729 97659 97599 97670 97730 97660 97600 0 0
E 386952 cfg=208 nodes= 62055 62065 62053 62043 97671 97731 97661 97601 0 0
E 386953 cfg=208 nodes= 97671 97731 97661 97601 97672 97732 97662 97602 0 0
E 386954 cfg=208 nodes= 97672 97732 97662 97602 97673 97733 97663 97603 0 0
E 386955 cfg=208 nodes= 97673 97733 97663 97603 97674 97734 97664 97604 0 0
E 386956 cfg=208 nodes= 97674 97734 97664 97604 97675 97735 97665 97605 0 0
E 386957 cfg=208 nodes= 62056 62066 62054 62044 97676 97736 97666 97606 0 0
E 386958 cfg=208 nodes= 97676 97736 97666 97606 97677 97737 97667 97607 0 0
E 386959 cfg=208 nodes= 97677 97737 97667 97607 97678 97738 97668 97608 0 0
E 386960 cfg=208 nodes= 97678 97738 97668 97608 97679 97739 97669 97609 0 0
E 386961 cfg=208 nodes= 97679 97739 97669 97609 97680 97740 97670 97610 0 0
E 386962 cfg=208 nodes= 62057 62067 62055 62045 97686 97741 97671 97616 0 0
E 386963 cfg=208 nodes= 97686 97741 97671 97616 97687 97742 97672 97617 0 0
E 386964 cfg=208 nodes= 97687 97742 97672 97617 97688 97743 97673 97618 0 0
E 386965 cfg=208 nodes= 97688 97743 97673 97618 97689 97744 97674 97619 0 0
E 386966 cfg=208 nodes= 97689 97744 97674 97619 97690 97745 97675 97620 0 0
E 386967 cfg=208 nodes= 62058 62068 62056 62046 97691 97746 97676 97621 0 0
E 386968 cfg=208 nodes= 97691 97746 97676 97621 97692 97747 97677 97622 0 0
E 386969 cfg=208 nodes= 97692 97747 97677 97622 97693 97748 97678 97623 0 0
E 386970 cfg=208 nodes= 97693 97748 97678 97623 97694 97749 97679 97624 0 0
E 386971 cfg=208 nodes= 97694 97749 97679 97624 97695 97750 97680 97625 0 0
E 386972 cfg=208 nodes= 62059 60957 59758 62047 97696 97751 97681 97626 0 0
E 386973 cfg=208 nodes= 97696 97751 97681 97626 97697 97752 97682 97627 0 0
E 386974 cfg=208 nodes= 97697 97752 97682 97627 97698 97753 97683 97628 0 0
E 386975 cfg=208 nodes= 97698 97753 97683 97628 97699 97754 97684 97629 0 0
E 386976 cfg=208 nodes= 97699 97754 97684 97629 97700 97755 97685 97630 0 0
E 386977 cfg=208 nodes= 62060 62069 62057 62048 97702 97756 97686 97632 0 0
E 386978 cfg=208 nodes= 97702 97756 97686 97632 97704 97757 97687 97634 0 0
E 386979 cfg=208 nodes= 97704 97757 97687 97634 97706 97758 97688 97636 0 0
E 386980 cfg=208 nodes= 97706 97758 97688 97636 97708 97759 97689 97638 0 0
E 386981 cfg=208 nodes= 97708 97759 97689 97638 97710 97760 97690 97640 0 0
E 386982 cfg=208 nodes= 62061 62070 62058 62049 97711 97761 97691 97641 0 0
E 386983 cfg=208 nodes= 97711 97761 97691 97641 97712 97762 97692 97642 0 0
E 386984 cfg=208 nodes= 97712 97762 97692 97642 97713 97763 97693 97643 0 0
E 386985 cfg=208 nodes= 97713 97763 97693 97643 97714 97764 97694 97644 0 0
E 386986 cfg=208 nodes= 97714 97764 97694 97644 97715 97765 97695 97645 0 0
E 386987 cfg=208 nodes= 62062 62071 62059 62050 97716 97766 97696 97646 0 0
E 386988 cfg=208 nodes= 97716 97766 97696 97646 97717 97767 97697 97647 0 0
E 386989 cfg=208 nodes= 97717 97767 97697 97647 97718 97768 97698 97648 0 0
E 386990 cfg=208 nodes= 97718 97768 97698 97648 97719 97769 97699 97649 0 0
E 386991 cfg=208 nodes= 97719 97769 97699 97649 97720 97770 97700 97650 0 0
E 386992 cfg=208 nodes= 61809 62072 62060 61810 97771 97772 97702 97701 0 0
E 386993 cfg=208 nodes= 97771 97772 97702 97701 97773 97774 97704 97703 0 0
E 386994 cfg=208 nodes= 97773 97774 97704 97703 97775 97776 97706 97705 0 0
E 386995 cfg=208 nodes= 97775 97776 97706 97705 97777 97778 97708 97707 0 0
E 386996 cfg=208 nodes= 97777 97778 97708 97707 97779 97780 97710 97709 0 0
E 386997 cfg=208 nodes= 62063 62073 62061 62051 97721 97781 97711 97651 0 0
E 386998 cfg=208 nodes= 97721 97781 97711 97651 97722 97782 97712 97652 0 0
E 386999 cfg=208 nodes= 97722 97782 97712 97652 97723 97783 97713 97653 0 0
E 387000 cfg=208 nodes= 97723 97783 97713 97653 97724 97784 97714 97654 0 0
E 387001 cfg=208 nodes= 97724 97784 97714 97654 97725 97785 97715 97655 0 0
E 387002 cfg=208 nodes= 62064 62074 62062 62052 97726 97786 97716 97656 0 0
E 387003 cfg=208 nodes= 97726 97786 97716 97656 97727 97787 97717 97657 0 0
E 387004 cfg=208 nodes= 97727 97787 97717 97657 97728 97788 97718 97658 0 0
E 387005 cfg=208 nodes= 97728 97788 97718 97658 97729 97789 97719 97659 0 0
E 387006 cfg=208 nodes= 97729 97789 97719 97659 97730 97790 97720 97660 0 0
E 387007 cfg=208 nodes= 62065 62075 62063 62053 97731 97791 97721 97661 0 0
E 387008 cfg=208 nodes= 97731 97791 97721 97661 97732 97792 97722 97662 0 0
E 387009 cfg=208 nodes= 97732 97792 97722 97662 97733 97793 97723 97663 0 0
E 387010 cfg=208 nodes= 97733 97793 97723 97663 97734 97794 97724 97664 0 0
E 387011 cfg=208 nodes= 97734 97794 97724 97664 97735 97795 97725 97665 0 0
E 387012 cfg=208 nodes= 62066 62076 62064 62054 97736 97796 97726 97666 0 0
E 387013 cfg=208 nodes= 97736 97796 97726 97666 97737 97797 97727 97667 0 0
E 387014 cfg=208 nodes= 97737 97797 97727 97667 97738 97798 97728 97668 0 0
E 387015 cfg=208 nodes= 97738 97798 97728 97668 97739 97799 97729 97669 0 0
E 387016 cfg=208 nodes= 97739 97799 97729 97669 97740 97800 97730 97670 0 0
E 387017 cfg=208 nodes= 62067 62077 62065 62055 97741 97801 97731 97671 0 0
E 387018 cfg=208 nodes= 97741 97801 97731 97671 97742 97802 97732 97672 0 0
E 387019 cfg=208 nodes= 97742 97802 97732 97672 97743 97803 97733 97673 0 0
E 387020 cfg=208 nodes= 97743 97803 97733 97673 97744 97804 97734 97674 0 0
E 387021 cfg=208 nodes= 97744 97804 97734 97674 97745 97805 97735 97675 0 0
E 387022 cfg=208 nodes= 62068 62078 62066 62056 97746 97806 97736 97676 0 0
E 387023 cfg=208 nodes= 97746 97806 97736 97676 97747 97807 97737 97677 0 0
E 387024 cfg=208 nodes= 97747 97807 97737 97677 97748 97808 97738 97678 0 0
E 387025 cfg=208 nodes= 97748 97808 97738 97678 97749 97809 97739 97679 0 0
E 387026 cfg=208 nodes= 97749 97809 97739 97679 97750 97810 97740 97680 0 0
E 387027 cfg=208 nodes= 62069 62079 62067 62057 97756 97811 97741 97686 0 0
E 387028 cfg=208 nodes= 97756 97811 97741 97686 97757 97812 97742 97687 0 0
E 387029 cfg=208 nodes= 97757 97812 97742 97687 97758 97813 97743 97688 0 0
E 387030 cfg=208 nodes= 97758 97813 97743 97688 97759 97814 97744 97689 0 0
E 387031 cfg=208 nodes= 97759 97814 97744 97689 97760 97815 97745 97690 0 0
E 387032 cfg=208 nodes= 62070 62080 62068 62058 97761 97816 97746 97691 0 0
E 387033 cfg=208 nodes= 97761 97816 97746 97691 97762 97817 97747 97692 0 0
E 387034 cfg=208 nodes= 97762 97817 97747 97692 97763 97818 97748 97693 0 0
E 387035 cfg=208 nodes= 97763 97818 97748 97693 97764 97819 97749 97694 0 0
E 387036 cfg=208 nodes= 97764 97819 97749 97694 97765 97820 97750 97695 0 0
E 387037 cfg=208 nodes= 62071 60958 60957 62059 97766 97821 97751 97696 0 0
E 387038 cfg=208 nodes= 97766 97821 97751 97696 97767 97822 97752 97697 0 0
E 387039 cfg=208 nodes= 97767 97822 97752 97697 97768 97823 97753 97698 0 0
E 387040 cfg=208 nodes= 97768 97823 97753 97698 97769 97824 97754 97699 0 0
E 387041 cfg=208 nodes= 97769 97824 97754 97699 97770 97825 97755 97700 0 0
E 387042 cfg=208 nodes= 62072 62081 62069 62060 97772 97826 97756 97702 0 0
E 387043 cfg=208 nodes= 97772 97826 97756 97702 97774 97827 97757 97704 0 0
E 387044 cfg=208 nodes= 97774 97827 97757 97704 97776 97828 97758 97706 0 0
E 387045 cfg=208 nodes= 97776 97828 97758 97706 97778 97829 97759 97708 0 0
E 387046 cfg=208 nodes= 97778 97829 97759 97708 97780 97830 97760 97710 0 0
E 387047 cfg=208 nodes= 62073 62082 62070 62061 97781 97831 97761 97711 0 0
E 387048 cfg=208 nodes= 97781 97831 97761 97711 97782 97832 97762 97712 0 0
E 387049 cfg=208 nodes= 97782 97832 97762 97712 97783 97833 97763 97713 0 0
E 387050 cfg=208 nodes= 97783 97833 97763 97713 97784 97834 97764 97714 0 0
E 387051 cfg=208 nodes= 97784 97834 97764 97714 97785 97835 97765 97715 0 0
E 387052 cfg=208 nodes= 62074 62083 62071 62062 97786 97836 97766 97716 0 0
E 387053 cfg=208 nodes= 97786 97836 97766 97716 97787 97837 97767 97717 0 0
E 387054 cfg=208 nodes= 97787 97837 97767 97717 97788 97838 97768 97718 0 0
E 387055 cfg=208 nodes= 97788 97838 97768 97718 97789 97839 97769 97719 0 0
E 387056 cfg=208 nodes= 97789 97839 97769 97719 97790 97840 97770 97720 0 0
E 387057 cfg=208 nodes= 61808 62084 62072 61809 97841 97842 97772 97771 0 0
E 387058 cfg=208 nodes= 97841 97842 97772 97771 97843 97844 97774 97773 0 0
E 387059 cfg=208 nodes= 97843 97844 97774 97773 97845 97846 97776 97775 0 0
E 387060 cfg=208 nodes= 97845 97846 97776 97775 97847 97848 97778 97777 0 0
E 387061 cfg=208 nodes= 97847 97848 97778 97777 97849 97850 97780 97779 0 0
E 387062 cfg=208 nodes= 62075 62085 62073 62063 97791 97851 97781 97721 0 0
E 387063 cfg=208 nodes= 97791 97851 97781 97721 97792 97852 97782 97722 0 0
E 387064 cfg=208 nodes= 97792 97852 97782 97722 97793 97853 97783 97723 0 0
E 387065 cfg=208 nodes= 97793 97853 97783 97723 97794 97854 97784 97724 0 0
E 387066 cfg=208 nodes= 97794 97854 97784 97724 97795 97855 97785 97725 0 0
E 387067 cfg=208 nodes= 62076 62086 62074 62064 97796 97856 97786 97726 0 0
E 387068 cfg=208 nodes= 97796 97856 97786 97726 97797 97857 97787 97727 0 0
E 387069 cfg=208 nodes= 97797 97857 97787 97727 97798 97858 97788 97728 0 0
E 387070 cfg=208 nodes= 97798 97858 97788 97728 97799 97859 97789 97729 0 0
E 387071 cfg=208 nodes= 97799 97859 97789 97729 97800 97860 97790 97730 0 0
E 387072 cfg=208 nodes= 62077 62087 62075 62065 97801 97861 97791 97731 0 0
E 387073 cfg=208 nodes= 97801 97861 97791 97731 97802 97862 97792 97732 0 0
E 387074 cfg=208 nodes= 97802 97862 97792 97732 97803 97863 97793 97733 0 0
E 387075 cfg=208 nodes= 97803 97863 97793 97733 97804 97864 97794 97734 0 0
E 387076 cfg=208 nodes= 97804 97864 97794 97734 97805 97865 97795 97735 0 0
E 387077 cfg=208 nodes= 62078 62088 62076 62066 97806 97866 97796 97736 0 0
E 387078 cfg=208 nodes= 97806 97866 97796 97736 97807 97867 97797 97737 0 0
E 387079 cfg=208 nodes= 97807 97867 97797 97737 97808 97868 97798 97738 0 0
E 387080 cfg=208 nodes= 97808 97868 97798 97738 97809 97869 97799 97739 0 0
E 387081 cfg=208 nodes= 97809 97869 97799 97739 97810 97870 97800 97740 0 0
E 387082 cfg=208 nodes= 62079 62089 62077 62067 97811 97871 97801 97741 0 0
E 387083 cfg=208 nodes= 97811 97871 97801 97741 97812 97872 97802 97742 0 0
E 387084 cfg=208 nodes= 97812 97872 97802 97742 97813 97873 97803 97743 0 0
E 387085 cfg=208 nodes= 97813 97873 97803 97743 97814 97874 97804 97744 0 0
E 387086 cfg=208 nodes= 97814 97874 97804 97744 97815 97875 97805 97745 0 0
E 387087 cfg=208 nodes= 62080 62090 62078 62068 97816 97876 97806 97746 0 0
E 387088 cfg=208 nodes= 97816 97876 97806 97746 97817 97877 97807 97747 0 0
E 387089 cfg=208 nodes= 97817 97877 97807 97747 97818 97878 97808 97748 0 0
E 387090 cfg=208 nodes= 97818 97878 97808 97748 97819 97879 97809 97749 0 0
E 387091 cfg=208 nodes= 97819 97879 97809 97749 97820 97880 97810 97750 0 0
E 387092 cfg=208 nodes= 62081 62091 62079 62069 97826 97881 97811 97756 0 0
E 387093 cfg=208 nodes= 97826 97881 97811 97756 97827 97882 97812 97757 0 0
E 387094 cfg=208 nodes= 97827 97882 97812 97757 97828 97883 97813 97758 0 0
E 387095 cfg=208 nodes= 97828 97883 97813 97758 97829 97884 97814 97759 0 0
E 387096 cfg=208 nodes= 97829 97884 97814 97759 97830 97885 97815 97760 0 0
E 387097 cfg=208 nodes= 62082 62092 62080 62070 97831 97886 97816 97761 0 0
E 387098 cfg=208 nodes= 97831 97886 97816 97761 97832 97887 97817 97762 0 0
E 387099 cfg=208 nodes= 97832 97887 97817 97762 97833 97888 97818 97763 0 0
E 387100 cfg=208 nodes= 97833 97888 97818 97763 97834 97889 97819 97764 0 0
E 387101 cfg=208 nodes= 97834 97889 97819 97764 97835 97890 97820 97765 0 0
E 387102 cfg=208 nodes= 62083 60959 60958 62071 97836 97891 97821 97766 0 0
E 387103 cfg=208 nodes= 97836 97891 97821 97766 97837 97892 97822 97767 0 0
E 387104 cfg=208 nodes= 97837 97892 97822 97767 97838 97893 97823 97768 0 0
E 387105 cfg=208 nodes= 97838 97893 97823 97768 97839 97894 97824 97769 0 0
E 387106 cfg=208 nodes= 97839 97894 97824 97769 97840 97895 97825 97770 0 0
E 387107 cfg=208 nodes= 62084 62093 62081 62072 97842 97896 97826 97772 0 0
E 387108 cfg=208 nodes= 97842 97896 97826 97772 97844 97897 97827 97774 0 0
E 387109 cfg=208 nodes= 97844 97897 97827 97774 97846 97898 97828 97776 0 0
E 387110 cfg=208 nodes= 97846 97898 97828 97776 97848 97899 97829 97778 0 0
E 387111 cfg=208 nodes= 97848 97899 97829 97778 97850 97900 97830 97780 0 0
E 387112 cfg=208 nodes= 62085 62094 62082 62073 97851 97901 97831 97781 0 0
E 387113 cfg=208 nodes= 97851 97901 97831 97781 97852 97902 97832 97782 0 0
E 387114 cfg=208 nodes= 97852 97902 97832 97782 97853 97903 97833 97783 0 0
E 387115 cfg=208 nodes= 97853 97903 97833 97783 97854 97904 97834 97784 0 0
E 387116 cfg=208 nodes= 97854 97904 97834 97784 97855 97905 97835 97785 0 0
E 387117 cfg=208 nodes= 62086 62095 62083 62074 97856 97906 97836 97786 0 0
E 387118 cfg=208 nodes= 97856 97906 97836 97786 97857 97907 97837 97787 0 0
E 387119 cfg=208 nodes= 97857 97907 97837 97787 97858 97908 97838 97788 0 0
E 387120 cfg=208 nodes= 97858 97908 97838 97788 97859 97909 97839 97789 0 0
E 387121 cfg=208 nodes= 97859 97909 97839 97789 97860 97910 97840 97790 0 0
E 387122 cfg=208 nodes= 61807 62096 62084 61808 97911 97912 97842 97841 0 0
E 387123 cfg=208 nodes= 97911 97912 97842 97841 97913 97914 97844 97843 0 0
E 387124 cfg=208 nodes= 97913 97914 97844 97843 97915 97916 97846 97845 0 0
E 387125 cfg=208 nodes= 97915 97916 97846 97845 97917 97918 97848 97847 0 0
E 387126 cfg=208 nodes= 97917 97918 97848 97847 97919 97920 97850 97849 0 0
E 387127 cfg=208 nodes= 62087 62097 62085 62075 97861 97921 97851 97791 0 0
E 387128 cfg=208 nodes= 97861 97921 97851 97791 97862 97922 97852 97792 0 0
E 387129 cfg=208 nodes= 97862 97922 97852 97792 97863 97923 97853 97793 0 0
E 387130 cfg=208 nodes= 97863 97923 97853 97793 97864 97924 97854 97794 0 0
E 387131 cfg=208 nodes= 97864 97924 97854 97794 97865 97925 97855 97795 0 0
E 387132 cfg=208 nodes= 62088 62098 62086 62076 97866 97926 97856 97796 0 0
E 387133 cfg=208 nodes= 97866 97926 97856 97796 97867 97927 97857 97797 0 0
E 387134 cfg=208 nodes= 97867 97927 97857 97797 97868 97928 97858 97798 0 0
E 387135 cfg=208 nodes= 97868 97928 97858 97798 97869 97929 97859 97799 0 0
E 387136 cfg=208 nodes= 97869 97929 97859 97799 97870 97930 97860 97800 0 0
E 387137 cfg=208 nodes= 62089 62099 62087 62077 97871 97931 97861 97801 0 0
E 387138 cfg=208 nodes= 97871 97931 97861 97801 97872 97932 97862 97802 0 0
E 387139 cfg=208 nodes= 97872 97932 97862 97802 97873 97933 97863 97803 0 0
E 387140 cfg=208 nodes= 97873 97933 97863 97803 97874 97934 97864 97804 0 0
E 387141 cfg=208 nodes= 97874 97934 97864 97804 97875 97935 97865 97805 0 0
E 387142 cfg=208 nodes= 62090 62100 62088 62078 97876 97936 97866 97806 0 0
E 387143 cfg=208 nodes= 97876 97936 97866 97806 97877 97937 97867 97807 0 0
E 387144 cfg=208 nodes= 97877 97937 97867 97807 97878 97938 97868 97808 0 0
E 387145 cfg=208 nodes= 97878 97938 97868 97808 97879 97939 97869 97809 0 0
E 387146 cfg=208 nodes= 97879 97939 97869 97809 97880 97940 97870 97810 0 0
E 387147 cfg=208 nodes= 62091 62101 62089 62079 97881 97941 97871 97811 0 0
E 387148 cfg=208 nodes= 97881 97941 97871 97811 97882 97942 97872 97812 0 0
E 387149 cfg=208 nodes= 97882 97942 97872 97812 97883 97943 97873 97813 0 0
E 387150 cfg=208 nodes= 97883 97943 97873 97813 97884 97944 97874 97814 0 0
E 387151 cfg=208 nodes= 97884 97944 97874 97814 97885 97945 97875 97815 0 0
E 387152 cfg=208 nodes= 62092 62102 62090 62080 97886 97946 97876 97816 0 0
E 387153 cfg=208 nodes= 97886 97946 97876 97816 97887 97947 97877 97817 0 0
E 387154 cfg=208 nodes= 97887 97947 97877 97817 97888 97948 97878 97818 0 0
E 387155 cfg=208 nodes= 97888 97948 97878 97818 97889 97949 97879 97819 0 0
E 387156 cfg=208 nodes= 97889 97949 97879 97819 97890 97950 97880 97820 0 0
E 387157 cfg=208 nodes= 62093 62103 62091 62081 97896 97951 97881 97826 0 0
E 387158 cfg=208 nodes= 97896 97951 97881 97826 97897 97952 97882 97827 0 0
E 387159 cfg=208 nodes= 97897 97952 97882 97827 97898 97953 97883 97828 0 0
E 387160 cfg=208 nodes= 97898 97953 97883 97828 97899 97954 97884 97829 0 0
E 387161 cfg=208 nodes= 97899 97954 97884 97829 97900 97955 97885 97830 0 0
E 387162 cfg=208 nodes= 62094 62104 62092 62082 97901 97956 97886 97831 0 0
E 387163 cfg=208 nodes= 97901 97956 97886 97831 97902 97957 97887 97832 0 0
E 387164 cfg=208 nodes= 97902 97957 97887 97832 97903 97958 97888 97833 0 0
E 387165 cfg=208 nodes= 97903 97958 97888 97833 97904 97959 97889 97834 0 0
E 387166 cfg=208 nodes= 97904 97959 97889 97834 97905 97960 97890 97835 0 0
E 387167 cfg=208 nodes= 62095 60960 60959 62083 97906 97961 97891 97836 0 0
E 387168 cfg=208 nodes= 97906 97961 97891 97836 97907 97962 97892 97837 0 0
E 387169 cfg=208 nodes= 97907 97962 97892 97837 97908 97963 97893 97838 0 0
E 387170 cfg=208 nodes= 97908 97963 97893 97838 97909 97964 97894 97839 0 0
E 387171 cfg=208 nodes= 97909 97964 97894 97839 97910 97965 97895 97840 0 0
E 387172 cfg=208 nodes= 62096 62105 62093 62084 97912 97966 97896 97842 0 0
E 387173 cfg=208 nodes= 97912 97966 97896 97842 97914 97967 97897 97844 0 0
E 387174 cfg=208 nodes= 97914 97967 97897 97844 97916 97968 97898 97846 0 0
E 387175 cfg=208 nodes= 97916 97968 97898 97846 97918 97969 97899 97848 0 0
E 387176 cfg=208 nodes= 97918 97969 97899 97848 97920 97970 97900 97850 0 0
E 387177 cfg=208 nodes= 62097 62106 62094 62085 97921 97971 97901 97851 0 0
E 387178 cfg=208 nodes= 97921 97971 97901 97851 97922 97972 97902 97852 0 0
E 387179 cfg=208 nodes= 97922 97972 97902 97852 97923 97973 97903 97853 0 0
E 387180 cfg=208 nodes= 97923 97973 97903 97853 97924 97974 97904 97854 0 0
E 387181 cfg=208 nodes= 97924 97974 97904 97854 97925 97975 97905 97855 0 0
E 387182 cfg=208 nodes= 62098 62107 62095 62086 97926 97976 97906 97856 0 0
E 387183 cfg=208 nodes= 97926 97976 97906 97856 97927 97977 97907 97857 0 0
E 387184 cfg=208 nodes= 97927 97977 97907 97857 97928 97978 97908 97858 0 0
E 387185 cfg=208 nodes= 97928 97978 97908 97858 97929 97979 97909 97859 0 0
E 387186 cfg=208 nodes= 97929 97979 97909 97859 97930 97980 97910 97860 0 0
E 387187 cfg=208 nodes= 62096 61807 61806 62109 97912 97911 97982 97981 0 0
E 387188 cfg=208 nodes= 97912 97911 97982 97981 97914 97913 97984 97983 0 0
E 387189 cfg=208 nodes= 97914 97913 97984 97983 97916 97915 97986 97985 0 0
E 387190 cfg=208 nodes= 97916 97915 97986 97985 97918 97917 97988 97987 0 0
E 387191 cfg=208 nodes= 97918 97917 97988 97987 97920 97919 97990 97989 0 0
E 387192 cfg=208 nodes= 62099 62108 62097 62087 97931 97991 97921 97861 0 0
E 387193 cfg=208 nodes= 97931 97991 97921 97861 97932 97992 97922 97862 0 0
E 387194 cfg=208 nodes= 97932 97992 97922 97862 97933 97993 97923 97863 0 0
E 387195 cfg=208 nodes= 97933 97993 97923 97863 97934 97994 97924 97864 0 0
E 387196 cfg=208 nodes= 97934 97994 97924 97864 97935 97995 97925 97865 0 0
E 387197 cfg=208 nodes= 62100 62110 62098 62088 97936 97996 97926 97866 0 0
E 387198 cfg=208 nodes= 97936 97996 97926 97866 97937 97997 97927 97867 0 0
E 387199 cfg=208 nodes= 97937 97997 97927 97867 97938 97998 97928 97868 0 0
E 387200 cfg=208 nodes= 97938 97998 97928 97868 97939 97999 97929 97869 0 0
E 387201 cfg=208 nodes= 97939 97999 97929 97869 97940 98000 97930 97870 0 0
E 387202 cfg=208 nodes= 62101 62111 62099 62089 97941 98001 97931 97871 0 0
E 387203 cfg=208 nodes= 97941 98001 97931 97871 97942 98002 97932 97872 0 0
E 387204 cfg=208 nodes= 97942 98002 97932 97872 97943 98003 97933 97873 0 0
E 387205 cfg=208 nodes= 97943 98003 97933 97873 97944 98004 97934 97874 0 0
E 387206 cfg=208 nodes= 97944 98004 97934 97874 97945 98005 97935 97875 0 0
E 387207 cfg=208 nodes= 62102 62112 62100 62090 97946 98006 97936 97876 0 0
E 387208 cfg=208 nodes= 97946 98006 97936 97876 97947 98007 97937 97877 0 0
E 387209 cfg=208 nodes= 97947 98007 97937 97877 97948 98008 97938 97878 0 0
E 387210 cfg=208 nodes= 97948 98008 97938 97878 97949 98009 97939 97879 0 0
E 387211 cfg=208 nodes= 97949 98009 97939 97879 97950 98010 97940 97880 0 0
E 387212 cfg=208 nodes= 62103 62113 62101 62091 97951 98011 97941 97881 0 0
E 387213 cfg=208 nodes= 97951 98011 97941 97881 97952 98012 97942 97882 0 0
E 387214 cfg=208 nodes= 97952 98012 97942 97882 97953 98013 97943 97883 0 0
E 387215 cfg=208 nodes= 97953 98013 97943 97883 97954 98014 97944 97884 0 0
E 387216 cfg=208 nodes= 97954 98014 97944 97884 97955 98015 97945 97885 0 0
E 387217 cfg=208 nodes= 62104 62114 62102 62092 97956 98016 97946 97886 0 0
E 387218 cfg=208 nodes= 97956 98016 97946 97886 97957 98017 97947 97887 0 0
E 387219 cfg=208 nodes= 97957 98017 97947 97887 97958 98018 97948 97888 0 0
E 387220 cfg=208 nodes= 97958 98018 97948 97888 97959 98019 97949 97889 0 0
E 387221 cfg=208 nodes= 97959 98019 97949 97889 97960 98020 97950 97890 0 0
E 387222 cfg=208 nodes= 62105 62115 62103 62093 97966 98021 97951 97896 0 0
E 387223 cfg=208 nodes= 97966 98021 97951 97896 97967 98022 97952 97897 0 0
E 387224 cfg=208 nodes= 97967 98022 97952 97897 97968 98023 97953 97898 0 0
E 387225 cfg=208 nodes= 97968 98023 97953 97898 97969 98024 97954 97899 0 0
E 387226 cfg=208 nodes= 97969 98024 97954 97899 97970 98025 97955 97900 0 0
E 387227 cfg=208 nodes= 62106 62116 62104 62094 97971 98026 97956 97901 0 0
E 387228 cfg=208 nodes= 97971 98026 97956 97901 97972 98027 97957 97902 0 0
E 387229 cfg=208 nodes= 97972 98027 97957 97902 97973 98028 97958 97903 0 0
E 387230 cfg=208 nodes= 97973 98028 97958 97903 97974 98029 97959 97904 0 0
E 387231 cfg=208 nodes= 97974 98029 97959 97904 97975 98030 97960 97905 0 0
E 387232 cfg=208 nodes= 62107 60961 60960 62095 97976 98031 97961 97906 0 0
E 387233 cfg=208 nodes= 97976 98031 97961 97906 97977 98032 97962 97907 0 0
E 387234 cfg=208 nodes= 97977 98032 97962 97907 97978 98033 97963 97908 0 0
E 387235 cfg=208 nodes= 97978 98033 97963 97908 97979 98034 97964 97909 0 0
E 387236 cfg=208 nodes= 97979 98034 97964 97909 97980 98035 97965 97910 0 0
E 387237 cfg=208 nodes= 62108 62117 62106 62097 97991 98036 97971 97921 0 0
E 387238 cfg=208 nodes= 97991 98036 97971 97921 97992 98037 97972 97922 0 0
E 387239 cfg=208 nodes= 97992 98037 97972 97922 97993 98038 97973 97923 0 0
E 387240 cfg=208 nodes= 97993 98038 97973 97923 97994 98039 97974 97924 0 0
E 387241 cfg=208 nodes= 97994 98039 97974 97924 97995 98040 97975 97925 0 0
E 387242 cfg=208 nodes= 62105 62096 62109 62118 97966 97912 97981 98041 0 0
E 387243 cfg=208 nodes= 97966 97912 97981 98041 97967 97914 97983 98042 0 0
E 387244 cfg=208 nodes= 97967 97914 97983 98042 97968 97916 97985 98043 0 0
E 387245 cfg=208 nodes= 97968 97916 97985 98043 97969 97918 97987 98044 0 0
E 387246 cfg=208 nodes= 97969 97918 97987 98044 97970 97920 97989 98045 0 0
E 387247 cfg=208 nodes= 62110 62119 62107 62098 97996 98046 97976 97926 0 0
E 387248 cfg=208 nodes= 97996 98046 97976 97926 97997 98047 97977 97927 0 0
E 387249 cfg=208 nodes= 97997 98047 97977 97927 97998 98048 97978 97928 0 0
E 387250 cfg=208 nodes= 97998 98048 97978 97928 97999 98049 97979 97929 0 0
E 387251 cfg=208 nodes= 97999 98049 97979 97929 98000 98050 97980 97930 0 0
E 387252 cfg=208 nodes= 61805 62121 62109 61806 98051 98052 97981 97982 0 0
E 387253 cfg=208 nodes= 98051 98052 97981 97982 98053 98054 97983 97984 0 0
E 387254 cfg=208 nodes= 98053 98054 97983 97984 98055 98056 97985 97986 0 0
E 387255 cfg=208 nodes= 98055 98056 97985 97986 98057 98058 97987 97988 0 0
E 387256 cfg=208 nodes= 98057 98058 97987 97988 98059 98060 97989 97990 0 0
E 387257 cfg=208 nodes= 62111 62120 62108 62099 98001 98061 97991 97931 0 0
E 387258 cfg=208 nodes= 98001 98061 97991 97931 98002 98062 97992 97932 0 0
E 387259 cfg=208 nodes= 98002 98062 97992 97932 98003 98063 97993 97933 0 0
E 387260 cfg=208 nodes= 98003 98063 97993 97933 98004 98064 97994 97934 0 0
E 387261 cfg=208 nodes= 98004 98064 97994 97934 98005 98065 97995 97935 0 0
E 387262 cfg=208 nodes= 62112 62122 62110 62100 98006 98066 97996 97936 0 0
E 387263 cfg=208 nodes= 98006 98066 97996 97936 98007 98067 97997 97937 0 0
E 387264 cfg=208 nodes= 98007 98067 97997 97937 98008 98068 97998 97938 0 0
E 387265 cfg=208 nodes= 98008 98068 97998 97938 98009 98069 97999 97939 0 0
E 387266 cfg=208 nodes= 98009 98069 97999 97939 98010 98070 98000 97940 0 0
E 387267 cfg=208 nodes= 62113 62123 62111 62101 98011 98071 98001 97941 0 0
E 387268 cfg=208 nodes= 98011 98071 98001 97941 98012 98072 98002 97942 0 0
E 387269 cfg=208 nodes= 98012 98072 98002 97942 98013 98073 98003 97943 0 0
E 387270 cfg=208 nodes= 98013 98073 98003 97943 98014 98074 98004 97944 0 0
E 387271 cfg=208 nodes= 98014 98074 98004 97944 98015 98075 98005 97945 0 0
E 387272 cfg=208 nodes= 62114 62124 62112 62102 98016 98076 98006 97946 0 0
E 387273 cfg=208 nodes= 98016 98076 98006 97946 98017 98077 98007 97947 0 0
E 387274 cfg=208 nodes= 98017 98077 98007 97947 98018 98078 98008 97948 0 0
E 387275 cfg=208 nodes= 98018 98078 98008 97948 98019 98079 98009 97949 0 0
E 387276 cfg=208 nodes= 98019 98079 98009 97949 98020 98080 98010 97950 0 0
E 387277 cfg=208 nodes= 62115 62125 62113 62103 98021 98081 98011 97951 0 0
E 387278 cfg=208 nodes= 98021 98081 98011 97951 98022 98082 98012 97952 0 0
E 387279 cfg=208 nodes= 98022 98082 98012 97952 98023 98083 98013 97953 0 0
E 387280 cfg=208 nodes= 98023 98083 98013 97953 98024 98084 98014 97954 0 0
E 387281 cfg=208 nodes= 98024 98084 98014 97954 98025 98085 98015 97955 0 0
E 387282 cfg=208 nodes= 62116 62126 62114 62104 98026 98086 98016 97956 0 0
E 387283 cfg=208 nodes= 98026 98086 98016 97956 98027 98087 98017 97957 0 0
E 387284 cfg=208 nodes= 98027 98087 98017 97957 98028 98088 98018 97958 0 0
E 387285 cfg=208 nodes= 98028 98088 98018 97958 98029 98089 98019 97959 0 0
E 387286 cfg=208 nodes= 98029 98089 98019 97959 98030 98090 98020 97960 0 0
E 387287 cfg=208 nodes= 62117 62127 62116 62106 98036 98091 98026 97971 0 0
E 387288 cfg=208 nodes= 98036 98091 98026 97971 98037 98092 98027 97972 0 0
E 387289 cfg=208 nodes= 98037 98092 98027 97972 98038 98093 98028 97973 0 0
E 387290 cfg=208 nodes= 98038 98093 98028 97973 98039 98094 98029 97974 0 0
E 387291 cfg=208 nodes= 98039 98094 98029 97974 98040 98095 98030 97975 0 0
E 387292 cfg=208 nodes= 62115 62105 62118 62128 98021 97966 98041 98096 0 0
E 387293 cfg=208 nodes= 98021 97966 98041 98096 98022 97967 98042 98097 0 0
E 387294 cfg=208 nodes= 98022 97967 98042 98097 98023 97968 98043 98098 0 0
E 387295 cfg=208 nodes= 98023 97968 98043 98098 98024 97969 98044 98099 0 0
E 387296 cfg=208 nodes= 98024 97969 98044 98099 98025 97970 98045 98100 0 0
E 387297 cfg=208 nodes= 62119 60962 60961 62107 98046 98101 98031 97976 0 0
E 387298 cfg=208 nodes= 98046 98101 98031 97976 98047 98102 98032 97977 0 0
E 387299 cfg=208 nodes= 98047 98102 98032 97977 98048 98103 98033 97978 0 0
E 387300 cfg=208 nodes= 98048 98103 98033 97978 98049 98104 98034 97979 0 0
E 387301 cfg=208 nodes= 98049 98104 98034 97979 98050 98105 98035 97980 0 0
E 387302 cfg=208 nodes= 62120 62129 62117 62108 98061 98106 98036 97991 0 0
E 387303 cfg=208 nodes= 98061 98106 98036 97991 98062 98107 98037 97992 0 0
E 387304 cfg=208 nodes= 98062 98107 98037 97992 98063 98108 98038 97993 0 0
E 387305 cfg=208 nodes= 98063 98108 98038 97993 98064 98109 98039 97994 0 0
E 387306 cfg=208 nodes= 98064 98109 98039 97994 98065 98110 98040 97995 0 0
E 387307 cfg=208 nodes= 62121 62130 62118 62109 98052 98111 98041 97981 0 0
E 387308 cfg=208 nodes= 98052 98111 98041 97981 98054 98112 98042 97983 0 0
E 387309 cfg=208 nodes= 98054 98112 98042 97983 98056 98113 98043 97985 0 0
E 387310 cfg=208 nodes= 98056 98113 98043 97985 98058 98114 98044 97987 0 0
E 387311 cfg=208 nodes= 98058 98114 98044 97987 98060 98115 98045 97989 0 0
E 387312 cfg=208 nodes= 62122 62131 62119 62110 98066 98116 98046 97996 0 0
E 387313 cfg=208 nodes= 98066 98116 98046 97996 98067 98117 98047 97997 0 0
E 387314 cfg=208 nodes= 98067 98117 98047 97997 98068 98118 98048 97998 0 0
E 387315 cfg=208 nodes= 98068 98118 98048 97998 98069 98119 98049 97999 0 0
E 387316 cfg=208 nodes= 98069 98119 98049 97999 98070 98120 98050 98000 0 0
E 387317 cfg=208 nodes= 61804 62134 62121 61805 98121 98122 98052 98051 0 0
E 387318 cfg=208 nodes= 98121 98122 98052 98051 98123 98124 98054 98053 0 0
E 387319 cfg=208 nodes= 98123 98124 98054 98053 98125 98126 98056 98055 0 0
E 387320 cfg=208 nodes= 98125 98126 98056 98055 98127 98128 98058 98057 0 0
E 387321 cfg=208 nodes= 98127 98128 98058 98057 98129 98130 98060 98059 0 0
E 387322 cfg=208 nodes= 62123 62132 62120 62111 98071 98131 98061 98001 0 0
E 387323 cfg=208 nodes= 98071 98131 98061 98001 98072 98132 98062 98002 0 0
E 387324 cfg=208 nodes= 98072 98132 98062 98002 98073 98133 98063 98003 0 0
E 387325 cfg=208 nodes= 98073 98133 98063 98003 98074 98134 98064 98004 0 0
E 387326 cfg=208 nodes= 98074 98134 98064 98004 98075 98135 98065 98005 0 0
E 387327 cfg=208 nodes= 62124 62133 62122 62112 98076 98136 98066 98006 0 0
E 387328 cfg=208 nodes= 98076 98136 98066 98006 98077 98137 98067 98007 0 0
E 387329 cfg=208 nodes= 98077 98137 98067 98007 98078 98138 98068 98008 0 0
E 387330 cfg=208 nodes= 98078 98138 98068 98008 98079 98139 98069 98009 0 0
E 387331 cfg=208 nodes= 98079 98139 98069 98009 98080 98140 98070 98010 0 0
E 387332 cfg=208 nodes= 62125 62136 62123 62113 98081 98141 98071 98011 0 0
E 387333 cfg=208 nodes= 98081 98141 98071 98011 98082 98142 98072 98012 0 0
E 387334 cfg=208 nodes= 98082 98142 98072 98012 98083 98143 98073 98013 0 0
E 387335 cfg=208 nodes= 98083 98143 98073 98013 98084 98144 98074 98014 0 0
E 387336 cfg=208 nodes= 98084 98144 98074 98014 98085 98145 98075 98015 0 0
E 387337 cfg=208 nodes= 62126 62135 62124 62114 98086 98146 98076 98016 0 0
E 387338 cfg=208 nodes= 98086 98146 98076 98016 98087 98147 98077 98017 0 0
E 387339 cfg=208 nodes= 98087 98147 98077 98017 98088 98148 98078 98018 0 0
E 387340 cfg=208 nodes= 98088 98148 98078 98018 98089 98149 98079 98019 0 0
E 387341 cfg=208 nodes= 98089 98149 98079 98019 98090 98150 98080 98020 0 0
E 387342 cfg=208 nodes= 62127 62137 62126 62116 98091 98151 98086 98026 0 0
E 387343 cfg=208 nodes= 98091 98151 98086 98026 98092 98152 98087 98027 0 0
E 387344 cfg=208 nodes= 98092 98152 98087 98027 98093 98153 98088 98028 0 0
E 387345 cfg=208 nodes= 98093 98153 98088 98028 98094 98154 98089 98029 0 0
E 387346 cfg=208 nodes= 98094 98154 98089 98029 98095 98155 98090 98030 0 0
E 387347 cfg=208 nodes= 62128 62138 62125 62115 98096 98156 98081 98021 0 0
E 387348 cfg=208 nodes= 98096 98156 98081 98021 98097 98157 98082 98022 0 0
E 387349 cfg=208 nodes= 98097 98157 98082 98022 98098 98158 98083 98023 0 0
E 387350 cfg=208 nodes= 98098 98158 98083 98023 98099 98159 98084 98024 0 0
E 387351 cfg=208 nodes= 98099 98159 98084 98024 98100 98160 98085 98025 0 0
E 387352 cfg=208 nodes= 62129 62139 62127 62117 98106 98161 98091 98036 0 0
E 387353 cfg=208 nodes= 98106 98161 98091 98036 98107 98162 98092 98037 0 0
E 387354 cfg=208 nodes= 98107 98162 98092 98037 98108 98163 98093 98038 0 0
E 387355 cfg=208 nodes= 98108 98163 98093 98038 98109 98164 98094 98039 0 0
E 387356 cfg=208 nodes= 98109 98164 98094 98039 98110 98165 98095 98040 0 0
E 387357 cfg=208 nodes= 62130 62140 62128 62118 98111 98166 98096 98041 0 0
E 387358 cfg=208 nodes= 98111 98166 98096 98041 98112 98167 98097 98042 0 0
E 387359 cfg=208 nodes= 98112 98167 98097 98042 98113 98168 98098 98043 0 0
E 387360 cfg=208 nodes= 98113 98168 98098 98043 98114 98169 98099 98044 0 0
E 387361 cfg=208 nodes= 98114 98169 98099 98044 98115 98170 98100 98045 0 0
E 387362 cfg=208 nodes= 62131 60963 60962 62119 98116 98171 98101 98046 0 0
E 387363 cfg=208 nodes= 98116 98171 98101 98046 98117 98172 98102 98047 0 0
E 387364 cfg=208 nodes= 98117 98172 98102 98047 98118 98173 98103 98048 0 0
E 387365 cfg=208 nodes= 98118 98173 98103 98048 98119 98174 98104 98049 0 0
E 387366 cfg=208 nodes= 98119 98174 98104 98049 98120 98175 98105 98050 0 0
E 387367 cfg=208 nodes= 62132 62141 62129 62120 98131 98176 98106 98061 0 0
E 387368 cfg=208 nodes= 98131 98176 98106 98061 98132 98177 98107 98062 0 0
E 387369 cfg=208 nodes= 98132 98177 98107 98062 98133 98178 98108 98063 0 0
E 387370 cfg=208 nodes= 98133 98178 98108 98063 98134 98179 98109 98064 0 0
E 387371 cfg=208 nodes= 98134 98179 98109 98064 98135 98180 98110 98065 0 0
E 387372 cfg=208 nodes= 62133 62142 62131 62122 98136 98181 98116 98066 0 0
E 387373 cfg=208 nodes= 98136 98181 98116 98066 98137 98182 98117 98067 0 0
E 387374 cfg=208 nodes= 98137 98182 98117 98067 98138 98183 98118 98068 0 0
E 387375 cfg=208 nodes= 98138 98183 98118 98068 98139 98184 98119 98069 0 0
E 387376 cfg=208 nodes= 98139 98184 98119 98069 98140 98185 98120 98070 0 0
E 387377 cfg=208 nodes= 62134 62143 62130 62121 98122 98186 98111 98052 0 0
E 387378 cfg=208 nodes= 98122 98186 98111 98052 98124 98187 98112 98054 0 0
E 387379 cfg=208 nodes= 98124 98187 98112 98054 98126 98188 98113 98056 0 0
E 387380 cfg=208 nodes= 98126 98188 98113 98056 98128 98189 98114 98058 0 0
E 387381 cfg=208 nodes= 98128 98189 98114 98058 98130 98190 98115 98060 0 0
E 387382 cfg=208 nodes= 62136 62145 62132 62123 98141 98191 98131 98071 0 0
E 387383 cfg=208 nodes= 98141 98191 98131 98071 98142 98192 98132 98072 0 0
E 387384 cfg=208 nodes= 98142 98192 98132 98072 98143 98193 98133 98073 0 0
E 387385 cfg=208 nodes= 98143 98193 98133 98073 98144 98194 98134 98074 0 0
E 387386 cfg=208 nodes= 98144 98194 98134 98074 98145 98195 98135 98075 0 0
E 387387 cfg=208 nodes= 61803 62146 62134 61804 98196 98197 98122 98121 0 0
E 387388 cfg=208 nodes= 98196 98197 98122 98121 98198 98199 98124 98123 0 0
E 387389 cfg=208 nodes= 98198 98199 98124 98123 98200 98201 98126 98125 0 0
E 387390 cfg=208 nodes= 98200 98201 98126 98125 98202 98203 98128 98127 0 0
E 387391 cfg=208 nodes= 98202 98203 98128 98127 98204 98205 98130 98129 0 0
E 387392 cfg=208 nodes= 62135 62144 62133 62124 98146 98206 98136 98076 0 0
E 387393 cfg=208 nodes= 98146 98206 98136 98076 98147 98207 98137 98077 0 0
E 387394 cfg=208 nodes= 98147 98207 98137 98077 98148 98208 98138 98078 0 0
E 387395 cfg=208 nodes= 98148 98208 98138 98078 98149 98209 98139 98079 0 0
E 387396 cfg=208 nodes= 98149 98209 98139 98079 98150 98210 98140 98080 0 0
E 387397 cfg=208 nodes= 62137 62147 62135 62126 98151 98211 98146 98086 0 0
E 387398 cfg=208 nodes= 98151 98211 98146 98086 98152 98212 98147 98087 0 0
E 387399 cfg=208 nodes= 98152 98212 98147 98087 98153 98213 98148 98088 0 0
E 387400 cfg=208 nodes= 98153 98213 98148 98088 98154 98214 98149 98089 0 0
E 387401 cfg=208 nodes= 98154 98214 98149 98089 98155 98215 98150 98090 0 0
E 387402 cfg=208 nodes= 62138 62148 62136 62125 98156 98216 98141 98081 0 0
E 387403 cfg=208 nodes= 98156 98216 98141 98081 98157 98217 98142 98082 0 0
E 387404 cfg=208 nodes= 98157 98217 98142 98082 98158 98218 98143 98083 0 0
E 387405 cfg=208 nodes= 98158 98218 98143 98083 98159 98219 98144 98084 0 0
E 387406 cfg=208 nodes= 98159 98219 98144 98084 98160 98220 98145 98085 0 0
E 387407 cfg=208 nodes= 62139 62149 62137 62127 98161 98221 98151 98091 0 0
E 387408 cfg=208 nodes= 98161 98221 98151 98091 98162 98222 98152 98092 0 0
E 387409 cfg=208 nodes= 98162 98222 98152 98092 98163 98223 98153 98093 0 0
E 387410 cfg=208 nodes= 98163 98223 98153 98093 98164 98224 98154 98094 0 0
E 387411 cfg=208 nodes= 98164 98224 98154 98094 98165 98225 98155 98095 0 0
E 387412 cfg=208 nodes= 62140 62150 62138 62128 98166 98226 98156 98096 0 0
E 387413 cfg=208 nodes= 98166 98226 98156 98096 98167 98227 98157 98097 0 0
E 387414 cfg=208 nodes= 98167 98227 98157 98097 98168 98228 98158 98098 0 0
E 387415 cfg=208 nodes= 98168 98228 98158 98098 98169 98229 98159 98099 0 0
E 387416 cfg=208 nodes= 98169 98229 98159 98099 98170 98230 98160 98100 0 0
E 387417 cfg=208 nodes= 62141 62151 62139 62129 98176 98231 98161 98106 0 0
E 387418 cfg=208 nodes= 98176 98231 98161 98106 98177 98232 98162 98107 0 0
E 387419 cfg=208 nodes= 98177 98232 98162 98107 98178 98233 98163 98108 0 0
E 387420 cfg=208 nodes= 98178 98233 98163 98108 98179 98234 98164 98109 0 0
E 387421 cfg=208 nodes= 98179 98234 98164 98109 98180 98235 98165 98110 0 0
E 387422 cfg=208 nodes= 62142 60964 60963 62131 98181 98236 98171 98116 0 0
E 387423 cfg=208 nodes= 98181 98236 98171 98116 98182 98237 98172 98117 0 0
E 387424 cfg=208 nodes= 98182 98237 98172 98117 98183 98238 98173 98118 0 0
E 387425 cfg=208 nodes= 98183 98238 98173 98118 98184 98239 98174 98119 0 0
E 387426 cfg=208 nodes= 98184 98239 98174 98119 98185 98240 98175 98120 0 0
E 387427 cfg=208 nodes= 62143 62152 62140 62130 98186 98241 98166 98111 0 0
E 387428 cfg=208 nodes= 98186 98241 98166 98111 98187 98242 98167 98112 0 0
E 387429 cfg=208 nodes= 98187 98242 98167 98112 98188 98243 98168 98113 0 0
E 387430 cfg=208 nodes= 98188 98243 98168 98113 98189 98244 98169 98114 0 0
E 387431 cfg=208 nodes= 98189 98244 98169 98114 98190 98245 98170 98115 0 0
E 387432 cfg=208 nodes= 62145 62154 62141 62132 98191 98246 98176 98131 0 0
E 387433 cfg=208 nodes= 98191 98246 98176 98131 98192 98247 98177 98132 0 0
E 387434 cfg=208 nodes= 98192 98247 98177 98132 98193 98248 98178 98133 0 0
E 387435 cfg=208 nodes= 98193 98248 98178 98133 98194 98249 98179 98134 0 0
E 387436 cfg=208 nodes= 98194 98249 98179 98134 98195 98250 98180 98135 0 0
E 387437 cfg=208 nodes= 62144 62153 62142 62133 98206 98251 98181 98136 0 0
E 387438 cfg=208 nodes= 98206 98251 98181 98136 98207 98252 98182 98137 0 0
E 387439 cfg=208 nodes= 98207 98252 98182 98137 98208 98253 98183 98138 0 0
E 387440 cfg=208 nodes= 98208 98253 98183 98138 98209 98254 98184 98139 0 0
E 387441 cfg=208 nodes= 98209 98254 98184 98139 98210 98255 98185 98140 0 0
E 387442 cfg=208 nodes= 62146 62155 62143 62134 98197 98256 98186 98122 0 0
E 387443 cfg=208 nodes= 98197 98256 98186 98122 98199 98257 98187 98124 0 0
E 387444 cfg=208 nodes= 98199 98257 98187 98124 98201 98258 98188 98126 0 0
E 387445 cfg=208 nodes= 98201 98258 98188 98126 98203 98259 98189 98128 0 0
E 387446 cfg=208 nodes= 98203 98259 98189 98128 98205 98260 98190 98130 0 0
E 387447 cfg=208 nodes= 62147 62156 62144 62135 98211 98261 98206 98146 0 0
E 387448 cfg=208 nodes= 98211 98261 98206 98146 98212 98262 98207 98147 0 0
E 387449 cfg=208 nodes= 98212 98262 98207 98147 98213 98263 98208 98148 0 0
E 387450 cfg=208 nodes= 98213 98263 98208 98148 98214 98264 98209 98149 0 0
E 387451 cfg=208 nodes= 98214 98264 98209 98149 98215 98265 98210 98150 0 0
E 387452 cfg=208 nodes= 62148 62157 62145 62136 98216 98266 98191 98141 0 0
E 387453 cfg=208 nodes= 98216 98266 98191 98141 98217 98267 98192 98142 0 0
E 387454 cfg=208 nodes= 98217 98267 98192 98142 98218 98268 98193 98143 0 0
E 387455 cfg=208 nodes= 98218 98268 98193 98143 98219 98269 98194 98144 0 0
E 387456 cfg=208 nodes= 98219 98269 98194 98144 98220 98270 98195 98145 0 0
E 387457 cfg=208 nodes= 61802 62158 62146 61803 98271 98272 98197 98196 0 0
E 387458 cfg=208 nodes= 98271 98272 98197 98196 98273 98274 98199 98198 0 0
E 387459 cfg=208 nodes= 98273 98274 98199 98198 98275 98276 98201 98200 0 0
E 387460 cfg=208 nodes= 98275 98276 98201 98200 98277 98278 98203 98202 0 0
E 387461 cfg=208 nodes= 98277 98278 98203 98202 98279 98280 98205 98204 0 0
E 387462 cfg=208 nodes= 62149 62159 62147 62137 98221 98281 98211 98151 0 0
E 387463 cfg=208 nodes= 98221 98281 98211 98151 98222 98282 98212 98152 0 0
E 387464 cfg=208 nodes= 98222 98282 98212 98152 98223 98283 98213 98153 0 0
E 387465 cfg=208 nodes= 98223 98283 98213 98153 98224 98284 98214 98154 0 0
E 387466 cfg=208 nodes= 98224 98284 98214 98154 98225 98285 98215 98155 0 0
E 387467 cfg=208 nodes= 62150 62160 62148 62138 98226 98286 98216 98156 0 0
E 387468 cfg=208 nodes= 98226 98286 98216 98156 98227 98287 98217 98157 0 0
E 387469 cfg=208 nodes= 98227 98287 98217 98157 98228 98288 98218 98158 0 0
E 387470 cfg=208 nodes= 98228 98288 98218 98158 98229 98289 98219 98159 0 0
E 387471 cfg=208 nodes= 98229 98289 98219 98159 98230 98290 98220 98160 0 0
E 387472 cfg=208 nodes= 62151 62161 62149 62139 98231 98291 98221 98161 0 0
E 387473 cfg=208 nodes= 98231 98291 98221 98161 98232 98292 98222 98162 0 0
E 387474 cfg=208 nodes= 98232 98292 98222 98162 98233 98293 98223 98163 0 0
E 387475 cfg=208 nodes= 98233 98293 98223 98163 98234 98294 98224 98164 0 0
E 387476 cfg=208 nodes= 98234 98294 98224 98164 98235 98295 98225 98165 0 0
E 387477 cfg=208 nodes= 62152 62162 62150 62140 98241 98296 98226 98166 0 0
E 387478 cfg=208 nodes= 98241 98296 98226 98166 98242 98297 98227 98167 0 0
E 387479 cfg=208 nodes= 98242 98297 98227 98167 98243 98298 98228 98168 0 0
E 387480 cfg=208 nodes= 98243 98298 98228 98168 98244 98299 98229 98169 0 0
E 387481 cfg=208 nodes= 98244 98299 98229 98169 98245 98300 98230 98170 0 0
E 387482 cfg=208 nodes= 62154 62163 62151 62141 98246 98301 98231 98176 0 0
E 387483 cfg=208 nodes= 98246 98301 98231 98176 98247 98302 98232 98177 0 0
E 387484 cfg=208 nodes= 98247 98302 98232 98177 98248 98303 98233 98178 0 0
E 387485 cfg=208 nodes= 98248 98303 98233 98178 98249 98304 98234 98179 0 0
E 387486 cfg=208 nodes= 98249 98304 98234 98179 98250 98305 98235 98180 0 0
E 387487 cfg=208 nodes= 62153 60965 60964 62142 98251 98306 98236 98181 0 0
E 387488 cfg=208 nodes= 98251 98306 98236 98181 98252 98307 98237 98182 0 0
E 387489 cfg=208 nodes= 98252 98307 98237 98182 98253 98308 98238 98183 0 0
E 387490 cfg=208 nodes= 98253 98308 98238 98183 98254 98309 98239 98184 0 0
E 387491 cfg=208 nodes= 98254 98309 98239 98184 98255 98310 98240 98185 0 0
E 387492 cfg=208 nodes= 62155 62164 62152 62143 98256 98311 98241 98186 0 0
E 387493 cfg=208 nodes= 98256 98311 98241 98186 98257 98312 98242 98187 0 0
E 387494 cfg=208 nodes= 98257 98312 98242 98187 98258 98313 98243 98188 0 0
E 387495 cfg=208 nodes= 98258 98313 98243 98188 98259 98314 98244 98189 0 0
E 387496 cfg=208 nodes= 98259 98314 98244 98189 98260 98315 98245 98190 0 0
E 387497 cfg=208 nodes= 62156 62165 62153 62144 98261 98316 98251 98206 0 0
E 387498 cfg=208 nodes= 98261 98316 98251 98206 98262 98317 98252 98207 0 0
E 387499 cfg=208 nodes= 98262 98317 98252 98207 98263 98318 98253 98208 0 0
E 387500 cfg=208 nodes= 98263 98318 98253 98208 98264 98319 98254 98209 0 0
E 387501 cfg=208 nodes= 98264 98319 98254 98209 98265 98320 98255 98210 0 0
E 387502 cfg=208 nodes= 62157 62166 62154 62145 98266 98321 98246 98191 0 0
E 387503 cfg=208 nodes= 98266 98321 98246 98191 98267 98322 98247 98192 0 0
E 387504 cfg=208 nodes= 98267 98322 98247 98192 98268 98323 98248 98193 0 0
E 387505 cfg=208 nodes= 98268 98323 98248 98193 98269 98324 98249 98194 0 0
E 387506 cfg=208 nodes= 98269 98324 98249 98194 98270 98325 98250 98195 0 0
E 387507 cfg=208 nodes= 62158 62167 62155 62146 98272 98326 98256 98197 0 0
E 387508 cfg=208 nodes= 98272 98326 98256 98197 98274 98327 98257 98199 0 0
E 387509 cfg=208 nodes= 98274 98327 98257 98199 98276 98328 98258 98201 0 0
E 387510 cfg=208 nodes= 98276 98328 98258 98201 98278 98329 98259 98203 0 0
E 387511 cfg=208 nodes= 98278 98329 98259 98203 98280 98330 98260 98205 0 0
E 387512 cfg=208 nodes= 62159 62168 62156 62147 98281 98331 98261 98211 0 0
E 387513 cfg=208 nodes= 98281 98331 98261 98211 98282 98332 98262 98212 0 0
E 387514 cfg=208 nodes= 98282 98332 98262 98212 98283 98333 98263 98213 0 0
E 387515 cfg=208 nodes= 98283 98333 98263 98213 98284 98334 98264 98214 0 0
E 387516 cfg=208 nodes= 98284 98334 98264 98214 98285 98335 98265 98215 0 0
E 387517 cfg=208 nodes= 62160 62169 62157 62148 98286 98336 98266 98216 0 0
E 387518 cfg=208 nodes= 98286 98336 98266 98216 98287 98337 98267 98217 0 0
E 387519 cfg=208 nodes= 98287 98337 98267 98217 98288 98338 98268 98218 0 0
E 387520 cfg=208 nodes= 98288 98338 98268 98218 98289 98339 98269 98219 0 0
E 387521 cfg=208 nodes= 98289 98339 98269 98219 98290 98340 98270 98220 0 0
E 387522 cfg=208 nodes= 61801 62170 62158 61802 98341 98342 98272 98271 0 0
E 387523 cfg=208 nodes= 98341 98342 98272 98271 98343 98344 98274 98273 0 0
E 387524 cfg=208 nodes= 98343 98344 98274 98273 98345 98346 98276 98275 0 0
E 387525 cfg=208 nodes= 98345 98346 98276 98275 98347 98348 98278 98277 0 0
E 387526 cfg=208 nodes= 98347 98348 98278 98277 98349 98350 98280 98279 0 0
E 387527 cfg=208 nodes= 62161 62171 62159 62149 98291 98351 98281 98221 0 0
E 387528 cfg=208 nodes= 98291 98351 98281 98221 98292 98352 98282 98222 0 0
E 387529 cfg=208 nodes= 98292 98352 98282 98222 98293 98353 98283 98223 0 0
E 387530 cfg=208 nodes= 98293 98353 98283 98223 98294 98354 98284 98224 0 0
E 387531 cfg=208 nodes= 98294 98354 98284 98224 98295 98355 98285 98225 0 0
E 387532 cfg=208 nodes= 62162 62172 62160 62150 98296 98356 98286 98226 0 0
E 387533 cfg=208 nodes= 98296 98356 98286 98226 98297 98357 98287 98227 0 0
E 387534 cfg=208 nodes= 98297 98357 98287 98227 98298 98358 98288 98228 0 0
E 387535 cfg=208 nodes= 98298 98358 98288 98228 98299 98359 98289 98229 0 0
E 387536 cfg=208 nodes= 98299 98359 98289 98229 98300 98360 98290 98230 0 0
E 387537 cfg=208 nodes= 62163 62173 62161 62151 98301 98361 98291 98231 0 0
E 387538 cfg=208 nodes= 98301 98361 98291 98231 98302 98362 98292 98232 0 0
E 387539 cfg=208 nodes= 98302 98362 98292 98232 98303 98363 98293 98233 0 0
E 387540 cfg=208 nodes= 98303 98363 98293 98233 98304 98364 98294 98234 0 0
E 387541 cfg=208 nodes= 98304 98364 98294 98234 98305 98365 98295 98235 0 0
E 387542 cfg=208 nodes= 62164 62174 62162 62152 98311 98366 98296 98241 0 0
E 387543 cfg=208 nodes= 98311 98366 98296 98241 98312 98367 98297 98242 0 0
E 387544 cfg=208 nodes= 98312 98367 98297 98242 98313 98368 98298 98243 0 0
E 387545 cfg=208 nodes= 98313 98368 98298 98243 98314 98369 98299 98244 0 0
E 387546 cfg=208 nodes= 98314 98369 98299 98244 98315 98370 98300 98245 0 0
E 387547 cfg=208 nodes= 62165 60966 60965 62153 98316 98371 98306 98251 0 0
E 387548 cfg=208 nodes= 98316 98371 98306 98251 98317 98372 98307 98252 0 0
E 387549 cfg=208 nodes= 98317 98372 98307 98252 98318 98373 98308 98253 0 0
E 387550 cfg=208 nodes= 98318 98373 98308 98253 98319 98374 98309 98254 0 0
E 387551 cfg=208 nodes= 98319 98374 98309 98254 98320 98375 98310 98255 0 0
E 387552 cfg=208 nodes= 62163 62154 62166 62175 98301 98246 98321 98376 0 0
E 387553 cfg=208 nodes= 98301 98246 98321 98376 98302 98247 98322 98377 0 0
E 387554 cfg=208 nodes= 98302 98247 98322 98377 98303 98248 98323 98378 0 0
E 387555 cfg=208 nodes= 98303 98248 98323 98378 98304 98249 98324 98379 0 0
E 387556 cfg=208 nodes= 98304 98249 98324 98379 98305 98250 98325 98380 0 0
E 387557 cfg=208 nodes= 62167 62176 62164 62155 98326 98381 98311 98256 0 0
E 387558 cfg=208 nodes= 98326 98381 98311 98256 98327 98382 98312 98257 0 0
E 387559 cfg=208 nodes= 98327 98382 98312 98257 98328 98383 98313 98258 0 0
E 387560 cfg=208 nodes= 98328 98383 98313 98258 98329 98384 98314 98259 0 0
E 387561 cfg=208 nodes= 98329 98384 98314 98259 98330 98385 98315 98260 0 0
E 387562 cfg=208 nodes= 62168 62177 62165 62156 98331 98386 98316 98261 0 0
E 387563 cfg=208 nodes= 98331 98386 98316 98261 98332 98387 98317 98262 0 0
E 387564 cfg=208 nodes= 98332 98387 98317 98262 98333 98388 98318 98263 0 0
E 387565 cfg=208 nodes= 98333 98388 98318 98263 98334 98389 98319 98264 0 0
E 387566 cfg=208 nodes= 98334 98389 98319 98264 98335 98390 98320 98265 0 0
E 387567 cfg=208 nodes= 62169 62178 62166 62157 98336 98391 98321 98266 0 0
E 387568 cfg=208 nodes= 98336 98391 98321 98266 98337 98392 98322 98267 0 0
E 387569 cfg=208 nodes= 98337 98392 98322 98267 98338 98393 98323 98268 0 0
E 387570 cfg=208 nodes= 98338 98393 98323 98268 98339 98394 98324 98269 0 0
E 387571 cfg=208 nodes= 98339 98394 98324 98269 98340 98395 98325 98270 0 0
E 387572 cfg=208 nodes= 62170 62179 62167 62158 98342 98396 98326 98272 0 0
E 387573 cfg=208 nodes= 98342 98396 98326 98272 98344 98397 98327 98274 0 0
E 387574 cfg=208 nodes= 98344 98397 98327 98274 98346 98398 98328 98276 0 0
E 387575 cfg=208 nodes= 98346 98398 98328 98276 98348 98399 98329 98278 0 0
E 387576 cfg=208 nodes= 98348 98399 98329 98278 98350 98400 98330 98280 0 0
E 387577 cfg=208 nodes= 62171 62180 62168 62159 98351 98401 98331 98281 0 0
E 387578 cfg=208 nodes= 98351 98401 98331 98281 98352 98402 98332 98282 0 0
E 387579 cfg=208 nodes= 98352 98402 98332 98282 98353 98403 98333 98283 0 0
E 387580 cfg=208 nodes= 98353 98403 98333 98283 98354 98404 98334 98284 0 0
E 387581 cfg=208 nodes= 98354 98404 98334 98284 98355 98405 98335 98285 0 0
E 387582 cfg=208 nodes= 62172 62181 62169 62160 98356 98406 98336 98286 0 0
E 387583 cfg=208 nodes= 98356 98406 98336 98286 98357 98407 98337 98287 0 0
E 387584 cfg=208 nodes= 98357 98407 98337 98287 98358 98408 98338 98288 0 0
E 387585 cfg=208 nodes= 98358 98408 98338 98288 98359 98409 98339 98289 0 0
E 387586 cfg=208 nodes= 98359 98409 98339 98289 98360 98410 98340 98290 0 0
E 387587 cfg=208 nodes= 61800 62182 62170 61801 98411 98412 98342 98341 0 0
E 387588 cfg=208 nodes= 98411 98412 98342 98341 98413 98414 98344 98343 0 0
E 387589 cfg=208 nodes= 98413 98414 98344 98343 98415 98416 98346 98345 0 0
E 387590 cfg=208 nodes= 98415 98416 98346 98345 98417 98418 98348 98347 0 0
E 387591 cfg=208 nodes= 98417 98418 98348 98347 98419 98420 98350 98349 0 0
E 387592 cfg=208 nodes= 62173 62183 62171 62161 98361 98421 98351 98291 0 0
E 387593 cfg=208 nodes= 98361 98421 98351 98291 98362 98422 98352 98292 0 0
E 387594 cfg=208 nodes= 98362 98422 98352 98292 98363 98423 98353 98293 0 0
E 387595 cfg=208 nodes= 98363 98423 98353 98293 98364 98424 98354 98294 0 0
E 387596 cfg=208 nodes= 98364 98424 98354 98294 98365 98425 98355 98295 0 0
E 387597 cfg=208 nodes= 62174 62184 62172 62162 98366 98426 98356 98296 0 0
E 387598 cfg=208 nodes= 98366 98426 98356 98296 98367 98427 98357 98297 0 0
E 387599 cfg=208 nodes= 98367 98427 98357 98297 98368 98428 98358 98298 0 0
E 387600 cfg=208 nodes= 98368 98428 98358 98298 98369 98429 98359 98299 0 0
E 387601 cfg=208 nodes= 98369 98429 98359 98299 98370 98430 98360 98300 0 0
E 387602 cfg=208 nodes= 62173 62163 62175 62185 98361 98301 98376 98431 0 0
E 387603 cfg=208 nodes= 98361 98301 98376 98431 98362 98302 98377 98432 0 0
E 387604 cfg=208 nodes= 98362 98302 98377 98432 98363 98303 98378 98433 0 0
E 387605 cfg=208 nodes= 98363 98303 98378 98433 98364 98304 98379 98434 0 0
E 387606 cfg=208 nodes= 98364 98304 98379 98434 98365 98305 98380 98435 0 0
E 387607 cfg=208 nodes= 62176 62186 62174 62164 98381 98436 98366 98311 0 0
E 387608 cfg=208 nodes= 98381 98436 98366 98311 98382 98437 98367 98312 0 0
E 387609 cfg=208 nodes= 98382 98437 98367 98312 98383 98438 98368 98313 0 0
E 387610 cfg=208 nodes= 98383 98438 98368 98313 98384 98439 98369 98314 0 0
E 387611 cfg=208 nodes= 98384 98439 98369 98314 98385 98440 98370 98315 0 0
E 387612 cfg=208 nodes= 62177 60967 60966 62165 98386 98441 98371 98316 0 0
E 387613 cfg=208 nodes= 98386 98441 98371 98316 98387 98442 98372 98317 0 0
E 387614 cfg=208 nodes= 98387 98442 98372 98317 98388 98443 98373 98318 0 0
E 387615 cfg=208 nodes= 98388 98443 98373 98318 98389 98444 98374 98319 0 0
E 387616 cfg=208 nodes= 98389 98444 98374 98319 98390 98445 98375 98320 0 0
E 387617 cfg=208 nodes= 62178 62187 62175 62166 98391 98446 98376 98321 0 0
E 387618 cfg=208 nodes= 98391 98446 98376 98321 98392 98447 98377 98322 0 0
E 387619 cfg=208 nodes= 98392 98447 98377 98322 98393 98448 98378 98323 0 0
E 387620 cfg=208 nodes= 98393 98448 98378 98323 98394 98449 98379 98324 0 0
E 387621 cfg=208 nodes= 98394 98449 98379 98324 98395 98450 98380 98325 0 0
E 387622 cfg=208 nodes= 62179 62188 62176 62167 98396 98451 98381 98326 0 0
E 387623 cfg=208 nodes= 98396 98451 98381 98326 98397 98452 98382 98327 0 0
E 387624 cfg=208 nodes= 98397 98452 98382 98327 98398 98453 98383 98328 0 0
E 387625 cfg=208 nodes= 98398 98453 98383 98328 98399 98454 98384 98329 0 0
E 387626 cfg=208 nodes= 98399 98454 98384 98329 98400 98455 98385 98330 0 0
E 387627 cfg=208 nodes= 62180 62189 62177 62168 98401 98456 98386 98331 0 0
E 387628 cfg=208 nodes= 98401 98456 98386 98331 98402 98457 98387 98332 0 0
E 387629 cfg=208 nodes= 98402 98457 98387 98332 98403 98458 98388 98333 0 0
E 387630 cfg=208 nodes= 98403 98458 98388 98333 98404 98459 98389 98334 0 0
E 387631 cfg=208 nodes= 98404 98459 98389 98334 98405 98460 98390 98335 0 0
E 387632 cfg=208 nodes= 62181 62190 62178 62169 98406 98461 98391 98336 0 0
E 387633 cfg=208 nodes= 98406 98461 98391 98336 98407 98462 98392 98337 0 0
E 387634 cfg=208 nodes= 98407 98462 98392 98337 98408 98463 98393 98338 0 0
E 387635 cfg=208 nodes= 98408 98463 98393 98338 98409 98464 98394 98339 0 0
E 387636 cfg=208 nodes= 98409 98464 98394 98339 98410 98465 98395 98340 0 0
E 387637 cfg=208 nodes= 62182 62191 62179 62170 98412 98466 98396 98342 0 0
E 387638 cfg=208 nodes= 98412 98466 98396 98342 98414 98467 98397 98344 0 0
E 387639 cfg=208 nodes= 98414 98467 98397 98344 98416 98468 98398 98346 0 0
E 387640 cfg=208 nodes= 98416 98468 98398 98346 98418 98469 98399 98348 0 0
E 387641 cfg=208 nodes= 98418 98469 98399 98348 98420 98470 98400 98350 0 0
E 387642 cfg=208 nodes= 62183 62192 62180 62171 98421 98471 98401 98351 0 0
E 387643 cfg=208 nodes= 98421 98471 98401 98351 98422 98472 98402 98352 0 0
E 387644 cfg=208 nodes= 98422 98472 98402 98352 98423 98473 98403 98353 0 0
E 387645 cfg=208 nodes= 98423 98473 98403 98353 98424 98474 98404 98354 0 0
E 387646 cfg=208 nodes= 98424 98474 98404 98354 98425 98475 98405 98355 0 0
E 387647 cfg=208 nodes= 62184 62193 62181 62172 98426 98476 98406 98356 0 0
E 387648 cfg=208 nodes= 98426 98476 98406 98356 98427 98477 98407 98357 0 0
E 387649 cfg=208 nodes= 98427 98477 98407 98357 98428 98478 98408 98358 0 0
E 387650 cfg=208 nodes= 98428 98478 98408 98358 98429 98479 98409 98359 0 0
E 387651 cfg=208 nodes= 98429 98479 98409 98359 98430 98480 98410 98360 0 0
E 387652 cfg=208 nodes= 62182 61800 61799 62194 98412 98411 98482 98481 0 0
E 387653 cfg=208 nodes= 98412 98411 98482 98481 98414 98413 98484 98483 0 0
E 387654 cfg=208 nodes= 98414 98413 98484 98483 98416 98415 98486 98485 0 0
E 387655 cfg=208 nodes= 98416 98415 98486 98485 98418 98417 98488 98487 0 0
E 387656 cfg=208 nodes= 98418 98417 98488 98487 98420 98419 98490 98489 0 0
E 387657 cfg=208 nodes= 62183 62173 62185 62195 98421 98361 98431 98491 0 0
E 387658 cfg=208 nodes= 98421 98361 98431 98491 98422 98362 98432 98492 0 0
E 387659 cfg=208 nodes= 98422 98362 98432 98492 98423 98363 98433 98493 0 0
E 387660 cfg=208 nodes= 98423 98363 98433 98493 98424 98364 98434 98494 0 0
E 387661 cfg=208 nodes= 98424 98364 98434 98494 98425 98365 98435 98495 0 0
E 387662 cfg=208 nodes= 62186 62196 62184 62174 98436 98496 98426 98366 0 0
E 387663 cfg=208 nodes= 98436 98496 98426 98366 98437 98497 98427 98367 0 0
E 387664 cfg=208 nodes= 98437 98497 98427 98367 98438 98498 98428 98368 0 0
E 387665 cfg=208 nodes= 98438 98498 98428 98368 98439 98499 98429 98369 0 0
E 387666 cfg=208 nodes= 98439 98499 98429 98369 98440 98500 98430 98370 0 0
E 387667 cfg=208 nodes= 62187 62197 62185 62175 98446 98501 98431 98376 0 0
E 387668 cfg=208 nodes= 98446 98501 98431 98376 98447 98502 98432 98377 0 0
E 387669 cfg=208 nodes= 98447 98502 98432 98377 98448 98503 98433 98378 0 0
E 387670 cfg=208 nodes= 98448 98503 98433 98378 98449 98504 98434 98379 0 0
E 387671 cfg=208 nodes= 98449 98504 98434 98379 98450 98505 98435 98380 0 0
E 387672 cfg=208 nodes= 62188 62198 62186 62176 98451 98506 98436 98381 0 0
E 387673 cfg=208 nodes= 98451 98506 98436 98381 98452 98507 98437 98382 0 0
E 387674 cfg=208 nodes= 98452 98507 98437 98382 98453 98508 98438 98383 0 0
E 387675 cfg=208 nodes= 98453 98508 98438 98383 98454 98509 98439 98384 0 0
E 387676 cfg=208 nodes= 98454 98509 98439 98384 98455 98510 98440 98385 0 0
E 387677 cfg=208 nodes= 62189 60968 60967 62177 98456 98511 98441 98386 0 0
E 387678 cfg=208 nodes= 98456 98511 98441 98386 98457 98512 98442 98387 0 0
E 387679 cfg=208 nodes= 98457 98512 98442 98387 98458 98513 98443 98388 0 0
E 387680 cfg=208 nodes= 98458 98513 98443 98388 98459 98514 98444 98389 0 0
E 387681 cfg=208 nodes= 98459 98514 98444 98389 98460 98515 98445 98390 0 0
E 387682 cfg=208 nodes= 62190 62199 62187 62178 98461 98516 98446 98391 0 0
E 387683 cfg=208 nodes= 98461 98516 98446 98391 98462 98517 98447 98392 0 0
E 387684 cfg=208 nodes= 98462 98517 98447 98392 98463 98518 98448 98393 0 0
E 387685 cfg=208 nodes= 98463 98518 98448 98393 98464 98519 98449 98394 0 0
E 387686 cfg=208 nodes= 98464 98519 98449 98394 98465 98520 98450 98395 0 0
E 387687 cfg=208 nodes= 62191 62200 62188 62179 98466 98521 98451 98396 0 0
E 387688 cfg=208 nodes= 98466 98521 98451 98396 98467 98522 98452 98397 0 0
E 387689 cfg=208 nodes= 98467 98522 98452 98397 98468 98523 98453 98398 0 0
E 387690 cfg=208 nodes= 98468 98523 98453 98398 98469 98524 98454 98399 0 0
E 387691 cfg=208 nodes= 98469 98524 98454 98399 98470 98525 98455 98400 0 0
E 387692 cfg=208 nodes= 62192 62201 62189 62180 98471 98526 98456 98401 0 0
E 387693 cfg=208 nodes= 98471 98526 98456 98401 98472 98527 98457 98402 0 0
E 387694 cfg=208 nodes= 98472 98527 98457 98402 98473 98528 98458 98403 0 0
E 387695 cfg=208 nodes= 98473 98528 98458 98403 98474 98529 98459 98404 0 0
E 387696 cfg=208 nodes= 98474 98529 98459 98404 98475 98530 98460 98405 0 0
E 387697 cfg=208 nodes= 62193 62202 62190 62181 98476 98531 98461 98406 0 0
E 387698 cfg=208 nodes= 98476 98531 98461 98406 98477 98532 98462 98407 0 0
E 387699 cfg=208 nodes= 98477 98532 98462 98407 98478 98533 98463 98408 0 0
E 387700 cfg=208 nodes= 98478 98533 98463 98408 98479 98534 98464 98409 0 0
E 387701 cfg=208 nodes= 98479 98534 98464 98409 98480 98535 98465 98410 0 0
E 387702 cfg=208 nodes= 62191 62182 62194 62203 98466 98412 98481 98536 0 0
E 387703 cfg=208 nodes= 98466 98412 98481 98536 98467 98414 98483 98537 0 0
E 387704 cfg=208 nodes= 98467 98414 98483 98537 98468 98416 98485 98538 0 0
E 387705 cfg=208 nodes= 98468 98416 98485 98538 98469 98418 98487 98539 0 0
E 387706 cfg=208 nodes= 98469 98418 98487 98539 98470 98420 98489 98540 0 0
E 387707 cfg=208 nodes= 62192 62183 62195 62204 98471 98421 98491 98541 0 0
E 387708 cfg=208 nodes= 98471 98421 98491 98541 98472 98422 98492 98542 0 0
E 387709 cfg=208 nodes= 98472 98422 98492 98542 98473 98423 98493 98543 0 0
E 387710 cfg=208 nodes= 98473 98423 98493 98543 98474 98424 98494 98544 0 0
E 387711 cfg=208 nodes= 98474 98424 98494 98544 98475 98425 98495 98545 0 0
E 387712 cfg=208 nodes= 62196 62205 62193 62184 98496 98546 98476 98426 0 0
E 387713 cfg=208 nodes= 98496 98546 98476 98426 98497 98547 98477 98427 0 0
E 387714 cfg=208 nodes= 98497 98547 98477 98427 98498 98548 98478 98428 0 0
E 387715 cfg=208 nodes= 98498 98548 98478 98428 98499 98549 98479 98429 0 0
E 387716 cfg=208 nodes= 98499 98549 98479 98429 98500 98550 98480 98430 0 0
E 387717 cfg=208 nodes= 62194 61799 61798 62206 98481 98482 98552 98551 0 0
E 387718 cfg=208 nodes= 98481 98482 98552 98551 98483 98484 98554 98553 0 0
E 387719 cfg=208 nodes= 98483 98484 98554 98553 98485 98486 98556 98555 0 0
E 387720 cfg=208 nodes= 98485 98486 98556 98555 98487 98488 98558 98557 0 0
E 387721 cfg=208 nodes= 98487 98488 98558 98557 98489 98490 98560 98559 0 0
E 387722 cfg=208 nodes= 62197 62207 62195 62185 98501 98561 98491 98431 0 0
E 387723 cfg=208 nodes= 98501 98561 98491 98431 98502 98562 98492 98432 0 0
E 387724 cfg=208 nodes= 98502 98562 98492 98432 98503 98563 98493 98433 0 0
E 387725 cfg=208 nodes= 98503 98563 98493 98433 98504 98564 98494 98434 0 0
E 387726 cfg=208 nodes= 98504 98564 98494 98434 98505 98565 98495 98435 0 0
E 387727 cfg=208 nodes= 62198 62208 62196 62186 98506 98566 98496 98436 0 0
E 387728 cfg=208 nodes= 98506 98566 98496 98436 98507 98567 98497 98437 0 0
E 387729 cfg=208 nodes= 98507 98567 98497 98437 98508 98568 98498 98438 0 0
E 387730 cfg=208 nodes= 98508 98568 98498 98438 98509 98569 98499 98439 0 0
E 387731 cfg=208 nodes= 98509 98569 98499 98439 98510 98570 98500 98440 0 0
E 387732 cfg=208 nodes= 62199 62209 62197 62187 98516 98571 98501 98446 0 0
E 387733 cfg=208 nodes= 98516 98571 98501 98446 98517 98572 98502 98447 0 0
E 387734 cfg=208 nodes= 98517 98572 98502 98447 98518 98573 98503 98448 0 0
E 387735 cfg=208 nodes= 98518 98573 98503 98448 98519 98574 98504 98449 0 0
E 387736 cfg=208 nodes= 98519 98574 98504 98449 98520 98575 98505 98450 0 0
E 387737 cfg=208 nodes= 62200 62210 62198 62188 98521 98576 98506 98451 0 0
E 387738 cfg=208 nodes= 98521 98576 98506 98451 98522 98577 98507 98452 0 0
E 387739 cfg=208 nodes= 98522 98577 98507 98452 98523 98578 98508 98453 0 0
E 387740 cfg=208 nodes= 98523 98578 98508 98453 98524 98579 98509 98454 0 0
E 387741 cfg=208 nodes= 98524 98579 98509 98454 98525 98580 98510 98455 0 0
E 387742 cfg=208 nodes= 62201 60969 60968 62189 98526 98581 98511 98456 0 0
E 387743 cfg=208 nodes= 98526 98581 98511 98456 98527 98582 98512 98457 0 0
E 387744 cfg=208 nodes= 98527 98582 98512 98457 98528 98583 98513 98458 0 0
E 387745 cfg=208 nodes= 98528 98583 98513 98458 98529 98584 98514 98459 0 0
E 387746 cfg=208 nodes= 98529 98584 98514 98459 98530 98585 98515 98460 0 0
E 387747 cfg=208 nodes= 62202 62211 62199 62190 98531 98586 98516 98461 0 0
E 387748 cfg=208 nodes= 98531 98586 98516 98461 98532 98587 98517 98462 0 0
E 387749 cfg=208 nodes= 98532 98587 98517 98462 98533 98588 98518 98463 0 0
E 387750 cfg=208 nodes= 98533 98588 98518 98463 98534 98589 98519 98464 0 0
E 387751 cfg=208 nodes= 98534 98589 98519 98464 98535 98590 98520 98465 0 0
E 387752 cfg=208 nodes= 62200 62191 62203 62212 98521 98466 98536 98591 0 0
E 387753 cfg=208 nodes= 98521 98466 98536 98591 98522 98467 98537 98592 0 0
E 387754 cfg=208 nodes= 98522 98467 98537 98592 98523 98468 98538 98593 0 0
E 387755 cfg=208 nodes= 98523 98468 98538 98593 98524 98469 98539 98594 0 0
E 387756 cfg=208 nodes= 98524 98469 98539 98594 98525 98470 98540 98595 0 0
E 387757 cfg=208 nodes= 62201 62192 62204 62213 98526 98471 98541 98596 0 0
E 387758 cfg=208 nodes= 98526 98471 98541 98596 98527 98472 98542 98597 0 0
E 387759 cfg=208 nodes= 98527 98472 98542 98597 98528 98473 98543 98598 0 0
E 387760 cfg=208 nodes= 98528 98473 98543 98598 98529 98474 98544 98599 0 0
E 387761 cfg=208 nodes= 98529 98474 98544 98599 98530 98475 98545 98600 0 0
E 387762 cfg=208 nodes= 62205 62214 62202 62193 98546 98601 98531 98476 0 0
E 387763 cfg=208 nodes= 98546 98601 98531 98476 98547 98602 98532 98477 0 0
E 387764 cfg=208 nodes= 98547 98602 98532 98477 98548 98603 98533 98478 0 0
E 387765 cfg=208 nodes= 98548 98603 98533 98478 98549 98604 98534 98479 0 0
E 387766 cfg=208 nodes= 98549 98604 98534 98479 98550 98605 98535 98480 0 0
E 387767 cfg=208 nodes= 62203 62194 62206 62215 98536 98481 98551 98606 0 0
E 387768 cfg=208 nodes= 98536 98481 98551 98606 98537 98483 98553 98607 0 0
E 387769 cfg=208 nodes= 98537 98483 98553 98607 98538 98485 98555 98608 0 0
E 387770 cfg=208 nodes= 98538 98485 98555 98608 98539 98487 98557 98609 0 0
E 387771 cfg=208 nodes= 98539 98487 98557 98609 98540 98489 98559 98610 0 0
E 387772 cfg=208 nodes= 62207 62216 62204 62195 98561 98611 98541 98491 0 0
E 387773 cfg=208 nodes= 98561 98611 98541 98491 98562 98612 98542 98492 0 0
E 387774 cfg=208 nodes= 98562 98612 98542 98492 98563 98613 98543 98493 0 0
E 387775 cfg=208 nodes= 98563 98613 98543 98493 98564 98614 98544 98494 0 0
E 387776 cfg=208 nodes= 98564 98614 98544 98494 98565 98615 98545 98495 0 0
E 387777 cfg=208 nodes= 62208 62217 62205 62196 98566 98616 98546 98496 0 0
E 387778 cfg=208 nodes= 98566 98616 98546 98496 98567 98617 98547 98497 0 0
E 387779 cfg=208 nodes= 98567 98617 98547 98497 98568 98618 98548 98498 0 0
E 387780 cfg=208 nodes= 98568 98618 98548 98498 98569 98619 98549 98499 0 0
E 387781 cfg=208 nodes= 98569 98619 98549 98499 98570 98620 98550 98500 0 0
E 387782 cfg=208 nodes= 62206 61798 61797 62218 98551 98552 98622 98621 0 0
E 387783 cfg=208 nodes= 98551 98552 98622 98621 98553 98554 98624 98623 0 0
E 387784 cfg=208 nodes= 98553 98554 98624 98623 98555 98556 98626 98625 0 0
E 387785 cfg=208 nodes= 98555 98556 98626 98625 98557 98558 98628 98627 0 0
E 387786 cfg=208 nodes= 98557 98558 98628 98627 98559 98560 98630 98629 0 0
E 387787 cfg=208 nodes= 62209 62219 62207 62197 98571 98631 98561 98501 0 0
E 387788 cfg=208 nodes= 98571 98631 98561 98501 98572 98632 98562 98502 0 0
E 387789 cfg=208 nodes= 98572 98632 98562 98502 98573 98633 98563 98503 0 0
E 387790 cfg=208 nodes= 98573 98633 98563 98503 98574 98634 98564 98504 0 0
E 387791 cfg=208 nodes= 98574 98634 98564 98504 98575 98635 98565 98505 0 0
E 387792 cfg=208 nodes= 62210 62220 62208 62198 98576 98636 98566 98506 0 0
E 387793 cfg=208 nodes= 98576 98636 98566 98506 98577 98637 98567 98507 0 0
E 387794 cfg=208 nodes= 98577 98637 98567 98507 98578 98638 98568 98508 0 0
E 387795 cfg=208 nodes= 98578 98638 98568 98508 98579 98639 98569 98509 0 0
E 387796 cfg=208 nodes= 98579 98639 98569 98509 98580 98640 98570 98510 0 0
E 387797 cfg=208 nodes= 62211 62221 62209 62199 98586 98641 98571 98516 0 0
E 387798 cfg=208 nodes= 98586 98641 98571 98516 98587 98642 98572 98517 0 0
E 387799 cfg=208 nodes= 98587 98642 98572 98517 98588 98643 98573 98518 0 0
E 387800 cfg=208 nodes= 98588 98643 98573 98518 98589 98644 98574 98519 0 0
E 387801 cfg=208 nodes= 98589 98644 98574 98519 98590 98645 98575 98520 0 0
E 387802 cfg=208 nodes= 62210 62200 62212 62222 98576 98521 98591 98646 0 0
E 387803 cfg=208 nodes= 98576 98521 98591 98646 98577 98522 98592 98647 0 0
E 387804 cfg=208 nodes= 98577 98522 98592 98647 98578 98523 98593 98648 0 0
E 387805 cfg=208 nodes= 98578 98523 98593 98648 98579 98524 98594 98649 0 0
E 387806 cfg=208 nodes= 98579 98524 98594 98649 98580 98525 98595 98650 0 0
E 387807 cfg=208 nodes= 60969 62201 62213 60970 98581 98526 98596 98651 0 0
E 387808 cfg=208 nodes= 98581 98526 98596 98651 98582 98527 98597 98652 0 0
E 387809 cfg=208 nodes= 98582 98527 98597 98652 98583 98528 98598 98653 0 0
E 387810 cfg=208 nodes= 98583 98528 98598 98653 98584 98529 98599 98654 0 0
E 387811 cfg=208 nodes= 98584 98529 98599 98654 98585 98530 98600 98655 0 0
E 387812 cfg=208 nodes= 62214 62223 62211 62202 98601 98656 98586 98531 0 0
E 387813 cfg=208 nodes= 98601 98656 98586 98531 98602 98657 98587 98532 0 0
E 387814 cfg=208 nodes= 98602 98657 98587 98532 98603 98658 98588 98533 0 0
E 387815 cfg=208 nodes= 98603 98658 98588 98533 98604 98659 98589 98534 0 0
E 387816 cfg=208 nodes= 98604 98659 98589 98534 98605 98660 98590 98535 0 0
E 387817 cfg=208 nodes= 62212 62203 62215 62224 98591 98536 98606 98661 0 0
E 387818 cfg=208 nodes= 98591 98536 98606 98661 98592 98537 98607 98662 0 0
E 387819 cfg=208 nodes= 98592 98537 98607 98662 98593 98538 98608 98663 0 0
E 387820 cfg=208 nodes= 98593 98538 98608 98663 98594 98539 98609 98664 0 0
E 387821 cfg=208 nodes= 98594 98539 98609 98664 98595 98540 98610 98665 0 0
E 387822 cfg=208 nodes= 62216 62225 62213 62204 98611 98666 98596 98541 0 0
E 387823 cfg=208 nodes= 98611 98666 98596 98541 98612 98667 98597 98542 0 0
E 387824 cfg=208 nodes= 98612 98667 98597 98542 98613 98668 98598 98543 0 0
E 387825 cfg=208 nodes= 98613 98668 98598 98543 98614 98669 98599 98544 0 0
E 387826 cfg=208 nodes= 98614 98669 98599 98544 98615 98670 98600 98545 0 0
E 387827 cfg=208 nodes= 62217 62226 62214 62205 98616 98671 98601 98546 0 0
E 387828 cfg=208 nodes= 98616 98671 98601 98546 98617 98672 98602 98547 0 0
E 387829 cfg=208 nodes= 98617 98672 98602 98547 98618 98673 98603 98548 0 0
E 387830 cfg=208 nodes= 98618 98673 98603 98548 98619 98674 98604 98549 0 0
E 387831 cfg=208 nodes= 98619 98674 98604 98549 98620 98675 98605 98550 0 0
E 387832 cfg=208 nodes= 62215 62206 62218 62227 98606 98551 98621 98676 0 0
E 387833 cfg=208 nodes= 98606 98551 98621 98676 98607 98553 98623 98677 0 0
E 387834 cfg=208 nodes= 98607 98553 98623 98677 98608 98555 98625 98678 0 0
E 387835 cfg=208 nodes= 98608 98555 98625 98678 98609 98557 98627 98679 0 0
E 387836 cfg=208 nodes= 98609 98557 98627 98679 98610 98559 98629 98680 0 0
E 387837 cfg=208 nodes= 62219 62228 62216 62207 98631 98681 98611 98561 0 0
E 387838 cfg=208 nodes= 98631 98681 98611 98561 98632 98682 98612 98562 0 0
E 387839 cfg=208 nodes= 98632 98682 98612 98562 98633 98683 98613 98563 0 0
E 387840 cfg=208 nodes= 98633 98683 98613 98563 98634 98684 98614 98564 0 0
E 387841 cfg=208 nodes= 98634 98684 98614 98564 98635 98685 98615 98565 0 0
E 387842 cfg=208 nodes= 62220 62229 62217 62208 98636 98686 98616 98566 0 0
E 387843 cfg=208 nodes= 98636 98686 98616 98566 98637 98687 98617 98567 0 0
E 387844 cfg=208 nodes= 98637 98687 98617 98567 98638 98688 98618 98568 0 0
E 387845 cfg=208 nodes= 98638 98688 98618 98568 98639 98689 98619 98569 0 0
E 387846 cfg=208 nodes= 98639 98689 98619 98569 98640 98690 98620 98570 0 0
E 387847 cfg=208 nodes= 62218 61797 61796 62230 98621 98622 98692 98691 0 0
E 387848 cfg=208 nodes= 98621 98622 98692 98691 98623 98624 98694 98693 0 0
E 387849 cfg=208 nodes= 98623 98624 98694 98693 98625 98626 98696 98695 0 0
E 387850 cfg=208 nodes= 98625 98626 98696 98695 98627 98628 98698 98697 0 0
E 387851 cfg=208 nodes= 98627 98628 98698 98697 98629 98630 98700 98699 0 0
E 387852 cfg=208 nodes= 62221 62231 62219 62209 98641 98701 98631 98571 0 0
E 387853 cfg=208 nodes= 98641 98701 98631 98571 98642 98702 98632 98572 0 0
E 387854 cfg=208 nodes= 98642 98702 98632 98572 98643 98703 98633 98573 0 0
E 387855 cfg=208 nodes= 98643 98703 98633 98573 98644 98704 98634 98574 0 0
E 387856 cfg=208 nodes= 98644 98704 98634 98574 98645 98705 98635 98575 0 0
E 387857 cfg=208 nodes= 62220 62210 62222 62232 98636 98576 98646 98706 0 0
E 387858 cfg=208 nodes= 98636 98576 98646 98706 98637 98577 98647 98707 0 0
E 387859 cfg=208 nodes= 98637 98577 98647 98707 98638 98578 98648 98708 0 0
E 387860 cfg=208 nodes= 98638 98578 98648 98708 98639 98579 98649 98709 0 0
E 387861 cfg=208 nodes= 98639 98579 98649 98709 98640 98580 98650 98710 0 0
E 387862 cfg=208 nodes= 62223 62233 62221 62211 98656 98711 98641 98586 0 0
E 387863 cfg=208 nodes= 98656 98711 98641 98586 98657 98712 98642 98587 0 0
E 387864 cfg=208 nodes= 98657 98712 98642 98587 98658 98713 98643 98588 0 0
E 387865 cfg=208 nodes= 98658 98713 98643 98588 98659 98714 98644 98589 0 0
E 387866 cfg=208 nodes= 98659 98714 98644 98589 98660 98715 98645 98590 0 0
E 387867 cfg=208 nodes= 62222 62212 62224 62234 98646 98591 98661 98716 0 0
E 387868 cfg=208 nodes= 98646 98591 98661 98716 98647 98592 98662 98717 0 0
E 387869 cfg=208 nodes= 98647 98592 98662 98717 98648 98593 98663 98718 0 0
E 387870 cfg=208 nodes= 98648 98593 98663 98718 98649 98594 98664 98719 0 0
E 387871 cfg=208 nodes= 98649 98594 98664 98719 98650 98595 98665 98720 0 0
E 387872 cfg=208 nodes= 62225 60971 60970 62213 98666 98721 98651 98596 0 0
E 387873 cfg=208 nodes= 98666 98721 98651 98596 98667 98722 98652 98597 0 0
E 387874 cfg=208 nodes= 98667 98722 98652 98597 98668 98723 98653 98598 0 0
E 387875 cfg=208 nodes= 98668 98723 98653 98598 98669 98724 98654 98599 0 0
E 387876 cfg=208 nodes= 98669 98724 98654 98599 98670 98725 98655 98600 0 0
E 387877 cfg=208 nodes= 62226 62235 62223 62214 98671 98726 98656 98601 0 0
E 387878 cfg=208 nodes= 98671 98726 98656 98601 98672 98727 98657 98602 0 0
E 387879 cfg=208 nodes= 98672 98727 98657 98602 98673 98728 98658 98603 0 0
E 387880 cfg=208 nodes= 98673 98728 98658 98603 98674 98729 98659 98604 0 0
E 387881 cfg=208 nodes= 98674 98729 98659 98604 98675 98730 98660 98605 0 0
E 387882 cfg=208 nodes= 62224 62215 62227 62236 98661 98606 98676 98731 0 0
E 387883 cfg=208 nodes= 98661 98606 98676 98731 98662 98607 98677 98732 0 0
E 387884 cfg=208 nodes= 98662 98607 98677 98732 98663 98608 98678 98733 0 0
E 387885 cfg=208 nodes= 98663 98608 98678 98733 98664 98609 98679 98734 0 0
E 387886 cfg=208 nodes= 98664 98609 98679 98734 98665 98610 98680 98735 0 0
E 387887 cfg=208 nodes= 62228 62237 62225 62216 98681 98736 98666 98611 0 0
E 387888 cfg=208 nodes= 98681 98736 98666 98611 98682 98737 98667 98612 0 0
E 387889 cfg=208 nodes= 98682 98737 98667 98612 98683 98738 98668 98613 0 0
E 387890 cfg=208 nodes= 98683 98738 98668 98613 98684 98739 98669 98614 0 0
E 387891 cfg=208 nodes= 98684 98739 98669 98614 98685 98740 98670 98615 0 0
E 387892 cfg=208 nodes= 62229 62238 62226 62217 98686 98741 98671 98616 0 0
E 387893 cfg=208 nodes= 98686 98741 98671 98616 98687 98742 98672 98617 0 0
E 387894 cfg=208 nodes= 98687 98742 98672 98617 98688 98743 98673 98618 0 0
E 387895 cfg=208 nodes= 98688 98743 98673 98618 98689 98744 98674 98619 0 0
E 387896 cfg=208 nodes= 98689 98744 98674 98619 98690 98745 98675 98620 0 0
E 387897 cfg=208 nodes= 62227 62218 62230 62239 98676 98621 98691 98746 0 0
E 387898 cfg=208 nodes= 98676 98621 98691 98746 98677 98623 98693 98747 0 0
E 387899 cfg=208 nodes= 98677 98623 98693 98747 98678 98625 98695 98748 0 0
E 387900 cfg=208 nodes= 98678 98625 98695 98748 98679 98627 98697 98749 0 0
E 387901 cfg=208 nodes= 98679 98627 98697 98749 98680 98629 98699 98750 0 0
E 387902 cfg=208 nodes= 62231 62240 62228 62219 98701 98751 98681 98631 0 0
E 387903 cfg=208 nodes= 98701 98751 98681 98631 98702 98752 98682 98632 0 0
E 387904 cfg=208 nodes= 98702 98752 98682 98632 98703 98753 98683 98633 0 0
E 387905 cfg=208 nodes= 98703 98753 98683 98633 98704 98754 98684 98634 0 0
E 387906 cfg=208 nodes= 98704 98754 98684 98634 98705 98755 98685 98635 0 0
E 387907 cfg=208 nodes= 62229 62220 62232 62241 98686 98636 98706 98756 0 0
E 387908 cfg=208 nodes= 98686 98636 98706 98756 98687 98637 98707 98757 0 0
E 387909 cfg=208 nodes= 98687 98637 98707 98757 98688 98638 98708 98758 0 0
E 387910 cfg=208 nodes= 98688 98638 98708 98758 98689 98639 98709 98759 0 0
E 387911 cfg=208 nodes= 98689 98639 98709 98759 98690 98640 98710 98760 0 0
E 387912 cfg=208 nodes= 62230 61796 61795 62242 98691 98692 98762 98761 0 0
E 387913 cfg=208 nodes= 98691 98692 98762 98761 98693 98694 98764 98763 0 0
E 387914 cfg=208 nodes= 98693 98694 98764 98763 98695 98696 98766 98765 0 0
E 387915 cfg=208 nodes= 98695 98696 98766 98765 98697 98698 98768 98767 0 0
E 387916 cfg=208 nodes= 98697 98698 98768 98767 98699 98700 98770 98769 0 0
E 387917 cfg=208 nodes= 62233 62243 62231 62221 98711 98771 98701 98641 0 0
E 387918 cfg=208 nodes= 98711 98771 98701 98641 98712 98772 98702 98642 0 0
E 387919 cfg=208 nodes= 98712 98772 98702 98642 98713 98773 98703 98643 0 0
E 387920 cfg=208 nodes= 98713 98773 98703 98643 98714 98774 98704 98644 0 0
E 387921 cfg=208 nodes= 98714 98774 98704 98644 98715 98775 98705 98645 0 0
E 387922 cfg=208 nodes= 62232 62222 62234 62244 98706 98646 98716 98776 0 0
E 387923 cfg=208 nodes= 98706 98646 98716 98776 98707 98647 98717 98777 0 0
E 387924 cfg=208 nodes= 98707 98647 98717 98777 98708 98648 98718 98778 0 0
E 387925 cfg=208 nodes= 98708 98648 98718 98778 98709 98649 98719 98779 0 0
E 387926 cfg=208 nodes= 98709 98649 98719 98779 98710 98650 98720 98780 0 0
E 387927 cfg=208 nodes= 62235 62245 62233 62223 98726 98781 98711 98656 0 0
E 387928 cfg=208 nodes= 98726 98781 98711 98656 98727 98782 98712 98657 0 0
E 387929 cfg=208 nodes= 98727 98782 98712 98657 98728 98783 98713 98658 0 0
E 387930 cfg=208 nodes= 98728 98783 98713 98658 98729 98784 98714 98659 0 0
E 387931 cfg=208 nodes= 98729 98784 98714 98659 98730 98785 98715 98660 0 0
E 387932 cfg=208 nodes= 62234 62224 62236 62246 98716 98661 98731 98786 0 0
E 387933 cfg=208 nodes= 98716 98661 98731 98786 98717 98662 98732 98787 0 0
E 387934 cfg=208 nodes= 98717 98662 98732 98787 98718 98663 98733 98788 0 0
E 387935 cfg=208 nodes= 98718 98663 98733 98788 98719 98664 98734 98789 0 0
E 387936 cfg=208 nodes= 98719 98664 98734 98789 98720 98665 98735 98790 0 0
E 387937 cfg=208 nodes= 62237 60972 60971 62225 98736 98791 98721 98666 0 0
E 387938 cfg=208 nodes= 98736 98791 98721 98666 98737 98792 98722 98667 0 0
E 387939 cfg=208 nodes= 98737 98792 98722 98667 98738 98793 98723 98668 0 0
E 387940 cfg=208 nodes= 98738 98793 98723 98668 98739 98794 98724 98669 0 0
E 387941 cfg=208 nodes= 98739 98794 98724 98669 98740 98795 98725 98670 0 0
E 387942 cfg=208 nodes= 62238 62247 62235 62226 98741 98796 98726 98671 0 0
E 387943 cfg=208 nodes= 98741 98796 98726 98671 98742 98797 98727 98672 0 0
E 387944 cfg=208 nodes= 98742 98797 98727 98672 98743 98798 98728 98673 0 0
E 387945 cfg=208 nodes= 98743 98798 98728 98673 98744 98799 98729 98674 0 0
E 387946 cfg=208 nodes= 98744 98799 98729 98674 98745 98800 98730 98675 0 0
E 387947 cfg=208 nodes= 62236 62227 62239 62248 98731 98676 98746 98801 0 0
E 387948 cfg=208 nodes= 98731 98676 98746 98801 98732 98677 98747 98802 0 0
E 387949 cfg=208 nodes= 98732 98677 98747 98802 98733 98678 98748 98803 0 0
E 387950 cfg=208 nodes= 98733 98678 98748 98803 98734 98679 98749 98804 0 0
E 387951 cfg=208 nodes= 98734 98679 98749 98804 98735 98680 98750 98805 0 0
E 387952 cfg=208 nodes= 62240 62249 62237 62228 98751 98806 98736 98681 0 0
E 387953 cfg=208 nodes= 98751 98806 98736 98681 98752 98807 98737 98682 0 0
E 387954 cfg=208 nodes= 98752 98807 98737 98682 98753 98808 98738 98683 0 0
E 387955 cfg=208 nodes= 98753 98808 98738 98683 98754 98809 98739 98684 0 0
E 387956 cfg=208 nodes= 98754 98809 98739 98684 98755 98810 98740 98685 0 0
E 387957 cfg=208 nodes= 62238 62229 62241 62250 98741 98686 98756 98811 0 0
E 387958 cfg=208 nodes= 98741 98686 98756 98811 98742 98687 98757 98812 0 0
E 387959 cfg=208 nodes= 98742 98687 98757 98812 98743 98688 98758 98813 0 0
E 387960 cfg=208 nodes= 98743 98688 98758 98813 98744 98689 98759 98814 0 0
E 387961 cfg=208 nodes= 98744 98689 98759 98814 98745 98690 98760 98815 0 0
E 387962 cfg=208 nodes= 62239 62230 62242 62251 98746 98691 98761 98816 0 0
E 387963 cfg=208 nodes= 98746 98691 98761 98816 98747 98693 98763 98817 0 0
E 387964 cfg=208 nodes= 98747 98693 98763 98817 98748 98695 98765 98818 0 0
E 387965 cfg=208 nodes= 98748 98695 98765 98818 98749 98697 98767 98819 0 0
E 387966 cfg=208 nodes= 98749 98697 98767 98819 98750 98699 98769 98820 0 0
E 387967 cfg=208 nodes= 62243 62252 62240 62231 98771 98821 98751 98701 0 0
E 387968 cfg=208 nodes= 98771 98821 98751 98701 98772 98822 98752 98702 0 0
E 387969 cfg=208 nodes= 98772 98822 98752 98702 98773 98823 98753 98703 0 0
E 387970 cfg=208 nodes= 98773 98823 98753 98703 98774 98824 98754 98704 0 0
E 387971 cfg=208 nodes= 98774 98824 98754 98704 98775 98825 98755 98705 0 0
E 387972 cfg=208 nodes= 62241 62232 62244 62253 98756 98706 98776 98826 0 0
E 387973 cfg=208 nodes= 98756 98706 98776 98826 98757 98707 98777 98827 0 0
E 387974 cfg=208 nodes= 98757 98707 98777 98827 98758 98708 98778 98828 0 0
E 387975 cfg=208 nodes= 98758 98708 98778 98828 98759 98709 98779 98829 0 0
E 387976 cfg=208 nodes= 98759 98709 98779 98829 98760 98710 98780 98830 0 0
E 387977 cfg=208 nodes= 62242 61795 61794 62254 98761 98762 98832 98831 0 0
E 387978 cfg=208 nodes= 98761 98762 98832 98831 98763 98764 98834 98833 0 0
E 387979 cfg=208 nodes= 98763 98764 98834 98833 98765 98766 98836 98835 0 0
E 387980 cfg=208 nodes= 98765 98766 98836 98835 98767 98768 98838 98837 0 0
E 387981 cfg=208 nodes= 98767 98768 98838 98837 98769 98770 98840 98839 0 0
E 387982 cfg=208 nodes= 62245 62255 62243 62233 98781 98841 98771 98711 0 0
E 387983 cfg=208 nodes= 98781 98841 98771 98711 98782 98842 98772 98712 0 0
E 387984 cfg=208 nodes= 98782 98842 98772 98712 98783 98843 98773 98713 0 0
E 387985 cfg=208 nodes= 98783 98843 98773 98713 98784 98844 98774 98714 0 0
E 387986 cfg=208 nodes= 98784 98844 98774 98714 98785 98845 98775 98715 0 0
E 387987 cfg=208 nodes= 62244 62234 62246 62256 98776 98716 98786 98846 0 0
E 387988 cfg=208 nodes= 98776 98716 98786 98846 98777 98717 98787 98847 0 0
E 387989 cfg=208 nodes= 98777 98717 98787 98847 98778 98718 98788 98848 0 0
E 387990 cfg=208 nodes= 98778 98718 98788 98848 98779 98719 98789 98849 0 0
E 387991 cfg=208 nodes= 98779 98719 98789 98849 98780 98720 98790 98850 0 0
E 387992 cfg=208 nodes= 62247 62257 62245 62235 98796 98851 98781 98726 0 0
E 387993 cfg=208 nodes= 98796 98851 98781 98726 98797 98852 98782 98727 0 0
E 387994 cfg=208 nodes= 98797 98852 98782 98727 98798 98853 98783 98728 0 0
E 387995 cfg=208 nodes= 98798 98853 98783 98728 98799 98854 98784 98729 0 0
E 387996 cfg=208 nodes= 98799 98854 98784 98729 98800 98855 98785 98730 0 0
E 387997 cfg=208 nodes= 62246 62236 62248 62258 98786 98731 98801 98856 0 0
E 387998 cfg=208 nodes= 98786 98731 98801 98856 98787 98732 98802 98857 0 0
E 387999 cfg=208 nodes= 98787 98732 98802 98857 98788 98733 98803 98858 0 0
E 388000 cfg=208 nodes= 98788 98733 98803 98858 98789 98734 98804 98859 0 0
E 388001 cfg=208 nodes= 98789 98734 98804 98859 98790 98735 98805 98860 0 0
E 388002 cfg=208 nodes= 62249 60973 60972 62237 98806 98861 98791 98736 0 0
E 388003 cfg=208 nodes= 98806 98861 98791 98736 98807 98862 98792 98737 0 0
E 388004 cfg=208 nodes= 98807 98862 98792 98737 98808 98863 98793 98738 0 0
E 388005 cfg=208 nodes= 98808 98863 98793 98738 98809 98864 98794 98739 0 0
E 388006 cfg=208 nodes= 98809 98864 98794 98739 98810 98865 98795 98740 0 0
E 388007 cfg=208 nodes= 62247 62238 62250 62259 98796 98741 98811 98866 0 0
E 388008 cfg=208 nodes= 98796 98741 98811 98866 98797 98742 98812 98867 0 0
E 388009 cfg=208 nodes= 98797 98742 98812 98867 98798 98743 98813 98868 0 0
E 388010 cfg=208 nodes= 98798 98743 98813 98868 98799 98744 98814 98869 0 0
E 388011 cfg=208 nodes= 98799 98744 98814 98869 98800 98745 98815 98870 0 0
E 388012 cfg=208 nodes= 62248 62239 62251 62260 98801 98746 98816 98871 0 0
E 388013 cfg=208 nodes= 98801 98746 98816 98871 98802 98747 98817 98872 0 0
E 388014 cfg=208 nodes= 98802 98747 98817 98872 98803 98748 98818 98873 0 0
E 388015 cfg=208 nodes= 98803 98748 98818 98873 98804 98749 98819 98874 0 0
E 388016 cfg=208 nodes= 98804 98749 98819 98874 98805 98750 98820 98875 0 0
E 388017 cfg=208 nodes= 62252 62261 62249 62240 98821 98876 98806 98751 0 0
E 388018 cfg=208 nodes= 98821 98876 98806 98751 98822 98877 98807 98752 0 0
E 388019 cfg=208 nodes= 98822 98877 98807 98752 98823 98878 98808 98753 0 0
E 388020 cfg=208 nodes= 98823 98878 98808 98753 98824 98879 98809 98754 0 0
E 388021 cfg=208 nodes= 98824 98879 98809 98754 98825 98880 98810 98755 0 0
E 388022 cfg=208 nodes= 62250 62241 62253 62262 98811 98756 98826 98881 0 0
E 388023 cfg=208 nodes= 98811 98756 98826 98881 98812 98757 98827 98882 0 0
E 388024 cfg=208 nodes= 98812 98757 98827 98882 98813 98758 98828 98883 0 0
E 388025 cfg=208 nodes= 98813 98758 98828 98883 98814 98759 98829 98884 0 0
E 388026 cfg=208 nodes= 98814 98759 98829 98884 98815 98760 98830 98885 0 0
E 388027 cfg=208 nodes= 62251 62242 62254 62263 98816 98761 98831 98886 0 0
E 388028 cfg=208 nodes= 98816 98761 98831 98886 98817 98763 98833 98887 0 0
E 388029 cfg=208 nodes= 98817 98763 98833 98887 98818 98765 98835 98888 0 0
E 388030 cfg=208 nodes= 98818 98765 98835 98888 98819 98767 98837 98889 0 0
E 388031 cfg=208 nodes= 98819 98767 98837 98889 98820 98769 98839 98890 0 0
E 388032 cfg=208 nodes= 62255 62264 62252 62243 98841 98891 98821 98771 0 0
E 388033 cfg=208 nodes= 98841 98891 98821 98771 98842 98892 98822 98772 0 0
E 388034 cfg=208 nodes= 98842 98892 98822 98772 98843 98893 98823 98773 0 0
E 388035 cfg=208 nodes= 98843 98893 98823 98773 98844 98894 98824 98774 0 0
E 388036 cfg=208 nodes= 98844 98894 98824 98774 98845 98895 98825 98775 0 0
E 388037 cfg=208 nodes= 62253 62244 62256 62265 98826 98776 98846 98896 0 0
E 388038 cfg=208 nodes= 98826 98776 98846 98896 98827 98777 98847 98897 0 0
E 388039 cfg=208 nodes= 98827 98777 98847 98897 98828 98778 98848 98898 0 0
E 388040 cfg=208 nodes= 98828 98778 98848 98898 98829 98779 98849 98899 0 0
E 388041 cfg=208 nodes= 98829 98779 98849 98899 98830 98780 98850 98900 0 0
E 388042 cfg=208 nodes= 62254 61794 61793 62266 98831 98832 98902 98901 0 0
E 388043 cfg=208 nodes= 98831 98832 98902 98901 98833 98834 98904 98903 0 0
E 388044 cfg=208 nodes= 98833 98834 98904 98903 98835 98836 98906 98905 0 0
E 388045 cfg=208 nodes= 98835 98836 98906 98905 98837 98838 98908 98907 0 0
E 388046 cfg=208 nodes= 98837 98838 98908 98907 98839 98840 98910 98909 0 0
E 388047 cfg=208 nodes= 62257 62267 62255 62245 98851 98911 98841 98781 0 0
E 388048 cfg=208 nodes= 98851 98911 98841 98781 98852 98912 98842 98782 0 0
E 388049 cfg=208 nodes= 98852 98912 98842 98782 98853 98913 98843 98783 0 0
E 388050 cfg=208 nodes= 98853 98913 98843 98783 98854 98914 98844 98784 0 0
E 388051 cfg=208 nodes= 98854 98914 98844 98784 98855 98915 98845 98785 0 0
E 388052 cfg=208 nodes= 62256 62246 62258 62268 98846 98786 98856 98916 0 0
E 388053 cfg=208 nodes= 98846 98786 98856 98916 98847 98787 98857 98917 0 0
E 388054 cfg=208 nodes= 98847 98787 98857 98917 98848 98788 98858 98918 0 0
E 388055 cfg=208 nodes= 98848 98788 98858 98918 98849 98789 98859 98919 0 0
E 388056 cfg=208 nodes= 98849 98789 98859 98919 98850 98790 98860 98920 0 0
E 388057 cfg=208 nodes= 62257 62247 62259 62269 98851 98796 98866 98921 0 0
E 388058 cfg=208 nodes= 98851 98796 98866 98921 98852 98797 98867 98922 0 0
E 388059 cfg=208 nodes= 98852 98797 98867 98922 98853 98798 98868 98923 0 0
E 388060 cfg=208 nodes= 98853 98798 98868 98923 98854 98799 98869 98924 0 0
E 388061 cfg=208 nodes= 98854 98799 98869 98924 98855 98800 98870 98925 0 0
E 388062 cfg=208 nodes= 62258 62248 62260 62270 98856 98801 98871 98926 0 0
E 388063 cfg=208 nodes= 98856 98801 98871 98926 98857 98802 98872 98927 0 0
E 388064 cfg=208 nodes= 98857 98802 98872 98927 98858 98803 98873 98928 0 0
E 388065 cfg=208 nodes= 98858 98803 98873 98928 98859 98804 98874 98929 0 0
E 388066 cfg=208 nodes= 98859 98804 98874 98929 98860 98805 98875 98930 0 0
E 388067 cfg=208 nodes= 62261 60974 60973 62249 98876 98931 98861 98806 0 0
E 388068 cfg=208 nodes= 98876 98931 98861 98806 98877 98932 98862 98807 0 0
E 388069 cfg=208 nodes= 98877 98932 98862 98807 98878 98933 98863 98808 0 0
E 388070 cfg=208 nodes= 98878 98933 98863 98808 98879 98934 98864 98809 0 0
E 388071 cfg=208 nodes= 98879 98934 98864 98809 98880 98935 98865 98810 0 0
E 388072 cfg=208 nodes= 62259 62250 62262 62271 98866 98811 98881 98936 0 0
E 388073 cfg=208 nodes= 98866 98811 98881 98936 98867 98812 98882 98937 0 0
E 388074 cfg=208 nodes= 98867 98812 98882 98937 98868 98813 98883 98938 0 0
E 388075 cfg=208 nodes= 98868 98813 98883 98938 98869 98814 98884 98939 0 0
E 388076 cfg=208 nodes= 98869 98814 98884 98939 98870 98815 98885 98940 0 0
E 388077 cfg=208 nodes= 62260 62251 62263 62272 98871 98816 98886 98941 0 0
E 388078 cfg=208 nodes= 98871 98816 98886 98941 98872 98817 98887 98942 0 0
E 388079 cfg=208 nodes= 98872 98817 98887 98942 98873 98818 98888 98943 0 0
E 388080 cfg=208 nodes= 98873 98818 98888 98943 98874 98819 98889 98944 0 0
E 388081 cfg=208 nodes= 98874 98819 98889 98944 98875 98820 98890 98945 0 0
E 388082 cfg=208 nodes= 62264 62273 62261 62252 98891 98946 98876 98821 0 0
E 388083 cfg=208 nodes= 98891 98946 98876 98821 98892 98947 98877 98822 0 0
E 388084 cfg=208 nodes= 98892 98947 98877 98822 98893 98948 98878 98823 0 0
E 388085 cfg=208 nodes= 98893 98948 98878 98823 98894 98949 98879 98824 0 0
E 388086 cfg=208 nodes= 98894 98949 98879 98824 98895 98950 98880 98825 0 0
E 388087 cfg=208 nodes= 62262 62253 62265 62274 98881 98826 98896 98951 0 0
E 388088 cfg=208 nodes= 98881 98826 98896 98951 98882 98827 98897 98952 0 0
E 388089 cfg=208 nodes= 98882 98827 98897 98952 98883 98828 98898 98953 0 0
E 388090 cfg=208 nodes= 98883 98828 98898 98953 98884 98829 98899 98954 0 0
E 388091 cfg=208 nodes= 98884 98829 98899 98954 98885 98830 98900 98955 0 0
E 388092 cfg=208 nodes= 62263 62254 62266 62275 98886 98831 98901 98956 0 0
E 388093 cfg=208 nodes= 98886 98831 98901 98956 98887 98833 98903 98957 0 0
E 388094 cfg=208 nodes= 98887 98833 98903 98957 98888 98835 98905 98958 0 0
E 388095 cfg=208 nodes= 98888 98835 98905 98958 98889 98837 98907 98959 0 0
E 388096 cfg=208 nodes= 98889 98837 98907 98959 98890 98839 98909 98960 0 0
E 388097 cfg=208 nodes= 62267 62276 62264 62255 98911 98961 98891 98841 0 0
E 388098 cfg=208 nodes= 98911 98961 98891 98841 98912 98962 98892 98842 0 0
E 388099 cfg=208 nodes= 98912 98962 98892 98842 98913 98963 98893 98843 0 0
E 388100 cfg=208 nodes= 98913 98963 98893 98843 98914 98964 98894 98844 0 0
E 388101 cfg=208 nodes= 98914 98964 98894 98844 98915 98965 98895 98845 0 0
E 388102 cfg=208 nodes= 62265 62256 62268 62277 98896 98846 98916 98966 0 0
E 388103 cfg=208 nodes= 98896 98846 98916 98966 98897 98847 98917 98967 0 0
E 388104 cfg=208 nodes= 98897 98847 98917 98967 98898 98848 98918 98968 0 0
E 388105 cfg=208 nodes= 98898 98848 98918 98968 98899 98849 98919 98969 0 0
E 388106 cfg=208 nodes= 98899 98849 98919 98969 98900 98850 98920 98970 0 0
E 388107 cfg=208 nodes= 62266 61793 61792 62278 98901 98902 98972 98971 0 0
E 388108 cfg=208 nodes= 98901 98902 98972 98971 98903 98904 98974 98973 0 0
E 388109 cfg=208 nodes= 98903 98904 98974 98973 98905 98906 98976 98975 0 0
E 388110 cfg=208 nodes= 98905 98906 98976 98975 98907 98908 98978 98977 0 0
E 388111 cfg=208 nodes= 98907 98908 98978 98977 98909 98910 98980 98979 0 0
E 388112 cfg=208 nodes= 62267 62257 62269 62279 98911 98851 98921 98981 0 0
E 388113 cfg=208 nodes= 98911 98851 98921 98981 98912 98852 98922 98982 0 0
E 388114 cfg=208 nodes= 98912 98852 98922 98982 98913 98853 98923 98983 0 0
E 388115 cfg=208 nodes= 98913 98853 98923 98983 98914 98854 98924 98984 0 0
E 388116 cfg=208 nodes= 98914 98854 98924 98984 98915 98855 98925 98985 0 0
E 388117 cfg=208 nodes= 62268 62258 62270 62280 98916 98856 98926 98986 0 0
E 388118 cfg=208 nodes= 98916 98856 98926 98986 98917 98857 98927 98987 0 0
E 388119 cfg=208 nodes= 98917 98857 98927 98987 98918 98858 98928 98988 0 0
E 388120 cfg=208 nodes= 98918 98858 98928 98988 98919 98859 98929 98989 0 0
E 388121 cfg=208 nodes= 98919 98859 98929 98989 98920 98860 98930 98990 0 0
E 388122 cfg=208 nodes= 62269 62259 62271 62281 98921 98866 98936 98991 0 0
E 388123 cfg=208 nodes= 98921 98866 98936 98991 98922 98867 98937 98992 0 0
E 388124 cfg=208 nodes= 98922 98867 98937 98992 98923 98868 98938 98993 0 0
E 388125 cfg=208 nodes= 98923 98868 98938 98993 98924 98869 98939 98994 0 0
E 388126 cfg=208 nodes= 98924 98869 98939 98994 98925 98870 98940 98995 0 0
E 388127 cfg=208 nodes= 62270 62260 62272 62282 98926 98871 98941 98996 0 0
E 388128 cfg=208 nodes= 98926 98871 98941 98996 98927 98872 98942 98997 0 0
E 388129 cfg=208 nodes= 98927 98872 98942 98997 98928 98873 98943 98998 0 0
E 388130 cfg=208 nodes= 98928 98873 98943 98998 98929 98874 98944 98999 0 0
E 388131 cfg=208 nodes= 98929 98874 98944 98999 98930 98875 98945 99000 0 0
E 388132 cfg=208 nodes= 62273 60975 60974 62261 98946 99001 98931 98876 0 0
E 388133 cfg=208 nodes= 98946 99001 98931 98876 98947 99002 98932 98877 0 0
E 388134 cfg=208 nodes= 98947 99002 98932 98877 98948 99003 98933 98878 0 0
E 388135 cfg=208 nodes= 98948 99003 98933 98878 98949 99004 98934 98879 0 0
E 388136 cfg=208 nodes= 98949 99004 98934 98879 98950 99005 98935 98880 0 0
E 388137 cfg=208 nodes= 62271 62262 62274 62283 98936 98881 98951 99006 0 0
E 388138 cfg=208 nodes= 98936 98881 98951 99006 98937 98882 98952 99007 0 0
E 388139 cfg=208 nodes= 98937 98882 98952 99007 98938 98883 98953 99008 0 0
E 388140 cfg=208 nodes= 98938 98883 98953 99008 98939 98884 98954 99009 0 0
E 388141 cfg=208 nodes= 98939 98884 98954 99009 98940 98885 98955 99010 0 0
E 388142 cfg=208 nodes= 62272 62263 62275 62284 98941 98886 98956 99011 0 0
E 388143 cfg=208 nodes= 98941 98886 98956 99011 98942 98887 98957 99012 0 0
E 388144 cfg=208 nodes= 98942 98887 98957 99012 98943 98888 98958 99013 0 0
E 388145 cfg=208 nodes= 98943 98888 98958 99013 98944 98889 98959 99014 0 0
E 388146 cfg=208 nodes= 98944 98889 98959 99014 98945 98890 98960 99015 0 0
E 388147 cfg=208 nodes= 62276 62285 62273 62264 98961 99016 98946 98891 0 0
E 388148 cfg=208 nodes= 98961 99016 98946 98891 98962 99017 98947 98892 0 0
E 388149 cfg=208 nodes= 98962 99017 98947 98892 98963 99018 98948 98893 0 0
E 388150 cfg=208 nodes= 98963 99018 98948 98893 98964 99019 98949 98894 0 0
E 388151 cfg=208 nodes= 98964 99019 98949 98894 98965 99020 98950 98895 0 0
E 388152 cfg=208 nodes= 62274 62265 62277 62286 98951 98896 98966 99021 0 0
E 388153 cfg=208 nodes= 98951 98896 98966 99021 98952 98897 98967 99022 0 0
E 388154 cfg=208 nodes= 98952 98897 98967 99022 98953 98898 98968 99023 0 0
E 388155 cfg=208 nodes= 98953 98898 98968 99023 98954 98899 98969 99024 0 0
E 388156 cfg=208 nodes= 98954 98899 98969 99024 98955 98900 98970 99025 0 0
E 388157 cfg=208 nodes= 62275 62266 62278 62287 98956 98901 98971 99026 0 0
E 388158 cfg=208 nodes= 98956 98901 98971 99026 98957 98903 98973 99027 0 0
E 388159 cfg=208 nodes= 98957 98903 98973 99027 98958 98905 98975 99028 0 0
E 388160 cfg=208 nodes= 98958 98905 98975 99028 98959 98907 98977 99029 0 0
E 388161 cfg=208 nodes= 98959 98907 98977 99029 98960 98909 98979 99030 0 0
E 388162 cfg=208 nodes= 62276 62267 62279 62288 98961 98911 98981 99031 0 0
E 388163 cfg=208 nodes= 98961 98911 98981 99031 98962 98912 98982 99032 0 0
E 388164 cfg=208 nodes= 98962 98912 98982 99032 98963 98913 98983 99033 0 0
E 388165 cfg=208 nodes= 98963 98913 98983 99033 98964 98914 98984 99034 0 0
E 388166 cfg=208 nodes= 98964 98914 98984 99034 98965 98915 98985 99035 0 0
E 388167 cfg=208 nodes= 62277 62268 62280 62289 98966 98916 98986 99036 0 0
E 388168 cfg=208 nodes= 98966 98916 98986 99036 98967 98917 98987 99037 0 0
E 388169 cfg=208 nodes= 98967 98917 98987 99037 98968 98918 98988 99038 0 0
E 388170 cfg=208 nodes= 98968 98918 98988 99038 98969 98919 98989 99039 0 0
E 388171 cfg=208 nodes= 98969 98919 98989 99039 98970 98920 98990 99040 0 0
E 388172 cfg=208 nodes= 62278 61792 61791 62290 98971 98972 99042 99041 0 0
E 388173 cfg=208 nodes= 98971 98972 99042 99041 98973 98974 99044 99043 0 0
E 388174 cfg=208 nodes= 98973 98974 99044 99043 98975 98976 99046 99045 0 0
E 388175 cfg=208 nodes= 98975 98976 99046 99045 98977 98978 99048 99047 0 0
E 388176 cfg=208 nodes= 98977 98978 99048 99047 98979 98980 99050 99049 0 0
E 388177 cfg=208 nodes= 62279 62269 62281 62291 98981 98921 98991 99051 0 0
E 388178 cfg=208 nodes= 98981 98921 98991 99051 98982 98922 98992 99052 0 0
E 388179 cfg=208 nodes= 98982 98922 98992 99052 98983 98923 98993 99053 0 0
E 388180 cfg=208 nodes= 98983 98923 98993 99053 98984 98924 98994 99054 0 0
E 388181 cfg=208 nodes= 98984 98924 98994 99054 98985 98925 98995 99055 0 0
E 388182 cfg=208 nodes= 62280 62270 62282 62292 98986 98926 98996 99056 0 0
E 388183 cfg=208 nodes= 98986 98926 98996 99056 98987 98927 98997 99057 0 0
E 388184 cfg=208 nodes= 98987 98927 98997 99057 98988 98928 98998 99058 0 0
E 388185 cfg=208 nodes= 98988 98928 98998 99058 98989 98929 98999 99059 0 0
E 388186 cfg=208 nodes= 98989 98929 98999 99059 98990 98930 99000 99060 0 0
E 388187 cfg=208 nodes= 62281 62271 62283 62293 98991 98936 99006 99061 0 0
E 388188 cfg=208 nodes= 98991 98936 99006 99061 98992 98937 99007 99062 0 0
E 388189 cfg=208 nodes= 98992 98937 99007 99062 98993 98938 99008 99063 0 0
E 388190 cfg=208 nodes= 98993 98938 99008 99063 98994 98939 99009 99064 0 0
E 388191 cfg=208 nodes= 98994 98939 99009 99064 98995 98940 99010 99065 0 0
E 388192 cfg=208 nodes= 62282 62272 62284 62294 98996 98941 99011 99066 0 0
E 388193 cfg=208 nodes= 98996 98941 99011 99066 98997 98942 99012 99067 0 0
E 388194 cfg=208 nodes= 98997 98942 99012 99067 98998 98943 99013 99068 0 0
E 388195 cfg=208 nodes= 98998 98943 99013 99068 98999 98944 99014 99069 0 0
E 388196 cfg=208 nodes= 98999 98944 99014 99069 99000 98945 99015 99070 0 0
E 388197 cfg=208 nodes= 62285 60976 60975 62273 99016 99071 99001 98946 0 0
E 388198 cfg=208 nodes= 99016 99071 99001 98946 99017 99072 99002 98947 0 0
E 388199 cfg=208 nodes= 99017 99072 99002 98947 99018 99073 99003 98948 0 0
E 388200 cfg=208 nodes= 99018 99073 99003 98948 99019 99074 99004 98949 0 0
E 388201 cfg=208 nodes= 99019 99074 99004 98949 99020 99075 99005 98950 0 0
E 388202 cfg=208 nodes= 62283 62274 62286 62295 99006 98951 99021 99076 0 0
E 388203 cfg=208 nodes= 99006 98951 99021 99076 99007 98952 99022 99077 0 0
E 388204 cfg=208 nodes= 99007 98952 99022 99077 99008 98953 99023 99078 0 0
E 388205 cfg=208 nodes= 99008 98953 99023 99078 99009 98954 99024 99079 0 0
E 388206 cfg=208 nodes= 99009 98954 99024 99079 99010 98955 99025 99080 0 0
E 388207 cfg=208 nodes= 62284 62275 62287 62296 99011 98956 99026 99081 0 0
E 388208 cfg=208 nodes= 99011 98956 99026 99081 99012 98957 99027 99082 0 0
E 388209 cfg=208 nodes= 99012 98957 99027 99082 99013 98958 99028 99083 0 0
E 388210 cfg=208 nodes= 99013 98958 99028 99083 99014 98959 99029 99084 0 0
E 388211 cfg=208 nodes= 99014 98959 99029 99084 99015 98960 99030 99085 0 0
E 388212 cfg=208 nodes= 62285 62276 62288 62297 99016 98961 99031 99086 0 0
E 388213 cfg=208 nodes= 99016 98961 99031 99086 99017 98962 99032 99087 0 0
E 388214 cfg=208 nodes= 99017 98962 99032 99087 99018 98963 99033 99088 0 0
E 388215 cfg=208 nodes= 99018 98963 99033 99088 99019 98964 99034 99089 0 0
E 388216 cfg=208 nodes= 99019 98964 99034 99089 99020 98965 99035 99090 0 0
E 388217 cfg=208 nodes= 62286 62277 62289 62298 99021 98966 99036 99091 0 0
E 388218 cfg=208 nodes= 99021 98966 99036 99091 99022 98967 99037 99092 0 0
E 388219 cfg=208 nodes= 99022 98967 99037 99092 99023 98968 99038 99093 0 0
E 388220 cfg=208 nodes= 99023 98968 99038 99093 99024 98969 99039 99094 0 0
E 388221 cfg=208 nodes= 99024 98969 99039 99094 99025 98970 99040 99095 0 0
E 388222 cfg=208 nodes= 62287 62278 62290 62299 99026 98971 99041 99096 0 0
E 388223 cfg=208 nodes= 99026 98971 99041 99096 99027 98973 99043 99097 0 0
E 388224 cfg=208 nodes= 99027 98973 99043 99097 99028 98975 99045 99098 0 0
E 388225 cfg=208 nodes= 99028 98975 99045 99098 99029 98977 99047 99099 0 0
E 388226 cfg=208 nodes= 99029 98977 99047 99099 99030 98979 99049 99100 0 0
E 388227 cfg=208 nodes= 62288 62279 62291 62300 99031 98981 99051 99101 0 0
E 388228 cfg=208 nodes= 99031 98981 99051 99101 99032 98982 99052 99102 0 0
E 388229 cfg=208 nodes= 99032 98982 99052 99102 99033 98983 99053 99103 0 0
E 388230 cfg=208 nodes= 99033 98983 99053 99103 99034 98984 99054 99104 0 0
E 388231 cfg=208 nodes= 99034 98984 99054 99104 99035 98985 99055 99105 0 0
E 388232 cfg=208 nodes= 62289 62280 62292 62301 99036 98986 99056 99106 0 0
E 388233 cfg=208 nodes= 99036 98986 99056 99106 99037 98987 99057 99107 0 0
E 388234 cfg=208 nodes= 99037 98987 99057 99107 99038 98988 99058 99108 0 0
E 388235 cfg=208 nodes= 99038 98988 99058 99108 99039 98989 99059 99109 0 0
E 388236 cfg=208 nodes= 99039 98989 99059 99109 99040 98990 99060 99110 0 0
E 388237 cfg=208 nodes= 62290 61791 61790 62302 99041 99042 99112 99111 0 0
E 388238 cfg=208 nodes= 99041 99042 99112 99111 99043 99044 99114 99113 0 0
E 388239 cfg=208 nodes= 99043 99044 99114 99113 99045 99046 99116 99115 0 0
E 388240 cfg=208 nodes= 99045 99046 99116 99115 99047 99048 99118 99117 0 0
E 388241 cfg=208 nodes= 99047 99048 99118 99117 99049 99050 99120 99119 0 0
E 388242 cfg=208 nodes= 62291 62281 62293 62303 99051 98991 99061 99121 0 0
E 388243 cfg=208 nodes= 99051 98991 99061 99121 99052 98992 99062 99122 0 0
E 388244 cfg=208 nodes= 99052 98992 99062 99122 99053 98993 99063 99123 0 0
E 388245 cfg=208 nodes= 99053 98993 99063 99123 99054 98994 99064 99124 0 0
E 388246 cfg=208 nodes= 99054 98994 99064 99124 99055 98995 99065 99125 0 0
E 388247 cfg=208 nodes= 62292 62282 62294 62304 99056 98996 99066 99126 0 0
E 388248 cfg=208 nodes= 99056 98996 99066 99126 99057 98997 99067 99127 0 0
E 388249 cfg=208 nodes= 99057 98997 99067 99127 99058 98998 99068 99128 0 0
E 388250 cfg=208 nodes= 99058 98998 99068 99128 99059 98999 99069 99129 0 0
E 388251 cfg=208 nodes= 99059 98999 99069 99129 99060 99000 99070 99130 0 0
E 388252 cfg=208 nodes= 62293 62283 62295 62305 99061 99006 99076 99131 0 0
E 388253 cfg=208 nodes= 99061 99006 99076 99131 99062 99007 99077 99132 0 0
E 388254 cfg=208 nodes= 99062 99007 99077 99132 99063 99008 99078 99133 0 0
E 388255 cfg=208 nodes= 99063 99008 99078 99133 99064 99009 99079 99134 0 0
E 388256 cfg=208 nodes= 99064 99009 99079 99134 99065 99010 99080 99135 0 0
E 388257 cfg=208 nodes= 62294 62284 62296 62306 99066 99011 99081 99136 0 0
E 388258 cfg=208 nodes= 99066 99011 99081 99136 99067 99012 99082 99137 0 0
E 388259 cfg=208 nodes= 99067 99012 99082 99137 99068 99013 99083 99138 0 0
E 388260 cfg=208 nodes= 99068 99013 99083 99138 99069 99014 99084 99139 0 0
E 388261 cfg=208 nodes= 99069 99014 99084 99139 99070 99015 99085 99140 0 0
E 388262 cfg=208 nodes= 60976 62285 62297 60977 99071 99016 99086 99141 0 0
E 388263 cfg=208 nodes= 99071 99016 99086 99141 99072 99017 99087 99142 0 0
E 388264 cfg=208 nodes= 99072 99017 99087 99142 99073 99018 99088 99143 0 0
E 388265 cfg=208 nodes= 99073 99018 99088 99143 99074 99019 99089 99144 0 0
E 388266 cfg=208 nodes= 99074 99019 99089 99144 99075 99020 99090 99145 0 0
E 388267 cfg=208 nodes= 62295 62286 62298 62307 99076 99021 99091 99146 0 0
E 388268 cfg=208 nodes= 99076 99021 99091 99146 99077 99022 99092 99147 0 0
E 388269 cfg=208 nodes= 99077 99022 99092 99147 99078 99023 99093 99148 0 0
E 388270 cfg=208 nodes= 99078 99023 99093 99148 99079 99024 99094 99149 0 0
E 388271 cfg=208 nodes= 99079 99024 99094 99149 99080 99025 99095 99150 0 0
E 388272 cfg=208 nodes= 62296 62287 62299 62308 99081 99026 99096 99151 0 0
E 388273 cfg=208 nodes= 99081 99026 99096 99151 99082 99027 99097 99152 0 0
E 388274 cfg=208 nodes= 99082 99027 99097 99152 99083 99028 99098 99153 0 0
E 388275 cfg=208 nodes= 99083 99028 99098 99153 99084 99029 99099 99154 0 0
E 388276 cfg=208 nodes= 99084 99029 99099 99154 99085 99030 99100 99155 0 0
E 388277 cfg=208 nodes= 62297 62288 62300 62309 99086 99031 99101 99156 0 0
E 388278 cfg=208 nodes= 99086 99031 99101 99156 99087 99032 99102 99157 0 0
E 388279 cfg=208 nodes= 99087 99032 99102 99157 99088 99033 99103 99158 0 0
E 388280 cfg=208 nodes= 99088 99033 99103 99158 99089 99034 99104 99159 0 0
E 388281 cfg=208 nodes= 99089 99034 99104 99159 99090 99035 99105 99160 0 0
E 388282 cfg=208 nodes= 62298 62289 62301 62310 99091 99036 99106 99161 0 0
E 388283 cfg=208 nodes= 99091 99036 99106 99161 99092 99037 99107 99162 0 0
E 388284 cfg=208 nodes= 99092 99037 99107 99162 99093 99038 99108 99163 0 0
E 388285 cfg=208 nodes= 99093 99038 99108 99163 99094 99039 99109 99164 0 0
E 388286 cfg=208 nodes= 99094 99039 99109 99164 99095 99040 99110 99165 0 0
E 388287 cfg=208 nodes= 62299 62290 62302 62311 99096 99041 99111 99166 0 0
E 388288 cfg=208 nodes= 99096 99041 99111 99166 99097 99043 99113 99167 0 0
E 388289 cfg=208 nodes= 99097 99043 99113 99167 99098 99045 99115 99168 0 0
E 388290 cfg=208 nodes= 99098 99045 99115 99168 99099 99047 99117 99169 0 0
E 388291 cfg=208 nodes= 99099 99047 99117 99169 99100 99049 99119 99170 0 0
E 388292 cfg=208 nodes= 62300 62291 62303 62312 99101 99051 99121 99171 0 0
E 388293 cfg=208 nodes= 99101 99051 99121 99171 99102 99052 99122 99172 0 0
E 388294 cfg=208 nodes= 99102 99052 99122 99172 99103 99053 99123 99173 0 0
E 388295 cfg=208 nodes= 99103 99053 99123 99173 99104 99054 99124 99174 0 0
E 388296 cfg=208 nodes= 99104 99054 99124 99174 99105 99055 99125 99175 0 0
E 388297 cfg=208 nodes= 62301 62292 62304 62313 99106 99056 99126 99176 0 0
E 388298 cfg=208 nodes= 99106 99056 99126 99176 99107 99057 99127 99177 0 0
E 388299 cfg=208 nodes= 99107 99057 99127 99177 99108 99058 99128 99178 0 0
E 388300 cfg=208 nodes= 99108 99058 99128 99178 99109 99059 99129 99179 0 0
E 388301 cfg=208 nodes= 99109 99059 99129 99179 99110 99060 99130 99180 0 0
E 388302 cfg=208 nodes= 61789 62314 62302 61790 99181 99182 99111 99112 0 0
E 388303 cfg=208 nodes= 99181 99182 99111 99112 99183 99184 99113 99114 0 0
E 388304 cfg=208 nodes= 99183 99184 99113 99114 99185 99186 99115 99116 0 0
E 388305 cfg=208 nodes= 99185 99186 99115 99116 99187 99188 99117 99118 0 0
E 388306 cfg=208 nodes= 99187 99188 99117 99118 99189 99190 99119 99120 0 0
E 388307 cfg=208 nodes= 62303 62293 62305 62315 99121 99061 99131 99191 0 0
E 388308 cfg=208 nodes= 99121 99061 99131 99191 99122 99062 99132 99192 0 0
E 388309 cfg=208 nodes= 99122 99062 99132 99192 99123 99063 99133 99193 0 0
E 388310 cfg=208 nodes= 99123 99063 99133 99193 99124 99064 99134 99194 0 0
E 388311 cfg=208 nodes= 99124 99064 99134 99194 99125 99065 99135 99195 0 0
E 388312 cfg=208 nodes= 62304 62294 62306 62316 99126 99066 99136 99196 0 0
E 388313 cfg=208 nodes= 99126 99066 99136 99196 99127 99067 99137 99197 0 0
E 388314 cfg=208 nodes= 99127 99067 99137 99197 99128 99068 99138 99198 0 0
E 388315 cfg=208 nodes= 99128 99068 99138 99198 99129 99069 99139 99199 0 0
E 388316 cfg=208 nodes= 99129 99069 99139 99199 99130 99070 99140 99200 0 0
E 388317 cfg=208 nodes= 62305 62295 62307 62317 99131 99076 99146 99201 0 0
E 388318 cfg=208 nodes= 99131 99076 99146 99201 99132 99077 99147 99202 0 0
E 388319 cfg=208 nodes= 99132 99077 99147 99202 99133 99078 99148 99203 0 0
E 388320 cfg=208 nodes= 99133 99078 99148 99203 99134 99079 99149 99204 0 0
E 388321 cfg=208 nodes= 99134 99079 99149 99204 99135 99080 99150 99205 0 0
E 388322 cfg=208 nodes= 62306 62296 62308 62318 99136 99081 99151 99206 0 0
E 388323 cfg=208 nodes= 99136 99081 99151 99206 99137 99082 99152 99207 0 0
E 388324 cfg=208 nodes= 99137 99082 99152 99207 99138 99083 99153 99208 0 0
E 388325 cfg=208 nodes= 99138 99083 99153 99208 99139 99084 99154 99209 0 0
E 388326 cfg=208 nodes= 99139 99084 99154 99209 99140 99085 99155 99210 0 0
E 388327 cfg=208 nodes= 60977 62297 62309 60978 99141 99086 99156 99211 0 0
E 388328 cfg=208 nodes= 99141 99086 99156 99211 99142 99087 99157 99212 0 0
E 388329 cfg=208 nodes= 99142 99087 99157 99212 99143 99088 99158 99213 0 0
E 388330 cfg=208 nodes= 99143 99088 99158 99213 99144 99089 99159 99214 0 0
E 388331 cfg=208 nodes= 99144 99089 99159 99214 99145 99090 99160 99215 0 0
E 388332 cfg=208 nodes= 62307 62298 62310 62319 99146 99091 99161 99216 0 0
E 388333 cfg=208 nodes= 99146 99091 99161 99216 99147 99092 99162 99217 0 0
E 388334 cfg=208 nodes= 99147 99092 99162 99217 99148 99093 99163 99218 0 0
E 388335 cfg=208 nodes= 99148 99093 99163 99218 99149 99094 99164 99219 0 0
E 388336 cfg=208 nodes= 99149 99094 99164 99219 99150 99095 99165 99220 0 0
E 388337 cfg=208 nodes= 62308 62299 62311 62320 99151 99096 99166 99221 0 0
E 388338 cfg=208 nodes= 99151 99096 99166 99221 99152 99097 99167 99222 0 0
E 388339 cfg=208 nodes= 99152 99097 99167 99222 99153 99098 99168 99223 0 0
E 388340 cfg=208 nodes= 99153 99098 99168 99223 99154 99099 99169 99224 0 0
E 388341 cfg=208 nodes= 99154 99099 99169 99224 99155 99100 99170 99225 0 0
E 388342 cfg=208 nodes= 62309 62300 62312 62321 99156 99101 99171 99226 0 0
E 388343 cfg=208 nodes= 99156 99101 99171 99226 99157 99102 99172 99227 0 0
E 388344 cfg=208 nodes= 99157 99102 99172 99227 99158 99103 99173 99228 0 0
E 388345 cfg=208 nodes= 99158 99103 99173 99228 99159 99104 99174 99229 0 0
E 388346 cfg=208 nodes= 99159 99104 99174 99229 99160 99105 99175 99230 0 0
E 388347 cfg=208 nodes= 62310 62301 62313 62322 99161 99106 99176 99231 0 0
E 388348 cfg=208 nodes= 99161 99106 99176 99231 99162 99107 99177 99232 0 0
E 388349 cfg=208 nodes= 99162 99107 99177 99232 99163 99108 99178 99233 0 0
E 388350 cfg=208 nodes= 99163 99108 99178 99233 99164 99109 99179 99234 0 0
E 388351 cfg=208 nodes= 99164 99109 99179 99234 99165 99110 99180 99235 0 0
E 388352 cfg=208 nodes= 62314 62323 62311 62302 99182 99236 99166 99111 0 0
E 388353 cfg=208 nodes= 99182 99236 99166 99111 99184 99237 99167 99113 0 0
E 388354 cfg=208 nodes= 99184 99237 99167 99113 99186 99238 99168 99115 0 0
E 388355 cfg=208 nodes= 99186 99238 99168 99115 99188 99239 99169 99117 0 0
E 388356 cfg=208 nodes= 99188 99239 99169 99117 99190 99240 99170 99119 0 0
E 388357 cfg=208 nodes= 62312 62303 62315 62324 99171 99121 99191 99241 0 0
E 388358 cfg=208 nodes= 99171 99121 99191 99241 99172 99122 99192 99242 0 0
E 388359 cfg=208 nodes= 99172 99122 99192 99242 99173 99123 99193 99243 0 0
E 388360 cfg=208 nodes= 99173 99123 99193 99243 99174 99124 99194 99244 0 0
E 388361 cfg=208 nodes= 99174 99124 99194 99244 99175 99125 99195 99245 0 0
E 388362 cfg=208 nodes= 62313 62304 62316 62325 99176 99126 99196 99246 0 0
E 388363 cfg=208 nodes= 99176 99126 99196 99246 99177 99127 99197 99247 0 0
E 388364 cfg=208 nodes= 99177 99127 99197 99247 99178 99128 99198 99248 0 0
E 388365 cfg=208 nodes= 99178 99128 99198 99248 99179 99129 99199 99249 0 0
E 388366 cfg=208 nodes= 99179 99129 99199 99249 99180 99130 99200 99250 0 0
E 388367 cfg=208 nodes= 62314 61789 61788 62326 99182 99181 99252 99251 0 0
E 388368 cfg=208 nodes= 99182 99181 99252 99251 99184 99183 99254 99253 0 0
E 388369 cfg=208 nodes= 99184 99183 99254 99253 99186 99185 99256 99255 0 0
E 388370 cfg=208 nodes= 99186 99185 99256 99255 99188 99187 99258 99257 0 0
E 388371 cfg=208 nodes= 99188 99187 99258 99257 99190 99189 99260 99259 0 0
E 388372 cfg=208 nodes= 62315 62305 62317 62327 99191 99131 99201 99261 0 0
E 388373 cfg=208 nodes= 99191 99131 99201 99261 99192 99132 99202 99262 0 0
E 388374 cfg=208 nodes= 99192 99132 99202 99262 99193 99133 99203 99263 0 0
E 388375 cfg=208 nodes= 99193 99133 99203 99263 99194 99134 99204 99264 0 0
E 388376 cfg=208 nodes= 99194 99134 99204 99264 99195 99135 99205 99265 0 0
E 388377 cfg=208 nodes= 62316 62306 62318 62328 99196 99136 99206 99266 0 0
E 388378 cfg=208 nodes= 99196 99136 99206 99266 99197 99137 99207 99267 0 0
E 388379 cfg=208 nodes= 99197 99137 99207 99267 99198 99138 99208 99268 0 0
E 388380 cfg=208 nodes= 99198 99138 99208 99268 99199 99139 99209 99269 0 0
E 388381 cfg=208 nodes= 99199 99139 99209 99269 99200 99140 99210 99270 0 0
E 388382 cfg=208 nodes= 62317 62307 62319 62329 99201 99146 99216 99271 0 0
E 388383 cfg=208 nodes= 99201 99146 99216 99271 99202 99147 99217 99272 0 0
E 388384 cfg=208 nodes= 99202 99147 99217 99272 99203 99148 99218 99273 0 0
E 388385 cfg=208 nodes= 99203 99148 99218 99273 99204 99149 99219 99274 0 0
E 388386 cfg=208 nodes= 99204 99149 99219 99274 99205 99150 99220 99275 0 0
E 388387 cfg=208 nodes= 62318 62308 62320 62330 99206 99151 99221 99276 0 0
E 388388 cfg=208 nodes= 99206 99151 99221 99276 99207 99152 99222 99277 0 0
E 388389 cfg=208 nodes= 99207 99152 99222 99277 99208 99153 99223 99278 0 0
E 388390 cfg=208 nodes= 99208 99153 99223 99278 99209 99154 99224 99279 0 0
E 388391 cfg=208 nodes= 99209 99154 99224 99279 99210 99155 99225 99280 0 0
E 388392 cfg=208 nodes= 60978 62309 62321 60979 99211 99156 99226 99281 0 0
E 388393 cfg=208 nodes= 99211 99156 99226 99281 99212 99157 99227 99282 0 0
E 388394 cfg=208 nodes= 99212 99157 99227 99282 99213 99158 99228 99283 0 0
E 388395 cfg=208 nodes= 99213 99158 99228 99283 99214 99159 99229 99284 0 0
E 388396 cfg=208 nodes= 99214 99159 99229 99284 99215 99160 99230 99285 0 0
E 388397 cfg=208 nodes= 62319 62310 62322 62331 99216 99161 99231 99286 0 0
E 388398 cfg=208 nodes= 99216 99161 99231 99286 99217 99162 99232 99287 0 0
E 388399 cfg=208 nodes= 99217 99162 99232 99287 99218 99163 99233 99288 0 0
E 388400 cfg=208 nodes= 99218 99163 99233 99288 99219 99164 99234 99289 0 0
E 388401 cfg=208 nodes= 99219 99164 99234 99289 99220 99165 99235 99290 0 0
E 388402 cfg=208 nodes= 62323 62332 62320 62311 99236 99291 99221 99166 0 0
E 388403 cfg=208 nodes= 99236 99291 99221 99166 99237 99292 99222 99167 0 0
E 388404 cfg=208 nodes= 99237 99292 99222 99167 99238 99293 99223 99168 0 0
E 388405 cfg=208 nodes= 99238 99293 99223 99168 99239 99294 99224 99169 0 0
E 388406 cfg=208 nodes= 99239 99294 99224 99169 99240 99295 99225 99170 0 0
E 388407 cfg=208 nodes= 62321 62312 62324 62333 99226 99171 99241 99296 0 0
E 388408 cfg=208 nodes= 99226 99171 99241 99296 99227 99172 99242 99297 0 0
E 388409 cfg=208 nodes= 99227 99172 99242 99297 99228 99173 99243 99298 0 0
E 388410 cfg=208 nodes= 99228 99173 99243 99298 99229 99174 99244 99299 0 0
E 388411 cfg=208 nodes= 99229 99174 99244 99299 99230 99175 99245 99300 0 0
E 388412 cfg=208 nodes= 62322 62313 62325 62334 99231 99176 99246 99301 0 0
E 388413 cfg=208 nodes= 99231 99176 99246 99301 99232 99177 99247 99302 0 0
E 388414 cfg=208 nodes= 99232 99177 99247 99302 99233 99178 99248 99303 0 0
E 388415 cfg=208 nodes= 99233 99178 99248 99303 99234 99179 99249 99304 0 0
E 388416 cfg=208 nodes= 99234 99179 99249 99304 99235 99180 99250 99305 0 0
E 388417 cfg=208 nodes= 62323 62314 62326 62335 99236 99182 99251 99306 0 0
E 388418 cfg=208 nodes= 99236 99182 99251 99306 99237 99184 99253 99307 0 0
E 388419 cfg=208 nodes= 99237 99184 99253 99307 99238 99186 99255 99308 0 0
E 388420 cfg=208 nodes= 99238 99186 99255 99308 99239 99188 99257 99309 0 0
E 388421 cfg=208 nodes= 99239 99188 99257 99309 99240 99190 99259 99310 0 0
E 388422 cfg=208 nodes= 62324 62315 62327 62336 99241 99191 99261 99311 0 0
E 388423 cfg=208 nodes= 99241 99191 99261 99311 99242 99192 99262 99312 0 0
E 388424 cfg=208 nodes= 99242 99192 99262 99312 99243 99193 99263 99313 0 0
E 388425 cfg=208 nodes= 99243 99193 99263 99313 99244 99194 99264 99314 0 0
E 388426 cfg=208 nodes= 99244 99194 99264 99314 99245 99195 99265 99315 0 0
E 388427 cfg=208 nodes= 62325 62316 62328 62337 99246 99196 99266 99316 0 0
E 388428 cfg=208 nodes= 99246 99196 99266 99316 99247 99197 99267 99317 0 0
E 388429 cfg=208 nodes= 99247 99197 99267 99317 99248 99198 99268 99318 0 0
E 388430 cfg=208 nodes= 99248 99198 99268 99318 99249 99199 99269 99319 0 0
E 388431 cfg=208 nodes= 99249 99199 99269 99319 99250 99200 99270 99320 0 0
E 388432 cfg=208 nodes= 62326 61788 61787 62338 99251 99252 99322 99321 0 0
E 388433 cfg=208 nodes= 99251 99252 99322 99321 99253 99254 99324 99323 0 0
E 388434 cfg=208 nodes= 99253 99254 99324 99323 99255 99256 99326 99325 0 0
E 388435 cfg=208 nodes= 99255 99256 99326 99325 99257 99258 99328 99327 0 0
E 388436 cfg=208 nodes= 99257 99258 99328 99327 99259 99260 99330 99329 0 0
E 388437 cfg=208 nodes= 62327 62317 62329 62339 99261 99201 99271 99331 0 0
E 388438 cfg=208 nodes= 99261 99201 99271 99331 99262 99202 99272 99332 0 0
E 388439 cfg=208 nodes= 99262 99202 99272 99332 99263 99203 99273 99333 0 0
E 388440 cfg=208 nodes= 99263 99203 99273 99333 99264 99204 99274 99334 0 0
E 388441 cfg=208 nodes= 99264 99204 99274 99334 99265 99205 99275 99335 0 0
E 388442 cfg=208 nodes= 62328 62318 62330 62340 99266 99206 99276 99336 0 0
E 388443 cfg=208 nodes= 99266 99206 99276 99336 99267 99207 99277 99337 0 0
E 388444 cfg=208 nodes= 99267 99207 99277 99337 99268 99208 99278 99338 0 0
E 388445 cfg=208 nodes= 99268 99208 99278 99338 99269 99209 99279 99339 0 0
E 388446 cfg=208 nodes= 99269 99209 99279 99339 99270 99210 99280 99340 0 0
E 388447 cfg=208 nodes= 62329 62319 62331 62341 99271 99216 99286 99341 0 0
E 388448 cfg=208 nodes= 99271 99216 99286 99341 99272 99217 99287 99342 0 0
E 388449 cfg=208 nodes= 99272 99217 99287 99342 99273 99218 99288 99343 0 0
E 388450 cfg=208 nodes= 99273 99218 99288 99343 99274 99219 99289 99344 0 0
E 388451 cfg=208 nodes= 99274 99219 99289 99344 99275 99220 99290 99345 0 0
E 388452 cfg=208 nodes= 62332 62342 62330 62320 99291 99346 99276 99221 0 0
E 388453 cfg=208 nodes= 99291 99346 99276 99221 99292 99347 99277 99222 0 0
E 388454 cfg=208 nodes= 99292 99347 99277 99222 99293 99348 99278 99223 0 0
E 388455 cfg=208 nodes= 99293 99348 99278 99223 99294 99349 99279 99224 0 0
E 388456 cfg=208 nodes= 99294 99349 99279 99224 99295 99350 99280 99225 0 0
E 388457 cfg=208 nodes= 60979 62321 62333 60980 99281 99226 99296 99351 0 0
E 388458 cfg=208 nodes= 99281 99226 99296 99351 99282 99227 99297 99352 0 0
E 388459 cfg=208 nodes= 99282 99227 99297 99352 99283 99228 99298 99353 0 0
E 388460 cfg=208 nodes= 99283 99228 99298 99353 99284 99229 99299 99354 0 0
E 388461 cfg=208 nodes= 99284 99229 99299 99354 99285 99230 99300 99355 0 0
E 388462 cfg=208 nodes= 62331 62322 62334 62343 99286 99231 99301 99356 0 0
E 388463 cfg=208 nodes= 99286 99231 99301 99356 99287 99232 99302 99357 0 0
E 388464 cfg=208 nodes= 99287 99232 99302 99357 99288 99233 99303 99358 0 0
E 388465 cfg=208 nodes= 99288 99233 99303 99358 99289 99234 99304 99359 0 0
E 388466 cfg=208 nodes= 99289 99234 99304 99359 99290 99235 99305 99360 0 0
E 388467 cfg=208 nodes= 62332 62323 62335 62344 99291 99236 99306 99361 0 0
E 388468 cfg=208 nodes= 99291 99236 99306 99361 99292 99237 99307 99362 0 0
E 388469 cfg=208 nodes= 99292 99237 99307 99362 99293 99238 99308 99363 0 0
E 388470 cfg=208 nodes= 99293 99238 99308 99363 99294 99239 99309 99364 0 0
E 388471 cfg=208 nodes= 99294 99239 99309 99364 99295 99240 99310 99365 0 0
E 388472 cfg=208 nodes= 62333 62324 62336 62345 99296 99241 99311 99366 0 0
E 388473 cfg=208 nodes= 99296 99241 99311 99366 99297 99242 99312 99367 0 0
E 388474 cfg=208 nodes= 99297 99242 99312 99367 99298 99243 99313 99368 0 0
E 388475 cfg=208 nodes= 99298 99243 99313 99368 99299 99244 99314 99369 0 0
E 388476 cfg=208 nodes= 99299 99244 99314 99369 99300 99245 99315 99370 0 0
E 388477 cfg=208 nodes= 62337 62346 62334 62325 99316 99371 99301 99246 0 0
E 388478 cfg=208 nodes= 99316 99371 99301 99246 99317 99372 99302 99247 0 0
E 388479 cfg=208 nodes= 99317 99372 99302 99247 99318 99373 99303 99248 0 0
E 388480 cfg=208 nodes= 99318 99373 99303 99248 99319 99374 99304 99249 0 0
E 388481 cfg=208 nodes= 99319 99374 99304 99249 99320 99375 99305 99250 0 0
E 388482 cfg=208 nodes= 62335 62326 62338 62347 99306 99251 99321 99376 0 0
E 388483 cfg=208 nodes= 99306 99251 99321 99376 99307 99253 99323 99377 0 0
E 388484 cfg=208 nodes= 99307 99253 99323 99377 99308 99255 99325 99378 0 0
E 388485 cfg=208 nodes= 99308 99255 99325 99378 99309 99257 99327 99379 0 0
E 388486 cfg=208 nodes= 99309 99257 99327 99379 99310 99259 99329 99380 0 0
E 388487 cfg=208 nodes= 62336 62327 62339 62348 99311 99261 99331 99381 0 0
E 388488 cfg=208 nodes= 99311 99261 99331 99381 99312 99262 99332 99382 0 0
E 388489 cfg=208 nodes= 99312 99262 99332 99382 99313 99263 99333 99383 0 0
E 388490 cfg=208 nodes= 99313 99263 99333 99383 99314 99264 99334 99384 0 0
E 388491 cfg=208 nodes= 99314 99264 99334 99384 99315 99265 99335 99385 0 0
E 388492 cfg=208 nodes= 62337 62328 62340 62349 99316 99266 99336 99386 0 0
E 388493 cfg=208 nodes= 99316 99266 99336 99386 99317 99267 99337 99387 0 0
E 388494 cfg=208 nodes= 99317 99267 99337 99387 99318 99268 99338 99388 0 0
E 388495 cfg=208 nodes= 99318 99268 99338 99388 99319 99269 99339 99389 0 0
E 388496 cfg=208 nodes= 99319 99269 99339 99389 99320 99270 99340 99390 0 0
E 388497 cfg=208 nodes= 62338 61787 61786 62350 99321 99322 99392 99391 0 0
E 388498 cfg=208 nodes= 99321 99322 99392 99391 99323 99324 99394 99393 0 0
E 388499 cfg=208 nodes= 99323 99324 99394 99393 99325 99326 99396 99395 0 0
E 388500 cfg=208 nodes= 99325 99326 99396 99395 99327 99328 99398 99397 0 0
E 388501 cfg=208 nodes= 99327 99328 99398 99397 99329 99330 99400 99399 0 0
E 388502 cfg=208 nodes= 62339 62329 62341 62351 99331 99271 99341 99401 0 0
E 388503 cfg=208 nodes= 99331 99271 99341 99401 99332 99272 99342 99402 0 0
E 388504 cfg=208 nodes= 99332 99272 99342 99402 99333 99273 99343 99403 0 0
E 388505 cfg=208 nodes= 99333 99273 99343 99403 99334 99274 99344 99404 0 0
E 388506 cfg=208 nodes= 99334 99274 99344 99404 99335 99275 99345 99405 0 0
E 388507 cfg=208 nodes= 62342 62352 62340 62330 99346 99406 99336 99276 0 0
E 388508 cfg=208 nodes= 99346 99406 99336 99276 99347 99407 99337 99277 0 0
E 388509 cfg=208 nodes= 99347 99407 99337 99277 99348 99408 99338 99278 0 0
E 388510 cfg=208 nodes= 99348 99408 99338 99278 99349 99409 99339 99279 0 0
E 388511 cfg=208 nodes= 99349 99409 99339 99279 99350 99410 99340 99280 0 0
E 388512 cfg=208 nodes= 62341 62331 62343 62353 99341 99286 99356 99411 0 0
E 388513 cfg=208 nodes= 99341 99286 99356 99411 99342 99287 99357 99412 0 0
E 388514 cfg=208 nodes= 99342 99287 99357 99412 99343 99288 99358 99413 0 0
E 388515 cfg=208 nodes= 99343 99288 99358 99413 99344 99289 99359 99414 0 0
E 388516 cfg=208 nodes= 99344 99289 99359 99414 99345 99290 99360 99415 0 0
E 388517 cfg=208 nodes= 62342 62332 62344 62354 99346 99291 99361 99416 0 0
E 388518 cfg=208 nodes= 99346 99291 99361 99416 99347 99292 99362 99417 0 0
E 388519 cfg=208 nodes= 99347 99292 99362 99417 99348 99293 99363 99418 0 0
E 388520 cfg=208 nodes= 99348 99293 99363 99418 99349 99294 99364 99419 0 0
E 388521 cfg=208 nodes= 99349 99294 99364 99419 99350 99295 99365 99420 0 0
E 388522 cfg=208 nodes= 60980 62333 62345 60981 99351 99296 99366 99421 0 0
E 388523 cfg=208 nodes= 99351 99296 99366 99421 99352 99297 99367 99422 0 0
E 388524 cfg=208 nodes= 99352 99297 99367 99422 99353 99298 99368 99423 0 0
E 388525 cfg=208 nodes= 99353 99298 99368 99423 99354 99299 99369 99424 0 0
E 388526 cfg=208 nodes= 99354 99299 99369 99424 99355 99300 99370 99425 0 0
E 388527 cfg=208 nodes= 62346 62355 62343 62334 99371 99426 99356 99301 0 0
E 388528 cfg=208 nodes= 99371 99426 99356 99301 99372 99427 99357 99302 0 0
E 388529 cfg=208 nodes= 99372 99427 99357 99302 99373 99428 99358 99303 0 0
E 388530 cfg=208 nodes= 99373 99428 99358 99303 99374 99429 99359 99304 0 0
E 388531 cfg=208 nodes= 99374 99429 99359 99304 99375 99430 99360 99305 0 0
E 388532 cfg=208 nodes= 62344 62335 62347 62356 99361 99306 99376 99431 0 0
E 388533 cfg=208 nodes= 99361 99306 99376 99431 99362 99307 99377 99432 0 0
E 388534 cfg=208 nodes= 99362 99307 99377 99432 99363 99308 99378 99433 0 0
E 388535 cfg=208 nodes= 99363 99308 99378 99433 99364 99309 99379 99434 0 0
E 388536 cfg=208 nodes= 99364 99309 99379 99434 99365 99310 99380 99435 0 0
E 388537 cfg=208 nodes= 62345 62336 62348 62357 99366 99311 99381 99436 0 0
E 388538 cfg=208 nodes= 99366 99311 99381 99436 99367 99312 99382 99437 0 0
E 388539 cfg=208 nodes= 99367 99312 99382 99437 99368 99313 99383 99438 0 0
E 388540 cfg=208 nodes= 99368 99313 99383 99438 99369 99314 99384 99439 0 0
E 388541 cfg=208 nodes= 99369 99314 99384 99439 99370 99315 99385 99440 0 0
E 388542 cfg=208 nodes= 62349 62358 62346 62337 99386 99441 99371 99316 0 0
E 388543 cfg=208 nodes= 99386 99441 99371 99316 99387 99442 99372 99317 0 0
E 388544 cfg=208 nodes= 99387 99442 99372 99317 99388 99443 99373 99318 0 0
E 388545 cfg=208 nodes= 99388 99443 99373 99318 99389 99444 99374 99319 0 0
E 388546 cfg=208 nodes= 99389 99444 99374 99319 99390 99445 99375 99320 0 0
E 388547 cfg=208 nodes= 62347 62338 62350 62359 99376 99321 99391 99446 0 0
E 388548 cfg=208 nodes= 99376 99321 99391 99446 99377 99323 99393 99447 0 0
E 388549 cfg=208 nodes= 99377 99323 99393 99447 99378 99325 99395 99448 0 0
E 388550 cfg=208 nodes= 99378 99325 99395 99448 99379 99327 99397 99449 0 0
E 388551 cfg=208 nodes= 99379 99327 99397 99449 99380 99329 99399 99450 0 0
E 388552 cfg=208 nodes= 62348 62339 62351 62360 99381 99331 99401 99451 0 0
E 388553 cfg=208 nodes= 99381 99331 99401 99451 99382 99332 99402 99452 0 0
E 388554 cfg=208 nodes= 99382 99332 99402 99452 99383 99333 99403 99453 0 0
E 388555 cfg=208 nodes= 99383 99333 99403 99453 99384 99334 99404 99454 0 0
E 388556 cfg=208 nodes= 99384 99334 99404 99454 99385 99335 99405 99455 0 0
E 388557 cfg=208 nodes= 62352 62361 62349 62340 99406 99456 99386 99336 0 0
E 388558 cfg=208 nodes= 99406 99456 99386 99336 99407 99457 99387 99337 0 0
E 388559 cfg=208 nodes= 99407 99457 99387 99337 99408 99458 99388 99338 0 0
E 388560 cfg=208 nodes= 99408 99458 99388 99338 99409 99459 99389 99339 0 0
E 388561 cfg=208 nodes= 99409 99459 99389 99339 99410 99460 99390 99340 0 0
E 388562 cfg=208 nodes= 62350 61786 61785 62362 99391 99392 99462 99461 0 0
E 388563 cfg=208 nodes= 99391 99392 99462 99461 99393 99394 99464 99463 0 0
E 388564 cfg=208 nodes= 99393 99394 99464 99463 99395 99396 99466 99465 0 0
E 388565 cfg=208 nodes= 99395 99396 99466 99465 99397 99398 99468 99467 0 0
E 388566 cfg=208 nodes= 99397 99398 99468 99467 99399 99400 99470 99469 0 0
E 388567 cfg=208 nodes= 62351 62341 62353 62363 99401 99341 99411 99471 0 0
E 388568 cfg=208 nodes= 99401 99341 99411 99471 99402 99342 99412 99472 0 0
E 388569 cfg=208 nodes= 99402 99342 99412 99472 99403 99343 99413 99473 0 0
E 388570 cfg=208 nodes= 99403 99343 99413 99473 99404 99344 99414 99474 0 0
E 388571 cfg=208 nodes= 99404 99344 99414 99474 99405 99345 99415 99475 0 0
E 388572 cfg=208 nodes= 62352 62342 62354 62364 99406 99346 99416 99476 0 0
E 388573 cfg=208 nodes= 99406 99346 99416 99476 99407 99347 99417 99477 0 0
E 388574 cfg=208 nodes= 99407 99347 99417 99477 99408 99348 99418 99478 0 0
E 388575 cfg=208 nodes= 99408 99348 99418 99478 99409 99349 99419 99479 0 0
E 388576 cfg=208 nodes= 99409 99349 99419 99479 99410 99350 99420 99480 0 0
E 388577 cfg=208 nodes= 62355 62365 62353 62343 99426 99481 99411 99356 0 0
E 388578 cfg=208 nodes= 99426 99481 99411 99356 99427 99482 99412 99357 0 0
E 388579 cfg=208 nodes= 99427 99482 99412 99357 99428 99483 99413 99358 0 0
E 388580 cfg=208 nodes= 99428 99483 99413 99358 99429 99484 99414 99359 0 0
E 388581 cfg=208 nodes= 99429 99484 99414 99359 99430 99485 99415 99360 0 0
E 388582 cfg=208 nodes= 62354 62344 62356 62366 99416 99361 99431 99486 0 0
E 388583 cfg=208 nodes= 99416 99361 99431 99486 99417 99362 99432 99487 0 0
E 388584 cfg=208 nodes= 99417 99362 99432 99487 99418 99363 99433 99488 0 0
E 388585 cfg=208 nodes= 99418 99363 99433 99488 99419 99364 99434 99489 0 0
E 388586 cfg=208 nodes= 99419 99364 99434 99489 99420 99365 99435 99490 0 0
E 388587 cfg=208 nodes= 60981 62345 62357 60982 99421 99366 99436 99491 0 0
E 388588 cfg=208 nodes= 99421 99366 99436 99491 99422 99367 99437 99492 0 0
E 388589 cfg=208 nodes= 99422 99367 99437 99492 99423 99368 99438 99493 0 0
E 388590 cfg=208 nodes= 99423 99368 99438 99493 99424 99369 99439 99494 0 0
E 388591 cfg=208 nodes= 99424 99369 99439 99494 99425 99370 99440 99495 0 0
E 388592 cfg=208 nodes= 62358 62367 62355 62346 99441 99496 99426 99371 0 0
E 388593 cfg=208 nodes= 99441 99496 99426 99371 99442 99497 99427 99372 0 0
E 388594 cfg=208 nodes= 99442 99497 99427 99372 99443 99498 99428 99373 0 0
E 388595 cfg=208 nodes= 99443 99498 99428 99373 99444 99499 99429 99374 0 0
E 388596 cfg=208 nodes= 99444 99499 99429 99374 99445 99500 99430 99375 0 0
E 388597 cfg=208 nodes= 62356 62347 62359 62368 99431 99376 99446 99501 0 0
E 388598 cfg=208 nodes= 99431 99376 99446 99501 99432 99377 99447 99502 0 0
E 388599 cfg=208 nodes= 99432 99377 99447 99502 99433 99378 99448 99503 0 0
E 388600 cfg=208 nodes= 99433 99378 99448 99503 99434 99379 99449 99504 0 0
E 388601 cfg=208 nodes= 99434 99379 99449 99504 99435 99380 99450 99505 0 0
E 388602 cfg=208 nodes= 62357 62348 62360 62369 99436 99381 99451 99506 0 0
E 388603 cfg=208 nodes= 99436 99381 99451 99506 99437 99382 99452 99507 0 0
E 388604 cfg=208 nodes= 99437 99382 99452 99507 99438 99383 99453 99508 0 0
E 388605 cfg=208 nodes= 99438 99383 99453 99508 99439 99384 99454 99509 0 0
E 388606 cfg=208 nodes= 99439 99384 99454 99509 99440 99385 99455 99510 0 0
E 388607 cfg=208 nodes= 62361 62370 62358 62349 99456 99511 99441 99386 0 0
E 388608 cfg=208 nodes= 99456 99511 99441 99386 99457 99512 99442 99387 0 0
E 388609 cfg=208 nodes= 99457 99512 99442 99387 99458 99513 99443 99388 0 0
E 388610 cfg=208 nodes= 99458 99513 99443 99388 99459 99514 99444 99389 0 0
E 388611 cfg=208 nodes= 99459 99514 99444 99389 99460 99515 99445 99390 0 0
E 388612 cfg=208 nodes= 62359 62350 62362 62371 99446 99391 99461 99516 0 0
E 388613 cfg=208 nodes= 99446 99391 99461 99516 99447 99393 99463 99517 0 0
E 388614 cfg=208 nodes= 99447 99393 99463 99517 99448 99395 99465 99518 0 0
E 388615 cfg=208 nodes= 99448 99395 99465 99518 99449 99397 99467 99519 0 0
E 388616 cfg=208 nodes= 99449 99397 99467 99519 99450 99399 99469 99520 0 0
E 388617 cfg=208 nodes= 62360 62351 62363 62373 99451 99401 99471 99521 0 0
E 388618 cfg=208 nodes= 99451 99401 99471 99521 99452 99402 99472 99522 0 0
E 388619 cfg=208 nodes= 99452 99402 99472 99522 99453 99403 99473 99523 0 0
E 388620 cfg=208 nodes= 99453 99403 99473 99523 99454 99404 99474 99524 0 0
E 388621 cfg=208 nodes= 99454 99404 99474 99524 99455 99405 99475 99525 0 0
E 388622 cfg=208 nodes= 62361 62352 62364 62374 99456 99406 99476 99526 0 0
E 388623 cfg=208 nodes= 99456 99406 99476 99526 99457 99407 99477 99527 0 0
E 388624 cfg=208 nodes= 99457 99407 99477 99527 99458 99408 99478 99528 0 0
E 388625 cfg=208 nodes= 99458 99408 99478 99528 99459 99409 99479 99529 0 0
E 388626 cfg=208 nodes= 99459 99409 99479 99529 99460 99410 99480 99530 0 0
E 388627 cfg=208 nodes= 62372 62362 61785 61784 99531 99461 99462 99532 0 0
E 388628 cfg=208 nodes= 99531 99461 99462 99532 99533 99463 99464 99534 0 0
E 388629 cfg=208 nodes= 99533 99463 99464 99534 99535 99465 99466 99536 0 0
E 388630 cfg=208 nodes= 99535 99465 99466 99536 99537 99467 99468 99538 0 0
E 388631 cfg=208 nodes= 99537 99467 99468 99538 99539 99469 99470 99540 0 0
E 388632 cfg=208 nodes= 62365 62375 62363 62353 99481 99541 99471 99411 0 0
E 388633 cfg=208 nodes= 99481 99541 99471 99411 99482 99542 99472 99412 0 0
E 388634 cfg=208 nodes= 99482 99542 99472 99412 99483 99543 99473 99413 0 0
E 388635 cfg=208 nodes= 99483 99543 99473 99413 99484 99544 99474 99414 0 0
E 388636 cfg=208 nodes= 99484 99544 99474 99414 99485 99545 99475 99415 0 0
E 388637 cfg=208 nodes= 62364 62354 62366 62376 99476 99416 99486 99546 0 0
E 388638 cfg=208 nodes= 99476 99416 99486 99546 99477 99417 99487 99547 0 0
E 388639 cfg=208 nodes= 99477 99417 99487 99547 99478 99418 99488 99548 0 0
E 388640 cfg=208 nodes= 99478 99418 99488 99548 99479 99419 99489 99549 0 0
E 388641 cfg=208 nodes= 99479 99419 99489 99549 99480 99420 99490 99550 0 0
E 388642 cfg=208 nodes= 62367 62377 62365 62355 99496 99551 99481 99426 0 0
E 388643 cfg=208 nodes= 99496 99551 99481 99426 99497 99552 99482 99427 0 0
E 388644 cfg=208 nodes= 99497 99552 99482 99427 99498 99553 99483 99428 0 0
E 388645 cfg=208 nodes= 99498 99553 99483 99428 99499 99554 99484 99429 0 0
E 388646 cfg=208 nodes= 99499 99554 99484 99429 99500 99555 99485 99430 0 0
E 388647 cfg=208 nodes= 62366 62356 62368 62378 99486 99431 99501 99556 0 0
E 388648 cfg=208 nodes= 99486 99431 99501 99556 99487 99432 99502 99557 0 0
E 388649 cfg=208 nodes= 99487 99432 99502 99557 99488 99433 99503 99558 0 0
E 388650 cfg=208 nodes= 99488 99433 99503 99558 99489 99434 99504 99559 0 0
E 388651 cfg=208 nodes= 99489 99434 99504 99559 99490 99435 99505 99560 0 0
E 388652 cfg=208 nodes= 60982 62357 62369 60983 99491 99436 99506 99561 0 0
E 388653 cfg=208 nodes= 99491 99436 99506 99561 99492 99437 99507 99562 0 0
E 388654 cfg=208 nodes= 99492 99437 99507 99562 99493 99438 99508 99563 0 0
E 388655 cfg=208 nodes= 99493 99438 99508 99563 99494 99439 99509 99564 0 0
E 388656 cfg=208 nodes= 99494 99439 99509 99564 99495 99440 99510 99565 0 0
E 388657 cfg=208 nodes= 62370 62379 62367 62358 99511 99566 99496 99441 0 0
E 388658 cfg=208 nodes= 99511 99566 99496 99441 99512 99567 99497 99442 0 0
E 388659 cfg=208 nodes= 99512 99567 99497 99442 99513 99568 99498 99443 0 0
E 388660 cfg=208 nodes= 99513 99568 99498 99443 99514 99569 99499 99444 0 0
E 388661 cfg=208 nodes= 99514 99569 99499 99444 99515 99570 99500 99445 0 0
E 388662 cfg=208 nodes= 62368 62359 62371 62381 99501 99446 99516 99571 0 0
E 388663 cfg=208 nodes= 99501 99446 99516 99571 99502 99447 99517 99572 0 0
E 388664 cfg=208 nodes= 99502 99447 99517 99572 99503 99448 99518 99573 0 0
E 388665 cfg=208 nodes= 99503 99448 99518 99573 99504 99449 99519 99574 0 0
E 388666 cfg=208 nodes= 99504 99449 99519 99574 99505 99450 99520 99575 0 0
E 388667 cfg=208 nodes= 62369 62360 62373 62382 99506 99451 99521 99576 0 0
E 388668 cfg=208 nodes= 99506 99451 99521 99576 99507 99452 99522 99577 0 0
E 388669 cfg=208 nodes= 99507 99452 99522 99577 99508 99453 99523 99578 0 0
E 388670 cfg=208 nodes= 99508 99453 99523 99578 99509 99454 99524 99579 0 0
E 388671 cfg=208 nodes= 99509 99454 99524 99579 99510 99455 99525 99580 0 0
E 388672 cfg=208 nodes= 62362 62372 62380 62371 99461 99531 99581 99516 0 0
E 388673 cfg=208 nodes= 99461 99531 99581 99516 99463 99533 99582 99517 0 0
E 388674 cfg=208 nodes= 99463 99533 99582 99517 99465 99535 99583 99518 0 0
E 388675 cfg=208 nodes= 99465 99535 99583 99518 99467 99537 99584 99519 0 0
E 388676 cfg=208 nodes= 99467 99537 99584 99519 99469 99539 99585 99520 0 0
E 388677 cfg=208 nodes= 62370 62361 62374 62383 99511 99456 99526 99586 0 0
E 388678 cfg=208 nodes= 99511 99456 99526 99586 99512 99457 99527 99587 0 0
E 388679 cfg=208 nodes= 99512 99457 99527 99587 99513 99458 99528 99588 0 0
E 388680 cfg=208 nodes= 99513 99458 99528 99588 99514 99459 99529 99589 0 0
E 388681 cfg=208 nodes= 99514 99459 99529 99589 99515 99460 99530 99590 0 0
E 388682 cfg=208 nodes= 62373 62363 62375 62384 99521 99471 99541 99591 0 0
E 388683 cfg=208 nodes= 99521 99471 99541 99591 99522 99472 99542 99592 0 0
E 388684 cfg=208 nodes= 99522 99472 99542 99592 99523 99473 99543 99593 0 0
E 388685 cfg=208 nodes= 99523 99473 99543 99593 99524 99474 99544 99594 0 0
E 388686 cfg=208 nodes= 99524 99474 99544 99594 99525 99475 99545 99595 0 0
E 388687 cfg=208 nodes= 62374 62364 62376 62385 99526 99476 99546 99596 0 0
E 388688 cfg=208 nodes= 99526 99476 99546 99596 99527 99477 99547 99597 0 0
E 388689 cfg=208 nodes= 99527 99477 99547 99597 99528 99478 99548 99598 0 0
E 388690 cfg=208 nodes= 99528 99478 99548 99598 99529 99479 99549 99599 0 0
E 388691 cfg=208 nodes= 99529 99479 99549 99599 99530 99480 99550 99600 0 0
E 388692 cfg=208 nodes= 62372 61784 61783 62386 99531 99532 99602 99601 0 0
E 388693 cfg=208 nodes= 99531 99532 99602 99601 99533 99534 99604 99603 0 0
E 388694 cfg=208 nodes= 99533 99534 99604 99603 99535 99536 99606 99605 0 0
E 388695 cfg=208 nodes= 99535 99536 99606 99605 99537 99538 99608 99607 0 0
E 388696 cfg=208 nodes= 99537 99538 99608 99607 99539 99540 99610 99609 0 0
E 388697 cfg=208 nodes= 62377 62387 62375 62365 99551 99611 99541 99481 0 0
E 388698 cfg=208 nodes= 99551 99611 99541 99481 99552 99612 99542 99482 0 0
E 388699 cfg=208 nodes= 99552 99612 99542 99482 99553 99613 99543 99483 0 0
E 388700 cfg=208 nodes= 99553 99613 99543 99483 99554 99614 99544 99484 0 0
E 388701 cfg=208 nodes= 99554 99614 99544 99484 99555 99615 99545 99485 0 0
E 388702 cfg=208 nodes= 62376 62366 62378 62388 99546 99486 99556 99616 0 0
E 388703 cfg=208 nodes= 99546 99486 99556 99616 99547 99487 99557 99617 0 0
E 388704 cfg=208 nodes= 99547 99487 99557 99617 99548 99488 99558 99618 0 0
E 388705 cfg=208 nodes= 99548 99488 99558 99618 99549 99489 99559 99619 0 0
E 388706 cfg=208 nodes= 99549 99489 99559 99619 99550 99490 99560 99620 0 0
E 388707 cfg=208 nodes= 62379 62390 62377 62367 99566 99621 99551 99496 0 0
E 388708 cfg=208 nodes= 99566 99621 99551 99496 99567 99622 99552 99497 0 0
E 388709 cfg=208 nodes= 99567 99622 99552 99497 99568 99623 99553 99498 0 0
E 388710 cfg=208 nodes= 99568 99623 99553 99498 99569 99624 99554 99499 0 0
E 388711 cfg=208 nodes= 99569 99624 99554 99499 99570 99625 99555 99500 0 0
E 388712 cfg=208 nodes= 62378 62368 62381 62391 99556 99501 99571 99626 0 0
E 388713 cfg=208 nodes= 99556 99501 99571 99626 99557 99502 99572 99627 0 0
E 388714 cfg=208 nodes= 99557 99502 99572 99627 99558 99503 99573 99628 0 0
E 388715 cfg=208 nodes= 99558 99503 99573 99628 99559 99504 99574 99629 0 0
E 388716 cfg=208 nodes= 99559 99504 99574 99629 99560 99505 99575 99630 0 0
E 388717 cfg=208 nodes= 62371 62380 62389 62381 99516 99581 99631 99571 0 0
E 388718 cfg=208 nodes= 99516 99581 99631 99571 99517 99582 99632 99572 0 0
E 388719 cfg=208 nodes= 99517 99582 99632 99572 99518 99583 99633 99573 0 0
E 388720 cfg=208 nodes= 99518 99583 99633 99573 99519 99584 99634 99574 0 0
E 388721 cfg=208 nodes= 99519 99584 99634 99574 99520 99585 99635 99575 0 0
E 388722 cfg=208 nodes= 60983 62369 62382 60984 99561 99506 99576 99636 0 0
E 388723 cfg=208 nodes= 99561 99506 99576 99636 99562 99507 99577 99637 0 0
E 388724 cfg=208 nodes= 99562 99507 99577 99637 99563 99508 99578 99638 0 0
E 388725 cfg=208 nodes= 99563 99508 99578 99638 99564 99509 99579 99639 0 0
E 388726 cfg=208 nodes= 99564 99509 99579 99639 99565 99510 99580 99640 0 0
E 388727 cfg=208 nodes= 62379 62370 62383 62392 99566 99511 99586 99641 0 0
E 388728 cfg=208 nodes= 99566 99511 99586 99641 99567 99512 99587 99642 0 0
E 388729 cfg=208 nodes= 99567 99512 99587 99642 99568 99513 99588 99643 0 0
E 388730 cfg=208 nodes= 99568 99513 99588 99643 99569 99514 99589 99644 0 0
E 388731 cfg=208 nodes= 99569 99514 99589 99644 99570 99515 99590 99645 0 0
E 388732 cfg=208 nodes= 62382 62373 62384 62393 99576 99521 99591 99646 0 0
E 388733 cfg=208 nodes= 99576 99521 99591 99646 99577 99522 99592 99647 0 0
E 388734 cfg=208 nodes= 99577 99522 99592 99647 99578 99523 99593 99648 0 0
E 388735 cfg=208 nodes= 99578 99523 99593 99648 99579 99524 99594 99649 0 0
E 388736 cfg=208 nodes= 99579 99524 99594 99649 99580 99525 99595 99650 0 0
E 388737 cfg=208 nodes= 62372 62386 62396 62380 99531 99601 99651 99581 0 0
E 388738 cfg=208 nodes= 99531 99601 99651 99581 99533 99603 99652 99582 0 0
E 388739 cfg=208 nodes= 99533 99603 99652 99582 99535 99605 99653 99583 0 0
E 388740 cfg=208 nodes= 99535 99605 99653 99583 99537 99607 99654 99584 0 0
E 388741 cfg=208 nodes= 99537 99607 99654 99584 99539 99609 99655 99585 0 0
E 388742 cfg=208 nodes= 62383 62374 62385 62394 99586 99526 99596 99656 0 0
E 388743 cfg=208 nodes= 99586 99526 99596 99656 99587 99527 99597 99657 0 0
E 388744 cfg=208 nodes= 99587 99527 99597 99657 99588 99528 99598 99658 0 0
E 388745 cfg=208 nodes= 99588 99528 99598 99658 99589 99529 99599 99659 0 0
E 388746 cfg=208 nodes= 99589 99529 99599 99659 99590 99530 99600 99660 0 0
E 388747 cfg=208 nodes= 62384 62375 62387 62395 99591 99541 99611 99661 0 0
E 388748 cfg=208 nodes= 99591 99541 99611 99661 99592 99542 99612 99662 0 0
E 388749 cfg=208 nodes= 99592 99542 99612 99662 99593 99543 99613 99663 0 0
E 388750 cfg=208 nodes= 99593 99543 99613 99663 99594 99544 99614 99664 0 0
E 388751 cfg=208 nodes= 99594 99544 99614 99664 99595 99545 99615 99665 0 0
E 388752 cfg=208 nodes= 62385 62376 62388 62397 99596 99546 99616 99666 0 0
E 388753 cfg=208 nodes= 99596 99546 99616 99666 99597 99547 99617 99667 0 0
E 388754 cfg=208 nodes= 99597 99547 99617 99667 99598 99548 99618 99668 0 0
E 388755 cfg=208 nodes= 99598 99548 99618 99668 99599 99549 99619 99669 0 0
E 388756 cfg=208 nodes= 99599 99549 99619 99669 99600 99550 99620 99670 0 0
E 388757 cfg=208 nodes= 61782 62401 62386 61783 99671 99672 99601 99602 0 0
E 388758 cfg=208 nodes= 99671 99672 99601 99602 99673 99674 99603 99604 0 0
E 388759 cfg=208 nodes= 99673 99674 99603 99604 99675 99676 99605 99606 0 0
E 388760 cfg=208 nodes= 99675 99676 99605 99606 99677 99678 99607 99608 0 0
E 388761 cfg=208 nodes= 99677 99678 99607 99608 99679 99680 99609 99610 0 0
E 388762 cfg=208 nodes= 62390 62398 62387 62377 99621 99681 99611 99551 0 0
E 388763 cfg=208 nodes= 99621 99681 99611 99551 99622 99682 99612 99552 0 0
E 388764 cfg=208 nodes= 99622 99682 99612 99552 99623 99683 99613 99553 0 0
E 388765 cfg=208 nodes= 99623 99683 99613 99553 99624 99684 99614 99554 0 0
E 388766 cfg=208 nodes= 99624 99684 99614 99554 99625 99685 99615 99555 0 0
E 388767 cfg=208 nodes= 62388 62378 62391 62399 99616 99556 99626 99686 0 0
E 388768 cfg=208 nodes= 99616 99556 99626 99686 99617 99557 99627 99687 0 0
E 388769 cfg=208 nodes= 99617 99557 99627 99687 99618 99558 99628 99688 0 0
E 388770 cfg=208 nodes= 99618 99558 99628 99688 99619 99559 99629 99689 0 0
E 388771 cfg=208 nodes= 99619 99559 99629 99689 99620 99560 99630 99690 0 0
E 388772 cfg=208 nodes= 62400 62391 62381 62389 99691 99626 99571 99631 0 0
E 388773 cfg=208 nodes= 99691 99626 99571 99631 99692 99627 99572 99632 0 0
E 388774 cfg=208 nodes= 99692 99627 99572 99632 99693 99628 99573 99633 0 0
E 388775 cfg=208 nodes= 99693 99628 99573 99633 99694 99629 99574 99634 0 0
E 388776 cfg=208 nodes= 99694 99629 99574 99634 99695 99630 99575 99635 0 0
E 388777 cfg=208 nodes= 62390 62379 62392 62402 99621 99566 99641 99696 0 0
E 388778 cfg=208 nodes= 99621 99566 99641 99696 99622 99567 99642 99697 0 0
E 388779 cfg=208 nodes= 99622 99567 99642 99697 99623 99568 99643 99698 0 0
E 388780 cfg=208 nodes= 99623 99568 99643 99698 99624 99569 99644 99699 0 0
E 388781 cfg=208 nodes= 99624 99569 99644 99699 99625 99570 99645 99700 0 0
E 388782 cfg=208 nodes= 60984 62382 62393 60985 99636 99576 99646 99701 0 0
E 388783 cfg=208 nodes= 99636 99576 99646 99701 99637 99577 99647 99702 0 0
E 388784 cfg=208 nodes= 99637 99577 99647 99702 99638 99578 99648 99703 0 0
E 388785 cfg=208 nodes= 99638 99578 99648 99703 99639 99579 99649 99704 0 0
E 388786 cfg=208 nodes= 99639 99579 99649 99704 99640 99580 99650 99705 0 0
E 388787 cfg=208 nodes= 62392 62383 62394 62403 99641 99586 99656 99706 0 0
E 388788 cfg=208 nodes= 99641 99586 99656 99706 99642 99587 99657 99707 0 0
E 388789 cfg=208 nodes= 99642 99587 99657 99707 99643 99588 99658 99708 0 0
E 388790 cfg=208 nodes= 99643 99588 99658 99708 99644 99589 99659 99709 0 0
E 388791 cfg=208 nodes= 99644 99589 99659 99709 99645 99590 99660 99710 0 0
E 388792 cfg=208 nodes= 62393 62384 62395 62405 99646 99591 99661 99711 0 0
E 388793 cfg=208 nodes= 99646 99591 99661 99711 99647 99592 99662 99712 0 0
E 388794 cfg=208 nodes= 99647 99592 99662 99712 99648 99593 99663 99713 0 0
E 388795 cfg=208 nodes= 99648 99593 99663 99713 99649 99594 99664 99714 0 0
E 388796 cfg=208 nodes= 99649 99594 99664 99714 99650 99595 99665 99715 0 0
E 388797 cfg=208 nodes= 62394 62385 62397 62406 99656 99596 99666 99716 0 0
E 388798 cfg=208 nodes= 99656 99596 99666 99716 99657 99597 99667 99717 0 0
E 388799 cfg=208 nodes= 99657 99597 99667 99717 99658 99598 99668 99718 0 0
E 388800 cfg=208 nodes= 99658 99598 99668 99718 99659 99599 99669 99719 0 0
E 388801 cfg=208 nodes= 99659 99599 99669 99719 99660 99600 99670 99720 0 0
E 388802 cfg=208 nodes= 62386 62401 62404 62396 99601 99672 99721 99651 0 0
E 388803 cfg=208 nodes= 99601 99672 99721 99651 99603 99674 99722 99652 0 0
E 388804 cfg=208 nodes= 99603 99674 99722 99652 99605 99676 99723 99653 0 0
E 388805 cfg=208 nodes= 99605 99676 99723 99653 99607 99678 99724 99654 0 0
E 388806 cfg=208 nodes= 99607 99678 99724 99654 99609 99680 99725 99655 0 0
E 388807 cfg=208 nodes= 62398 62407 62395 62387 99681 99726 99661 99611 0 0
E 388808 cfg=208 nodes= 99681 99726 99661 99611 99682 99727 99662 99612 0 0
E 388809 cfg=208 nodes= 99682 99727 99662 99612 99683 99728 99663 99613 0 0
E 388810 cfg=208 nodes= 99683 99728 99663 99613 99684 99729 99664 99614 0 0
E 388811 cfg=208 nodes= 99684 99729 99664 99614 99685 99730 99665 99615 0 0
E 388812 cfg=208 nodes= 62397 62388 62399 62409 99666 99616 99686 99731 0 0
E 388813 cfg=208 nodes= 99666 99616 99686 99731 99667 99617 99687 99732 0 0
E 388814 cfg=208 nodes= 99667 99617 99687 99732 99668 99618 99688 99733 0 0
E 388815 cfg=208 nodes= 99668 99618 99688 99733 99669 99619 99689 99734 0 0
E 388816 cfg=208 nodes= 99669 99619 99689 99734 99670 99620 99690 99735 0 0
E 388817 cfg=208 nodes= 62410 62400 62389 62396 99736 99691 99631 99651 0 0
E 388818 cfg=208 nodes= 99736 99691 99631 99651 99737 99692 99632 99652 0 0
E 388819 cfg=208 nodes= 99737 99692 99632 99652 99738 99693 99633 99653 0 0
E 388820 cfg=208 nodes= 99738 99693 99633 99653 99739 99694 99634 99654 0 0
E 388821 cfg=208 nodes= 99739 99694 99634 99654 99740 99695 99635 99655 0 0
E 388822 cfg=208 nodes= 61781 62408 62401 61782 99741 99742 99672 99671 0 0
E 388823 cfg=208 nodes= 99741 99742 99672 99671 99743 99744 99674 99673 0 0
E 388824 cfg=208 nodes= 99743 99744 99674 99673 99745 99746 99676 99675 0 0
E 388825 cfg=208 nodes= 99745 99746 99676 99675 99747 99748 99678 99677 0 0
E 388826 cfg=208 nodes= 99747 99748 99678 99677 99749 99750 99680 99679 0 0
E 388827 cfg=208 nodes= 62398 62390 62402 62411 99681 99621 99696 99751 0 0
E 388828 cfg=208 nodes= 99681 99621 99696 99751 99682 99622 99697 99752 0 0
E 388829 cfg=208 nodes= 99682 99622 99697 99752 99683 99623 99698 99753 0 0
E 388830 cfg=208 nodes= 99683 99623 99698 99753 99684 99624 99699 99754 0 0
E 388831 cfg=208 nodes= 99684 99624 99699 99754 99685 99625 99700 99755 0 0
E 388832 cfg=208 nodes= 62412 62399 62391 62400 99756 99686 99626 99691 0 0
E 388833 cfg=208 nodes= 99756 99686 99626 99691 99757 99687 99627 99692 0 0
E 388834 cfg=208 nodes= 99757 99687 99627 99692 99758 99688 99628 99693 0 0
E 388835 cfg=208 nodes= 99758 99688 99628 99693 99759 99689 99629 99694 0 0
E 388836 cfg=208 nodes= 99759 99689 99629 99694 99760 99690 99630 99695 0 0
E 388837 cfg=208 nodes= 62402 62392 62403 62413 99696 99641 99706 99761 0 0
E 388838 cfg=208 nodes= 99696 99641 99706 99761 99697 99642 99707 99762 0 0
E 388839 cfg=208 nodes= 99697 99642 99707 99762 99698 99643 99708 99763 0 0
E 388840 cfg=208 nodes= 99698 99643 99708 99763 99699 99644 99709 99764 0 0
E 388841 cfg=208 nodes= 99699 99644 99709 99764 99700 99645 99710 99765 0 0
E 388842 cfg=208 nodes= 60985 62393 62405 60986 99701 99646 99711 99766 0 0
E 388843 cfg=208 nodes= 99701 99646 99711 99766 99702 99647 99712 99767 0 0
E 388844 cfg=208 nodes= 99702 99647 99712 99767 99703 99648 99713 99768 0 0
E 388845 cfg=208 nodes= 99703 99648 99713 99768 99704 99649 99714 99769 0 0
E 388846 cfg=208 nodes= 99704 99649 99714 99769 99705 99650 99715 99770 0 0
E 388847 cfg=208 nodes= 62403 62394 62406 62414 99706 99656 99716 99771 0 0
E 388848 cfg=208 nodes= 99706 99656 99716 99771 99707 99657 99717 99772 0 0
E 388849 cfg=208 nodes= 99707 99657 99717 99772 99708 99658 99718 99773 0 0
E 388850 cfg=208 nodes= 99708 99658 99718 99773 99709 99659 99719 99774 0 0
E 388851 cfg=208 nodes= 99709 99659 99719 99774 99710 99660 99720 99775 0 0
E 388852 cfg=208 nodes= 62407 62415 62405 62395 99726 99776 99711 99661 0 0
E 388853 cfg=208 nodes= 99726 99776 99711 99661 99727 99777 99712 99662 0 0
E 388854 cfg=208 nodes= 99727 99777 99712 99662 99728 99778 99713 99663 0 0
E 388855 cfg=208 nodes= 99728 99778 99713 99663 99729 99779 99714 99664 0 0
E 388856 cfg=208 nodes= 99729 99779 99714 99664 99730 99780 99715 99665 0 0
E 388857 cfg=208 nodes= 62406 62397 62409 62417 99716 99666 99731 99781 0 0
E 388858 cfg=208 nodes= 99716 99666 99731 99781 99717 99667 99732 99782 0 0
E 388859 cfg=208 nodes= 99717 99667 99732 99782 99718 99668 99733 99783 0 0
E 388860 cfg=208 nodes= 99718 99668 99733 99783 99719 99669 99734 99784 0 0
E 388861 cfg=208 nodes= 99719 99669 99734 99784 99720 99670 99735 99785 0 0
E 388862 cfg=208 nodes= 62408 62416 62404 62401 99742 99786 99721 99672 0 0
E 388863 cfg=208 nodes= 99742 99786 99721 99672 99744 99787 99722 99674 0 0
E 388864 cfg=208 nodes= 99744 99787 99722 99674 99746 99788 99723 99676 0 0
E 388865 cfg=208 nodes= 99746 99788 99723 99676 99748 99789 99724 99678 0 0
E 388866 cfg=208 nodes= 99748 99789 99724 99678 99750 99790 99725 99680 0 0
E 388867 cfg=208 nodes= 62418 62410 62396 62404 99791 99736 99651 99721 0 0
E 388868 cfg=208 nodes= 99791 99736 99651 99721 99792 99737 99652 99722 0 0
E 388869 cfg=208 nodes= 99792 99737 99652 99722 99793 99738 99653 99723 0 0
E 388870 cfg=208 nodes= 99793 99738 99653 99723 99794 99739 99654 99724 0 0
E 388871 cfg=208 nodes= 99794 99739 99654 99724 99795 99740 99655 99725 0 0
E 388872 cfg=208 nodes= 62407 62398 62411 62419 99726 99681 99751 99796 0 0
E 388873 cfg=208 nodes= 99726 99681 99751 99796 99727 99682 99752 99797 0 0
E 388874 cfg=208 nodes= 99727 99682 99752 99797 99728 99683 99753 99798 0 0
E 388875 cfg=208 nodes= 99728 99683 99753 99798 99729 99684 99754 99799 0 0
E 388876 cfg=208 nodes= 99729 99684 99754 99799 99730 99685 99755 99800 0 0
E 388877 cfg=208 nodes= 62412 62420 62409 62399 99756 99801 99731 99686 0 0
E 388878 cfg=208 nodes= 99756 99801 99731 99686 99757 99802 99732 99687 0 0
E 388879 cfg=208 nodes= 99757 99802 99732 99687 99758 99803 99733 99688 0 0
E 388880 cfg=208 nodes= 99758 99803 99733 99688 99759 99804 99734 99689 0 0
E 388881 cfg=208 nodes= 99759 99804 99734 99689 99760 99805 99735 99690 0 0
E 388882 cfg=208 nodes= 62422 62412 62400 62410 99806 99756 99691 99736 0 0
E 388883 cfg=208 nodes= 99806 99756 99691 99736 99807 99757 99692 99737 0 0
E 388884 cfg=208 nodes= 99807 99757 99692 99737 99808 99758 99693 99738 0 0
E 388885 cfg=208 nodes= 99808 99758 99693 99738 99809 99759 99694 99739 0 0
E 388886 cfg=208 nodes= 99809 99759 99694 99739 99810 99760 99695 99740 0 0
E 388887 cfg=208 nodes= 62408 61781 61780 62421 99742 99741 99812 99811 0 0
E 388888 cfg=208 nodes= 99742 99741 99812 99811 99744 99743 99814 99813 0 0
E 388889 cfg=208 nodes= 99744 99743 99814 99813 99746 99745 99816 99815 0 0
E 388890 cfg=208 nodes= 99746 99745 99816 99815 99748 99747 99818 99817 0 0
E 388891 cfg=208 nodes= 99748 99747 99818 99817 99750 99749 99820 99819 0 0
E 388892 cfg=208 nodes= 62411 62402 62413 62423 99751 99696 99761 99821 0 0
E 388893 cfg=208 nodes= 99751 99696 99761 99821 99752 99697 99762 99822 0 0
E 388894 cfg=208 nodes= 99752 99697 99762 99822 99753 99698 99763 99823 0 0
E 388895 cfg=208 nodes= 99753 99698 99763 99823 99754 99699 99764 99824 0 0
E 388896 cfg=208 nodes= 99754 99699 99764 99824 99755 99700 99765 99825 0 0
E 388897 cfg=208 nodes= 62413 62403 62414 62424 99761 99706 99771 99826 0 0
E 388898 cfg=208 nodes= 99761 99706 99771 99826 99762 99707 99772 99827 0 0
E 388899 cfg=208 nodes= 99762 99707 99772 99827 99763 99708 99773 99828 0 0
E 388900 cfg=208 nodes= 99763 99708 99773 99828 99764 99709 99774 99829 0 0
E 388901 cfg=208 nodes= 99764 99709 99774 99829 99765 99710 99775 99830 0 0
E 388902 cfg=208 nodes= 62415 60987 60986 62405 99776 99831 99766 99711 0 0
E 388903 cfg=208 nodes= 99776 99831 99766 99711 99777 99832 99767 99712 0 0
E 388904 cfg=208 nodes= 99777 99832 99767 99712 99778 99833 99768 99713 0 0
E 388905 cfg=208 nodes= 99778 99833 99768 99713 99779 99834 99769 99714 0 0
E 388906 cfg=208 nodes= 99779 99834 99769 99714 99780 99835 99770 99715 0 0
E 388907 cfg=208 nodes= 62414 62406 62417 62425 99771 99716 99781 99836 0 0
E 388908 cfg=208 nodes= 99771 99716 99781 99836 99772 99717 99782 99837 0 0
E 388909 cfg=208 nodes= 99772 99717 99782 99837 99773 99718 99783 99838 0 0
E 388910 cfg=208 nodes= 99773 99718 99783 99838 99774 99719 99784 99839 0 0
E 388911 cfg=208 nodes= 99774 99719 99784 99839 99775 99720 99785 99840 0 0
E 388912 cfg=208 nodes= 62418 62404 62416 62427 99791 99721 99786 99841 0 0
E 388913 cfg=208 nodes= 99791 99721 99786 99841 99792 99722 99787 99842 0 0
E 388914 cfg=208 nodes= 99792 99722 99787 99842 99793 99723 99788 99843 0 0
E 388915 cfg=208 nodes= 99793 99723 99788 99843 99794 99724 99789 99844 0 0
E 388916 cfg=208 nodes= 99794 99724 99789 99844 99795 99725 99790 99845 0 0
E 388917 cfg=208 nodes= 62415 62407 62419 62426 99776 99726 99796 99846 0 0
E 388918 cfg=208 nodes= 99776 99726 99796 99846 99777 99727 99797 99847 0 0
E 388919 cfg=208 nodes= 99777 99727 99797 99847 99778 99728 99798 99848 0 0
E 388920 cfg=208 nodes= 99778 99728 99798 99848 99779 99729 99799 99849 0 0
E 388921 cfg=208 nodes= 99779 99729 99799 99849 99780 99730 99800 99850 0 0
E 388922 cfg=208 nodes= 62416 62408 62421 62428 99786 99742 99811 99851 0 0
E 388923 cfg=208 nodes= 99786 99742 99811 99851 99787 99744 99813 99852 0 0
E 388924 cfg=208 nodes= 99787 99744 99813 99852 99788 99746 99815 99853 0 0
E 388925 cfg=208 nodes= 99788 99746 99815 99853 99789 99748 99817 99854 0 0
E 388926 cfg=208 nodes= 99789 99748 99817 99854 99790 99750 99819 99855 0 0
E 388927 cfg=208 nodes= 62420 62429 62417 62409 99801 99856 99781 99731 0 0
E 388928 cfg=208 nodes= 99801 99856 99781 99731 99802 99857 99782 99732 0 0
E 388929 cfg=208 nodes= 99802 99857 99782 99732 99803 99858 99783 99733 0 0
E 388930 cfg=208 nodes= 99803 99858 99783 99733 99804 99859 99784 99734 0 0
E 388931 cfg=208 nodes= 99804 99859 99784 99734 99805 99860 99785 99735 0 0
E 388932 cfg=208 nodes= 62419 62411 62423 62430 99796 99751 99821 99861 0 0
E 388933 cfg=208 nodes= 99796 99751 99821 99861 99797 99752 99822 99862 0 0
E 388934 cfg=208 nodes= 99797 99752 99822 99862 99798 99753 99823 99863 0 0
E 388935 cfg=208 nodes= 99798 99753 99823 99863 99799 99754 99824 99864 0 0
E 388936 cfg=208 nodes= 99799 99754 99824 99864 99800 99755 99825 99865 0 0
E 388937 cfg=208 nodes= 62432 62422 62410 62418 99866 99806 99736 99791 0 0
E 388938 cfg=208 nodes= 99866 99806 99736 99791 99867 99807 99737 99792 0 0
E 388939 cfg=208 nodes= 99867 99807 99737 99792 99868 99808 99738 99793 0 0
E 388940 cfg=208 nodes= 99868 99808 99738 99793 99869 99809 99739 99794 0 0
E 388941 cfg=208 nodes= 99869 99809 99739 99794 99870 99810 99740 99795 0 0
E 388942 cfg=208 nodes= 62422 62431 62420 62412 99806 99871 99801 99756 0 0
E 388943 cfg=208 nodes= 99806 99871 99801 99756 99807 99872 99802 99757 0 0
E 388944 cfg=208 nodes= 99807 99872 99802 99757 99808 99873 99803 99758 0 0
E 388945 cfg=208 nodes= 99808 99873 99803 99758 99809 99874 99804 99759 0 0
E 388946 cfg=208 nodes= 99809 99874 99804 99759 99810 99875 99805 99760 0 0
E 388947 cfg=208 nodes= 62423 62413 62424 62433 99821 99761 99826 99876 0 0
E 388948 cfg=208 nodes= 99821 99761 99826 99876 99822 99762 99827 99877 0 0
E 388949 cfg=208 nodes= 99822 99762 99827 99877 99823 99763 99828 99878 0 0
E 388950 cfg=208 nodes= 99823 99763 99828 99878 99824 99764 99829 99879 0 0
E 388951 cfg=208 nodes= 99824 99764 99829 99879 99825 99765 99830 99880 0 0
E 388952 cfg=208 nodes= 62421 61780 61779 62434 99811 99812 99882 99881 0 0
E 388953 cfg=208 nodes= 99811 99812 99882 99881 99813 99814 99884 99883 0 0
E 388954 cfg=208 nodes= 99813 99814 99884 99883 99815 99816 99886 99885 0 0
E 388955 cfg=208 nodes= 99815 99816 99886 99885 99817 99818 99888 99887 0 0
E 388956 cfg=208 nodes= 99817 99818 99888 99887 99819 99820 99890 99889 0 0
E 388957 cfg=208 nodes= 62424 62414 62425 62435 99826 99771 99836 99891 0 0
E 388958 cfg=208 nodes= 99826 99771 99836 99891 99827 99772 99837 99892 0 0
E 388959 cfg=208 nodes= 99827 99772 99837 99892 99828 99773 99838 99893 0 0
E 388960 cfg=208 nodes= 99828 99773 99838 99893 99829 99774 99839 99894 0 0
E 388961 cfg=208 nodes= 99829 99774 99839 99894 99830 99775 99840 99895 0 0
E 388962 cfg=208 nodes= 60987 62415 62426 60988 99831 99776 99846 99896 0 0
E 388963 cfg=208 nodes= 99831 99776 99846 99896 99832 99777 99847 99897 0 0
E 388964 cfg=208 nodes= 99832 99777 99847 99897 99833 99778 99848 99898 0 0
E 388965 cfg=208 nodes= 99833 99778 99848 99898 99834 99779 99849 99899 0 0
E 388966 cfg=208 nodes= 99834 99779 99849 99899 99835 99780 99850 99900 0 0
E 388967 cfg=208 nodes= 62427 62416 62428 62436 99841 99786 99851 99901 0 0
E 388968 cfg=208 nodes= 99841 99786 99851 99901 99842 99787 99852 99902 0 0
E 388969 cfg=208 nodes= 99842 99787 99852 99902 99843 99788 99853 99903 0 0
E 388970 cfg=208 nodes= 99843 99788 99853 99903 99844 99789 99854 99904 0 0
E 388971 cfg=208 nodes= 99844 99789 99854 99904 99845 99790 99855 99905 0 0
E 388972 cfg=208 nodes= 62429 62437 62425 62417 99856 99906 99836 99781 0 0
E 388973 cfg=208 nodes= 99856 99906 99836 99781 99857 99907 99837 99782 0 0
E 388974 cfg=208 nodes= 99857 99907 99837 99782 99858 99908 99838 99783 0 0
E 388975 cfg=208 nodes= 99858 99908 99838 99783 99859 99909 99839 99784 0 0
E 388976 cfg=208 nodes= 99859 99909 99839 99784 99860 99910 99840 99785 0 0
E 388977 cfg=208 nodes= 62426 62419 62430 62439 99846 99796 99861 99911 0 0
E 388978 cfg=208 nodes= 99846 99796 99861 99911 99847 99797 99862 99912 0 0
E 388979 cfg=208 nodes= 99847 99797 99862 99912 99848 99798 99863 99913 0 0
E 388980 cfg=208 nodes= 99848 99798 99863 99913 99849 99799 99864 99914 0 0
E 388981 cfg=208 nodes= 99849 99799 99864 99914 99850 99800 99865 99915 0 0
E 388982 cfg=208 nodes= 62432 62418 62427 62438 99866 99791 99841 99916 0 0
E 388983 cfg=208 nodes= 99866 99791 99841 99916 99867 99792 99842 99917 0 0
E 388984 cfg=208 nodes= 99867 99792 99842 99917 99868 99793 99843 99918 0 0
E 388985 cfg=208 nodes= 99868 99793 99843 99918 99869 99794 99844 99919 0 0
E 388986 cfg=208 nodes= 99869 99794 99844 99919 99870 99795 99845 99920 0 0
E 388987 cfg=208 nodes= 62431 62442 62429 62420 99871 99921 99856 99801 0 0
E 388988 cfg=208 nodes= 99871 99921 99856 99801 99872 99922 99857 99802 0 0
E 388989 cfg=208 nodes= 99872 99922 99857 99802 99873 99923 99858 99803 0 0
E 388990 cfg=208 nodes= 99873 99923 99858 99803 99874 99924 99859 99804 0 0
E 388991 cfg=208 nodes= 99874 99924 99859 99804 99875 99925 99860 99805 0 0
E 388992 cfg=208 nodes= 62428 62421 62434 62441 99851 99811 99881 99926 0 0
E 388993 cfg=208 nodes= 99851 99811 99881 99926 99852 99813 99883 99927 0 0
E 388994 cfg=208 nodes= 99852 99813 99883 99927 99853 99815 99885 99928 0 0
E 388995 cfg=208 nodes= 99853 99815 99885 99928 99854 99817 99887 99929 0 0
E 388996 cfg=208 nodes= 99854 99817 99887 99929 99855 99819 99889 99930 0 0
E 388997 cfg=208 nodes= 62430 62423 62433 62440 99861 99821 99876 99931 0 0
E 388998 cfg=208 nodes= 99861 99821 99876 99931 99862 99822 99877 99932 0 0
E 388999 cfg=208 nodes= 99862 99822 99877 99932 99863 99823 99878 99933 0 0
E 389000 cfg=208 nodes= 99863 99823 99878 99933 99864 99824 99879 99934 0 0
E 389001 cfg=208 nodes= 99864 99824 99879 99934 99865 99825 99880 99935 0 0
E 389002 cfg=208 nodes= 62433 62424 62435 62444 99876 99826 99891 99936 0 0
E 389003 cfg=208 nodes= 99876 99826 99891 99936 99877 99827 99892 99937 0 0
E 389004 cfg=208 nodes= 99877 99827 99892 99937 99878 99828 99893 99938 0 0
E 389005 cfg=208 nodes= 99878 99828 99893 99938 99879 99829 99894 99939 0 0
E 389006 cfg=208 nodes= 99879 99829 99894 99939 99880 99830 99895 99940 0 0
E 389007 cfg=208 nodes= 61778 62443 62434 61779 99941 99942 99881 99882 0 0
E 389008 cfg=208 nodes= 99941 99942 99881 99882 99943 99944 99883 99884 0 0
E 389009 cfg=208 nodes= 99943 99944 99883 99884 99945 99946 99885 99886 0 0
E 389010 cfg=208 nodes= 99945 99946 99885 99886 99947 99948 99887 99888 0 0
E 389011 cfg=208 nodes= 99947 99948 99887 99888 99949 99950 99889 99890 0 0
E 389012 cfg=208 nodes= 62422 61862 61861 62431 99806 99952 99951 99871 0 0
E 389013 cfg=208 nodes= 99806 99952 99951 99871 99807 99954 99953 99872 0 0
E 389014 cfg=208 nodes= 99807 99954 99953 99872 99808 99956 99955 99873 0 0
E 389015 cfg=208 nodes= 99808 99956 99955 99873 99809 99958 99957 99874 0 0
E 389016 cfg=208 nodes= 99809 99958 99957 99874 99810 99960 99959 99875 0 0
E 389017 cfg=208 nodes= 62437 62446 62435 62425 99906 99961 99891 99836 0 0
E 389018 cfg=208 nodes= 99906 99961 99891 99836 99907 99962 99892 99837 0 0
E 389019 cfg=208 nodes= 99907 99962 99892 99837 99908 99963 99893 99838 0 0
E 389020 cfg=208 nodes= 99908 99963 99893 99838 99909 99964 99894 99839 0 0
E 389021 cfg=208 nodes= 99909 99964 99894 99839 99910 99965 99895 99840 0 0
E 389022 cfg=208 nodes= 62438 62427 62436 62445 99916 99841 99901 99966 0 0
E 389023 cfg=208 nodes= 99916 99841 99901 99966 99917 99842 99902 99967 0 0
E 389024 cfg=208 nodes= 99917 99842 99902 99967 99918 99843 99903 99968 0 0
E 389025 cfg=208 nodes= 99918 99843 99903 99968 99919 99844 99904 99969 0 0
E 389026 cfg=208 nodes= 99919 99844 99904 99969 99920 99845 99905 99970 0 0
E 389027 cfg=208 nodes= 60988 62426 62439 59514 99896 99846 99911 99971 0 0
E 389028 cfg=208 nodes= 99896 99846 99911 99971 99897 99847 99912 99972 0 0
E 389029 cfg=208 nodes= 99897 99847 99912 99972 99898 99848 99913 99973 0 0
E 389030 cfg=208 nodes= 99898 99848 99913 99973 99899 99849 99914 99974 0 0
E 389031 cfg=208 nodes= 99899 99849 99914 99974 99900 99850 99915 99975 0 0
E 389032 cfg=208 nodes= 62436 62428 62441 62449 99901 99851 99926 99976 0 0
E 389033 cfg=208 nodes= 99901 99851 99926 99976 99902 99852 99927 99977 0 0
E 389034 cfg=208 nodes= 99902 99852 99927 99977 99903 99853 99928 99978 0 0
E 389035 cfg=208 nodes= 99903 99853 99928 99978 99904 99854 99929 99979 0 0
E 389036 cfg=208 nodes= 99904 99854 99929 99979 99905 99855 99930 99980 0 0
E 389037 cfg=208 nodes= 62439 62430 62440 62447 99911 99861 99931 99981 0 0
E 389038 cfg=208 nodes= 99911 99861 99931 99981 99912 99862 99932 99982 0 0
E 389039 cfg=208 nodes= 99912 99862 99932 99982 99913 99863 99933 99983 0 0
E 389040 cfg=208 nodes= 99913 99863 99933 99983 99914 99864 99934 99984 0 0
E 389041 cfg=208 nodes= 99914 99864 99934 99984 99915 99865 99935 99985 0 0
E 389042 cfg=208 nodes= 62442 62448 62437 62429 99921 99986 99906 99856 0 0
E 389043 cfg=208 nodes= 99921 99986 99906 99856 99922 99987 99907 99857 0 0
E 389044 cfg=208 nodes= 99922 99987 99907 99857 99923 99988 99908 99858 0 0
E 389045 cfg=208 nodes= 99923 99988 99908 99858 99924 99989 99909 99859 0 0
E 389046 cfg=208 nodes= 99924 99989 99909 99859 99925 99990 99910 99860 0 0
E 389047 cfg=208 nodes= 62440 62433 62444 62450 99931 99876 99936 99991 0 0
E 389048 cfg=208 nodes= 99931 99876 99936 99991 99932 99877 99937 99992 0 0
E 389049 cfg=208 nodes= 99932 99877 99937 99992 99933 99878 99938 99993 0 0
E 389050 cfg=208 nodes= 99933 99878 99938 99993 99934 99879 99939 99994 0 0
E 389051 cfg=208 nodes= 99934 99879 99939 99994 99935 99880 99940 99995 0 0
E 389052 cfg=208 nodes= 61853 61862 62432 62438 99996 99952 99866 99916 0 0
E 389053 cfg=208 nodes= 99996 99952 99866 99916 99997 99954 99867 99917 0 0
E 389054 cfg=208 nodes= 99997 99954 99867 99917 99998 99956 99868 99918 0 0
E 389055 cfg=208 nodes= 99998 99956 99868 99918 99999 99958 99869 99919 0 0
E 389056 cfg=208 nodes= 99999 99958 99869 99919 100000 99960 99870 99920 0 0
E 389057 cfg=208 nodes= 61861 61860 62442 62431 99951 100001 99921 99871 0 0
E 389058 cfg=208 nodes= 99951 100001 99921 99871 99953 100002 99922 99872 0 0
E 389059 cfg=208 nodes= 99953 100002 99922 99872 99955 100003 99923 99873 0 0
E 389060 cfg=208 nodes= 99955 100003 99923 99873 99957 100004 99924 99874 0 0
E 389061 cfg=208 nodes= 99957 100004 99924 99874 99959 100005 99925 99875 0 0
E 389062 cfg=208 nodes= 62446 62453 62444 62435 99961 100006 99936 99891 0 0
E 389063 cfg=208 nodes= 99961 100006 99936 99891 99962 100007 99937 99892 0 0
E 389064 cfg=208 nodes= 99962 100007 99937 99892 99963 100008 99938 99893 0 0
E 389065 cfg=208 nodes= 99963 100008 99938 99893 99964 100009 99939 99894 0 0
E 389066 cfg=208 nodes= 99964 100009 99939 99894 99965 100010 99940 99895 0 0
E 389067 cfg=208 nodes= 61777 62451 62443 61778 100011 100012 99942 99941 0 0
E 389068 cfg=208 nodes= 100011 100012 99942 99941 100013 100014 99944 99943 0 0
E 389069 cfg=208 nodes= 100013 100014 99944 99943 100015 100016 99946 99945 0 0
E 389070 cfg=208 nodes= 100015 100016 99946 99945 100017 100018 99948 99947 0 0
E 389071 cfg=208 nodes= 100017 100018 99948 99947 100019 100020 99950 99949 0 0
E 389072 cfg=208 nodes= 62449 62452 62445 62436 99976 100021 99966 99901 0 0
E 389073 cfg=208 nodes= 99976 100021 99966 99901 99977 100022 99967 99902 0 0
E 389074 cfg=208 nodes= 99977 100022 99967 99902 99978 100023 99968 99903 0 0
E 389075 cfg=208 nodes= 99978 100023 99968 99903 99979 100024 99969 99904 0 0
E 389076 cfg=208 nodes= 99979 100024 99969 99904 99980 100025 99970 99905 0 0
E 389077 cfg=208 nodes= 62451 62454 62441 62443 100012 100026 99926 99942 0 0
E 389078 cfg=208 nodes= 100012 100026 99926 99942 100014 100027 99927 99944 0 0
E 389079 cfg=208 nodes= 100014 100027 99927 99944 100016 100028 99928 99946 0 0
E 389080 cfg=208 nodes= 100016 100028 99928 99946 100018 100029 99929 99948 0 0
E 389081 cfg=208 nodes= 100018 100029 99929 99948 100020 100030 99930 99950 0 0
E 389082 cfg=208 nodes= 59514 62439 62447 59515 99971 99911 99981 100031 0 0
E 389083 cfg=208 nodes= 99971 99911 99981 100031 99972 99912 99982 100032 0 0
E 389084 cfg=208 nodes= 99972 99912 99982 100032 99973 99913 99983 100033 0 0
E 389085 cfg=208 nodes= 99973 99913 99983 100033 99974 99914 99984 100034 0 0
E 389086 cfg=208 nodes= 99974 99914 99984 100034 99975 99915 99985 100035 0 0
E 389087 cfg=208 nodes= 62448 62455 62446 62437 99986 100036 99961 99906 0 0
E 389088 cfg=208 nodes= 99986 100036 99961 99906 99987 100037 99962 99907 0 0
E 389089 cfg=208 nodes= 99987 100037 99962 99907 99988 100038 99963 99908 0 0
E 389090 cfg=208 nodes= 99988 100038 99963 99908 99989 100039 99964 99909 0 0
E 389091 cfg=208 nodes= 99989 100039 99964 99909 99990 100040 99965 99910 0 0
E 389092 cfg=208 nodes= 62447 62440 62450 62456 99981 99931 99991 100041 0 0
E 389093 cfg=208 nodes= 99981 99931 99991 100041 99982 99932 99992 100042 0 0
E 389094 cfg=208 nodes= 99982 99932 99992 100042 99983 99933 99993 100043 0 0
E 389095 cfg=208 nodes= 99983 99933 99993 100043 99984 99934 99994 100044 0 0
E 389096 cfg=208 nodes= 99984 99934 99994 100044 99985 99935 99995 100045 0 0
E 389097 cfg=208 nodes= 62453 62457 62450 62444 100006 100046 99991 99936 0 0
E 389098 cfg=208 nodes= 100006 100046 99991 99936 100007 100047 99992 99937 0 0
E 389099 cfg=208 nodes= 100007 100047 99992 99937 100008 100048 99993 99938 0 0
E 389100 cfg=208 nodes= 100008 100048 99993 99938 100009 100049 99994 99939 0 0
E 389101 cfg=208 nodes= 100009 100049 99994 99939 100010 100050 99995 99940 0 0
E 389102 cfg=208 nodes= 61859 62448 62442 61860 100051 99986 99921 100001 0 0
E 389103 cfg=208 nodes= 100051 99986 99921 100001 100052 99987 99922 100002 0 0
E 389104 cfg=208 nodes= 100052 99987 99922 100002 100053 99988 99923 100003 0 0
E 389105 cfg=208 nodes= 100053 99988 99923 100003 100054 99989 99924 100004 0 0
E 389106 cfg=208 nodes= 100054 99989 99924 100004 100055 99990 99925 100005 0 0
E 389107 cfg=208 nodes= 61854 61853 62445 62452 100056 99996 99966 100021 0 0
E 389108 cfg=208 nodes= 100056 99996 99966 100021 100057 99997 99967 100022 0 0
E 389109 cfg=208 nodes= 100057 99997 99967 100022 100058 99998 99968 100023 0 0
E 389110 cfg=208 nodes= 100058 99998 99968 100023 100059 99999 99969 100024 0 0
E 389111 cfg=208 nodes= 100059 99999 99969 100024 100060 100000 99970 100025 0 0
E 389112 cfg=208 nodes= 62455 62459 62453 62446 100036 100061 100006 99961 0 0
E 389113 cfg=208 nodes= 100036 100061 100006 99961 100037 100062 100007 99962 0 0
E 389114 cfg=208 nodes= 100037 100062 100007 99962 100038 100063 100008 99963 0 0
E 389115 cfg=208 nodes= 100038 100063 100008 99963 100039 100064 100009 99964 0 0
E 389116 cfg=208 nodes= 100039 100064 100009 99964 100040 100065 100010 99965 0 0
E 389117 cfg=208 nodes= 59515 62447 62456 59516 100031 99981 100041 100066 0 0
E 389118 cfg=208 nodes= 100031 99981 100041 100066 100032 99982 100042 100067 0 0
E 389119 cfg=208 nodes= 100032 99982 100042 100067 100033 99983 100043 100068 0 0
E 389120 cfg=208 nodes= 100033 99983 100043 100068 100034 99984 100044 100069 0 0
E 389121 cfg=208 nodes= 100034 99984 100044 100069 100035 99985 100045 100070 0 0
E 389122 cfg=208 nodes= 61776 62461 62451 61777 100071 100072 100012 100011 0 0
E 389123 cfg=208 nodes= 100071 100072 100012 100011 100073 100074 100014 100013 0 0
E 389124 cfg=208 nodes= 100073 100074 100014 100013 100075 100076 100016 100015 0 0
E 389125 cfg=208 nodes= 100075 100076 100016 100015 100077 100078 100018 100017 0 0
E 389126 cfg=208 nodes= 100077 100078 100018 100017 100079 100080 100020 100019 0 0
E 389127 cfg=208 nodes= 62460 62458 62452 62449 100081 100082 100021 99976 0 0
E 389128 cfg=208 nodes= 100081 100082 100021 99976 100083 100084 100022 99977 0 0
E 389129 cfg=208 nodes= 100083 100084 100022 99977 100085 100086 100023 99978 0 0
E 389130 cfg=208 nodes= 100085 100086 100023 99978 100087 100088 100024 99979 0 0
E 389131 cfg=208 nodes= 100087 100088 100024 99979 100089 100090 100025 99980 0 0
E 389132 cfg=208 nodes= 62463 62460 62449 62454 100091 100081 99976 100026 0 0
E 389133 cfg=208 nodes= 100091 100081 99976 100026 100092 100083 99977 100027 0 0
E 389134 cfg=208 nodes= 100092 100083 99977 100027 100093 100085 99978 100028 0 0
E 389135 cfg=208 nodes= 100093 100085 99978 100028 100094 100087 99979 100029 0 0
E 389136 cfg=208 nodes= 100094 100087 99979 100029 100095 100089 99980 100030 0 0
E 389137 cfg=208 nodes= 62461 62463 62454 62451 100072 100091 100026 100012 0 0
E 389138 cfg=208 nodes= 100072 100091 100026 100012 100074 100092 100027 100014 0 0
E 389139 cfg=208 nodes= 100074 100092 100027 100014 100076 100093 100028 100016 0 0
E 389140 cfg=208 nodes= 100076 100093 100028 100016 100078 100094 100029 100018 0 0
E 389141 cfg=208 nodes= 100078 100094 100029 100018 100080 100095 100030 100020 0 0
E 389142 cfg=208 nodes= 62457 62464 62456 62450 100046 100096 100041 99991 0 0
E 389143 cfg=208 nodes= 100046 100096 100041 99991 100047 100097 100042 99992 0 0
E 389144 cfg=208 nodes= 100047 100097 100042 99992 100048 100098 100043 99993 0 0
E 389145 cfg=208 nodes= 100048 100098 100043 99993 100049 100099 100044 99994 0 0
E 389146 cfg=208 nodes= 100049 100099 100044 99994 100050 100100 100045 99995 0 0
E 389147 cfg=208 nodes= 62459 62465 62457 62453 100061 100101 100046 100006 0 0
E 389148 cfg=208 nodes= 100061 100101 100046 100006 100062 100102 100047 100007 0 0
E 389149 cfg=208 nodes= 100062 100102 100047 100007 100063 100103 100048 100008 0 0
E 389150 cfg=208 nodes= 100063 100103 100048 100008 100064 100104 100049 100009 0 0
E 389151 cfg=208 nodes= 100064 100104 100049 100009 100065 100105 100050 100010 0 0
E 389152 cfg=208 nodes= 61859 62467 62462 62448 100051 100107 100106 99986 0 0
E 389153 cfg=208 nodes= 100051 100107 100106 99986 100052 100109 100108 99987 0 0
E 389154 cfg=208 nodes= 100052 100109 100108 99987 100053 100111 100110 99988 0 0
E 389155 cfg=208 nodes= 100053 100111 100110 99988 100054 100113 100112 99989 0 0
E 389156 cfg=208 nodes= 100054 100113 100112 99989 100055 100115 100114 99990 0 0
E 389157 cfg=208 nodes= 62466 62459 62455 62462 100116 100061 100036 100106 0 0
E 389158 cfg=208 nodes= 100116 100061 100036 100106 100117 100062 100037 100108 0 0
E 389159 cfg=208 nodes= 100117 100062 100037 100108 100118 100063 100038 100110 0 0
E 389160 cfg=208 nodes= 100118 100063 100038 100110 100119 100064 100039 100112 0 0
E 389161 cfg=208 nodes= 100119 100064 100039 100112 100120 100065 100040 100114 0 0
E 389162 cfg=208 nodes= 62464 59517 59516 62456 100096 100121 100066 100041 0 0
E 389163 cfg=208 nodes= 100096 100121 100066 100041 100097 100122 100067 100042 0 0
E 389164 cfg=208 nodes= 100097 100122 100067 100042 100098 100123 100068 100043 0 0
E 389165 cfg=208 nodes= 100098 100123 100068 100043 100099 100124 100069 100044 0 0
E 389166 cfg=208 nodes= 100099 100124 100069 100044 100100 100125 100070 100045 0 0
E 389167 cfg=208 nodes= 61855 61854 62458 62468 100126 100056 100082 100127 0 0
E 389168 cfg=208 nodes= 100126 100056 100082 100127 100128 100057 100084 100129 0 0
E 389169 cfg=208 nodes= 100128 100057 100084 100129 100130 100058 100086 100131 0 0
E 389170 cfg=208 nodes= 100130 100058 100086 100131 100132 100059 100088 100133 0 0
E 389171 cfg=208 nodes= 100132 100059 100088 100133 100134 100060 100090 100135 0 0
E 389172 cfg=208 nodes= 62465 62471 62464 62457 100101 100136 100096 100046 0 0
E 389173 cfg=208 nodes= 100101 100136 100096 100046 100102 100137 100097 100047 0 0
E 389174 cfg=208 nodes= 100102 100137 100097 100047 100103 100138 100098 100048 0 0
E 389175 cfg=208 nodes= 100103 100138 100098 100048 100104 100139 100099 100049 0 0
E 389176 cfg=208 nodes= 100104 100139 100099 100049 100105 100140 100100 100050 0 0
E 389177 cfg=208 nodes= 62470 62468 62458 62460 100141 100127 100082 100081 0 0
E 389178 cfg=208 nodes= 100141 100127 100082 100081 100142 100129 100084 100083 0 0
E 389179 cfg=208 nodes= 100142 100129 100084 100083 100143 100131 100086 100085 0 0
E 389180 cfg=208 nodes= 100143 100131 100086 100085 100144 100133 100088 100087 0 0
E 389181 cfg=208 nodes= 100144 100133 100088 100087 100145 100135 100090 100089 0 0
E 389182 cfg=208 nodes= 61775 62469 62461 61776 100146 100147 100072 100071 0 0
E 389183 cfg=208 nodes= 100146 100147 100072 100071 100148 100149 100074 100073 0 0
E 389184 cfg=208 nodes= 100148 100149 100074 100073 100150 100151 100076 100075 0 0
E 389185 cfg=208 nodes= 100150 100151 100076 100075 100152 100153 100078 100077 0 0
E 389186 cfg=208 nodes= 100152 100153 100078 100077 100154 100155 100080 100079 0 0
E 389187 cfg=208 nodes= 62469 62472 62463 62461 100147 100156 100091 100072 0 0
E 389188 cfg=208 nodes= 100147 100156 100091 100072 100149 100157 100092 100074 0 0
E 389189 cfg=208 nodes= 100149 100157 100092 100074 100151 100158 100093 100076 0 0
E 389190 cfg=208 nodes= 100151 100158 100093 100076 100153 100159 100094 100078 0 0
E 389191 cfg=208 nodes= 100153 100159 100094 100078 100155 100160 100095 100080 0 0
E 389192 cfg=208 nodes= 62460 62463 62472 62470 100081 100091 100156 100141 0 0
E 389193 cfg=208 nodes= 100081 100091 100156 100141 100083 100092 100157 100142 0 0
E 389194 cfg=208 nodes= 100083 100092 100157 100142 100085 100093 100158 100143 0 0
E 389195 cfg=208 nodes= 100085 100093 100158 100143 100087 100094 100159 100144 0 0
E 389196 cfg=208 nodes= 100087 100094 100159 100144 100089 100095 100160 100145 0 0
E 389197 cfg=208 nodes= 62459 62466 62473 62465 100061 100116 100161 100101 0 0
E 389198 cfg=208 nodes= 100061 100116 100161 100101 100062 100117 100162 100102 0 0
E 389199 cfg=208 nodes= 100062 100117 100162 100102 100063 100118 100163 100103 0 0
E 389200 cfg=208 nodes= 100063 100118 100163 100103 100064 100119 100164 100104 0 0
E 389201 cfg=208 nodes= 100064 100119 100164 100104 100065 100120 100165 100105 0 0
E 389202 cfg=208 nodes= 62474 62466 62462 62467 100166 100116 100106 100107 0 0
E 389203 cfg=208 nodes= 100166 100116 100106 100107 100167 100117 100108 100109 0 0
E 389204 cfg=208 nodes= 100167 100117 100108 100109 100168 100118 100110 100111 0 0
E 389205 cfg=208 nodes= 100168 100118 100110 100111 100169 100119 100112 100113 0 0
E 389206 cfg=208 nodes= 100169 100119 100112 100113 100170 100120 100114 100115 0 0
E 389207 cfg=208 nodes= 62467 61859 61858 62476 100107 100051 100172 100171 0 0
E 389208 cfg=208 nodes= 100107 100051 100172 100171 100109 100052 100174 100173 0 0
E 389209 cfg=208 nodes= 100109 100052 100174 100173 100111 100053 100176 100175 0 0
E 389210 cfg=208 nodes= 100111 100053 100176 100175 100113 100054 100178 100177 0 0
E 389211 cfg=208 nodes= 100113 100054 100178 100177 100115 100055 100180 100179 0 0
E 389212 cfg=208 nodes= 62471 59518 59517 62464 100136 100181 100121 100096 0 0
E 389213 cfg=208 nodes= 100136 100181 100121 100096 100137 100182 100122 100097 0 0
E 389214 cfg=208 nodes= 100137 100182 100122 100097 100138 100183 100123 100098 0 0
E 389215 cfg=208 nodes= 100138 100183 100123 100098 100139 100184 100124 100099 0 0
E 389216 cfg=208 nodes= 100139 100184 100124 100099 100140 100185 100125 100100 0 0
E 389217 cfg=208 nodes= 62478 62471 62465 62473 100186 100136 100101 100161 0 0
E 389218 cfg=208 nodes= 100186 100136 100101 100161 100187 100137 100102 100162 0 0
E 389219 cfg=208 nodes= 100187 100137 100102 100162 100188 100138 100103 100163 0 0
E 389220 cfg=208 nodes= 100188 100138 100103 100163 100189 100139 100104 100164 0 0
E 389221 cfg=208 nodes= 100189 100139 100104 100164 100190 100140 100105 100165 0 0
E 389222 cfg=208 nodes= 62466 62474 62479 62473 100116 100166 100191 100161 0 0
E 389223 cfg=208 nodes= 100116 100166 100191 100161 100117 100167 100192 100162 0 0
E 389224 cfg=208 nodes= 100117 100167 100192 100162 100118 100168 100193 100163 0 0
E 389225 cfg=208 nodes= 100118 100168 100193 100163 100119 100169 100194 100164 0 0
E 389226 cfg=208 nodes= 100119 100169 100194 100164 100120 100170 100195 100165 0 0
E 389227 cfg=208 nodes= 62480 62475 62468 62470 100196 100197 100127 100141 0 0
E 389228 cfg=208 nodes= 100196 100197 100127 100141 100198 100199 100129 100142 0 0
E 389229 cfg=208 nodes= 100198 100199 100129 100142 100200 100201 100131 100143 0 0
E 389230 cfg=208 nodes= 100200 100201 100131 100143 100202 100203 100133 100144 0 0
E 389231 cfg=208 nodes= 100202 100203 100133 100144 100204 100205 100135 100145 0 0
E 389232 cfg=208 nodes= 61774 62477 62469 61775 100206 100207 100147 100146 0 0
E 389233 cfg=208 nodes= 100206 100207 100147 100146 100208 100209 100149 100148 0 0
E 389234 cfg=208 nodes= 100208 100209 100149 100148 100210 100211 100151 100150 0 0
E 389235 cfg=208 nodes= 100210 100211 100151 100150 100212 100213 100153 100152 0 0
E 389236 cfg=208 nodes= 100212 100213 100153 100152 100214 100215 100155 100154 0 0
E 389237 cfg=208 nodes= 62474 62467 62476 62484 100166 100107 100171 100216 0 0
E 389238 cfg=208 nodes= 100166 100107 100171 100216 100167 100109 100173 100217 0 0
E 389239 cfg=208 nodes= 100167 100109 100173 100217 100168 100111 100175 100218 0 0
E 389240 cfg=208 nodes= 100168 100111 100175 100218 100169 100113 100177 100219 0 0
E 389241 cfg=208 nodes= 100169 100113 100177 100219 100170 100115 100179 100220 0 0
E 389242 cfg=208 nodes= 62482 61856 61855 62475 100221 100222 100126 100197 0 0
E 389243 cfg=208 nodes= 100221 100222 100126 100197 100223 100224 100128 100199 0 0
E 389244 cfg=208 nodes= 100223 100224 100128 100199 100225 100226 100130 100201 0 0
E 389245 cfg=208 nodes= 100225 100226 100130 100201 100227 100228 100132 100203 0 0
E 389246 cfg=208 nodes= 100227 100228 100132 100203 100229 100230 100134 100205 0 0
E 389247 cfg=208 nodes= 62476 61858 61857 62483 100171 100172 100232 100231 0 0
E 389248 cfg=208 nodes= 100171 100172 100232 100231 100173 100174 100234 100233 0 0
E 389249 cfg=208 nodes= 100173 100174 100234 100233 100175 100176 100236 100235 0 0
E 389250 cfg=208 nodes= 100175 100176 100236 100235 100177 100178 100238 100237 0 0
E 389251 cfg=208 nodes= 100177 100178 100238 100237 100179 100180 100240 100239 0 0
E 389252 cfg=208 nodes= 59519 59518 62471 62478 100241 100181 100136 100186 0 0
E 389253 cfg=208 nodes= 100241 100181 100136 100186 100242 100182 100137 100187 0 0
E 389254 cfg=208 nodes= 100242 100182 100137 100187 100243 100183 100138 100188 0 0
E 389255 cfg=208 nodes= 100243 100183 100138 100188 100244 100184 100139 100189 0 0
E 389256 cfg=208 nodes= 100244 100184 100139 100189 100245 100185 100140 100190 0 0
E 389257 cfg=208 nodes= 62485 62481 62472 62477 100246 100247 100156 100207 0 0
E 389258 cfg=208 nodes= 100246 100247 100156 100207 100248 100249 100157 100209 0 0
E 389259 cfg=208 nodes= 100248 100249 100157 100209 100250 100251 100158 100211 0 0
E 389260 cfg=208 nodes= 100250 100251 100158 100211 100252 100253 100159 100213 0 0
E 389261 cfg=208 nodes= 100252 100253 100159 100213 100254 100255 100160 100215 0 0
E 389262 cfg=208 nodes= 61857 61856 62482 62486 100232 100222 100221 100256 0 0
E 389263 cfg=208 nodes= 100232 100222 100221 100256 100234 100224 100223 100257 0 0
E 389264 cfg=208 nodes= 100234 100224 100223 100257 100236 100226 100225 100258 0 0
E 389265 cfg=208 nodes= 100236 100226 100225 100258 100238 100228 100227 100259 0 0
E 389266 cfg=208 nodes= 100238 100228 100227 100259 100240 100230 100229 100260 0 0
E 389267 cfg=208 nodes= 62487 62478 62473 62479 100261 100186 100161 100191 0 0
E 389268 cfg=208 nodes= 100261 100186 100161 100191 100262 100187 100162 100192 0 0
E 389269 cfg=208 nodes= 100262 100187 100162 100192 100263 100188 100163 100193 0 0
E 389270 cfg=208 nodes= 100263 100188 100163 100193 100264 100189 100164 100194 0 0
E 389271 cfg=208 nodes= 100264 100189 100164 100194 100265 100190 100165 100195 0 0
E 389272 cfg=208 nodes= 62491 62480 62470 62481 100266 100196 100141 100247 0 0
E 389273 cfg=208 nodes= 100266 100196 100141 100247 100267 100198 100142 100249 0 0
E 389274 cfg=208 nodes= 100267 100198 100142 100249 100268 100200 100143 100251 0 0
E 389275 cfg=208 nodes= 100268 100200 100143 100251 100269 100202 100144 100253 0 0
E 389276 cfg=208 nodes= 100269 100202 100144 100253 100270 100204 100145 100255 0 0
E 389277 cfg=208 nodes= 62479 62474 62484 62488 100191 100166 100216 100271 0 0
E 389278 cfg=208 nodes= 100191 100166 100216 100271 100192 100167 100217 100272 0 0
E 389279 cfg=208 nodes= 100192 100167 100217 100272 100193 100168 100218 100273 0 0
E 389280 cfg=208 nodes= 100193 100168 100218 100273 100194 100169 100219 100274 0 0
E 389281 cfg=208 nodes= 100194 100169 100219 100274 100195 100170 100220 100275 0 0
E 389282 cfg=208 nodes= 62490 62482 62475 62480 100276 100221 100197 100196 0 0
E 389283 cfg=208 nodes= 100276 100221 100197 100196 100277 100223 100199 100198 0 0
E 389284 cfg=208 nodes= 100277 100223 100199 100198 100278 100225 100201 100200 0 0
E 389285 cfg=208 nodes= 100278 100225 100201 100200 100279 100227 100203 100202 0 0
E 389286 cfg=208 nodes= 100279 100227 100203 100202 100280 100229 100205 100204 0 0
E 389287 cfg=208 nodes= 61773 62485 62477 61774 100281 100246 100207 100206 0 0
E 389288 cfg=208 nodes= 100281 100246 100207 100206 100282 100248 100209 100208 0 0
E 389289 cfg=208 nodes= 100282 100248 100209 100208 100283 100250 100211 100210 0 0
E 389290 cfg=208 nodes= 100283 100250 100211 100210 100284 100252 100213 100212 0 0
E 389291 cfg=208 nodes= 100284 100252 100213 100212 100285 100254 100215 100214 0 0
E 389292 cfg=208 nodes= 62484 62476 62483 62489 100216 100171 100231 100286 0 0
E 389293 cfg=208 nodes= 100216 100171 100231 100286 100217 100173 100233 100287 0 0
E 389294 cfg=208 nodes= 100217 100173 100233 100287 100218 100175 100235 100288 0 0
E 389295 cfg=208 nodes= 100218 100175 100235 100288 100219 100177 100237 100289 0 0
E 389296 cfg=208 nodes= 100219 100177 100237 100289 100220 100179 100239 100290 0 0
E 389297 cfg=208 nodes= 62486 62492 62483 61857 100256 100291 100231 100232 0 0
E 389298 cfg=208 nodes= 100256 100291 100231 100232 100257 100292 100233 100234 0 0
E 389299 cfg=208 nodes= 100257 100292 100233 100234 100258 100293 100235 100236 0 0
E 389300 cfg=208 nodes= 100258 100293 100235 100236 100259 100294 100237 100238 0 0
E 389301 cfg=208 nodes= 100259 100294 100237 100238 100260 100295 100239 100240 0 0
E 389302 cfg=208 nodes= 59520 59519 62478 62487 100296 100241 100186 100261 0 0
E 389303 cfg=208 nodes= 100296 100241 100186 100261 100297 100242 100187 100262 0 0
E 389304 cfg=208 nodes= 100297 100242 100187 100262 100298 100243 100188 100263 0 0
E 389305 cfg=208 nodes= 100298 100243 100188 100263 100299 100244 100189 100264 0 0
E 389306 cfg=208 nodes= 100299 100244 100189 100264 100300 100245 100190 100265 0 0
E 389307 cfg=208 nodes= 62487 62479 62488 62495 100261 100191 100271 100301 0 0
E 389308 cfg=208 nodes= 100261 100191 100271 100301 100262 100192 100272 100302 0 0
E 389309 cfg=208 nodes= 100262 100192 100272 100302 100263 100193 100273 100303 0 0
E 389310 cfg=208 nodes= 100263 100193 100273 100303 100264 100194 100274 100304 0 0
E 389311 cfg=208 nodes= 100264 100194 100274 100304 100265 100195 100275 100305 0 0
E 389312 cfg=208 nodes= 62490 62494 62486 62482 100276 100306 100256 100221 0 0
E 389313 cfg=208 nodes= 100276 100306 100256 100221 100277 100307 100257 100223 0 0
E 389314 cfg=208 nodes= 100277 100307 100257 100223 100278 100308 100258 100225 0 0
E 389315 cfg=208 nodes= 100278 100308 100258 100225 100279 100309 100259 100227 0 0
E 389316 cfg=208 nodes= 100279 100309 100259 100227 100280 100310 100260 100229 0 0
E 389317 cfg=208 nodes= 62488 62484 62489 62496 100271 100216 100286 100311 0 0
E 389318 cfg=208 nodes= 100271 100216 100286 100311 100272 100217 100287 100312 0 0
E 389319 cfg=208 nodes= 100272 100217 100287 100312 100273 100218 100288 100313 0 0
E 389320 cfg=208 nodes= 100273 100218 100288 100313 100274 100219 100289 100314 0 0
E 389321 cfg=208 nodes= 100274 100219 100289 100314 100275 100220 100290 100315 0 0
E 389322 cfg=208 nodes= 62480 62491 62497 62490 100196 100266 100316 100276 0 0
E 389323 cfg=208 nodes= 100196 100266 100316 100276 100198 100267 100317 100277 0 0
E 389324 cfg=208 nodes= 100198 100267 100317 100277 100200 100268 100318 100278 0 0
E 389325 cfg=208 nodes= 100200 100268 100318 100278 100202 100269 100319 100279 0 0
E 389326 cfg=208 nodes= 100202 100269 100319 100279 100204 100270 100320 100280 0 0
E 389327 cfg=208 nodes= 62498 62491 62481 62493 100321 100266 100247 100322 0 0
E 389328 cfg=208 nodes= 100321 100266 100247 100322 100323 100267 100249 100324 0 0
E 389329 cfg=208 nodes= 100323 100267 100249 100324 100325 100268 100251 100326 0 0
E 389330 cfg=208 nodes= 100325 100268 100251 100326 100327 100269 100253 100328 0 0
E 389331 cfg=208 nodes= 100327 100269 100253 100328 100329 100270 100255 100330 0 0
E 389332 cfg=208 nodes= 62499 62489 62483 62492 100331 100286 100231 100291 0 0
E 389333 cfg=208 nodes= 100331 100286 100231 100291 100332 100287 100233 100292 0 0
E 389334 cfg=208 nodes= 100332 100287 100233 100292 100333 100288 100235 100293 0 0
E 389335 cfg=208 nodes= 100333 100288 100235 100293 100334 100289 100237 100294 0 0
E 389336 cfg=208 nodes= 100334 100289 100237 100294 100335 100290 100239 100295 0 0
E 389337 cfg=208 nodes= 61772 62493 62485 61773 100336 100322 100246 100281 0 0
E 389338 cfg=208 nodes= 100336 100322 100246 100281 100337 100324 100248 100282 0 0
E 389339 cfg=208 nodes= 100337 100324 100248 100282 100338 100326 100250 100283 0 0
E 389340 cfg=208 nodes= 100338 100326 100250 100283 100339 100328 100252 100284 0 0
E 389341 cfg=208 nodes= 100339 100328 100252 100284 100340 100330 100254 100285 0 0
E 389342 cfg=208 nodes= 62494 62500 62492 62486 100306 100341 100291 100256 0 0
E 389343 cfg=208 nodes= 100306 100341 100291 100256 100307 100342 100292 100257 0 0
E 389344 cfg=208 nodes= 100307 100342 100292 100257 100308 100343 100293 100258 0 0
E 389345 cfg=208 nodes= 100308 100343 100293 100258 100309 100344 100294 100259 0 0
E 389346 cfg=208 nodes= 100309 100344 100294 100259 100310 100345 100295 100260 0 0
E 389347 cfg=208 nodes= 59520 62487 62495 59521 100296 100261 100301 100346 0 0
E 389348 cfg=208 nodes= 100296 100261 100301 100346 100297 100262 100302 100347 0 0
E 389349 cfg=208 nodes= 100297 100262 100302 100347 100298 100263 100303 100348 0 0
E 389350 cfg=208 nodes= 100298 100263 100303 100348 100299 100264 100304 100349 0 0
E 389351 cfg=208 nodes= 100299 100264 100304 100349 100300 100265 100305 100350 0 0
E 389352 cfg=208 nodes= 62494 62490 62497 62501 100306 100276 100316 100351 0 0
E 389353 cfg=208 nodes= 100306 100276 100316 100351 100307 100277 100317 100352 0 0
E 389354 cfg=208 nodes= 100307 100277 100317 100352 100308 100278 100318 100353 0 0
E 389355 cfg=208 nodes= 100308 100278 100318 100353 100309 100279 100319 100354 0 0
E 389356 cfg=208 nodes= 100309 100279 100319 100354 100310 100280 100320 100355 0 0
E 389357 cfg=208 nodes= 62495 62488 62496 62502 100301 100271 100311 100356 0 0
E 389358 cfg=208 nodes= 100301 100271 100311 100356 100302 100272 100312 100357 0 0
E 389359 cfg=208 nodes= 100302 100272 100312 100357 100303 100273 100313 100358 0 0
E 389360 cfg=208 nodes= 100303 100273 100313 100358 100304 100274 100314 100359 0 0
E 389361 cfg=208 nodes= 100304 100274 100314 100359 100305 100275 100315 100360 0 0
E 389362 cfg=208 nodes= 62489 62499 62504 62496 100286 100331 100361 100311 0 0
E 389363 cfg=208 nodes= 100286 100331 100361 100311 100287 100332 100362 100312 0 0
E 389364 cfg=208 nodes= 100287 100332 100362 100312 100288 100333 100363 100313 0 0
E 389365 cfg=208 nodes= 100288 100333 100363 100313 100289 100334 100364 100314 0 0
E 389366 cfg=208 nodes= 100289 100334 100364 100314 100290 100335 100365 100315 0 0
E 389367 cfg=208 nodes= 62491 62498 62503 62497 100266 100321 100366 100316 0 0
E 389368 cfg=208 nodes= 100266 100321 100366 100316 100267 100323 100367 100317 0 0
E 389369 cfg=208 nodes= 100267 100323 100367 100317 100268 100325 100368 100318 0 0
E 389370 cfg=208 nodes= 100268 100325 100368 100318 100269 100327 100369 100319 0 0
E 389371 cfg=208 nodes= 100269 100327 100369 100319 100270 100329 100370 100320 0 0
E 389372 cfg=208 nodes= 61771 62498 62493 61772 100371 100321 100322 100336 0 0
E 389373 cfg=208 nodes= 100371 100321 100322 100336 100372 100323 100324 100337 0 0
E 389374 cfg=208 nodes= 100372 100323 100324 100337 100373 100325 100326 100338 0 0
E 389375 cfg=208 nodes= 100373 100325 100326 100338 100374 100327 100328 100339 0 0
E 389376 cfg=208 nodes= 100374 100327 100328 100339 100375 100329 100330 100340 0 0
E 389377 cfg=208 nodes= 62505 62499 62492 62500 100376 100331 100291 100341 0 0
E 389378 cfg=208 nodes= 100376 100331 100291 100341 100377 100332 100292 100342 0 0
E 389379 cfg=208 nodes= 100377 100332 100292 100342 100378 100333 100293 100343 0 0
E 389380 cfg=208 nodes= 100378 100333 100293 100343 100379 100334 100294 100344 0 0
E 389381 cfg=208 nodes= 100379 100334 100294 100344 100380 100335 100295 100345 0 0
E 389382 cfg=208 nodes= 62500 62494 62501 62506 100341 100306 100351 100381 0 0
E 389383 cfg=208 nodes= 100341 100306 100351 100381 100342 100307 100352 100382 0 0
E 389384 cfg=208 nodes= 100342 100307 100352 100382 100343 100308 100353 100383 0 0
E 389385 cfg=208 nodes= 100343 100308 100353 100383 100344 100309 100354 100384 0 0
E 389386 cfg=208 nodes= 100344 100309 100354 100384 100345 100310 100355 100385 0 0
E 389387 cfg=208 nodes= 59521 62495 62502 59522 100346 100301 100356 100386 0 0
E 389388 cfg=208 nodes= 100346 100301 100356 100386 100347 100302 100357 100387 0 0
E 389389 cfg=208 nodes= 100347 100302 100357 100387 100348 100303 100358 100388 0 0
E 389390 cfg=208 nodes= 100348 100303 100358 100388 100349 100304 100359 100389 0 0
E 389391 cfg=208 nodes= 100349 100304 100359 100389 100350 100305 100360 100390 0 0
E 389392 cfg=208 nodes= 62501 62497 62503 62507 100351 100316 100366 100391 0 0
E 389393 cfg=208 nodes= 100351 100316 100366 100391 100352 100317 100367 100392 0 0
E 389394 cfg=208 nodes= 100352 100317 100367 100392 100353 100318 100368 100393 0 0
E 389395 cfg=208 nodes= 100353 100318 100368 100393 100354 100319 100369 100394 0 0
E 389396 cfg=208 nodes= 100354 100319 100369 100394 100355 100320 100370 100395 0 0
E 389397 cfg=208 nodes= 62508 62502 62496 62504 100396 100356 100311 100361 0 0
E 389398 cfg=208 nodes= 100396 100356 100311 100361 100397 100357 100312 100362 0 0
E 389399 cfg=208 nodes= 100397 100357 100312 100362 100398 100358 100313 100363 0 0
E 389400 cfg=208 nodes= 100398 100358 100313 100363 100399 100359 100314 100364 0 0
E 389401 cfg=208 nodes= 100399 100359 100314 100364 100400 100360 100315 100365 0 0
E 389402 cfg=208 nodes= 62498 61771 61770 62503 100321 100371 100401 100366 0 0
E 389403 cfg=208 nodes= 100321 100371 100401 100366 100323 100372 100402 100367 0 0
E 389404 cfg=208 nodes= 100323 100372 100402 100367 100325 100373 100403 100368 0 0
E 389405 cfg=208 nodes= 100325 100373 100403 100368 100327 100374 100404 100369 0 0
E 389406 cfg=208 nodes= 100327 100374 100404 100369 100329 100375 100405 100370 0 0
E 389407 cfg=208 nodes= 62499 62505 62509 62504 100331 100376 100406 100361 0 0
E 389408 cfg=208 nodes= 100331 100376 100406 100361 100332 100377 100407 100362 0 0
E 389409 cfg=208 nodes= 100332 100377 100407 100362 100333 100378 100408 100363 0 0
E 389410 cfg=208 nodes= 100333 100378 100408 100363 100334 100379 100409 100364 0 0
E 389411 cfg=208 nodes= 100334 100379 100409 100364 100335 100380 100410 100365 0 0
E 389412 cfg=208 nodes= 62505 62500 62506 62510 100376 100341 100381 100411 0 0
E 389413 cfg=208 nodes= 100376 100341 100381 100411 100377 100342 100382 100412 0 0
E 389414 cfg=208 nodes= 100377 100342 100382 100412 100378 100343 100383 100413 0 0
E 389415 cfg=208 nodes= 100378 100343 100383 100413 100379 100344 100384 100414 0 0
E 389416 cfg=208 nodes= 100379 100344 100384 100414 100380 100345 100385 100415 0 0
E 389417 cfg=208 nodes= 62507 62511 62506 62501 100391 100416 100381 100351 0 0
E 389418 cfg=208 nodes= 100391 100416 100381 100351 100392 100417 100382 100352 0 0
E 389419 cfg=208 nodes= 100392 100417 100382 100352 100393 100418 100383 100353 0 0
E 389420 cfg=208 nodes= 100393 100418 100383 100353 100394 100419 100384 100354 0 0
E 389421 cfg=208 nodes= 100394 100419 100384 100354 100395 100420 100385 100355 0 0
E 389422 cfg=208 nodes= 59523 59522 62502 62508 100421 100386 100356 100396 0 0
E 389423 cfg=208 nodes= 100421 100386 100356 100396 100422 100387 100357 100397 0 0
E 389424 cfg=208 nodes= 100422 100387 100357 100397 100423 100388 100358 100398 0 0
E 389425 cfg=208 nodes= 100423 100388 100358 100398 100424 100389 100359 100399 0 0
E 389426 cfg=208 nodes= 100424 100389 100359 100399 100425 100390 100360 100400 0 0
E 389427 cfg=208 nodes= 62507 62503 61770 61769 100391 100366 100401 100426 0 0
E 389428 cfg=208 nodes= 100391 100366 100401 100426 100392 100367 100402 100427 0 0
E 389429 cfg=208 nodes= 100392 100367 100402 100427 100393 100368 100403 100428 0 0
E 389430 cfg=208 nodes= 100393 100368 100403 100428 100394 100369 100404 100429 0 0
E 389431 cfg=208 nodes= 100394 100369 100404 100429 100395 100370 100405 100430 0 0
E 389432 cfg=208 nodes= 62512 62508 62504 62509 100431 100396 100361 100406 0 0
E 389433 cfg=208 nodes= 100431 100396 100361 100406 100432 100397 100362 100407 0 0
E 389434 cfg=208 nodes= 100432 100397 100362 100407 100433 100398 100363 100408 0 0
E 389435 cfg=208 nodes= 100433 100398 100363 100408 100434 100399 100364 100409 0 0
E 389436 cfg=208 nodes= 100434 100399 100364 100409 100435 100400 100365 100410 0 0
E 389437 cfg=208 nodes= 62505 62510 62513 62509 100376 100411 100436 100406 0 0
E 389438 cfg=208 nodes= 100376 100411 100436 100406 100377 100412 100437 100407 0 0
E 389439 cfg=208 nodes= 100377 100412 100437 100407 100378 100413 100438 100408 0 0
E 389440 cfg=208 nodes= 100378 100413 100438 100408 100379 100414 100439 100409 0 0
E 389441 cfg=208 nodes= 100379 100414 100439 100409 100380 100415 100440 100410 0 0
E 389442 cfg=208 nodes= 62511 62514 62510 62506 100416 100441 100411 100381 0 0
E 389443 cfg=208 nodes= 100416 100441 100411 100381 100417 100442 100412 100382 0 0
E 389444 cfg=208 nodes= 100417 100442 100412 100382 100418 100443 100413 100383 0 0
E 389445 cfg=208 nodes= 100418 100443 100413 100383 100419 100444 100414 100384 0 0
E 389446 cfg=208 nodes= 100419 100444 100414 100384 100420 100445 100415 100385 0 0
E 389447 cfg=208 nodes= 61769 61768 62511 62507 100426 100446 100416 100391 0 0
E 389448 cfg=208 nodes= 100426 100446 100416 100391 100427 100447 100417 100392 0 0
E 389449 cfg=208 nodes= 100427 100447 100417 100392 100428 100448 100418 100393 0 0
E 389450 cfg=208 nodes= 100428 100448 100418 100393 100429 100449 100419 100394 0 0
E 389451 cfg=208 nodes= 100429 100449 100419 100394 100430 100450 100420 100395 0 0
E 389452 cfg=208 nodes= 59524 59523 62508 62512 100451 100421 100396 100431 0 0
E 389453 cfg=208 nodes= 100451 100421 100396 100431 100452 100422 100397 100432 0 0
E 389454 cfg=208 nodes= 100452 100422 100397 100432 100453 100423 100398 100433 0 0
E 389455 cfg=208 nodes= 100453 100423 100398 100433 100454 100424 100399 100434 0 0
E 389456 cfg=208 nodes= 100454 100424 100399 100434 100455 100425 100400 100435 0 0
E 389457 cfg=208 nodes= 62509 62513 62515 62512 100406 100436 100456 100431 0 0
E 389458 cfg=208 nodes= 100406 100436 100456 100431 100407 100437 100457 100432 0 0
E 389459 cfg=208 nodes= 100407 100437 100457 100432 100408 100438 100458 100433 0 0
E 389460 cfg=208 nodes= 100408 100438 100458 100433 100409 100439 100459 100434 0 0
E 389461 cfg=208 nodes= 100409 100439 100459 100434 100410 100440 100460 100435 0 0
E 389462 cfg=208 nodes= 62510 62514 62516 62513 100411 100441 100461 100436 0 0
E 389463 cfg=208 nodes= 100411 100441 100461 100436 100412 100442 100462 100437 0 0
E 389464 cfg=208 nodes= 100412 100442 100462 100437 100413 100443 100463 100438 0 0
E 389465 cfg=208 nodes= 100413 100443 100463 100438 100414 100444 100464 100439 0 0
E 389466 cfg=208 nodes= 100414 100444 100464 100439 100415 100445 100465 100440 0 0
E 389467 cfg=208 nodes= 61768 61767 62514 62511 100446 100466 100441 100416 0 0
E 389468 cfg=208 nodes= 100446 100466 100441 100416 100447 100467 100442 100417 0 0
E 389469 cfg=208 nodes= 100447 100467 100442 100417 100448 100468 100443 100418 0 0
E 389470 cfg=208 nodes= 100448 100468 100443 100418 100449 100469 100444 100419 0 0
E 389471 cfg=208 nodes= 100449 100469 100444 100419 100450 100470 100445 100420 0 0
E 389472 cfg=208 nodes= 62512 62515 59525 59524 100431 100456 100471 100451 0 0
E 389473 cfg=208 nodes= 100431 100456 100471 100451 100432 100457 100472 100452 0 0
E 389474 cfg=208 nodes= 100432 100457 100472 100452 100433 100458 100473 100453 0 0
E 389475 cfg=208 nodes= 100433 100458 100473 100453 100434 100459 100474 100454 0 0
E 389476 cfg=208 nodes= 100434 100459 100474 100454 100435 100460 100475 100455 0 0
E 389477 cfg=208 nodes= 62517 62515 62513 62516 100476 100456 100436 100461 0 0
E 389478 cfg=208 nodes= 100476 100456 100436 100461 100477 100457 100437 100462 0 0
E 389479 cfg=208 nodes= 100477 100457 100437 100462 100478 100458 100438 100463 0 0
E 389480 cfg=208 nodes= 100478 100458 100438 100463 100479 100459 100439 100464 0 0
E 389481 cfg=208 nodes= 100479 100459 100439 100464 100480 100460 100440 100465 0 0
E 389482 cfg=208 nodes= 62514 61767 61766 62516 100441 100466 100481 100461 0 0
E 389483 cfg=208 nodes= 100441 100466 100481 100461 100442 100467 100482 100462 0 0
E 389484 cfg=208 nodes= 100442 100467 100482 100462 100443 100468 100483 100463 0 0
E 389485 cfg=208 nodes= 100443 100468 100483 100463 100444 100469 100484 100464 0 0
E 389486 cfg=208 nodes= 100444 100469 100484 100464 100445 100470 100485 100465 0 0
E 389487 cfg=208 nodes= 59526 59525 62515 62517 100486 100471 100456 100476 0 0
E 389488 cfg=208 nodes= 100486 100471 100456 100476 100487 100472 100457 100477 0 0
E 389489 cfg=208 nodes= 100487 100472 100457 100477 100488 100473 100458 100478 0 0
E 389490 cfg=208 nodes= 100488 100473 100458 100478 100489 100474 100459 100479 0 0
E 389491 cfg=208 nodes= 100489 100474 100459 100479 100490 100475 100460 100480 0 0
E 389492 cfg=208 nodes= 61765 62517 62516 61766 100491 100476 100461 100481 0 0
E 389493 cfg=208 nodes= 100491 100476 100461 100481 100492 100477 100462 100482 0 0
E 389494 cfg=208 nodes= 100492 100477 100462 100482 100493 100478 100463 100483 0 0
E 389495 cfg=208 nodes= 100493 100478 100463 100483 100494 100479 100464 100484 0 0
E 389496 cfg=208 nodes= 100494 100479 100464 100484 100495 100480 100465 100485 0 0
E 389497 cfg=208 nodes= 59451 59526 62517 61765 100496 100486 100476 100491 0 0
E 389498 cfg=208 nodes= 100496 100486 100476 100491 100497 100487 100477 100492 0 0
E 389499 cfg=208 nodes= 100497 100487 100477 100492 100498 100488 100478 100493 0 0
E 389500 cfg=208 nodes= 100498 100488 100478 100493 100499 100489 100479 100494 0 0
E 389501 cfg=208 nodes= 100499 100489 100479 100494 100500 100490 100480 100495 0 0
E 389502 cfg=208 nodes= 62518 59745 59746 62615 100501 96861 96862 100502 0 0
E 389503 cfg=208 nodes= 100501 96861 96862 100502 100503 96863 96864 100504 0 0
E 389504 cfg=208 nodes= 100503 96863 96864 100504 100505 96865 96866 100506 0 0
E 389505 cfg=208 nodes= 100505 96865 96866 100506 100507 96867 96868 100508 0 0
E 389506 cfg=208 nodes= 100507 96867 96868 100508 100509 96869 96870 100510 0 0
E 389507 cfg=208 nodes= 62519 62518 62615 62617 100511 100501 100502 100512 0 0
E 389508 cfg=208 nodes= 100511 100501 100502 100512 100513 100503 100504 100514 0 0
E 389509 cfg=208 nodes= 100513 100503 100504 100514 100515 100505 100506 100516 0 0
E 389510 cfg=208 nodes= 100515 100505 100506 100516 100517 100507 100508 100518 0 0
E 389511 cfg=208 nodes= 100517 100507 100508 100518 100519 100509 100510 100520 0 0
E 389512 cfg=208 nodes= 62615 59746 59747 62616 100502 96862 96921 100521 0 0
E 389513 cfg=208 nodes= 100502 96862 96921 100521 100504 96864 96922 100522 0 0
E 389514 cfg=208 nodes= 100504 96864 96922 100522 100506 96866 96923 100523 0 0
E 389515 cfg=208 nodes= 100506 96866 96923 100523 100508 96868 96924 100524 0 0
E 389516 cfg=208 nodes= 100508 96868 96924 100524 100510 96870 96925 100525 0 0
E 389517 cfg=208 nodes= 62520 62519 62617 62619 100526 100511 100512 100527 0 0
E 389518 cfg=208 nodes= 100526 100511 100512 100527 100528 100513 100514 100529 0 0
E 389519 cfg=208 nodes= 100528 100513 100514 100529 100530 100515 100516 100531 0 0
E 389520 cfg=208 nodes= 100530 100515 100516 100531 100532 100517 100518 100533 0 0
E 389521 cfg=208 nodes= 100532 100517 100518 100533 100534 100519 100520 100535 0 0
E 389522 cfg=208 nodes= 62621 62617 62615 62618 100536 100512 100502 100537 0 0
E 389523 cfg=208 nodes= 100536 100512 100502 100537 100538 100514 100504 100539 0 0
E 389524 cfg=208 nodes= 100538 100514 100504 100539 100540 100516 100506 100541 0 0
E 389525 cfg=208 nodes= 100540 100516 100506 100541 100542 100518 100508 100543 0 0
E 389526 cfg=208 nodes= 100542 100518 100508 100543 100544 100520 100510 100545 0 0
E 389527 cfg=208 nodes= 62616 59747 59748 62620 100521 96921 96986 100546 0 0
E 389528 cfg=208 nodes= 100521 96921 96986 100546 100522 96922 96987 100547 0 0
E 389529 cfg=208 nodes= 100522 96922 96987 100547 100523 96923 96988 100548 0 0
E 389530 cfg=208 nodes= 100523 96923 96988 100548 100524 96924 96989 100549 0 0
E 389531 cfg=208 nodes= 100524 96924 96989 100549 100525 96925 96990 100550 0 0
E 389532 cfg=208 nodes= 62624 62521 62520 62619 100551 100552 100526 100527 0 0
E 389533 cfg=208 nodes= 100551 100552 100526 100527 100553 100554 100528 100529 0 0
E 389534 cfg=208 nodes= 100553 100554 100528 100529 100555 100556 100530 100531 0 0
E 389535 cfg=208 nodes= 100555 100556 100530 100531 100557 100558 100532 100533 0 0
E 389536 cfg=208 nodes= 100557 100558 100532 100533 100559 100560 100534 100535 0 0
E 389537 cfg=208 nodes= 62618 62616 62620 62623 100537 100521 100546 100561 0 0
E 389538 cfg=208 nodes= 100537 100521 100546 100561 100539 100522 100547 100562 0 0
E 389539 cfg=208 nodes= 100539 100522 100547 100562 100541 100523 100548 100563 0 0
E 389540 cfg=208 nodes= 100541 100523 100548 100563 100543 100524 100549 100564 0 0
E 389541 cfg=208 nodes= 100543 100524 100549 100564 100545 100525 100550 100565 0 0
E 389542 cfg=208 nodes= 62619 62617 62621 62622 100527 100512 100536 100566 0 0
E 389543 cfg=208 nodes= 100527 100512 100536 100566 100529 100514 100538 100567 0 0
E 389544 cfg=208 nodes= 100529 100514 100538 100567 100531 100516 100540 100568 0 0
E 389545 cfg=208 nodes= 100531 100516 100540 100568 100533 100518 100542 100569 0 0
E 389546 cfg=208 nodes= 100533 100518 100542 100569 100535 100520 100544 100570 0 0
E 389547 cfg=208 nodes= 62620 59748 59749 62625 100546 96986 97036 100571 0 0
E 389548 cfg=208 nodes= 100546 96986 97036 100571 100547 96987 97037 100572 0 0
E 389549 cfg=208 nodes= 100547 96987 97037 100572 100548 96988 97038 100573 0 0
E 389550 cfg=208 nodes= 100548 96988 97038 100573 100549 96989 97039 100574 0 0
E 389551 cfg=208 nodes= 100549 96989 97039 100574 100550 96990 97040 100575 0 0
E 389552 cfg=208 nodes= 62621 62618 62623 62626 100536 100537 100561 100576 0 0
E 389553 cfg=208 nodes= 100536 100537 100561 100576 100538 100539 100562 100577 0 0
E 389554 cfg=208 nodes= 100538 100539 100562 100577 100540 100541 100563 100578 0 0
E 389555 cfg=208 nodes= 100540 100541 100563 100578 100542 100543 100564 100579 0 0
E 389556 cfg=208 nodes= 100542 100543 100564 100579 100544 100545 100565 100580 0 0
E 389557 cfg=208 nodes= 62521 62624 62629 62522 100552 100551 100582 100581 0 0
E 389558 cfg=208 nodes= 100552 100551 100582 100581 100554 100553 100584 100583 0 0
E 389559 cfg=208 nodes= 100554 100553 100584 100583 100556 100555 100586 100585 0 0
E 389560 cfg=208 nodes= 100556 100555 100586 100585 100558 100557 100588 100587 0 0
E 389561 cfg=208 nodes= 100558 100557 100588 100587 100560 100559 100590 100589 0 0
E 389562 cfg=208 nodes= 62623 62620 62625 62627 100561 100546 100571 100591 0 0
E 389563 cfg=208 nodes= 100561 100546 100571 100591 100562 100547 100572 100592 0 0
E 389564 cfg=208 nodes= 100562 100547 100572 100592 100563 100548 100573 100593 0 0
E 389565 cfg=208 nodes= 100563 100548 100573 100593 100564 100549 100574 100594 0 0
E 389566 cfg=208 nodes= 100564 100549 100574 100594 100565 100550 100575 100595 0 0
E 389567 cfg=208 nodes= 62622 62621 62626 62628 100566 100536 100576 100596 0 0
E 389568 cfg=208 nodes= 100566 100536 100576 100596 100567 100538 100577 100597 0 0
E 389569 cfg=208 nodes= 100567 100538 100577 100597 100568 100540 100578 100598 0 0
E 389570 cfg=208 nodes= 100568 100540 100578 100598 100569 100542 100579 100599 0 0
E 389571 cfg=208 nodes= 100569 100542 100579 100599 100570 100544 100580 100600 0 0
E 389572 cfg=208 nodes= 59749 59750 62631 62625 97036 97126 100601 100571 0 0
E 389573 cfg=208 nodes= 97036 97126 100601 100571 97037 97127 100602 100572 0 0
E 389574 cfg=208 nodes= 97037 97127 100602 100572 97038 97128 100603 100573 0 0
E 389575 cfg=208 nodes= 97038 97128 100603 100573 97039 97129 100604 100574 0 0
E 389576 cfg=208 nodes= 97039 97129 100604 100574 97040 97130 100605 100575 0 0
E 389577 cfg=208 nodes= 62624 62622 62628 62630 100551 100566 100596 100606 0 0
E 389578 cfg=208 nodes= 100551 100566 100596 100606 100553 100567 100597 100607 0 0
E 389579 cfg=208 nodes= 100553 100567 100597 100607 100555 100568 100598 100608 0 0
E 389580 cfg=208 nodes= 100555 100568 100598 100608 100557 100569 100599 100609 0 0
E 389581 cfg=208 nodes= 100557 100569 100599 100609 100559 100570 100600 100610 0 0
E 389582 cfg=208 nodes= 62626 62623 62627 62632 100576 100561 100591 100611 0 0
E 389583 cfg=208 nodes= 100576 100561 100591 100611 100577 100562 100592 100612 0 0
E 389584 cfg=208 nodes= 100577 100562 100592 100612 100578 100563 100593 100613 0 0
E 389585 cfg=208 nodes= 100578 100563 100593 100613 100579 100564 100594 100614 0 0
E 389586 cfg=208 nodes= 100579 100564 100594 100614 100580 100565 100595 100615 0 0
E 389587 cfg=208 nodes= 62633 62523 62522 62629 100616 100617 100581 100582 0 0
E 389588 cfg=208 nodes= 100616 100617 100581 100582 100618 100619 100583 100584 0 0
E 389589 cfg=208 nodes= 100618 100619 100583 100584 100620 100621 100585 100586 0 0
E 389590 cfg=208 nodes= 100620 100621 100585 100586 100622 100623 100587 100588 0 0
E 389591 cfg=208 nodes= 100622 100623 100587 100588 100624 100625 100589 100590 0 0
E 389592 cfg=208 nodes= 62625 62631 62635 62627 100571 100601 100626 100591 0 0
E 389593 cfg=208 nodes= 100571 100601 100626 100591 100572 100602 100627 100592 0 0
E 389594 cfg=208 nodes= 100572 100602 100627 100592 100573 100603 100628 100593 0 0
E 389595 cfg=208 nodes= 100573 100603 100628 100593 100574 100604 100629 100594 0 0
E 389596 cfg=208 nodes= 100574 100604 100629 100594 100575 100605 100630 100595 0 0
E 389597 cfg=208 nodes= 62624 62630 62636 62629 100551 100606 100631 100582 0 0
E 389598 cfg=208 nodes= 100551 100606 100631 100582 100553 100607 100632 100584 0 0
E 389599 cfg=208 nodes= 100553 100607 100632 100584 100555 100608 100633 100586 0 0
E 389600 cfg=208 nodes= 100555 100608 100633 100586 100557 100609 100634 100588 0 0
E 389601 cfg=208 nodes= 100557 100609 100634 100588 100559 100610 100635 100590 0 0
E 389602 cfg=208 nodes= 62628 62626 62632 62634 100596 100576 100611 100636 0 0
E 389603 cfg=208 nodes= 100596 100576 100611 100636 100597 100577 100612 100637 0 0
E 389604 cfg=208 nodes= 100597 100577 100612 100637 100598 100578 100613 100638 0 0
E 389605 cfg=208 nodes= 100598 100578 100613 100638 100599 100579 100614 100639 0 0
E 389606 cfg=208 nodes= 100599 100579 100614 100639 100600 100580 100615 100640 0 0
E 389607 cfg=208 nodes= 62637 62524 62523 62633 100641 100642 100617 100616 0 0
E 389608 cfg=208 nodes= 100641 100642 100617 100616 100643 100644 100619 100618 0 0
E 389609 cfg=208 nodes= 100643 100644 100619 100618 100645 100646 100621 100620 0 0
E 389610 cfg=208 nodes= 100645 100646 100621 100620 100647 100648 100623 100622 0 0
E 389611 cfg=208 nodes= 100647 100648 100623 100622 100649 100650 100625 100624 0 0
E 389612 cfg=208 nodes= 59750 59751 62638 62631 97126 97186 100651 100601 0 0
E 389613 cfg=208 nodes= 97126 97186 100651 100601 97127 97187 100652 100602 0 0
E 389614 cfg=208 nodes= 97127 97187 100652 100602 97128 97188 100653 100603 0 0
E 389615 cfg=208 nodes= 97128 97188 100653 100603 97129 97189 100654 100604 0 0
E 389616 cfg=208 nodes= 97129 97189 100654 100604 97130 97190 100655 100605 0 0
E 389617 cfg=208 nodes= 62630 62628 62634 62639 100606 100596 100636 100656 0 0
E 389618 cfg=208 nodes= 100606 100596 100636 100656 100607 100597 100637 100657 0 0
E 389619 cfg=208 nodes= 100607 100597 100637 100657 100608 100598 100638 100658 0 0
E 389620 cfg=208 nodes= 100608 100598 100638 100658 100609 100599 100639 100659 0 0
E 389621 cfg=208 nodes= 100609 100599 100639 100659 100610 100600 100640 100660 0 0
E 389622 cfg=208 nodes= 62640 62632 62627 62635 100661 100611 100591 100626 0 0
E 389623 cfg=208 nodes= 100661 100611 100591 100626 100662 100612 100592 100627 0 0
E 389624 cfg=208 nodes= 100662 100612 100592 100627 100663 100613 100593 100628 0 0
E 389625 cfg=208 nodes= 100663 100613 100593 100628 100664 100614 100594 100629 0 0
E 389626 cfg=208 nodes= 100664 100614 100594 100629 100665 100615 100595 100630 0 0
E 389627 cfg=208 nodes= 62636 62641 62637 62633 100631 100666 100641 100616 0 0
E 389628 cfg=208 nodes= 100631 100666 100641 100616 100632 100667 100643 100618 0 0
E 389629 cfg=208 nodes= 100632 100667 100643 100618 100633 100668 100645 100620 0 0
E 389630 cfg=208 nodes= 100633 100668 100645 100620 100634 100669 100647 100622 0 0
E 389631 cfg=208 nodes= 100634 100669 100647 100622 100635 100670 100649 100624 0 0
E 389632 cfg=208 nodes= 62524 62637 62642 62525 100642 100641 100672 100671 0 0
E 389633 cfg=208 nodes= 100642 100641 100672 100671 100644 100643 100674 100673 0 0
E 389634 cfg=208 nodes= 100644 100643 100674 100673 100646 100645 100676 100675 0 0
E 389635 cfg=208 nodes= 100646 100645 100676 100675 100648 100647 100678 100677 0 0
E 389636 cfg=208 nodes= 100648 100647 100678 100677 100650 100649 100680 100679 0 0
E 389637 cfg=208 nodes= 62631 62638 62643 62635 100601 100651 100681 100626 0 0
E 389638 cfg=208 nodes= 100601 100651 100681 100626 100602 100652 100682 100627 0 0
E 389639 cfg=208 nodes= 100602 100652 100682 100627 100603 100653 100683 100628 0 0
E 389640 cfg=208 nodes= 100603 100653 100683 100628 100604 100654 100684 100629 0 0
E 389641 cfg=208 nodes= 100604 100654 100684 100629 100605 100655 100685 100630 0 0
E 389642 cfg=208 nodes= 62634 62632 62640 62644 100636 100611 100661 100686 0 0
E 389643 cfg=208 nodes= 100636 100611 100661 100686 100637 100612 100662 100687 0 0
E 389644 cfg=208 nodes= 100637 100612 100662 100687 100638 100613 100663 100688 0 0
E 389645 cfg=208 nodes= 100638 100613 100663 100688 100639 100614 100664 100689 0 0
E 389646 cfg=208 nodes= 100639 100614 100664 100689 100640 100615 100665 100690 0 0
E 389647 cfg=208 nodes= 62630 62639 62646 62636 100606 100656 100691 100631 0 0
E 389648 cfg=208 nodes= 100606 100656 100691 100631 100607 100657 100692 100632 0 0
E 389649 cfg=208 nodes= 100607 100657 100692 100632 100608 100658 100693 100633 0 0
E 389650 cfg=208 nodes= 100608 100658 100693 100633 100609 100659 100694 100634 0 0
E 389651 cfg=208 nodes= 100609 100659 100694 100634 100610 100660 100695 100635 0 0
E 389652 cfg=208 nodes= 62638 59751 59752 62645 100651 97186 97256 100696 0 0
E 389653 cfg=208 nodes= 100651 97186 97256 100696 100652 97187 97257 100697 0 0
E 389654 cfg=208 nodes= 100652 97187 97257 100697 100653 97188 97258 100698 0 0
E 389655 cfg=208 nodes= 100653 97188 97258 100698 100654 97189 97259 100699 0 0
E 389656 cfg=208 nodes= 100654 97189 97259 100699 100655 97190 97260 100700 0 0
E 389657 cfg=208 nodes= 62639 62634 62644 62647 100656 100636 100686 100701 0 0
E 389658 cfg=208 nodes= 100656 100636 100686 100701 100657 100637 100687 100702 0 0
E 389659 cfg=208 nodes= 100657 100637 100687 100702 100658 100638 100688 100703 0 0
E 389660 cfg=208 nodes= 100658 100638 100688 100703 100659 100639 100689 100704 0 0
E 389661 cfg=208 nodes= 100659 100639 100689 100704 100660 100640 100690 100705 0 0
E 389662 cfg=208 nodes= 62651 62640 62635 62643 100706 100661 100626 100681 0 0
E 389663 cfg=208 nodes= 100706 100661 100626 100681 100707 100662 100627 100682 0 0
E 389664 cfg=208 nodes= 100707 100662 100627 100682 100708 100663 100628 100683 0 0
E 389665 cfg=208 nodes= 100708 100663 100628 100683 100709 100664 100629 100684 0 0
E 389666 cfg=208 nodes= 100709 100664 100629 100684 100710 100665 100630 100685 0 0
E 389667 cfg=208 nodes= 62637 62641 62649 62642 100641 100666 100711 100672 0 0
E 389668 cfg=208 nodes= 100641 100666 100711 100672 100643 100667 100712 100674 0 0
E 389669 cfg=208 nodes= 100643 100667 100712 100674 100645 100668 100713 100676 0 0
E 389670 cfg=208 nodes= 100645 100668 100713 100676 100647 100669 100714 100678 0 0
E 389671 cfg=208 nodes= 100647 100669 100714 100678 100649 100670 100715 100680 0 0
E 389672 cfg=208 nodes= 62648 62526 62525 62642 100716 100717 100671 100672 0 0
E 389673 cfg=208 nodes= 100716 100717 100671 100672 100718 100719 100673 100674 0 0
E 389674 cfg=208 nodes= 100718 100719 100673 100674 100720 100721 100675 100676 0 0
E 389675 cfg=208 nodes= 100720 100721 100675 100676 100722 100723 100677 100678 0 0
E 389676 cfg=208 nodes= 100722 100723 100677 100678 100724 100725 100679 100680 0 0
E 389677 cfg=208 nodes= 62643 62638 62645 62650 100681 100651 100696 100726 0 0
E 389678 cfg=208 nodes= 100681 100651 100696 100726 100682 100652 100697 100727 0 0
E 389679 cfg=208 nodes= 100682 100652 100697 100727 100683 100653 100698 100728 0 0
E 389680 cfg=208 nodes= 100683 100653 100698 100728 100684 100654 100699 100729 0 0
E 389681 cfg=208 nodes= 100684 100654 100699 100729 100685 100655 100700 100730 0 0
E 389682 cfg=208 nodes= 62645 59752 59753 62653 100696 97256 97321 100731 0 0
E 389683 cfg=208 nodes= 100696 97256 97321 100731 100697 97257 97322 100732 0 0
E 389684 cfg=208 nodes= 100697 97257 97322 100732 100698 97258 97323 100733 0 0
E 389685 cfg=208 nodes= 100698 97258 97323 100733 100699 97259 97324 100734 0 0
E 389686 cfg=208 nodes= 100699 97259 97324 100734 100700 97260 97325 100735 0 0
E 389687 cfg=208 nodes= 62654 62646 62639 62647 100736 100691 100656 100701 0 0
E 389688 cfg=208 nodes= 100736 100691 100656 100701 100737 100692 100657 100702 0 0
E 389689 cfg=208 nodes= 100737 100692 100657 100702 100738 100693 100658 100703 0 0
E 389690 cfg=208 nodes= 100738 100693 100658 100703 100739 100694 100659 100704 0 0
E 389691 cfg=208 nodes= 100739 100694 100659 100704 100740 100695 100660 100705 0 0
E 389692 cfg=208 nodes= 62652 62644 62640 62651 100741 100686 100661 100706 0 0
E 389693 cfg=208 nodes= 100741 100686 100661 100706 100742 100687 100662 100707 0 0
E 389694 cfg=208 nodes= 100742 100687 100662 100707 100743 100688 100663 100708 0 0
E 389695 cfg=208 nodes= 100743 100688 100663 100708 100744 100689 100664 100709 0 0
E 389696 cfg=208 nodes= 100744 100689 100664 100709 100745 100690 100665 100710 0 0
E 389697 cfg=208 nodes= 62646 62654 62655 62641 100691 100736 100746 100666 0 0
E 389698 cfg=208 nodes= 100691 100736 100746 100666 100692 100737 100747 100667 0 0
E 389699 cfg=208 nodes= 100692 100737 100747 100667 100693 100738 100748 100668 0 0
E 389700 cfg=208 nodes= 100693 100738 100748 100668 100694 100739 100749 100669 0 0
E 389701 cfg=208 nodes= 100694 100739 100749 100669 100695 100740 100750 100670 0 0
E 389702 cfg=208 nodes= 62651 62643 62650 62656 100706 100681 100726 100751 0 0
E 389703 cfg=208 nodes= 100706 100681 100726 100751 100707 100682 100727 100752 0 0
E 389704 cfg=208 nodes= 100707 100682 100727 100752 100708 100683 100728 100753 0 0
E 389705 cfg=208 nodes= 100708 100683 100728 100753 100709 100684 100729 100754 0 0
E 389706 cfg=208 nodes= 100709 100684 100729 100754 100710 100685 100730 100755 0 0
E 389707 cfg=208 nodes= 62614 62647 62644 62652 100756 100701 100686 100741 0 0
E 389708 cfg=208 nodes= 100756 100701 100686 100741 100757 100702 100687 100742 0 0
E 389709 cfg=208 nodes= 100757 100702 100687 100742 100758 100703 100688 100743 0 0
E 389710 cfg=208 nodes= 100758 100703 100688 100743 100759 100704 100689 100744 0 0
E 389711 cfg=208 nodes= 100759 100704 100689 100744 100760 100705 100690 100745 0 0
E 389712 cfg=208 nodes= 62650 62645 62653 62658 100726 100696 100731 100761 0 0
E 389713 cfg=208 nodes= 100726 100696 100731 100761 100727 100697 100732 100762 0 0
E 389714 cfg=208 nodes= 100727 100697 100732 100762 100728 100698 100733 100763 0 0
E 389715 cfg=208 nodes= 100728 100698 100733 100763 100729 100699 100734 100764 0 0
E 389716 cfg=208 nodes= 100729 100699 100734 100764 100730 100700 100735 100765 0 0
E 389717 cfg=208 nodes= 62657 62527 62526 62648 100766 100767 100717 100716 0 0
E 389718 cfg=208 nodes= 100766 100767 100717 100716 100768 100769 100719 100718 0 0
E 389719 cfg=208 nodes= 100768 100769 100719 100718 100770 100771 100721 100720 0 0
E 389720 cfg=208 nodes= 100770 100771 100721 100720 100772 100773 100723 100722 0 0
E 389721 cfg=208 nodes= 100772 100773 100723 100722 100774 100775 100725 100724 0 0
E 389722 cfg=208 nodes= 59753 59754 62661 62653 97321 97391 100776 100731 0 0
E 389723 cfg=208 nodes= 97321 97391 100776 100731 97322 97392 100777 100732 0 0
E 389724 cfg=208 nodes= 97322 97392 100777 100732 97323 97393 100778 100733 0 0
E 389725 cfg=208 nodes= 97323 97393 100778 100733 97324 97394 100779 100734 0 0
E 389726 cfg=208 nodes= 97324 97394 100779 100734 97325 97395 100780 100735 0 0
E 389727 cfg=208 nodes= 62649 62660 62657 62648 100711 100781 100766 100716 0 0
E 389728 cfg=208 nodes= 100711 100781 100766 100716 100712 100782 100768 100718 0 0
E 389729 cfg=208 nodes= 100712 100782 100768 100718 100713 100783 100770 100720 0 0
E 389730 cfg=208 nodes= 100713 100783 100770 100720 100714 100784 100772 100722 0 0
E 389731 cfg=208 nodes= 100714 100784 100772 100722 100715 100785 100774 100724 0 0
E 389732 cfg=208 nodes= 62652 62651 62656 62659 100741 100706 100751 100786 0 0
E 389733 cfg=208 nodes= 100741 100706 100751 100786 100742 100707 100752 100787 0 0
E 389734 cfg=208 nodes= 100742 100707 100752 100787 100743 100708 100753 100788 0 0
E 389735 cfg=208 nodes= 100743 100708 100753 100788 100744 100709 100754 100789 0 0
E 389736 cfg=208 nodes= 100744 100709 100754 100789 100745 100710 100755 100790 0 0
E 389737 cfg=208 nodes= 62613 62654 62647 62614 100791 100736 100701 100756 0 0
E 389738 cfg=208 nodes= 100791 100736 100701 100756 100792 100737 100702 100757 0 0
E 389739 cfg=208 nodes= 100792 100737 100702 100757 100793 100738 100703 100758 0 0
E 389740 cfg=208 nodes= 100793 100738 100703 100758 100794 100739 100704 100759 0 0
E 389741 cfg=208 nodes= 100794 100739 100704 100759 100795 100740 100705 100760 0 0
E 389742 cfg=208 nodes= 62662 62660 62649 62655 100796 100781 100711 100746 0 0
E 389743 cfg=208 nodes= 100796 100781 100711 100746 100797 100782 100712 100747 0 0
E 389744 cfg=208 nodes= 100797 100782 100712 100747 100798 100783 100713 100748 0 0
E 389745 cfg=208 nodes= 100798 100783 100713 100748 100799 100784 100714 100749 0 0
E 389746 cfg=208 nodes= 100799 100784 100714 100749 100800 100785 100715 100750 0 0
E 389747 cfg=208 nodes= 62656 62650 62658 62663 100751 100726 100761 100801 0 0
E 389748 cfg=208 nodes= 100751 100726 100761 100801 100752 100727 100762 100802 0 0
E 389749 cfg=208 nodes= 100752 100727 100762 100802 100753 100728 100763 100803 0 0
E 389750 cfg=208 nodes= 100753 100728 100763 100803 100754 100729 100764 100804 0 0
E 389751 cfg=208 nodes= 100754 100729 100764 100804 100755 100730 100765 100805 0 0
E 389752 cfg=208 nodes= 62613 62612 62655 62654 100791 100806 100746 100736 0 0
E 389753 cfg=208 nodes= 100791 100806 100746 100736 100792 100807 100747 100737 0 0
E 389754 cfg=208 nodes= 100792 100807 100747 100737 100793 100808 100748 100738 0 0
E 389755 cfg=208 nodes= 100793 100808 100748 100738 100794 100809 100749 100739 0 0
E 389756 cfg=208 nodes= 100794 100809 100749 100739 100795 100810 100750 100740 0 0
E 389757 cfg=208 nodes= 62652 62659 62605 62614 100741 100786 100811 100756 0 0
E 389758 cfg=208 nodes= 100741 100786 100811 100756 100742 100787 100812 100757 0 0
E 389759 cfg=208 nodes= 100742 100787 100812 100757 100743 100788 100813 100758 0 0
E 389760 cfg=208 nodes= 100743 100788 100813 100758 100744 100789 100814 100759 0 0
E 389761 cfg=208 nodes= 100744 100789 100814 100759 100745 100790 100815 100760 0 0
E 389762 cfg=208 nodes= 62653 62661 62664 62658 100731 100776 100816 100761 0 0
E 389763 cfg=208 nodes= 100731 100776 100816 100761 100732 100777 100817 100762 0 0
E 389764 cfg=208 nodes= 100732 100777 100817 100762 100733 100778 100818 100763 0 0
E 389765 cfg=208 nodes= 100733 100778 100818 100763 100734 100779 100819 100764 0 0
E 389766 cfg=208 nodes= 100734 100779 100819 100764 100735 100780 100820 100765 0 0
E 389767 cfg=208 nodes= 62527 62657 62665 62528 100767 100766 100822 100821 0 0
E 389768 cfg=208 nodes= 100767 100766 100822 100821 100769 100768 100824 100823 0 0
E 389769 cfg=208 nodes= 100769 100768 100824 100823 100771 100770 100826 100825 0 0
E 389770 cfg=208 nodes= 100771 100770 100826 100825 100773 100772 100828 100827 0 0
E 389771 cfg=208 nodes= 100773 100772 100828 100827 100775 100774 100830 100829 0 0
E 389772 cfg=208 nodes= 62663 62666 62659 62656 100801 100831 100786 100751 0 0
E 389773 cfg=208 nodes= 100801 100831 100786 100751 100802 100832 100787 100752 0 0
E 389774 cfg=208 nodes= 100802 100832 100787 100752 100803 100833 100788 100753 0 0
E 389775 cfg=208 nodes= 100803 100833 100788 100753 100804 100834 100789 100754 0 0
E 389776 cfg=208 nodes= 100804 100834 100789 100754 100805 100835 100790 100755 0 0
E 389777 cfg=208 nodes= 59754 59755 62667 62661 97391 97461 100836 100776 0 0
E 389778 cfg=208 nodes= 97391 97461 100836 100776 97392 97462 100837 100777 0 0
E 389779 cfg=208 nodes= 97392 97462 100837 100777 97393 97463 100838 100778 0 0
E 389780 cfg=208 nodes= 97393 97463 100838 100778 97394 97464 100839 100779 0 0
E 389781 cfg=208 nodes= 97394 97464 100839 100779 97395 97465 100840 100780 0 0
E 389782 cfg=208 nodes= 62657 62660 62668 62665 100766 100781 100841 100822 0 0
E 389783 cfg=208 nodes= 100766 100781 100841 100822 100768 100782 100842 100824 0 0
E 389784 cfg=208 nodes= 100768 100782 100842 100824 100770 100783 100843 100826 0 0
E 389785 cfg=208 nodes= 100770 100783 100843 100826 100772 100784 100844 100828 0 0
E 389786 cfg=208 nodes= 100772 100784 100844 100828 100774 100785 100845 100830 0 0
E 389787 cfg=208 nodes= 62612 62611 62662 62655 100806 100846 100796 100746 0 0
E 389788 cfg=208 nodes= 100806 100846 100796 100746 100807 100847 100797 100747 0 0
E 389789 cfg=208 nodes= 100807 100847 100797 100747 100808 100848 100798 100748 0 0
E 389790 cfg=208 nodes= 100808 100848 100798 100748 100809 100849 100799 100749 0 0
E 389791 cfg=208 nodes= 100809 100849 100799 100749 100810 100850 100800 100750 0 0
E 389792 cfg=208 nodes= 62669 62663 62658 62664 100851 100801 100761 100816 0 0
E 389793 cfg=208 nodes= 100851 100801 100761 100816 100852 100802 100762 100817 0 0
E 389794 cfg=208 nodes= 100852 100802 100762 100817 100853 100803 100763 100818 0 0
E 389795 cfg=208 nodes= 100853 100803 100763 100818 100854 100804 100764 100819 0 0
E 389796 cfg=208 nodes= 100854 100804 100764 100819 100855 100805 100765 100820 0 0
E 389797 cfg=208 nodes= 62666 62606 62605 62659 100831 100856 100811 100786 0 0
E 389798 cfg=208 nodes= 100831 100856 100811 100786 100832 100857 100812 100787 0 0
E 389799 cfg=208 nodes= 100832 100857 100812 100787 100833 100858 100813 100788 0 0
E 389800 cfg=208 nodes= 100833 100858 100813 100788 100834 100859 100814 100789 0 0
E 389801 cfg=208 nodes= 100834 100859 100814 100789 100835 100860 100815 100790 0 0
E 389802 cfg=208 nodes= 62660 62662 62670 62668 100781 100796 100861 100841 0 0
E 389803 cfg=208 nodes= 100781 100796 100861 100841 100782 100797 100862 100842 0 0
E 389804 cfg=208 nodes= 100782 100797 100862 100842 100783 100798 100863 100843 0 0
E 389805 cfg=208 nodes= 100783 100798 100863 100843 100784 100799 100864 100844 0 0
E 389806 cfg=208 nodes= 100784 100799 100864 100844 100785 100800 100865 100845 0 0
E 389807 cfg=208 nodes= 62661 62667 62672 62664 100776 100836 100866 100816 0 0
E 389808 cfg=208 nodes= 100776 100836 100866 100816 100777 100837 100867 100817 0 0
E 389809 cfg=208 nodes= 100777 100837 100867 100817 100778 100838 100868 100818 0 0
E 389810 cfg=208 nodes= 100778 100838 100868 100818 100779 100839 100869 100819 0 0
E 389811 cfg=208 nodes= 100779 100839 100869 100819 100780 100840 100870 100820 0 0
E 389812 cfg=208 nodes= 59755 59756 62673 62667 97461 97536 100871 100836 0 0
E 389813 cfg=208 nodes= 97461 97536 100871 100836 97462 97537 100872 100837 0 0
E 389814 cfg=208 nodes= 97462 97537 100872 100837 97463 97538 100873 100838 0 0
E 389815 cfg=208 nodes= 97463 97538 100873 100838 97464 97539 100874 100839 0 0
E 389816 cfg=208 nodes= 97464 97539 100874 100839 97465 97540 100875 100840 0 0
E 389817 cfg=208 nodes= 62671 62529 62528 62665 100876 100877 100821 100822 0 0
E 389818 cfg=208 nodes= 100876 100877 100821 100822 100878 100879 100823 100824 0 0
E 389819 cfg=208 nodes= 100878 100879 100823 100824 100880 100881 100825 100826 0 0
E 389820 cfg=208 nodes= 100880 100881 100825 100826 100882 100883 100827 100828 0 0
E 389821 cfg=208 nodes= 100882 100883 100827 100828 100884 100885 100829 100830 0 0
E 389822 cfg=208 nodes= 62669 62680 62666 62663 100851 100886 100831 100801 0 0
E 389823 cfg=208 nodes= 100851 100886 100831 100801 100852 100887 100832 100802 0 0
E 389824 cfg=208 nodes= 100852 100887 100832 100802 100853 100888 100833 100803 0 0
E 389825 cfg=208 nodes= 100853 100888 100833 100803 100854 100889 100834 100804 0 0
E 389826 cfg=208 nodes= 100854 100889 100834 100804 100855 100890 100835 100805 0 0
E 389827 cfg=208 nodes= 62611 62677 62670 62662 100846 100891 100861 100796 0 0
E 389828 cfg=208 nodes= 100846 100891 100861 100796 100847 100892 100862 100797 0 0
E 389829 cfg=208 nodes= 100847 100892 100862 100797 100848 100893 100863 100798 0 0
E 389830 cfg=208 nodes= 100848 100893 100863 100798 100849 100894 100864 100799 0 0
E 389831 cfg=208 nodes= 100849 100894 100864 100799 100850 100895 100865 100800 0 0
E 389832 cfg=208 nodes= 62675 62669 62664 62672 100896 100851 100816 100866 0 0
E 389833 cfg=208 nodes= 100896 100851 100816 100866 100897 100852 100817 100867 0 0
E 389834 cfg=208 nodes= 100897 100852 100817 100867 100898 100853 100818 100868 0 0
E 389835 cfg=208 nodes= 100898 100853 100818 100868 100899 100854 100819 100869 0 0
E 389836 cfg=208 nodes= 100899 100854 100819 100869 100900 100855 100820 100870 0 0
E 389837 cfg=208 nodes= 62667 62673 62678 62672 100836 100871 100901 100866 0 0
E 389838 cfg=208 nodes= 100836 100871 100901 100866 100837 100872 100902 100867 0 0
E 389839 cfg=208 nodes= 100837 100872 100902 100867 100838 100873 100903 100868 0 0
E 389840 cfg=208 nodes= 100838 100873 100903 100868 100839 100874 100904 100869 0 0
E 389841 cfg=208 nodes= 100839 100874 100904 100869 100840 100875 100905 100870 0 0
E 389842 cfg=208 nodes= 62668 62674 62676 62671 100841 100907 100906 100876 0 0
E 389843 cfg=208 nodes= 100841 100907 100906 100876 100842 100909 100908 100878 0 0
E 389844 cfg=208 nodes= 100842 100909 100908 100878 100843 100911 100910 100880 0 0
E 389845 cfg=208 nodes= 100843 100911 100910 100880 100844 100913 100912 100882 0 0
E 389846 cfg=208 nodes= 100844 100913 100912 100882 100845 100915 100914 100884 0 0
E 389847 cfg=208 nodes= 62680 62607 62606 62666 100886 100916 100856 100831 0 0
E 389848 cfg=208 nodes= 100886 100916 100856 100831 100887 100917 100857 100832 0 0
E 389849 cfg=208 nodes= 100887 100917 100857 100832 100888 100918 100858 100833 0 0
E 389850 cfg=208 nodes= 100888 100918 100858 100833 100889 100919 100859 100834 0 0
E 389851 cfg=208 nodes= 100889 100919 100859 100834 100890 100920 100860 100835 0 0
E 389852 cfg=208 nodes= 59757 62679 62673 59756 97611 100921 100871 97536 0 0
E 389853 cfg=208 nodes= 97611 100921 100871 97536 97612 100922 100872 97537 0 0
E 389854 cfg=208 nodes= 97612 100922 100872 97537 97613 100923 100873 97538 0 0
E 389855 cfg=208 nodes= 97613 100923 100873 97538 97614 100924 100874 97539 0 0
E 389856 cfg=208 nodes= 97614 100924 100874 97539 97615 100925 100875 97540 0 0
E 389857 cfg=208 nodes= 62676 62530 62529 62671 100906 100926 100877 100876 0 0
E 389858 cfg=208 nodes= 100906 100926 100877 100876 100908 100927 100879 100878 0 0
E 389859 cfg=208 nodes= 100908 100927 100879 100878 100910 100928 100881 100880 0 0
E 389860 cfg=208 nodes= 100910 100928 100881 100880 100912 100929 100883 100882 0 0
E 389861 cfg=208 nodes= 100912 100929 100883 100882 100914 100930 100885 100884 0 0
E 389862 cfg=208 nodes= 62677 62682 62674 62670 100891 100931 100907 100861 0 0
E 389863 cfg=208 nodes= 100891 100931 100907 100861 100892 100932 100909 100862 0 0
E 389864 cfg=208 nodes= 100892 100932 100909 100862 100893 100933 100911 100863 0 0
E 389865 cfg=208 nodes= 100893 100933 100911 100863 100894 100934 100913 100864 0 0
E 389866 cfg=208 nodes= 100894 100934 100913 100864 100895 100935 100915 100865 0 0
E 389867 cfg=208 nodes= 62681 62680 62669 62675 100936 100886 100851 100896 0 0
E 389868 cfg=208 nodes= 100936 100886 100851 100896 100937 100887 100852 100897 0 0
E 389869 cfg=208 nodes= 100937 100887 100852 100897 100938 100888 100853 100898 0 0
E 389870 cfg=208 nodes= 100938 100888 100853 100898 100939 100889 100854 100899 0 0
E 389871 cfg=208 nodes= 100939 100889 100854 100899 100940 100890 100855 100900 0 0
E 389872 cfg=208 nodes= 62684 62675 62672 62678 100941 100896 100866 100901 0 0
E 389873 cfg=208 nodes= 100941 100896 100866 100901 100942 100897 100867 100902 0 0
E 389874 cfg=208 nodes= 100942 100897 100867 100902 100943 100898 100868 100903 0 0
E 389875 cfg=208 nodes= 100943 100898 100868 100903 100944 100899 100869 100904 0 0
E 389876 cfg=208 nodes= 100944 100899 100869 100904 100945 100900 100870 100905 0 0
E 389877 cfg=208 nodes= 62611 62610 62686 62677 100846 100947 100946 100891 0 0
E 389878 cfg=208 nodes= 100846 100947 100946 100891 100847 100949 100948 100892 0 0
E 389879 cfg=208 nodes= 100847 100949 100948 100892 100848 100951 100950 100893 0 0
E 389880 cfg=208 nodes= 100848 100951 100950 100893 100849 100953 100952 100894 0 0
E 389881 cfg=208 nodes= 100849 100953 100952 100894 100850 100955 100954 100895 0 0
E 389882 cfg=208 nodes= 62679 62687 62678 62673 100921 100956 100901 100871 0 0
E 389883 cfg=208 nodes= 100921 100956 100901 100871 100922 100957 100902 100872 0 0
E 389884 cfg=208 nodes= 100922 100957 100902 100872 100923 100958 100903 100873 0 0
E 389885 cfg=208 nodes= 100923 100958 100903 100873 100924 100959 100904 100874 0 0
E 389886 cfg=208 nodes= 100924 100959 100904 100874 100925 100960 100905 100875 0 0
E 389887 cfg=208 nodes= 59758 62688 62679 59757 97681 100961 100921 97611 0 0
E 389888 cfg=208 nodes= 97681 100961 100921 97611 97682 100962 100922 97612 0 0
E 389889 cfg=208 nodes= 97682 100962 100922 97612 97683 100963 100923 97613 0 0
E 389890 cfg=208 nodes= 97683 100963 100923 97613 97684 100964 100924 97614 0 0
E 389891 cfg=208 nodes= 97684 100964 100924 97614 97685 100965 100925 97615 0 0
E 389892 cfg=208 nodes= 62683 62531 62530 62676 100966 100967 100926 100906 0 0
E 389893 cfg=208 nodes= 100966 100967 100926 100906 100968 100969 100927 100908 0 0
E 389894 cfg=208 nodes= 100968 100969 100927 100908 100970 100971 100928 100910 0 0
E 389895 cfg=208 nodes= 100970 100971 100928 100910 100972 100973 100929 100912 0 0
E 389896 cfg=208 nodes= 100972 100973 100929 100912 100974 100975 100930 100914 0 0
E 389897 cfg=208 nodes= 62682 62693 62683 62674 100931 100976 100966 100907 0 0
E 389898 cfg=208 nodes= 100931 100976 100966 100907 100932 100977 100968 100909 0 0
E 389899 cfg=208 nodes= 100932 100977 100968 100909 100933 100978 100970 100911 0 0
E 389900 cfg=208 nodes= 100933 100978 100970 100911 100934 100979 100972 100913 0 0
E 389901 cfg=208 nodes= 100934 100979 100972 100913 100935 100980 100974 100915 0 0
E 389902 cfg=208 nodes= 62684 62692 62681 62675 100941 100981 100936 100896 0 0
E 389903 cfg=208 nodes= 100941 100981 100936 100896 100942 100982 100937 100897 0 0
E 389904 cfg=208 nodes= 100942 100982 100937 100897 100943 100983 100938 100898 0 0
E 389905 cfg=208 nodes= 100943 100983 100938 100898 100944 100984 100939 100899 0 0
E 389906 cfg=208 nodes= 100944 100984 100939 100899 100945 100985 100940 100900 0 0
E 389907 cfg=208 nodes= 62691 62608 62607 62685 100986 100988 100916 100987 0 0
E 389908 cfg=208 nodes= 100986 100988 100916 100987 100989 100991 100917 100990 0 0
E 389909 cfg=208 nodes= 100989 100991 100917 100990 100992 100994 100918 100993 0 0
E 389910 cfg=208 nodes= 100992 100994 100918 100993 100995 100997 100919 100996 0 0
E 389911 cfg=208 nodes= 100995 100997 100919 100996 100998 101000 100920 100999 0 0
E 389912 cfg=208 nodes= 62686 62694 62682 62677 100946 101001 100931 100891 0 0
E 389913 cfg=208 nodes= 100946 101001 100931 100891 100948 101002 100932 100892 0 0
E 389914 cfg=208 nodes= 100948 101002 100932 100892 100950 101003 100933 100893 0 0
E 389915 cfg=208 nodes= 100950 101003 100933 100893 100952 101004 100934 100894 0 0
E 389916 cfg=208 nodes= 100952 101004 100934 100894 100954 101005 100935 100895 0 0
E 389917 cfg=208 nodes= 62686 62610 62609 62689 100946 100947 101007 101006 0 0
E 389918 cfg=208 nodes= 100946 100947 101007 101006 100948 100949 101009 101008 0 0
E 389919 cfg=208 nodes= 100948 100949 101009 101008 100950 100951 101011 101010 0 0
E 389920 cfg=208 nodes= 100950 100951 101011 101010 100952 100953 101013 101012 0 0
E 389921 cfg=208 nodes= 100952 100953 101013 101012 100954 100955 101015 101014 0 0
E 389922 cfg=208 nodes= 62680 62681 62690 62685 100886 100936 101016 100987 0 0
E 389923 cfg=208 nodes= 100886 100936 101016 100987 100887 100937 101017 100990 0 0
E 389924 cfg=208 nodes= 100887 100937 101017 100990 100888 100938 101018 100993 0 0
E 389925 cfg=208 nodes= 100888 100938 101018 100993 100889 100939 101019 100996 0 0
E 389926 cfg=208 nodes= 100889 100939 101019 100996 100890 100940 101020 100999 0 0
E 389927 cfg=208 nodes= 62687 62695 62684 62678 100956 101021 100941 100901 0 0
E 389928 cfg=208 nodes= 100956 101021 100941 100901 100957 101022 100942 100902 0 0
E 389929 cfg=208 nodes= 100957 101022 100942 100902 100958 101023 100943 100903 0 0
E 389930 cfg=208 nodes= 100958 101023 100943 100903 100959 101024 100944 100904 0 0
E 389931 cfg=208 nodes= 100959 101024 100944 100904 100960 101025 100945 100905 0 0
E 389932 cfg=208 nodes= 62688 62696 62687 62679 100961 101026 100956 100921 0 0
E 389933 cfg=208 nodes= 100961 101026 100956 100921 100962 101027 100957 100922 0 0
E 389934 cfg=208 nodes= 100962 101027 100957 100922 100963 101028 100958 100923 0 0
E 389935 cfg=208 nodes= 100963 101028 100958 100923 100964 101029 100959 100924 0 0
E 389936 cfg=208 nodes= 100964 101029 100959 100924 100965 101030 100960 100925 0 0
E 389937 cfg=208 nodes= 60957 62698 62688 59758 97751 101031 100961 97681 0 0
E 389938 cfg=208 nodes= 97751 101031 100961 97681 97752 101032 100962 97682 0 0
E 389939 cfg=208 nodes= 97752 101032 100962 97682 97753 101033 100963 97683 0 0
E 389940 cfg=208 nodes= 97753 101033 100963 97683 97754 101034 100964 97684 0 0
E 389941 cfg=208 nodes= 97754 101034 100964 97684 97755 101035 100965 97685 0 0
E 389942 cfg=208 nodes= 62699 62697 62609 62608 101036 101037 101007 100988 0 0
E 389943 cfg=208 nodes= 101036 101037 101007 100988 101038 101039 101009 100991 0 0
E 389944 cfg=208 nodes= 101038 101039 101009 100991 101040 101041 101011 100994 0 0
E 389945 cfg=208 nodes= 101040 101041 101011 100994 101042 101043 101013 100997 0 0
E 389946 cfg=208 nodes= 101042 101043 101013 100997 101044 101045 101015 101000 0 0
E 389947 cfg=208 nodes= 62693 62532 62531 62683 100976 101046 100967 100966 0 0
E 389948 cfg=208 nodes= 100976 101046 100967 100966 100977 101047 100969 100968 0 0
E 389949 cfg=208 nodes= 100977 101047 100969 100968 100978 101048 100971 100970 0 0
E 389950 cfg=208 nodes= 100978 101048 100971 100970 100979 101049 100973 100972 0 0
E 389951 cfg=208 nodes= 100979 101049 100973 100972 100980 101050 100975 100974 0 0
E 389952 cfg=208 nodes= 62692 62702 62690 62681 100981 101051 101016 100936 0 0
E 389953 cfg=208 nodes= 100981 101051 101016 100936 100982 101052 101017 100937 0 0
E 389954 cfg=208 nodes= 100982 101052 101017 100937 100983 101053 101018 100938 0 0
E 389955 cfg=208 nodes= 100983 101053 101018 100938 100984 101054 101019 100939 0 0
E 389956 cfg=208 nodes= 100984 101054 101019 100939 100985 101055 101020 100940 0 0
E 389957 cfg=208 nodes= 62685 62690 62700 62691 100987 101016 101056 100986 0 0
E 389958 cfg=208 nodes= 100987 101016 101056 100986 100990 101017 101057 100989 0 0
E 389959 cfg=208 nodes= 100990 101017 101057 100989 100993 101018 101058 100992 0 0
E 389960 cfg=208 nodes= 100993 101018 101058 100992 100996 101019 101059 100995 0 0
E 389961 cfg=208 nodes= 100996 101019 101059 100995 100999 101020 101060 100998 0 0
E 389962 cfg=208 nodes= 62689 62701 62694 62686 101006 101061 101001 100946 0 0
E 389963 cfg=208 nodes= 101006 101061 101001 100946 101008 101062 101002 100948 0 0
E 389964 cfg=208 nodes= 101008 101062 101002 100948 101010 101063 101003 100950 0 0
E 389965 cfg=208 nodes= 101010 101063 101003 100950 101012 101064 101004 100952 0 0
E 389966 cfg=208 nodes= 101012 101064 101004 100952 101014 101065 101005 100954 0 0
E 389967 cfg=208 nodes= 62694 62703 62693 62682 101001 101066 100976 100931 0 0
E 389968 cfg=208 nodes= 101001 101066 100976 100931 101002 101067 100977 100932 0 0
E 389969 cfg=208 nodes= 101002 101067 100977 100932 101003 101068 100978 100933 0 0
E 389970 cfg=208 nodes= 101003 101068 100978 100933 101004 101069 100979 100934 0 0
E 389971 cfg=208 nodes= 101004 101069 100979 100934 101005 101070 100980 100935 0 0
E 389972 cfg=208 nodes= 62695 62704 62692 62684 101021 101071 100981 100941 0 0
E 389973 cfg=208 nodes= 101021 101071 100981 100941 101022 101072 100982 100942 0 0
E 389974 cfg=208 nodes= 101022 101072 100982 100942 101023 101073 100983 100943 0 0
E 389975 cfg=208 nodes= 101023 101073 100983 100943 101024 101074 100984 100944 0 0
E 389976 cfg=208 nodes= 101024 101074 100984 100944 101025 101075 100985 100945 0 0
E 389977 cfg=208 nodes= 62696 62705 62695 62687 101026 101076 101021 100956 0 0
E 389978 cfg=208 nodes= 101026 101076 101021 100956 101027 101077 101022 100957 0 0
E 389979 cfg=208 nodes= 101027 101077 101022 100957 101028 101078 101023 100958 0 0
E 389980 cfg=208 nodes= 101028 101078 101023 100958 101029 101079 101024 100959 0 0
E 389981 cfg=208 nodes= 101029 101079 101024 100959 101030 101080 101025 100960 0 0
E 389982 cfg=208 nodes= 62698 62706 62696 62688 101031 101081 101026 100961 0 0
E 389983 cfg=208 nodes= 101031 101081 101026 100961 101032 101082 101027 100962 0 0
E 389984 cfg=208 nodes= 101032 101082 101027 100962 101033 101083 101028 100963 0 0
E 389985 cfg=208 nodes= 101033 101083 101028 100963 101034 101084 101029 100964 0 0
E 389986 cfg=208 nodes= 101034 101084 101029 100964 101035 101085 101030 100965 0 0
E 389987 cfg=208 nodes= 60958 62708 62698 60957 97821 101086 101031 97751 0 0
E 389988 cfg=208 nodes= 97821 101086 101031 97751 97822 101087 101032 97752 0 0
E 389989 cfg=208 nodes= 97822 101087 101032 97752 97823 101088 101033 97753 0 0
E 389990 cfg=208 nodes= 97823 101088 101033 97753 97824 101089 101034 97754 0 0
E 389991 cfg=208 nodes= 97824 101089 101034 97754 97825 101090 101035 97755 0 0
E 389992 cfg=208 nodes= 62697 62711 62701 62689 101037 101091 101061 101006 0 0
E 389993 cfg=208 nodes= 101037 101091 101061 101006 101039 101092 101062 101008 0 0
E 389994 cfg=208 nodes= 101039 101092 101062 101008 101041 101093 101063 101010 0 0
E 389995 cfg=208 nodes= 101041 101093 101063 101010 101043 101094 101064 101012 0 0
E 389996 cfg=208 nodes= 101043 101094 101064 101012 101045 101095 101065 101014 0 0
E 389997 cfg=208 nodes= 62699 62691 62700 62710 101036 100986 101056 101096 0 0
E 389998 cfg=208 nodes= 101036 100986 101056 101096 101038 100989 101057 101097 0 0
E 389999 cfg=208 nodes= 101038 100989 101057 101097 101040 100992 101058 101098 0 0
E 390000 cfg=208 nodes= 101040 100992 101058 101098 101042 100995 101059 101099 0 0
E 390001 cfg=208 nodes= 101042 100995 101059 101099 101044 100998 101060 101100 0 0
E 390002 cfg=208 nodes= 62702 62712 62700 62690 101051 101101 101056 101016 0 0
E 390003 cfg=208 nodes= 101051 101101 101056 101016 101052 101102 101057 101017 0 0
E 390004 cfg=208 nodes= 101052 101102 101057 101017 101053 101103 101058 101018 0 0
E 390005 cfg=208 nodes= 101053 101103 101058 101018 101054 101104 101059 101019 0 0
E 390006 cfg=208 nodes= 101054 101104 101059 101019 101055 101105 101060 101020 0 0
E 390007 cfg=208 nodes= 62703 62533 62532 62693 101066 101106 101046 100976 0 0
E 390008 cfg=208 nodes= 101066 101106 101046 100976 101067 101107 101047 100977 0 0
E 390009 cfg=208 nodes= 101067 101107 101047 100977 101068 101108 101048 100978 0 0
E 390010 cfg=208 nodes= 101068 101108 101048 100978 101069 101109 101049 100979 0 0
E 390011 cfg=208 nodes= 101069 101109 101049 100979 101070 101110 101050 100980 0 0
E 390012 cfg=208 nodes= 62704 62713 62702 62692 101071 101111 101051 100981 0 0
E 390013 cfg=208 nodes= 101071 101111 101051 100981 101072 101112 101052 100982 0 0
E 390014 cfg=208 nodes= 101072 101112 101052 100982 101073 101113 101053 100983 0 0
E 390015 cfg=208 nodes= 101073 101113 101053 100983 101074 101114 101054 100984 0 0
E 390016 cfg=208 nodes= 101074 101114 101054 100984 101075 101115 101055 100985 0 0
E 390017 cfg=208 nodes= 62714 62703 62694 62707 101116 101066 101001 101117 0 0
E 390018 cfg=208 nodes= 101116 101066 101001 101117 101118 101067 101002 101119 0 0
E 390019 cfg=208 nodes= 101118 101067 101002 101119 101120 101068 101003 101121 0 0
E 390020 cfg=208 nodes= 101120 101068 101003 101121 101122 101069 101004 101123 0 0
E 390021 cfg=208 nodes= 101122 101069 101004 101123 101124 101070 101005 101125 0 0
E 390022 cfg=208 nodes= 62705 62715 62704 62695 101076 101126 101071 101021 0 0
E 390023 cfg=208 nodes= 101076 101126 101071 101021 101077 101127 101072 101022 0 0
E 390024 cfg=208 nodes= 101077 101127 101072 101022 101078 101128 101073 101023 0 0
E 390025 cfg=208 nodes= 101078 101128 101073 101023 101079 101129 101074 101024 0 0
E 390026 cfg=208 nodes= 101079 101129 101074 101024 101080 101130 101075 101025 0 0
E 390027 cfg=208 nodes= 62706 62716 62705 62696 101081 101131 101076 101026 0 0
E 390028 cfg=208 nodes= 101081 101131 101076 101026 101082 101132 101077 101027 0 0
E 390029 cfg=208 nodes= 101082 101132 101077 101027 101083 101133 101078 101028 0 0
E 390030 cfg=208 nodes= 101083 101133 101078 101028 101084 101134 101079 101029 0 0
E 390031 cfg=208 nodes= 101084 101134 101079 101029 101085 101135 101080 101030 0 0
E 390032 cfg=208 nodes= 62708 62717 62706 62698 101086 101136 101081 101031 0 0
E 390033 cfg=208 nodes= 101086 101136 101081 101031 101087 101137 101082 101032 0 0
E 390034 cfg=208 nodes= 101087 101137 101082 101032 101088 101138 101083 101033 0 0
E 390035 cfg=208 nodes= 101088 101138 101083 101033 101089 101139 101084 101034 0 0
E 390036 cfg=208 nodes= 101089 101139 101084 101034 101090 101140 101085 101035 0 0
E 390037 cfg=208 nodes= 62709 62719 62711 62697 101141 101142 101091 101037 0 0
E 390038 cfg=208 nodes= 101141 101142 101091 101037 101143 101144 101092 101039 0 0
E 390039 cfg=208 nodes= 101143 101144 101092 101039 101145 101146 101093 101041 0 0
E 390040 cfg=208 nodes= 101145 101146 101093 101041 101147 101148 101094 101043 0 0
E 390041 cfg=208 nodes= 101147 101148 101094 101043 101149 101150 101095 101045 0 0
E 390042 cfg=208 nodes= 60959 62720 62708 60958 97891 101151 101086 97821 0 0
E 390043 cfg=208 nodes= 97891 101151 101086 97821 97892 101152 101087 97822 0 0
E 390044 cfg=208 nodes= 97892 101152 101087 97822 97893 101153 101088 97823 0 0
E 390045 cfg=208 nodes= 97893 101153 101088 97823 97894 101154 101089 97824 0 0
E 390046 cfg=208 nodes= 97894 101154 101089 97824 97895 101155 101090 97825 0 0
E 390047 cfg=208 nodes= 62718 62707 62701 62711 101156 101117 101061 101091 0 0
E 390048 cfg=208 nodes= 101156 101117 101061 101091 101157 101119 101062 101092 0 0
E 390049 cfg=208 nodes= 101157 101119 101062 101092 101158 101121 101063 101093 0 0
E 390050 cfg=208 nodes= 101158 101121 101063 101093 101159 101123 101064 101094 0 0
E 390051 cfg=208 nodes= 101159 101123 101064 101094 101160 101125 101065 101095 0 0
E 390052 cfg=208 nodes= 62709 62699 62710 62721 101141 101036 101096 101161 0 0
E 390053 cfg=208 nodes= 101141 101036 101096 101161 101143 101038 101097 101162 0 0
E 390054 cfg=208 nodes= 101143 101038 101097 101162 101145 101040 101098 101163 0 0
E 390055 cfg=208 nodes= 101145 101040 101098 101163 101147 101042 101099 101164 0 0
E 390056 cfg=208 nodes= 101147 101042 101099 101164 101149 101044 101100 101165 0 0
E 390057 cfg=208 nodes= 62710 62700 62712 62722 101096 101056 101101 101166 0 0
E 390058 cfg=208 nodes= 101096 101056 101101 101166 101097 101057 101102 101167 0 0
E 390059 cfg=208 nodes= 101097 101057 101102 101167 101098 101058 101103 101168 0 0
E 390060 cfg=208 nodes= 101098 101058 101103 101168 101099 101059 101104 101169 0 0
E 390061 cfg=208 nodes= 101099 101059 101104 101169 101100 101060 101105 101170 0 0
E 390062 cfg=208 nodes= 62713 62723 62712 62702 101111 101171 101101 101051 0 0
E 390063 cfg=208 nodes= 101111 101171 101101 101051 101112 101172 101102 101052 0 0
E 390064 cfg=208 nodes= 101112 101172 101102 101052 101113 101173 101103 101053 0 0
E 390065 cfg=208 nodes= 101113 101173 101103 101053 101114 101174 101104 101054 0 0
E 390066 cfg=208 nodes= 101114 101174 101104 101054 101115 101175 101105 101055 0 0
E 390067 cfg=208 nodes= 62703 62714 62534 62533 101066 101116 101176 101106 0 0
E 390068 cfg=208 nodes= 101066 101116 101176 101106 101067 101118 101177 101107 0 0
E 390069 cfg=208 nodes= 101067 101118 101177 101107 101068 101120 101178 101108 0 0
E 390070 cfg=208 nodes= 101068 101120 101178 101108 101069 101122 101179 101109 0 0
E 390071 cfg=208 nodes= 101069 101122 101179 101109 101070 101124 101180 101110 0 0
E 390072 cfg=208 nodes= 62715 62724 62713 62704 101126 101181 101111 101071 0 0
E 390073 cfg=208 nodes= 101126 101181 101111 101071 101127 101182 101112 101072 0 0
E 390074 cfg=208 nodes= 101127 101182 101112 101072 101128 101183 101113 101073 0 0
E 390075 cfg=208 nodes= 101128 101183 101113 101073 101129 101184 101114 101074 0 0
E 390076 cfg=208 nodes= 101129 101184 101114 101074 101130 101185 101115 101075 0 0
E 390077 cfg=208 nodes= 62716 62725 62715 62705 101131 101186 101126 101076 0 0
E 390078 cfg=208 nodes= 101131 101186 101126 101076 101132 101187 101127 101077 0 0
E 390079 cfg=208 nodes= 101132 101187 101127 101077 101133 101188 101128 101078 0 0
E 390080 cfg=208 nodes= 101133 101188 101128 101078 101134 101189 101129 101079 0 0
E 390081 cfg=208 nodes= 101134 101189 101129 101079 101135 101190 101130 101080 0 0
E 390082 cfg=208 nodes= 62726 62714 62707 62718 101191 101116 101117 101156 0 0
E 390083 cfg=208 nodes= 101191 101116 101117 101156 101192 101118 101119 101157 0 0
E 390084 cfg=208 nodes= 101192 101118 101119 101157 101193 101120 101121 101158 0 0
E 390085 cfg=208 nodes= 101193 101120 101121 101158 101194 101122 101123 101159 0 0
E 390086 cfg=208 nodes= 101194 101122 101123 101159 101195 101124 101125 101160 0 0
E 390087 cfg=208 nodes= 62717 62727 62716 62706 101136 101196 101131 101081 0 0
E 390088 cfg=208 nodes= 101136 101196 101131 101081 101137 101197 101132 101082 0 0
E 390089 cfg=208 nodes= 101137 101197 101132 101082 101138 101198 101133 101083 0 0
E 390090 cfg=208 nodes= 101138 101198 101133 101083 101139 101199 101134 101084 0 0
E 390091 cfg=208 nodes= 101139 101199 101134 101084 101140 101200 101135 101085 0 0
E 390092 cfg=208 nodes= 62720 62729 62717 62708 101151 101201 101136 101086 0 0
E 390093 cfg=208 nodes= 101151 101201 101136 101086 101152 101202 101137 101087 0 0
E 390094 cfg=208 nodes= 101152 101202 101137 101087 101153 101203 101138 101088 0 0
E 390095 cfg=208 nodes= 101153 101203 101138 101088 101154 101204 101139 101089 0 0
E 390096 cfg=208 nodes= 101154 101204 101139 101089 101155 101205 101140 101090 0 0
E 390097 cfg=208 nodes= 62711 62719 62728 62718 101091 101142 101206 101156 0 0
E 390098 cfg=208 nodes= 101091 101142 101206 101156 101092 101144 101207 101157 0 0
E 390099 cfg=208 nodes= 101092 101144 101207 101157 101093 101146 101208 101158 0 0
E 390100 cfg=208 nodes= 101093 101146 101208 101158 101094 101148 101209 101159 0 0
E 390101 cfg=208 nodes= 101094 101148 101209 101159 101095 101150 101210 101160 0 0
E 390102 cfg=208 nodes= 62719 62709 62721 62730 101142 101141 101161 101211 0 0
E 390103 cfg=208 nodes= 101142 101141 101161 101211 101144 101143 101162 101212 0 0
E 390104 cfg=208 nodes= 101144 101143 101162 101212 101146 101145 101163 101213 0 0
E 390105 cfg=208 nodes= 101146 101145 101163 101213 101148 101147 101164 101214 0 0
E 390106 cfg=208 nodes= 101148 101147 101164 101214 101150 101149 101165 101215 0 0
E 390107 cfg=208 nodes= 62721 62710 62722 62731 101161 101096 101166 101216 0 0
E 390108 cfg=208 nodes= 101161 101096 101166 101216 101162 101097 101167 101217 0 0
E 390109 cfg=208 nodes= 101162 101097 101167 101217 101163 101098 101168 101218 0 0
E 390110 cfg=208 nodes= 101163 101098 101168 101218 101164 101099 101169 101219 0 0
E 390111 cfg=208 nodes= 101164 101099 101169 101219 101165 101100 101170 101220 0 0
E 390112 cfg=208 nodes= 60960 62732 62720 60959 97961 101221 101151 97891 0 0
E 390113 cfg=208 nodes= 97961 101221 101151 97891 97962 101222 101152 97892 0 0
E 390114 cfg=208 nodes= 97962 101222 101152 97892 97963 101223 101153 97893 0 0
E 390115 cfg=208 nodes= 97963 101223 101153 97893 97964 101224 101154 97894 0 0
E 390116 cfg=208 nodes= 97964 101224 101154 97894 97965 101225 101155 97895 0 0
E 390117 cfg=208 nodes= 62723 62733 62722 62712 101171 101226 101166 101101 0 0
E 390118 cfg=208 nodes= 101171 101226 101166 101101 101172 101227 101167 101102 0 0
E 390119 cfg=208 nodes= 101172 101227 101167 101102 101173 101228 101168 101103 0 0
E 390120 cfg=208 nodes= 101173 101228 101168 101103 101174 101229 101169 101104 0 0
E 390121 cfg=208 nodes= 101174 101229 101169 101104 101175 101230 101170 101105 0 0
E 390122 cfg=208 nodes= 62724 62734 62723 62713 101181 101231 101171 101111 0 0
E 390123 cfg=208 nodes= 101181 101231 101171 101111 101182 101232 101172 101112 0 0
E 390124 cfg=208 nodes= 101182 101232 101172 101112 101183 101233 101173 101113 0 0
E 390125 cfg=208 nodes= 101183 101233 101173 101113 101184 101234 101174 101114 0 0
E 390126 cfg=208 nodes= 101184 101234 101174 101114 101185 101235 101175 101115 0 0
E 390127 cfg=208 nodes= 62714 62726 62535 62534 101116 101191 101236 101176 0 0
E 390128 cfg=208 nodes= 101116 101191 101236 101176 101118 101192 101237 101177 0 0
E 390129 cfg=208 nodes= 101118 101192 101237 101177 101120 101193 101238 101178 0 0
E 390130 cfg=208 nodes= 101120 101193 101238 101178 101122 101194 101239 101179 0 0
E 390131 cfg=208 nodes= 101122 101194 101239 101179 101124 101195 101240 101180 0 0
E 390132 cfg=208 nodes= 62725 62735 62724 62715 101186 101241 101181 101126 0 0
E 390133 cfg=208 nodes= 101186 101241 101181 101126 101187 101242 101182 101127 0 0
E 390134 cfg=208 nodes= 101187 101242 101182 101127 101188 101243 101183 101128 0 0
E 390135 cfg=208 nodes= 101188 101243 101183 101128 101189 101244 101184 101129 0 0
E 390136 cfg=208 nodes= 101189 101244 101184 101129 101190 101245 101185 101130 0 0
E 390137 cfg=208 nodes= 62727 62736 62725 62716 101196 101246 101186 101131 0 0
E 390138 cfg=208 nodes= 101196 101246 101186 101131 101197 101247 101187 101132 0 0
E 390139 cfg=208 nodes= 101197 101247 101187 101132 101198 101248 101188 101133 0 0
E 390140 cfg=208 nodes= 101198 101248 101188 101133 101199 101249 101189 101134 0 0
E 390141 cfg=208 nodes= 101199 101249 101189 101134 101200 101250 101190 101135 0 0
E 390142 cfg=208 nodes= 62718 62728 62737 62726 101156 101206 101251 101191 0 0
E 390143 cfg=208 nodes= 101156 101206 101251 101191 101157 101207 101252 101192 0 0
E 390144 cfg=208 nodes= 101157 101207 101252 101192 101158 101208 101253 101193 0 0
E 390145 cfg=208 nodes= 101158 101208 101253 101193 101159 101209 101254 101194 0 0
E 390146 cfg=208 nodes= 101159 101209 101254 101194 101160 101210 101255 101195 0 0
E 390147 cfg=208 nodes= 62729 62738 62727 62717 101201 101256 101196 101136 0 0
E 390148 cfg=208 nodes= 101201 101256 101196 101136 101202 101257 101197 101137 0 0
E 390149 cfg=208 nodes= 101202 101257 101197 101137 101203 101258 101198 101138 0 0
E 390150 cfg=208 nodes= 101203 101258 101198 101138 101204 101259 101199 101139 0 0
E 390151 cfg=208 nodes= 101204 101259 101199 101139 101205 101260 101200 101140 0 0
E 390152 cfg=208 nodes= 62728 62719 62730 62739 101206 101142 101211 101261 0 0
E 390153 cfg=208 nodes= 101206 101142 101211 101261 101207 101144 101212 101262 0 0
E 390154 cfg=208 nodes= 101207 101144 101212 101262 101208 101146 101213 101263 0 0
E 390155 cfg=208 nodes= 101208 101146 101213 101263 101209 101148 101214 101264 0 0
E 390156 cfg=208 nodes= 101209 101148 101214 101264 101210 101150 101215 101265 0 0
E 390157 cfg=208 nodes= 62732 62741 62729 62720 101221 101266 101201 101151 0 0
E 390158 cfg=208 nodes= 101221 101266 101201 101151 101222 101267 101202 101152 0 0
E 390159 cfg=208 nodes= 101222 101267 101202 101152 101223 101268 101203 101153 0 0
E 390160 cfg=208 nodes= 101223 101268 101203 101153 101224 101269 101204 101154 0 0
E 390161 cfg=208 nodes= 101224 101269 101204 101154 101225 101270 101205 101155 0 0
E 390162 cfg=208 nodes= 62730 62721 62731 62740 101211 101161 101216 101271 0 0
E 390163 cfg=208 nodes= 101211 101161 101216 101271 101212 101162 101217 101272 0 0
E 390164 cfg=208 nodes= 101212 101162 101217 101272 101213 101163 101218 101273 0 0
E 390165 cfg=208 nodes= 101213 101163 101218 101273 101214 101164 101219 101274 0 0
E 390166 cfg=208 nodes= 101214 101164 101219 101274 101215 101165 101220 101275 0 0
E 390167 cfg=208 nodes= 62733 62742 62731 62722 101226 101276 101216 101166 0 0
E 390168 cfg=208 nodes= 101226 101276 101216 101166 101227 101277 101217 101167 0 0
E 390169 cfg=208 nodes= 101227 101277 101217 101167 101228 101278 101218 101168 0 0
E 390170 cfg=208 nodes= 101228 101278 101218 101168 101229 101279 101219 101169 0 0
E 390171 cfg=208 nodes= 101229 101279 101219 101169 101230 101280 101220 101170 0 0
E 390172 cfg=208 nodes= 60961 62743 62732 60960 98031 101281 101221 97961 0 0
E 390173 cfg=208 nodes= 98031 101281 101221 97961 98032 101282 101222 97962 0 0
E 390174 cfg=208 nodes= 98032 101282 101222 97962 98033 101283 101223 97963 0 0
E 390175 cfg=208 nodes= 98033 101283 101223 97963 98034 101284 101224 97964 0 0
E 390176 cfg=208 nodes= 98034 101284 101224 97964 98035 101285 101225 97965 0 0
E 390177 cfg=208 nodes= 62734 62744 62733 62723 101231 101286 101226 101171 0 0
E 390178 cfg=208 nodes= 101231 101286 101226 101171 101232 101287 101227 101172 0 0
E 390179 cfg=208 nodes= 101232 101287 101227 101172 101233 101288 101228 101173 0 0
E 390180 cfg=208 nodes= 101233 101288 101228 101173 101234 101289 101229 101174 0 0
E 390181 cfg=208 nodes= 101234 101289 101229 101174 101235 101290 101230 101175 0 0
E 390182 cfg=208 nodes= 62735 62745 62734 62724 101241 101291 101231 101181 0 0
E 390183 cfg=208 nodes= 101241 101291 101231 101181 101242 101292 101232 101182 0 0
E 390184 cfg=208 nodes= 101242 101292 101232 101182 101243 101293 101233 101183 0 0
E 390185 cfg=208 nodes= 101243 101293 101233 101183 101244 101294 101234 101184 0 0
E 390186 cfg=208 nodes= 101244 101294 101234 101184 101245 101295 101235 101185 0 0
E 390187 cfg=208 nodes= 62726 62737 62536 62535 101191 101251 101296 101236 0 0
E 390188 cfg=208 nodes= 101191 101251 101296 101236 101192 101252 101297 101237 0 0
E 390189 cfg=208 nodes= 101192 101252 101297 101237 101193 101253 101298 101238 0 0
E 390190 cfg=208 nodes= 101193 101253 101298 101238 101194 101254 101299 101239 0 0
E 390191 cfg=208 nodes= 101194 101254 101299 101239 101195 101255 101300 101240 0 0
E 390192 cfg=208 nodes= 62736 62746 62735 62725 101246 101301 101241 101186 0 0
E 390193 cfg=208 nodes= 101246 101301 101241 101186 101247 101302 101242 101187 0 0
E 390194 cfg=208 nodes= 101247 101302 101242 101187 101248 101303 101243 101188 0 0
E 390195 cfg=208 nodes= 101248 101303 101243 101188 101249 101304 101244 101189 0 0
E 390196 cfg=208 nodes= 101249 101304 101244 101189 101250 101305 101245 101190 0 0
E 390197 cfg=208 nodes= 62738 62748 62736 62727 101256 101306 101246 101196 0 0
E 390198 cfg=208 nodes= 101256 101306 101246 101196 101257 101307 101247 101197 0 0
E 390199 cfg=208 nodes= 101257 101307 101247 101197 101258 101308 101248 101198 0 0
E 390200 cfg=208 nodes= 101258 101308 101248 101198 101259 101309 101249 101199 0 0
E 390201 cfg=208 nodes= 101259 101309 101249 101199 101260 101310 101250 101200 0 0
E 390202 cfg=208 nodes= 62737 62728 62739 62747 101251 101206 101261 101311 0 0
E 390203 cfg=208 nodes= 101251 101206 101261 101311 101252 101207 101262 101312 0 0
E 390204 cfg=208 nodes= 101252 101207 101262 101312 101253 101208 101263 101313 0 0
E 390205 cfg=208 nodes= 101253 101208 101263 101313 101254 101209 101264 101314 0 0
E 390206 cfg=208 nodes= 101254 101209 101264 101314 101255 101210 101265 101315 0 0
E 390207 cfg=208 nodes= 62739 62730 62740 62749 101261 101211 101271 101316 0 0
E 390208 cfg=208 nodes= 101261 101211 101271 101316 101262 101212 101272 101317 0 0
E 390209 cfg=208 nodes= 101262 101212 101272 101317 101263 101213 101273 101318 0 0
E 390210 cfg=208 nodes= 101263 101213 101273 101318 101264 101214 101274 101319 0 0
E 390211 cfg=208 nodes= 101264 101214 101274 101319 101265 101215 101275 101320 0 0
E 390212 cfg=208 nodes= 62741 62750 62738 62729 101266 101321 101256 101201 0 0
E 390213 cfg=208 nodes= 101266 101321 101256 101201 101267 101322 101257 101202 0 0
E 390214 cfg=208 nodes= 101267 101322 101257 101202 101268 101323 101258 101203 0 0
E 390215 cfg=208 nodes= 101268 101323 101258 101203 101269 101324 101259 101204 0 0
E 390216 cfg=208 nodes= 101269 101324 101259 101204 101270 101325 101260 101205 0 0
E 390217 cfg=208 nodes= 62742 62751 62740 62731 101276 101326 101271 101216 0 0
E 390218 cfg=208 nodes= 101276 101326 101271 101216 101277 101327 101272 101217 0 0
E 390219 cfg=208 nodes= 101277 101327 101272 101217 101278 101328 101273 101218 0 0
E 390220 cfg=208 nodes= 101278 101328 101273 101218 101279 101329 101274 101219 0 0
E 390221 cfg=208 nodes= 101279 101329 101274 101219 101280 101330 101275 101220 0 0
E 390222 cfg=208 nodes= 62743 62752 62741 62732 101281 101331 101266 101221 0 0
E 390223 cfg=208 nodes= 101281 101331 101266 101221 101282 101332 101267 101222 0 0
E 390224 cfg=208 nodes= 101282 101332 101267 101222 101283 101333 101268 101223 0 0
E 390225 cfg=208 nodes= 101283 101333 101268 101223 101284 101334 101269 101224 0 0
E 390226 cfg=208 nodes= 101284 101334 101269 101224 101285 101335 101270 101225 0 0
E 390227 cfg=208 nodes= 62744 62753 62742 62733 101286 101336 101276 101226 0 0
E 390228 cfg=208 nodes= 101286 101336 101276 101226 101287 101337 101277 101227 0 0
E 390229 cfg=208 nodes= 101287 101337 101277 101227 101288 101338 101278 101228 0 0
E 390230 cfg=208 nodes= 101288 101338 101278 101228 101289 101339 101279 101229 0 0
E 390231 cfg=208 nodes= 101289 101339 101279 101229 101290 101340 101280 101230 0 0
E 390232 cfg=208 nodes= 60962 62754 62743 60961 98101 101341 101281 98031 0 0
E 390233 cfg=208 nodes= 98101 101341 101281 98031 98102 101342 101282 98032 0 0
E 390234 cfg=208 nodes= 98102 101342 101282 98032 98103 101343 101283 98033 0 0
E 390235 cfg=208 nodes= 98103 101343 101283 98033 98104 101344 101284 98034 0 0
E 390236 cfg=208 nodes= 98104 101344 101284 98034 98105 101345 101285 98035 0 0
E 390237 cfg=208 nodes= 62745 62755 62744 62734 101291 101346 101286 101231 0 0
E 390238 cfg=208 nodes= 101291 101346 101286 101231 101292 101347 101287 101232 0 0
E 390239 cfg=208 nodes= 101292 101347 101287 101232 101293 101348 101288 101233 0 0
E 390240 cfg=208 nodes= 101293 101348 101288 101233 101294 101349 101289 101234 0 0
E 390241 cfg=208 nodes= 101294 101349 101289 101234 101295 101350 101290 101235 0 0
E 390242 cfg=208 nodes= 62746 62756 62745 62735 101301 101351 101291 101241 0 0
E 390243 cfg=208 nodes= 101301 101351 101291 101241 101302 101352 101292 101242 0 0
E 390244 cfg=208 nodes= 101302 101352 101292 101242 101303 101353 101293 101243 0 0
E 390245 cfg=208 nodes= 101303 101353 101293 101243 101304 101354 101294 101244 0 0
E 390246 cfg=208 nodes= 101304 101354 101294 101244 101305 101355 101295 101245 0 0
E 390247 cfg=208 nodes= 62536 62737 62747 62537 101296 101251 101311 101356 0 0
E 390248 cfg=208 nodes= 101296 101251 101311 101356 101297 101252 101312 101357 0 0
E 390249 cfg=208 nodes= 101297 101252 101312 101357 101298 101253 101313 101358 0 0
E 390250 cfg=208 nodes= 101298 101253 101313 101358 101299 101254 101314 101359 0 0
E 390251 cfg=208 nodes= 101299 101254 101314 101359 101300 101255 101315 101360 0 0
E 390252 cfg=208 nodes= 62748 62757 62746 62736 101306 101361 101301 101246 0 0
E 390253 cfg=208 nodes= 101306 101361 101301 101246 101307 101362 101302 101247 0 0
E 390254 cfg=208 nodes= 101307 101362 101302 101247 101308 101363 101303 101248 0 0
E 390255 cfg=208 nodes= 101308 101363 101303 101248 101309 101364 101304 101249 0 0
E 390256 cfg=208 nodes= 101309 101364 101304 101249 101310 101365 101305 101250 0 0
E 390257 cfg=208 nodes= 62747 62739 62749 62758 101311 101261 101316 101366 0 0
E 390258 cfg=208 nodes= 101311 101261 101316 101366 101312 101262 101317 101367 0 0
E 390259 cfg=208 nodes= 101312 101262 101317 101367 101313 101263 101318 101368 0 0
E 390260 cfg=208 nodes= 101313 101263 101318 101368 101314 101264 101319 101369 0 0
E 390261 cfg=208 nodes= 101314 101264 101319 101369 101315 101265 101320 101370 0 0
E 390262 cfg=208 nodes= 62750 62759 62748 62738 101321 101371 101306 101256 0 0
E 390263 cfg=208 nodes= 101321 101371 101306 101256 101322 101372 101307 101257 0 0
E 390264 cfg=208 nodes= 101322 101372 101307 101257 101323 101373 101308 101258 0 0
E 390265 cfg=208 nodes= 101323 101373 101308 101258 101324 101374 101309 101259 0 0
E 390266 cfg=208 nodes= 101324 101374 101309 101259 101325 101375 101310 101260 0 0
E 390267 cfg=208 nodes= 62751 62760 62749 62740 101326 101376 101316 101271 0 0
E 390268 cfg=208 nodes= 101326 101376 101316 101271 101327 101377 101317 101272 0 0
E 390269 cfg=208 nodes= 101327 101377 101317 101272 101328 101378 101318 101273 0 0
E 390270 cfg=208 nodes= 101328 101378 101318 101273 101329 101379 101319 101274 0 0
E 390271 cfg=208 nodes= 101329 101379 101319 101274 101330 101380 101320 101275 0 0
E 390272 cfg=208 nodes= 62752 62761 62750 62741 101331 101381 101321 101266 0 0
E 390273 cfg=208 nodes= 101331 101381 101321 101266 101332 101382 101322 101267 0 0
E 390274 cfg=208 nodes= 101332 101382 101322 101267 101333 101383 101323 101268 0 0
E 390275 cfg=208 nodes= 101333 101383 101323 101268 101334 101384 101324 101269 0 0
E 390276 cfg=208 nodes= 101334 101384 101324 101269 101335 101385 101325 101270 0 0
E 390277 cfg=208 nodes= 62753 62762 62751 62742 101336 101386 101326 101276 0 0
E 390278 cfg=208 nodes= 101336 101386 101326 101276 101337 101387 101327 101277 0 0
E 390279 cfg=208 nodes= 101337 101387 101327 101277 101338 101388 101328 101278 0 0
E 390280 cfg=208 nodes= 101338 101388 101328 101278 101339 101389 101329 101279 0 0
E 390281 cfg=208 nodes= 101339 101389 101329 101279 101340 101390 101330 101280 0 0
E 390282 cfg=208 nodes= 62754 62763 62752 62743 101341 101391 101331 101281 0 0
E 390283 cfg=208 nodes= 101341 101391 101331 101281 101342 101392 101332 101282 0 0
E 390284 cfg=208 nodes= 101342 101392 101332 101282 101343 101393 101333 101283 0 0
E 390285 cfg=208 nodes= 101343 101393 101333 101283 101344 101394 101334 101284 0 0
E 390286 cfg=208 nodes= 101344 101394 101334 101284 101345 101395 101335 101285 0 0
E 390287 cfg=208 nodes= 62755 62764 62753 62744 101346 101396 101336 101286 0 0
E 390288 cfg=208 nodes= 101346 101396 101336 101286 101347 101397 101337 101287 0 0
E 390289 cfg=208 nodes= 101347 101397 101337 101287 101348 101398 101338 101288 0 0
E 390290 cfg=208 nodes= 101348 101398 101338 101288 101349 101399 101339 101289 0 0
E 390291 cfg=208 nodes= 101349 101399 101339 101289 101350 101400 101340 101290 0 0
E 390292 cfg=208 nodes= 62754 60962 60963 62765 101341 98101 98171 101401 0 0
E 390293 cfg=208 nodes= 101341 98101 98171 101401 101342 98102 98172 101402 0 0
E 390294 cfg=208 nodes= 101342 98102 98172 101402 101343 98103 98173 101403 0 0
E 390295 cfg=208 nodes= 101343 98103 98173 101403 101344 98104 98174 101404 0 0
E 390296 cfg=208 nodes= 101344 98104 98174 101404 101345 98105 98175 101405 0 0
E 390297 cfg=208 nodes= 62756 62766 62755 62745 101351 101406 101346 101291 0 0
E 390298 cfg=208 nodes= 101351 101406 101346 101291 101352 101407 101347 101292 0 0
E 390299 cfg=208 nodes= 101352 101407 101347 101292 101353 101408 101348 101293 0 0
E 390300 cfg=208 nodes= 101353 101408 101348 101293 101354 101409 101349 101294 0 0
E 390301 cfg=208 nodes= 101354 101409 101349 101294 101355 101410 101350 101295 0 0
E 390302 cfg=208 nodes= 62757 62767 62756 62746 101361 101411 101351 101301 0 0
E 390303 cfg=208 nodes= 101361 101411 101351 101301 101362 101412 101352 101302 0 0
E 390304 cfg=208 nodes= 101362 101412 101352 101302 101363 101413 101353 101303 0 0
E 390305 cfg=208 nodes= 101363 101413 101353 101303 101364 101414 101354 101304 0 0
E 390306 cfg=208 nodes= 101364 101414 101354 101304 101365 101415 101355 101305 0 0
E 390307 cfg=208 nodes= 62537 62747 62758 62538 101356 101311 101366 101416 0 0
E 390308 cfg=208 nodes= 101356 101311 101366 101416 101357 101312 101367 101417 0 0
E 390309 cfg=208 nodes= 101357 101312 101367 101417 101358 101313 101368 101418 0 0
E 390310 cfg=208 nodes= 101358 101313 101368 101418 101359 101314 101369 101419 0 0
E 390311 cfg=208 nodes= 101359 101314 101369 101419 101360 101315 101370 101420 0 0
E 390312 cfg=208 nodes= 62759 62768 62757 62748 101371 101421 101361 101306 0 0
E 390313 cfg=208 nodes= 101371 101421 101361 101306 101372 101422 101362 101307 0 0
E 390314 cfg=208 nodes= 101372 101422 101362 101307 101373 101423 101363 101308 0 0
E 390315 cfg=208 nodes= 101373 101423 101363 101308 101374 101424 101364 101309 0 0
E 390316 cfg=208 nodes= 101374 101424 101364 101309 101375 101425 101365 101310 0 0
E 390317 cfg=208 nodes= 62760 62769 62758 62749 101376 101426 101366 101316 0 0
E 390318 cfg=208 nodes= 101376 101426 101366 101316 101377 101427 101367 101317 0 0
E 390319 cfg=208 nodes= 101377 101427 101367 101317 101378 101428 101368 101318 0 0
E 390320 cfg=208 nodes= 101378 101428 101368 101318 101379 101429 101369 101319 0 0
E 390321 cfg=208 nodes= 101379 101429 101369 101319 101380 101430 101370 101320 0 0
E 390322 cfg=208 nodes= 62761 62770 62759 62750 101381 101431 101371 101321 0 0
E 390323 cfg=208 nodes= 101381 101431 101371 101321 101382 101432 101372 101322 0 0
E 390324 cfg=208 nodes= 101382 101432 101372 101322 101383 101433 101373 101323 0 0
E 390325 cfg=208 nodes= 101383 101433 101373 101323 101384 101434 101374 101324 0 0
E 390326 cfg=208 nodes= 101384 101434 101374 101324 101385 101435 101375 101325 0 0
E 390327 cfg=208 nodes= 62762 62771 62760 62751 101386 101436 101376 101326 0 0
E 390328 cfg=208 nodes= 101386 101436 101376 101326 101387 101437 101377 101327 0 0
E 390329 cfg=208 nodes= 101387 101437 101377 101327 101388 101438 101378 101328 0 0
E 390330 cfg=208 nodes= 101388 101438 101378 101328 101389 101439 101379 101329 0 0
E 390331 cfg=208 nodes= 101389 101439 101379 101329 101390 101440 101380 101330 0 0
E 390332 cfg=208 nodes= 62763 62772 62761 62752 101391 101441 101381 101331 0 0
E 390333 cfg=208 nodes= 101391 101441 101381 101331 101392 101442 101382 101332 0 0
E 390334 cfg=208 nodes= 101392 101442 101382 101332 101393 101443 101383 101333 0 0
E 390335 cfg=208 nodes= 101393 101443 101383 101333 101394 101444 101384 101334 0 0
E 390336 cfg=208 nodes= 101394 101444 101384 101334 101395 101445 101385 101335 0 0
E 390337 cfg=208 nodes= 62764 62773 62762 62753 101396 101446 101386 101336 0 0
E 390338 cfg=208 nodes= 101396 101446 101386 101336 101397 101447 101387 101337 0 0
E 390339 cfg=208 nodes= 101397 101447 101387 101337 101398 101448 101388 101338 0 0
E 390340 cfg=208 nodes= 101398 101448 101388 101338 101399 101449 101389 101339 0 0
E 390341 cfg=208 nodes= 101399 101449 101389 101339 101400 101450 101390 101340 0 0
E 390342 cfg=208 nodes= 62763 62754 62765 62774 101391 101341 101401 101451 0 0
E 390343 cfg=208 nodes= 101391 101341 101401 101451 101392 101342 101402 101452 0 0
E 390344 cfg=208 nodes= 101392 101342 101402 101452 101393 101343 101403 101453 0 0
E 390345 cfg=208 nodes= 101393 101343 101403 101453 101394 101344 101404 101454 0 0
E 390346 cfg=208 nodes= 101394 101344 101404 101454 101395 101345 101405 101455 0 0
E 390347 cfg=208 nodes= 62766 62775 62764 62755 101406 101456 101396 101346 0 0
E 390348 cfg=208 nodes= 101406 101456 101396 101346 101407 101457 101397 101347 0 0
E 390349 cfg=208 nodes= 101407 101457 101397 101347 101408 101458 101398 101348 0 0
E 390350 cfg=208 nodes= 101408 101458 101398 101348 101409 101459 101399 101349 0 0
E 390351 cfg=208 nodes= 101409 101459 101399 101349 101410 101460 101400 101350 0 0
E 390352 cfg=208 nodes= 62765 60963 60964 62776 101401 98171 98236 101461 0 0
E 390353 cfg=208 nodes= 101401 98171 98236 101461 101402 98172 98237 101462 0 0
E 390354 cfg=208 nodes= 101402 98172 98237 101462 101403 98173 98238 101463 0 0
E 390355 cfg=208 nodes= 101403 98173 98238 101463 101404 98174 98239 101464 0 0
E 390356 cfg=208 nodes= 101404 98174 98239 101464 101405 98175 98240 101465 0 0
E 390357 cfg=208 nodes= 62767 62777 62766 62756 101411 101466 101406 101351 0 0
E 390358 cfg=208 nodes= 101411 101466 101406 101351 101412 101467 101407 101352 0 0
E 390359 cfg=208 nodes= 101412 101467 101407 101352 101413 101468 101408 101353 0 0
E 390360 cfg=208 nodes= 101413 101468 101408 101353 101414 101469 101409 101354 0 0
E 390361 cfg=208 nodes= 101414 101469 101409 101354 101415 101470 101410 101355 0 0
E 390362 cfg=208 nodes= 62768 62778 62767 62757 101421 101471 101411 101361 0 0
E 390363 cfg=208 nodes= 101421 101471 101411 101361 101422 101472 101412 101362 0 0
E 390364 cfg=208 nodes= 101422 101472 101412 101362 101423 101473 101413 101363 0 0
E 390365 cfg=208 nodes= 101423 101473 101413 101363 101424 101474 101414 101364 0 0
E 390366 cfg=208 nodes= 101424 101474 101414 101364 101425 101475 101415 101365 0 0
E 390367 cfg=208 nodes= 62769 62539 62538 62758 101426 101476 101416 101366 0 0
E 390368 cfg=208 nodes= 101426 101476 101416 101366 101427 101477 101417 101367 0 0
E 390369 cfg=208 nodes= 101427 101477 101417 101367 101428 101478 101418 101368 0 0
E 390370 cfg=208 nodes= 101428 101478 101418 101368 101429 101479 101419 101369 0 0
E 390371 cfg=208 nodes= 101429 101479 101419 101369 101430 101480 101420 101370 0 0
E 390372 cfg=208 nodes= 62770 62779 62768 62759 101431 101481 101421 101371 0 0
E 390373 cfg=208 nodes= 101431 101481 101421 101371 101432 101482 101422 101372 0 0
E 390374 cfg=208 nodes= 101432 101482 101422 101372 101433 101483 101423 101373 0 0
E 390375 cfg=208 nodes= 101433 101483 101423 101373 101434 101484 101424 101374 0 0
E 390376 cfg=208 nodes= 101434 101484 101424 101374 101435 101485 101425 101375 0 0
E 390377 cfg=208 nodes= 62771 62780 62769 62760 101436 101486 101426 101376 0 0
E 390378 cfg=208 nodes= 101436 101486 101426 101376 101437 101487 101427 101377 0 0
E 390379 cfg=208 nodes= 101437 101487 101427 101377 101438 101488 101428 101378 0 0
E 390380 cfg=208 nodes= 101438 101488 101428 101378 101439 101489 101429 101379 0 0
E 390381 cfg=208 nodes= 101439 101489 101429 101379 101440 101490 101430 101380 0 0
E 390382 cfg=208 nodes= 62772 62781 62770 62761 101441 101491 101431 101381 0 0
E 390383 cfg=208 nodes= 101441 101491 101431 101381 101442 101492 101432 101382 0 0
E 390384 cfg=208 nodes= 101442 101492 101432 101382 101443 101493 101433 101383 0 0
E 390385 cfg=208 nodes= 101443 101493 101433 101383 101444 101494 101434 101384 0 0
E 390386 cfg=208 nodes= 101444 101494 101434 101384 101445 101495 101435 101385 0 0
E 390387 cfg=208 nodes= 62773 62782 62771 62762 101446 101496 101436 101386 0 0
E 390388 cfg=208 nodes= 101446 101496 101436 101386 101447 101497 101437 101387 0 0
E 390389 cfg=208 nodes= 101447 101497 101437 101387 101448 101498 101438 101388 0 0
E 390390 cfg=208 nodes= 101448 101498 101438 101388 101449 101499 101439 101389 0 0
E 390391 cfg=208 nodes= 101449 101499 101439 101389 101450 101500 101440 101390 0 0
E 390392 cfg=208 nodes= 62772 62763 62774 62783 101441 101391 101451 101501 0 0
E 390393 cfg=208 nodes= 101441 101391 101451 101501 101442 101392 101452 101502 0 0
E 390394 cfg=208 nodes= 101442 101392 101452 101502 101443 101393 101453 101503 0 0
E 390395 cfg=208 nodes= 101443 101393 101453 101503 101444 101394 101454 101504 0 0
E 390396 cfg=208 nodes= 101444 101394 101454 101504 101445 101395 101455 101505 0 0
E 390397 cfg=208 nodes= 62775 62784 62773 62764 101456 101506 101446 101396 0 0
E 390398 cfg=208 nodes= 101456 101506 101446 101396 101457 101507 101447 101397 0 0
E 390399 cfg=208 nodes= 101457 101507 101447 101397 101458 101508 101448 101398 0 0
E 390400 cfg=208 nodes= 101458 101508 101448 101398 101459 101509 101449 101399 0 0
E 390401 cfg=208 nodes= 101459 101509 101449 101399 101460 101510 101450 101400 0 0
E 390402 cfg=208 nodes= 62776 62785 62774 62765 101461 101511 101451 101401 0 0
E 390403 cfg=208 nodes= 101461 101511 101451 101401 101462 101512 101452 101402 0 0
E 390404 cfg=208 nodes= 101462 101512 101452 101402 101463 101513 101453 101403 0 0
E 390405 cfg=208 nodes= 101463 101513 101453 101403 101464 101514 101454 101404 0 0
E 390406 cfg=208 nodes= 101464 101514 101454 101404 101465 101515 101455 101405 0 0
E 390407 cfg=208 nodes= 62777 62786 62775 62766 101466 101516 101456 101406 0 0
E 390408 cfg=208 nodes= 101466 101516 101456 101406 101467 101517 101457 101407 0 0
E 390409 cfg=208 nodes= 101467 101517 101457 101407 101468 101518 101458 101408 0 0
E 390410 cfg=208 nodes= 101468 101518 101458 101408 101469 101519 101459 101409 0 0
E 390411 cfg=208 nodes= 101469 101519 101459 101409 101470 101520 101460 101410 0 0
E 390412 cfg=208 nodes= 62776 60964 60965 62787 101461 98236 98306 101521 0 0
E 390413 cfg=208 nodes= 101461 98236 98306 101521 101462 98237 98307 101522 0 0
E 390414 cfg=208 nodes= 101462 98237 98307 101522 101463 98238 98308 101523 0 0
E 390415 cfg=208 nodes= 101463 98238 98308 101523 101464 98239 98309 101524 0 0
E 390416 cfg=208 nodes= 101464 98239 98309 101524 101465 98240 98310 101525 0 0
E 390417 cfg=208 nodes= 62778 62788 62777 62767 101471 101526 101466 101411 0 0
E 390418 cfg=208 nodes= 101471 101526 101466 101411 101472 101527 101467 101412 0 0
E 390419 cfg=208 nodes= 101472 101527 101467 101412 101473 101528 101468 101413 0 0
E 390420 cfg=208 nodes= 101473 101528 101468 101413 101474 101529 101469 101414 0 0
E 390421 cfg=208 nodes= 101474 101529 101469 101414 101475 101530 101470 101415 0 0
E 390422 cfg=208 nodes= 62779 62789 62778 62768 101481 101531 101471 101421 0 0
E 390423 cfg=208 nodes= 101481 101531 101471 101421 101482 101532 101472 101422 0 0
E 390424 cfg=208 nodes= 101482 101532 101472 101422 101483 101533 101473 101423 0 0
E 390425 cfg=208 nodes= 101483 101533 101473 101423 101484 101534 101474 101424 0 0
E 390426 cfg=208 nodes= 101484 101534 101474 101424 101485 101535 101475 101425 0 0
E 390427 cfg=208 nodes= 62780 62540 62539 62769 101486 101536 101476 101426 0 0
E 390428 cfg=208 nodes= 101486 101536 101476 101426 101487 101537 101477 101427 0 0
E 390429 cfg=208 nodes= 101487 101537 101477 101427 101488 101538 101478 101428 0 0
E 390430 cfg=208 nodes= 101488 101538 101478 101428 101489 101539 101479 101429 0 0
E 390431 cfg=208 nodes= 101489 101539 101479 101429 101490 101540 101480 101430 0 0
E 390432 cfg=208 nodes= 62781 62790 62779 62770 101491 101541 101481 101431 0 0
E 390433 cfg=208 nodes= 101491 101541 101481 101431 101492 101542 101482 101432 0 0
E 390434 cfg=208 nodes= 101492 101542 101482 101432 101493 101543 101483 101433 0 0
E 390435 cfg=208 nodes= 101493 101543 101483 101433 101494 101544 101484 101434 0 0
E 390436 cfg=208 nodes= 101494 101544 101484 101434 101495 101545 101485 101435 0 0
E 390437 cfg=208 nodes= 62782 62791 62780 62771 101496 101546 101486 101436 0 0
E 390438 cfg=208 nodes= 101496 101546 101486 101436 101497 101547 101487 101437 0 0
E 390439 cfg=208 nodes= 101497 101547 101487 101437 101498 101548 101488 101438 0 0
E 390440 cfg=208 nodes= 101498 101548 101488 101438 101499 101549 101489 101439 0 0
E 390441 cfg=208 nodes= 101499 101549 101489 101439 101500 101550 101490 101440 0 0
E 390442 cfg=208 nodes= 62781 62772 62783 62792 101491 101441 101501 101551 0 0
E 390443 cfg=208 nodes= 101491 101441 101501 101551 101492 101442 101502 101552 0 0
E 390444 cfg=208 nodes= 101492 101442 101502 101552 101493 101443 101503 101553 0 0
E 390445 cfg=208 nodes= 101493 101443 101503 101553 101494 101444 101504 101554 0 0
E 390446 cfg=208 nodes= 101494 101444 101504 101554 101495 101445 101505 101555 0 0
E 390447 cfg=208 nodes= 62784 62793 62782 62773 101506 101556 101496 101446 0 0
E 390448 cfg=208 nodes= 101506 101556 101496 101446 101507 101557 101497 101447 0 0
E 390449 cfg=208 nodes= 101507 101557 101497 101447 101508 101558 101498 101448 0 0
E 390450 cfg=208 nodes= 101508 101558 101498 101448 101509 101559 101499 101449 0 0
E 390451 cfg=208 nodes= 101509 101559 101499 101449 101510 101560 101500 101450 0 0
E 390452 cfg=208 nodes= 62785 62794 62783 62774 101511 101561 101501 101451 0 0
E 390453 cfg=208 nodes= 101511 101561 101501 101451 101512 101562 101502 101452 0 0
E 390454 cfg=208 nodes= 101512 101562 101502 101452 101513 101563 101503 101453 0 0
E 390455 cfg=208 nodes= 101513 101563 101503 101453 101514 101564 101504 101454 0 0
E 390456 cfg=208 nodes= 101514 101564 101504 101454 101515 101565 101505 101455 0 0
E 390457 cfg=208 nodes= 62786 62795 62784 62775 101516 101566 101506 101456 0 0
E 390458 cfg=208 nodes= 101516 101566 101506 101456 101517 101567 101507 101457 0 0
E 390459 cfg=208 nodes= 101517 101567 101507 101457 101518 101568 101508 101458 0 0
E 390460 cfg=208 nodes= 101518 101568 101508 101458 101519 101569 101509 101459 0 0
E 390461 cfg=208 nodes= 101519 101569 101509 101459 101520 101570 101510 101460 0 0
E 390462 cfg=208 nodes= 62787 62796 62785 62776 101521 101571 101511 101461 0 0
E 390463 cfg=208 nodes= 101521 101571 101511 101461 101522 101572 101512 101462 0 0
E 390464 cfg=208 nodes= 101522 101572 101512 101462 101523 101573 101513 101463 0 0
E 390465 cfg=208 nodes= 101523 101573 101513 101463 101524 101574 101514 101464 0 0
E 390466 cfg=208 nodes= 101524 101574 101514 101464 101525 101575 101515 101465 0 0
E 390467 cfg=208 nodes= 62788 62797 62786 62777 101526 101576 101516 101466 0 0
E 390468 cfg=208 nodes= 101526 101576 101516 101466 101527 101577 101517 101467 0 0
E 390469 cfg=208 nodes= 101527 101577 101517 101467 101528 101578 101518 101468 0 0
E 390470 cfg=208 nodes= 101528 101578 101518 101468 101529 101579 101519 101469 0 0
E 390471 cfg=208 nodes= 101529 101579 101519 101469 101530 101580 101520 101470 0 0
E 390472 cfg=208 nodes= 60966 62798 62787 60965 98371 101581 101521 98306 0 0
E 390473 cfg=208 nodes= 98371 101581 101521 98306 98372 101582 101522 98307 0 0
E 390474 cfg=208 nodes= 98372 101582 101522 98307 98373 101583 101523 98308 0 0
E 390475 cfg=208 nodes= 98373 101583 101523 98308 98374 101584 101524 98309 0 0
E 390476 cfg=208 nodes= 98374 101584 101524 98309 98375 101585 101525 98310 0 0
E 390477 cfg=208 nodes= 62789 62799 62788 62778 101531 101586 101526 101471 0 0
E 390478 cfg=208 nodes= 101531 101586 101526 101471 101532 101587 101527 101472 0 0
E 390479 cfg=208 nodes= 101532 101587 101527 101472 101533 101588 101528 101473 0 0
E 390480 cfg=208 nodes= 101533 101588 101528 101473 101534 101589 101529 101474 0 0
E 390481 cfg=208 nodes= 101534 101589 101529 101474 101535 101590 101530 101475 0 0
E 390482 cfg=208 nodes= 62790 62800 62789 62779 101541 101591 101531 101481 0 0
E 390483 cfg=208 nodes= 101541 101591 101531 101481 101542 101592 101532 101482 0 0
E 390484 cfg=208 nodes= 101542 101592 101532 101482 101543 101593 101533 101483 0 0
E 390485 cfg=208 nodes= 101543 101593 101533 101483 101544 101594 101534 101484 0 0
E 390486 cfg=208 nodes= 101544 101594 101534 101484 101545 101595 101535 101485 0 0
E 390487 cfg=208 nodes= 62791 62541 62540 62780 101546 101596 101536 101486 0 0
E 390488 cfg=208 nodes= 101546 101596 101536 101486 101547 101597 101537 101487 0 0
E 390489 cfg=208 nodes= 101547 101597 101537 101487 101548 101598 101538 101488 0 0
E 390490 cfg=208 nodes= 101548 101598 101538 101488 101549 101599 101539 101489 0 0
E 390491 cfg=208 nodes= 101549 101599 101539 101489 101550 101600 101540 101490 0 0
E 390492 cfg=208 nodes= 62790 62781 62792 62801 101541 101491 101551 101601 0 0
E 390493 cfg=208 nodes= 101541 101491 101551 101601 101542 101492 101552 101602 0 0
E 390494 cfg=208 nodes= 101542 101492 101552 101602 101543 101493 101553 101603 0 0
E 390495 cfg=208 nodes= 101543 101493 101553 101603 101544 101494 101554 101604 0 0
E 390496 cfg=208 nodes= 101544 101494 101554 101604 101545 101495 101555 101605 0 0
E 390497 cfg=208 nodes= 62793 62802 62791 62782 101556 101606 101546 101496 0 0
E 390498 cfg=208 nodes= 101556 101606 101546 101496 101557 101607 101547 101497 0 0
E 390499 cfg=208 nodes= 101557 101607 101547 101497 101558 101608 101548 101498 0 0
E 390500 cfg=208 nodes= 101558 101608 101548 101498 101559 101609 101549 101499 0 0
E 390501 cfg=208 nodes= 101559 101609 101549 101499 101560 101610 101550 101500 0 0
E 390502 cfg=208 nodes= 62792 62783 62794 62803 101551 101501 101561 101611 0 0
E 390503 cfg=208 nodes= 101551 101501 101561 101611 101552 101502 101562 101612 0 0
E 390504 cfg=208 nodes= 101552 101502 101562 101612 101553 101503 101563 101613 0 0
E 390505 cfg=208 nodes= 101553 101503 101563 101613 101554 101504 101564 101614 0 0
E 390506 cfg=208 nodes= 101554 101504 101564 101614 101555 101505 101565 101615 0 0
E 390507 cfg=208 nodes= 62795 62804 62793 62784 101566 101616 101556 101506 0 0
E 390508 cfg=208 nodes= 101566 101616 101556 101506 101567 101617 101557 101507 0 0
E 390509 cfg=208 nodes= 101567 101617 101557 101507 101568 101618 101558 101508 0 0
E 390510 cfg=208 nodes= 101568 101618 101558 101508 101569 101619 101559 101509 0 0
E 390511 cfg=208 nodes= 101569 101619 101559 101509 101570 101620 101560 101510 0 0
E 390512 cfg=208 nodes= 62796 62805 62794 62785 101571 101621 101561 101511 0 0
E 390513 cfg=208 nodes= 101571 101621 101561 101511 101572 101622 101562 101512 0 0
E 390514 cfg=208 nodes= 101572 101622 101562 101512 101573 101623 101563 101513 0 0
E 390515 cfg=208 nodes= 101573 101623 101563 101513 101574 101624 101564 101514 0 0
E 390516 cfg=208 nodes= 101574 101624 101564 101514 101575 101625 101565 101515 0 0
E 390517 cfg=208 nodes= 62797 62806 62795 62786 101576 101626 101566 101516 0 0
E 390518 cfg=208 nodes= 101576 101626 101566 101516 101577 101627 101567 101517 0 0
E 390519 cfg=208 nodes= 101577 101627 101567 101517 101578 101628 101568 101518 0 0
E 390520 cfg=208 nodes= 101578 101628 101568 101518 101579 101629 101569 101519 0 0
E 390521 cfg=208 nodes= 101579 101629 101569 101519 101580 101630 101570 101520 0 0
E 390522 cfg=208 nodes= 62798 62807 62796 62787 101581 101631 101571 101521 0 0
E 390523 cfg=208 nodes= 101581 101631 101571 101521 101582 101632 101572 101522 0 0
E 390524 cfg=208 nodes= 101582 101632 101572 101522 101583 101633 101573 101523 0 0
E 390525 cfg=208 nodes= 101583 101633 101573 101523 101584 101634 101574 101524 0 0
E 390526 cfg=208 nodes= 101584 101634 101574 101524 101585 101635 101575 101525 0 0
E 390527 cfg=208 nodes= 62799 62808 62797 62788 101586 101636 101576 101526 0 0
E 390528 cfg=208 nodes= 101586 101636 101576 101526 101587 101637 101577 101527 0 0
E 390529 cfg=208 nodes= 101587 101637 101577 101527 101588 101638 101578 101528 0 0
E 390530 cfg=208 nodes= 101588 101638 101578 101528 101589 101639 101579 101529 0 0
E 390531 cfg=208 nodes= 101589 101639 101579 101529 101590 101640 101580 101530 0 0
E 390532 cfg=208 nodes= 60967 62809 62798 60966 98441 101641 101581 98371 0 0
E 390533 cfg=208 nodes= 98441 101641 101581 98371 98442 101642 101582 98372 0 0
E 390534 cfg=208 nodes= 98442 101642 101582 98372 98443 101643 101583 98373 0 0
E 390535 cfg=208 nodes= 98443 101643 101583 98373 98444 101644 101584 98374 0 0
E 390536 cfg=208 nodes= 98444 101644 101584 98374 98445 101645 101585 98375 0 0
E 390537 cfg=208 nodes= 62800 62810 62799 62789 101591 101646 101586 101531 0 0
E 390538 cfg=208 nodes= 101591 101646 101586 101531 101592 101647 101587 101532 0 0
E 390539 cfg=208 nodes= 101592 101647 101587 101532 101593 101648 101588 101533 0 0
E 390540 cfg=208 nodes= 101593 101648 101588 101533 101594 101649 101589 101534 0 0
E 390541 cfg=208 nodes= 101594 101649 101589 101534 101595 101650 101590 101535 0 0
E 390542 cfg=208 nodes= 62800 62790 62801 62811 101591 101541 101601 101651 0 0
E 390543 cfg=208 nodes= 101591 101541 101601 101651 101592 101542 101602 101652 0 0
E 390544 cfg=208 nodes= 101592 101542 101602 101652 101593 101543 101603 101653 0 0
E 390545 cfg=208 nodes= 101593 101543 101603 101653 101594 101544 101604 101654 0 0
E 390546 cfg=208 nodes= 101594 101544 101604 101654 101595 101545 101605 101655 0 0
E 390547 cfg=208 nodes= 62802 62542 62541 62791 101606 101656 101596 101546 0 0
E 390548 cfg=208 nodes= 101606 101656 101596 101546 101607 101657 101597 101547 0 0
E 390549 cfg=208 nodes= 101607 101657 101597 101547 101608 101658 101598 101548 0 0
E 390550 cfg=208 nodes= 101608 101658 101598 101548 101609 101659 101599 101549 0 0
E 390551 cfg=208 nodes= 101609 101659 101599 101549 101610 101660 101600 101550 0 0
E 390552 cfg=208 nodes= 62803 62812 62801 62792 101611 101661 101601 101551 0 0
E 390553 cfg=208 nodes= 101611 101661 101601 101551 101612 101662 101602 101552 0 0
E 390554 cfg=208 nodes= 101612 101662 101602 101552 101613 101663 101603 101553 0 0
E 390555 cfg=208 nodes= 101613 101663 101603 101553 101614 101664 101604 101554 0 0
E 390556 cfg=208 nodes= 101614 101664 101604 101554 101615 101665 101605 101555 0 0
E 390557 cfg=208 nodes= 62804 62813 62802 62793 101616 101666 101606 101556 0 0
E 390558 cfg=208 nodes= 101616 101666 101606 101556 101617 101667 101607 101557 0 0
E 390559 cfg=208 nodes= 101617 101667 101607 101557 101618 101668 101608 101558 0 0
E 390560 cfg=208 nodes= 101618 101668 101608 101558 101619 101669 101609 101559 0 0
E 390561 cfg=208 nodes= 101619 101669 101609 101559 101620 101670 101610 101560 0 0
E 390562 cfg=208 nodes= 62803 62794 62805 62814 101611 101561 101621 101671 0 0
E 390563 cfg=208 nodes= 101611 101561 101621 101671 101612 101562 101622 101672 0 0
E 390564 cfg=208 nodes= 101612 101562 101622 101672 101613 101563 101623 101673 0 0
E 390565 cfg=208 nodes= 101613 101563 101623 101673 101614 101564 101624 101674 0 0
E 390566 cfg=208 nodes= 101614 101564 101624 101674 101615 101565 101625 101675 0 0
E 390567 cfg=208 nodes= 62806 62815 62804 62795 101626 101676 101616 101566 0 0
E 390568 cfg=208 nodes= 101626 101676 101616 101566 101627 101677 101617 101567 0 0
E 390569 cfg=208 nodes= 101627 101677 101617 101567 101628 101678 101618 101568 0 0
E 390570 cfg=208 nodes= 101628 101678 101618 101568 101629 101679 101619 101569 0 0
E 390571 cfg=208 nodes= 101629 101679 101619 101569 101630 101680 101620 101570 0 0
E 390572 cfg=208 nodes= 62807 62816 62805 62796 101631 101681 101621 101571 0 0
E 390573 cfg=208 nodes= 101631 101681 101621 101571 101632 101682 101622 101572 0 0
E 390574 cfg=208 nodes= 101632 101682 101622 101572 101633 101683 101623 101573 0 0
E 390575 cfg=208 nodes= 101633 101683 101623 101573 101634 101684 101624 101574 0 0
E 390576 cfg=208 nodes= 101634 101684 101624 101574 101635 101685 101625 101575 0 0
E 390577 cfg=208 nodes= 62808 62817 62806 62797 101636 101686 101626 101576 0 0
E 390578 cfg=208 nodes= 101636 101686 101626 101576 101637 101687 101627 101577 0 0
E 390579 cfg=208 nodes= 101637 101687 101627 101577 101638 101688 101628 101578 0 0
E 390580 cfg=208 nodes= 101638 101688 101628 101578 101639 101689 101629 101579 0 0
E 390581 cfg=208 nodes= 101639 101689 101629 101579 101640 101690 101630 101580 0 0
E 390582 cfg=208 nodes= 62809 62818 62807 62798 101641 101691 101631 101581 0 0
E 390583 cfg=208 nodes= 101641 101691 101631 101581 101642 101692 101632 101582 0 0
E 390584 cfg=208 nodes= 101642 101692 101632 101582 101643 101693 101633 101583 0 0
E 390585 cfg=208 nodes= 101643 101693 101633 101583 101644 101694 101634 101584 0 0
E 390586 cfg=208 nodes= 101644 101694 101634 101584 101645 101695 101635 101585 0 0
E 390587 cfg=208 nodes= 62810 62819 62808 62799 101646 101696 101636 101586 0 0
E 390588 cfg=208 nodes= 101646 101696 101636 101586 101647 101697 101637 101587 0 0
E 390589 cfg=208 nodes= 101647 101697 101637 101587 101648 101698 101638 101588 0 0
E 390590 cfg=208 nodes= 101648 101698 101638 101588 101649 101699 101639 101589 0 0
E 390591 cfg=208 nodes= 101649 101699 101639 101589 101650 101700 101640 101590 0 0
E 390592 cfg=208 nodes= 60968 62820 62809 60967 98511 101701 101641 98441 0 0
E 390593 cfg=208 nodes= 98511 101701 101641 98441 98512 101702 101642 98442 0 0
E 390594 cfg=208 nodes= 98512 101702 101642 98442 98513 101703 101643 98443 0 0
E 390595 cfg=208 nodes= 98513 101703 101643 98443 98514 101704 101644 98444 0 0
E 390596 cfg=208 nodes= 98514 101704 101644 98444 98515 101705 101645 98445 0 0
E 390597 cfg=208 nodes= 62810 62800 62811 62821 101646 101591 101651 101706 0 0
E 390598 cfg=208 nodes= 101646 101591 101651 101706 101647 101592 101652 101707 0 0
E 390599 cfg=208 nodes= 101647 101592 101652 101707 101648 101593 101653 101708 0 0
E 390600 cfg=208 nodes= 101648 101593 101653 101708 101649 101594 101654 101709 0 0
E 390601 cfg=208 nodes= 101649 101594 101654 101709 101650 101595 101655 101710 0 0
E 390602 cfg=208 nodes= 62812 62822 62811 62801 101661 101711 101651 101601 0 0
E 390603 cfg=208 nodes= 101661 101711 101651 101601 101662 101712 101652 101602 0 0
E 390604 cfg=208 nodes= 101662 101712 101652 101602 101663 101713 101653 101603 0 0
E 390605 cfg=208 nodes= 101663 101713 101653 101603 101664 101714 101654 101604 0 0
E 390606 cfg=208 nodes= 101664 101714 101654 101604 101665 101715 101655 101605 0 0
E 390607 cfg=208 nodes= 62813 62543 62542 62802 101666 101716 101656 101606 0 0
E 390608 cfg=208 nodes= 101666 101716 101656 101606 101667 101717 101657 101607 0 0
E 390609 cfg=208 nodes= 101667 101717 101657 101607 101668 101718 101658 101608 0 0
E 390610 cfg=208 nodes= 101668 101718 101658 101608 101669 101719 101659 101609 0 0
E 390611 cfg=208 nodes= 101669 101719 101659 101609 101670 101720 101660 101610 0 0
E 390612 cfg=208 nodes= 62814 62823 62812 62803 101671 101721 101661 101611 0 0
E 390613 cfg=208 nodes= 101671 101721 101661 101611 101672 101722 101662 101612 0 0
E 390614 cfg=208 nodes= 101672 101722 101662 101612 101673 101723 101663 101613 0 0
E 390615 cfg=208 nodes= 101673 101723 101663 101613 101674 101724 101664 101614 0 0
E 390616 cfg=208 nodes= 101674 101724 101664 101614 101675 101725 101665 101615 0 0
E 390617 cfg=208 nodes= 62815 62824 62813 62804 101676 101726 101666 101616 0 0
E 390618 cfg=208 nodes= 101676 101726 101666 101616 101677 101727 101667 101617 0 0
E 390619 cfg=208 nodes= 101677 101727 101667 101617 101678 101728 101668 101618 0 0
E 390620 cfg=208 nodes= 101678 101728 101668 101618 101679 101729 101669 101619 0 0
E 390621 cfg=208 nodes= 101679 101729 101669 101619 101680 101730 101670 101620 0 0
E 390622 cfg=208 nodes= 62816 62825 62814 62805 101681 101731 101671 101621 0 0
E 390623 cfg=208 nodes= 101681 101731 101671 101621 101682 101732 101672 101622 0 0
E 390624 cfg=208 nodes= 101682 101732 101672 101622 101683 101733 101673 101623 0 0
E 390625 cfg=208 nodes= 101683 101733 101673 101623 101684 101734 101674 101624 0 0
E 390626 cfg=208 nodes= 101684 101734 101674 101624 101685 101735 101675 101625 0 0
E 390627 cfg=208 nodes= 62817 62826 62815 62806 101686 101736 101676 101626 0 0
E 390628 cfg=208 nodes= 101686 101736 101676 101626 101687 101737 101677 101627 0 0
E 390629 cfg=208 nodes= 101687 101737 101677 101627 101688 101738 101678 101628 0 0
E 390630 cfg=208 nodes= 101688 101738 101678 101628 101689 101739 101679 101629 0 0
E 390631 cfg=208 nodes= 101689 101739 101679 101629 101690 101740 101680 101630 0 0
E 390632 cfg=208 nodes= 62818 62827 62816 62807 101691 101741 101681 101631 0 0
E 390633 cfg=208 nodes= 101691 101741 101681 101631 101692 101742 101682 101632 0 0
E 390634 cfg=208 nodes= 101692 101742 101682 101632 101693 101743 101683 101633 0 0
E 390635 cfg=208 nodes= 101693 101743 101683 101633 101694 101744 101684 101634 0 0
E 390636 cfg=208 nodes= 101694 101744 101684 101634 101695 101745 101685 101635 0 0
E 390637 cfg=208 nodes= 62819 62828 62817 62808 101696 101746 101686 101636 0 0
E 390638 cfg=208 nodes= 101696 101746 101686 101636 101697 101747 101687 101637 0 0
E 390639 cfg=208 nodes= 101697 101747 101687 101637 101698 101748 101688 101638 0 0
E 390640 cfg=208 nodes= 101698 101748 101688 101638 101699 101749 101689 101639 0 0
E 390641 cfg=208 nodes= 101699 101749 101689 101639 101700 101750 101690 101640 0 0
E 390642 cfg=208 nodes= 62820 62829 62818 62809 101701 101751 101691 101641 0 0
E 390643 cfg=208 nodes= 101701 101751 101691 101641 101702 101752 101692 101642 0 0
E 390644 cfg=208 nodes= 101702 101752 101692 101642 101703 101753 101693 101643 0 0
E 390645 cfg=208 nodes= 101703 101753 101693 101643 101704 101754 101694 101644 0 0
E 390646 cfg=208 nodes= 101704 101754 101694 101644 101705 101755 101695 101645 0 0
E 390647 cfg=208 nodes= 62819 62810 62821 62830 101696 101646 101706 101756 0 0
E 390648 cfg=208 nodes= 101696 101646 101706 101756 101697 101647 101707 101757 0 0
E 390649 cfg=208 nodes= 101697 101647 101707 101757 101698 101648 101708 101758 0 0
E 390650 cfg=208 nodes= 101698 101648 101708 101758 101699 101649 101709 101759 0 0
E 390651 cfg=208 nodes= 101699 101649 101709 101759 101700 101650 101710 101760 0 0
E 390652 cfg=208 nodes= 60969 62831 62820 60968 98581 101761 101701 98511 0 0
E 390653 cfg=208 nodes= 98581 101761 101701 98511 98582 101762 101702 98512 0 0
E 390654 cfg=208 nodes= 98582 101762 101702 98512 98583 101763 101703 98513 0 0
E 390655 cfg=208 nodes= 98583 101763 101703 98513 98584 101764 101704 98514 0 0
E 390656 cfg=208 nodes= 98584 101764 101704 98514 98585 101765 101705 98515 0 0
E 390657 cfg=208 nodes= 62821 62811 62822 62832 101706 101651 101711 101766 0 0
E 390658 cfg=208 nodes= 101706 101651 101711 101766 101707 101652 101712 101767 0 0
E 390659 cfg=208 nodes= 101707 101652 101712 101767 101708 101653 101713 101768 0 0
E 390660 cfg=208 nodes= 101708 101653 101713 101768 101709 101654 101714 101769 0 0
E 390661 cfg=208 nodes= 101709 101654 101714 101769 101710 101655 101715 101770 0 0
E 390662 cfg=208 nodes= 62823 62833 62822 62812 101721 101771 101711 101661 0 0
E 390663 cfg=208 nodes= 101721 101771 101711 101661 101722 101772 101712 101662 0 0
E 390664 cfg=208 nodes= 101722 101772 101712 101662 101723 101773 101713 101663 0 0
E 390665 cfg=208 nodes= 101723 101773 101713 101663 101724 101774 101714 101664 0 0
E 390666 cfg=208 nodes= 101724 101774 101714 101664 101725 101775 101715 101665 0 0
E 390667 cfg=208 nodes= 62824 62544 62543 62813 101726 101776 101716 101666 0 0
E 390668 cfg=208 nodes= 101726 101776 101716 101666 101727 101777 101717 101667 0 0
E 390669 cfg=208 nodes= 101727 101777 101717 101667 101728 101778 101718 101668 0 0
E 390670 cfg=208 nodes= 101728 101778 101718 101668 101729 101779 101719 101669 0 0
E 390671 cfg=208 nodes= 101729 101779 101719 101669 101730 101780 101720 101670 0 0
E 390672 cfg=208 nodes= 62825 62834 62823 62814 101731 101781 101721 101671 0 0
E 390673 cfg=208 nodes= 101731 101781 101721 101671 101732 101782 101722 101672 0 0
E 390674 cfg=208 nodes= 101732 101782 101722 101672 101733 101783 101723 101673 0 0
E 390675 cfg=208 nodes= 101733 101783 101723 101673 101734 101784 101724 101674 0 0
E 390676 cfg=208 nodes= 101734 101784 101724 101674 101735 101785 101725 101675 0 0
E 390677 cfg=208 nodes= 62826 62835 62824 62815 101736 101786 101726 101676 0 0
E 390678 cfg=208 nodes= 101736 101786 101726 101676 101737 101787 101727 101677 0 0
E 390679 cfg=208 nodes= 101737 101787 101727 101677 101738 101788 101728 101678 0 0
E 390680 cfg=208 nodes= 101738 101788 101728 101678 101739 101789 101729 101679 0 0
E 390681 cfg=208 nodes= 101739 101789 101729 101679 101740 101790 101730 101680 0 0
E 390682 cfg=208 nodes= 62827 62836 62825 62816 101741 101791 101731 101681 0 0
E 390683 cfg=208 nodes= 101741 101791 101731 101681 101742 101792 101732 101682 0 0
E 390684 cfg=208 nodes= 101742 101792 101732 101682 101743 101793 101733 101683 0 0
E 390685 cfg=208 nodes= 101743 101793 101733 101683 101744 101794 101734 101684 0 0
E 390686 cfg=208 nodes= 101744 101794 101734 101684 101745 101795 101735 101685 0 0
E 390687 cfg=208 nodes= 62828 62837 62826 62817 101746 101796 101736 101686 0 0
E 390688 cfg=208 nodes= 101746 101796 101736 101686 101747 101797 101737 101687 0 0
E 390689 cfg=208 nodes= 101747 101797 101737 101687 101748 101798 101738 101688 0 0
E 390690 cfg=208 nodes= 101748 101798 101738 101688 101749 101799 101739 101689 0 0
E 390691 cfg=208 nodes= 101749 101799 101739 101689 101750 101800 101740 101690 0 0
E 390692 cfg=208 nodes= 62829 62838 62827 62818 101751 101801 101741 101691 0 0
E 390693 cfg=208 nodes= 101751 101801 101741 101691 101752 101802 101742 101692 0 0
E 390694 cfg=208 nodes= 101752 101802 101742 101692 101753 101803 101743 101693 0 0
E 390695 cfg=208 nodes= 101753 101803 101743 101693 101754 101804 101744 101694 0 0
E 390696 cfg=208 nodes= 101754 101804 101744 101694 101755 101805 101745 101695 0 0
E 390697 cfg=208 nodes= 62828 62819 62830 62839 101746 101696 101756 101806 0 0
E 390698 cfg=208 nodes= 101746 101696 101756 101806 101747 101697 101757 101807 0 0
E 390699 cfg=208 nodes= 101747 101697 101757 101807 101748 101698 101758 101808 0 0
E 390700 cfg=208 nodes= 101748 101698 101758 101808 101749 101699 101759 101809 0 0
E 390701 cfg=208 nodes= 101749 101699 101759 101809 101750 101700 101760 101810 0 0
E 390702 cfg=208 nodes= 62831 62840 62829 62820 101761 101811 101751 101701 0 0
E 390703 cfg=208 nodes= 101761 101811 101751 101701 101762 101812 101752 101702 0 0
E 390704 cfg=208 nodes= 101762 101812 101752 101702 101763 101813 101753 101703 0 0
E 390705 cfg=208 nodes= 101763 101813 101753 101703 101764 101814 101754 101704 0 0
E 390706 cfg=208 nodes= 101764 101814 101754 101704 101765 101815 101755 101705 0 0
E 390707 cfg=208 nodes= 62832 62841 62830 62821 101766 101816 101756 101706 0 0
E 390708 cfg=208 nodes= 101766 101816 101756 101706 101767 101817 101757 101707 0 0
E 390709 cfg=208 nodes= 101767 101817 101757 101707 101768 101818 101758 101708 0 0
E 390710 cfg=208 nodes= 101768 101818 101758 101708 101769 101819 101759 101709 0 0
E 390711 cfg=208 nodes= 101769 101819 101759 101709 101770 101820 101760 101710 0 0
E 390712 cfg=208 nodes= 62831 60969 60970 62842 101761 98581 98651 101821 0 0
E 390713 cfg=208 nodes= 101761 98581 98651 101821 101762 98582 98652 101822 0 0
E 390714 cfg=208 nodes= 101762 98582 98652 101822 101763 98583 98653 101823 0 0
E 390715 cfg=208 nodes= 101763 98583 98653 101823 101764 98584 98654 101824 0 0
E 390716 cfg=208 nodes= 101764 98584 98654 101824 101765 98585 98655 101825 0 0
E 390717 cfg=208 nodes= 62832 62822 62833 62843 101766 101711 101771 101826 0 0
E 390718 cfg=208 nodes= 101766 101711 101771 101826 101767 101712 101772 101827 0 0
E 390719 cfg=208 nodes= 101767 101712 101772 101827 101768 101713 101773 101828 0 0
E 390720 cfg=208 nodes= 101768 101713 101773 101828 101769 101714 101774 101829 0 0
E 390721 cfg=208 nodes= 101769 101714 101774 101829 101770 101715 101775 101830 0 0
E 390722 cfg=208 nodes= 62834 62844 62833 62823 101781 101831 101771 101721 0 0
E 390723 cfg=208 nodes= 101781 101831 101771 101721 101782 101832 101772 101722 0 0
E 390724 cfg=208 nodes= 101782 101832 101772 101722 101783 101833 101773 101723 0 0
E 390725 cfg=208 nodes= 101783 101833 101773 101723 101784 101834 101774 101724 0 0
E 390726 cfg=208 nodes= 101784 101834 101774 101724 101785 101835 101775 101725 0 0
E 390727 cfg=208 nodes= 62835 62545 62544 62824 101786 101836 101776 101726 0 0
E 390728 cfg=208 nodes= 101786 101836 101776 101726 101787 101837 101777 101727 0 0
E 390729 cfg=208 nodes= 101787 101837 101777 101727 101788 101838 101778 101728 0 0
E 390730 cfg=208 nodes= 101788 101838 101778 101728 101789 101839 101779 101729 0 0
E 390731 cfg=208 nodes= 101789 101839 101779 101729 101790 101840 101780 101730 0 0
E 390732 cfg=208 nodes= 62836 62845 62834 62825 101791 101841 101781 101731 0 0
E 390733 cfg=208 nodes= 101791 101841 101781 101731 101792 101842 101782 101732 0 0
E 390734 cfg=208 nodes= 101792 101842 101782 101732 101793 101843 101783 101733 0 0
E 390735 cfg=208 nodes= 101793 101843 101783 101733 101794 101844 101784 101734 0 0
E 390736 cfg=208 nodes= 101794 101844 101784 101734 101795 101845 101785 101735 0 0
E 390737 cfg=208 nodes= 62837 62846 62835 62826 101796 101846 101786 101736 0 0
E 390738 cfg=208 nodes= 101796 101846 101786 101736 101797 101847 101787 101737 0 0
E 390739 cfg=208 nodes= 101797 101847 101787 101737 101798 101848 101788 101738 0 0
E 390740 cfg=208 nodes= 101798 101848 101788 101738 101799 101849 101789 101739 0 0
E 390741 cfg=208 nodes= 101799 101849 101789 101739 101800 101850 101790 101740 0 0
E 390742 cfg=208 nodes= 62838 62847 62836 62827 101801 101851 101791 101741 0 0
E 390743 cfg=208 nodes= 101801 101851 101791 101741 101802 101852 101792 101742 0 0
E 390744 cfg=208 nodes= 101802 101852 101792 101742 101803 101853 101793 101743 0 0
E 390745 cfg=208 nodes= 101803 101853 101793 101743 101804 101854 101794 101744 0 0
E 390746 cfg=208 nodes= 101804 101854 101794 101744 101805 101855 101795 101745 0 0
E 390747 cfg=208 nodes= 62837 62828 62839 62848 101796 101746 101806 101856 0 0
E 390748 cfg=208 nodes= 101796 101746 101806 101856 101797 101747 101807 101857 0 0
E 390749 cfg=208 nodes= 101797 101747 101807 101857 101798 101748 101808 101858 0 0
E 390750 cfg=208 nodes= 101798 101748 101808 101858 101799 101749 101809 101859 0 0
E 390751 cfg=208 nodes= 101799 101749 101809 101859 101800 101750 101810 101860 0 0
E 390752 cfg=208 nodes= 62840 62849 62838 62829 101811 101861 101801 101751 0 0
E 390753 cfg=208 nodes= 101811 101861 101801 101751 101812 101862 101802 101752 0 0
E 390754 cfg=208 nodes= 101812 101862 101802 101752 101813 101863 101803 101753 0 0
E 390755 cfg=208 nodes= 101813 101863 101803 101753 101814 101864 101804 101754 0 0
E 390756 cfg=208 nodes= 101814 101864 101804 101754 101815 101865 101805 101755 0 0
E 390757 cfg=208 nodes= 62841 62850 62839 62830 101816 101866 101806 101756 0 0
E 390758 cfg=208 nodes= 101816 101866 101806 101756 101817 101867 101807 101757 0 0
E 390759 cfg=208 nodes= 101817 101867 101807 101757 101818 101868 101808 101758 0 0
E 390760 cfg=208 nodes= 101818 101868 101808 101758 101819 101869 101809 101759 0 0
E 390761 cfg=208 nodes= 101819 101869 101809 101759 101820 101870 101810 101760 0 0
E 390762 cfg=208 nodes= 62840 62831 62842 62851 101811 101761 101821 101871 0 0
E 390763 cfg=208 nodes= 101811 101761 101821 101871 101812 101762 101822 101872 0 0
E 390764 cfg=208 nodes= 101812 101762 101822 101872 101813 101763 101823 101873 0 0
E 390765 cfg=208 nodes= 101813 101763 101823 101873 101814 101764 101824 101874 0 0
E 390766 cfg=208 nodes= 101814 101764 101824 101874 101815 101765 101825 101875 0 0
E 390767 cfg=208 nodes= 62843 62852 62841 62832 101826 101876 101816 101766 0 0
E 390768 cfg=208 nodes= 101826 101876 101816 101766 101827 101877 101817 101767 0 0
E 390769 cfg=208 nodes= 101827 101877 101817 101767 101828 101878 101818 101768 0 0
E 390770 cfg=208 nodes= 101828 101878 101818 101768 101829 101879 101819 101769 0 0
E 390771 cfg=208 nodes= 101829 101879 101819 101769 101830 101880 101820 101770 0 0
E 390772 cfg=208 nodes= 62842 60970 60971 62853 101821 98651 98721 101881 0 0
E 390773 cfg=208 nodes= 101821 98651 98721 101881 101822 98652 98722 101882 0 0
E 390774 cfg=208 nodes= 101822 98652 98722 101882 101823 98653 98723 101883 0 0
E 390775 cfg=208 nodes= 101823 98653 98723 101883 101824 98654 98724 101884 0 0
E 390776 cfg=208 nodes= 101824 98654 98724 101884 101825 98655 98725 101885 0 0
E 390777 cfg=208 nodes= 62844 62854 62843 62833 101831 101886 101826 101771 0 0
E 390778 cfg=208 nodes= 101831 101886 101826 101771 101832 101887 101827 101772 0 0
E 390779 cfg=208 nodes= 101832 101887 101827 101772 101833 101888 101828 101773 0 0
E 390780 cfg=208 nodes= 101833 101888 101828 101773 101834 101889 101829 101774 0 0
E 390781 cfg=208 nodes= 101834 101889 101829 101774 101835 101890 101830 101775 0 0
E 390782 cfg=208 nodes= 62845 62855 62844 62834 101841 101891 101831 101781 0 0
E 390783 cfg=208 nodes= 101841 101891 101831 101781 101842 101892 101832 101782 0 0
E 390784 cfg=208 nodes= 101842 101892 101832 101782 101843 101893 101833 101783 0 0
E 390785 cfg=208 nodes= 101843 101893 101833 101783 101844 101894 101834 101784 0 0
E 390786 cfg=208 nodes= 101844 101894 101834 101784 101845 101895 101835 101785 0 0
E 390787 cfg=208 nodes= 62846 62546 62545 62835 101846 101896 101836 101786 0 0
E 390788 cfg=208 nodes= 101846 101896 101836 101786 101847 101897 101837 101787 0 0
E 390789 cfg=208 nodes= 101847 101897 101837 101787 101848 101898 101838 101788 0 0
E 390790 cfg=208 nodes= 101848 101898 101838 101788 101849 101899 101839 101789 0 0
E 390791 cfg=208 nodes= 101849 101899 101839 101789 101850 101900 101840 101790 0 0
E 390792 cfg=208 nodes= 62847 62856 62845 62836 101851 101901 101841 101791 0 0
E 390793 cfg=208 nodes= 101851 101901 101841 101791 101852 101902 101842 101792 0 0
E 390794 cfg=208 nodes= 101852 101902 101842 101792 101853 101903 101843 101793 0 0
E 390795 cfg=208 nodes= 101853 101903 101843 101793 101854 101904 101844 101794 0 0
E 390796 cfg=208 nodes= 101854 101904 101844 101794 101855 101905 101845 101795 0 0
E 390797 cfg=208 nodes= 62846 62837 62848 62857 101846 101796 101856 101906 0 0
E 390798 cfg=208 nodes= 101846 101796 101856 101906 101847 101797 101857 101907 0 0
E 390799 cfg=208 nodes= 101847 101797 101857 101907 101848 101798 101858 101908 0 0
E 390800 cfg=208 nodes= 101848 101798 101858 101908 101849 101799 101859 101909 0 0
E 390801 cfg=208 nodes= 101849 101799 101859 101909 101850 101800 101860 101910 0 0
E 390802 cfg=208 nodes= 62849 62858 62847 62838 101861 101911 101851 101801 0 0
E 390803 cfg=208 nodes= 101861 101911 101851 101801 101862 101912 101852 101802 0 0
E 390804 cfg=208 nodes= 101862 101912 101852 101802 101863 101913 101853 101803 0 0
E 390805 cfg=208 nodes= 101863 101913 101853 101803 101864 101914 101854 101804 0 0
E 390806 cfg=208 nodes= 101864 101914 101854 101804 101865 101915 101855 101805 0 0
E 390807 cfg=208 nodes= 62848 62839 62850 62859 101856 101806 101866 101916 0 0
E 390808 cfg=208 nodes= 101856 101806 101866 101916 101857 101807 101867 101917 0 0
E 390809 cfg=208 nodes= 101857 101807 101867 101917 101858 101808 101868 101918 0 0
E 390810 cfg=208 nodes= 101858 101808 101868 101918 101859 101809 101869 101919 0 0
E 390811 cfg=208 nodes= 101859 101809 101869 101919 101860 101810 101870 101920 0 0
E 390812 cfg=208 nodes= 62849 62840 62851 62860 101861 101811 101871 101921 0 0
E 390813 cfg=208 nodes= 101861 101811 101871 101921 101862 101812 101872 101922 0 0
E 390814 cfg=208 nodes= 101862 101812 101872 101922 101863 101813 101873 101923 0 0
E 390815 cfg=208 nodes= 101863 101813 101873 101923 101864 101814 101874 101924 0 0
E 390816 cfg=208 nodes= 101864 101814 101874 101924 101865 101815 101875 101925 0 0
E 390817 cfg=208 nodes= 62852 62861 62850 62841 101876 101926 101866 101816 0 0
E 390818 cfg=208 nodes= 101876 101926 101866 101816 101877 101927 101867 101817 0 0
E 390819 cfg=208 nodes= 101877 101927 101867 101817 101878 101928 101868 101818 0 0
E 390820 cfg=208 nodes= 101878 101928 101868 101818 101879 101929 101869 101819 0 0
E 390821 cfg=208 nodes= 101879 101929 101869 101819 101880 101930 101870 101820 0 0
E 390822 cfg=208 nodes= 62853 62862 62851 62842 101881 101931 101871 101821 0 0
E 390823 cfg=208 nodes= 101881 101931 101871 101821 101882 101932 101872 101822 0 0
E 390824 cfg=208 nodes= 101882 101932 101872 101822 101883 101933 101873 101823 0 0
E 390825 cfg=208 nodes= 101883 101933 101873 101823 101884 101934 101874 101824 0 0
E 390826 cfg=208 nodes= 101884 101934 101874 101824 101885 101935 101875 101825 0 0
E 390827 cfg=208 nodes= 62854 62863 62852 62843 101886 101936 101876 101826 0 0
E 390828 cfg=208 nodes= 101886 101936 101876 101826 101887 101937 101877 101827 0 0
E 390829 cfg=208 nodes= 101887 101937 101877 101827 101888 101938 101878 101828 0 0
E 390830 cfg=208 nodes= 101888 101938 101878 101828 101889 101939 101879 101829 0 0
E 390831 cfg=208 nodes= 101889 101939 101879 101829 101890 101940 101880 101830 0 0
E 390832 cfg=208 nodes= 62853 60971 60972 62864 101881 98721 98791 101941 0 0
E 390833 cfg=208 nodes= 101881 98721 98791 101941 101882 98722 98792 101942 0 0
E 390834 cfg=208 nodes= 101882 98722 98792 101942 101883 98723 98793 101943 0 0
E 390835 cfg=208 nodes= 101883 98723 98793 101943 101884 98724 98794 101944 0 0
E 390836 cfg=208 nodes= 101884 98724 98794 101944 101885 98725 98795 101945 0 0
E 390837 cfg=208 nodes= 62855 62865 62854 62844 101891 101946 101886 101831 0 0
E 390838 cfg=208 nodes= 101891 101946 101886 101831 101892 101947 101887 101832 0 0
E 390839 cfg=208 nodes= 101892 101947 101887 101832 101893 101948 101888 101833 0 0
E 390840 cfg=208 nodes= 101893 101948 101888 101833 101894 101949 101889 101834 0 0
E 390841 cfg=208 nodes= 101894 101949 101889 101834 101895 101950 101890 101835 0 0
E 390842 cfg=208 nodes= 62856 62866 62855 62845 101901 101951 101891 101841 0 0
E 390843 cfg=208 nodes= 101901 101951 101891 101841 101902 101952 101892 101842 0 0
E 390844 cfg=208 nodes= 101902 101952 101892 101842 101903 101953 101893 101843 0 0
E 390845 cfg=208 nodes= 101903 101953 101893 101843 101904 101954 101894 101844 0 0
E 390846 cfg=208 nodes= 101904 101954 101894 101844 101905 101955 101895 101845 0 0
E 390847 cfg=208 nodes= 62546 62846 62857 62547 101896 101846 101906 101956 0 0
E 390848 cfg=208 nodes= 101896 101846 101906 101956 101897 101847 101907 101957 0 0
E 390849 cfg=208 nodes= 101897 101847 101907 101957 101898 101848 101908 101958 0 0
E 390850 cfg=208 nodes= 101898 101848 101908 101958 101899 101849 101909 101959 0 0
E 390851 cfg=208 nodes= 101899 101849 101909 101959 101900 101850 101910 101960 0 0
E 390852 cfg=208 nodes= 62858 62867 62856 62847 101911 101961 101901 101851 0 0
E 390853 cfg=208 nodes= 101911 101961 101901 101851 101912 101962 101902 101852 0 0
E 390854 cfg=208 nodes= 101912 101962 101902 101852 101913 101963 101903 101853 0 0
E 390855 cfg=208 nodes= 101913 101963 101903 101853 101914 101964 101904 101854 0 0
E 390856 cfg=208 nodes= 101914 101964 101904 101854 101915 101965 101905 101855 0 0
E 390857 cfg=208 nodes= 62859 62868 62857 62848 101916 101966 101906 101856 0 0
E 390858 cfg=208 nodes= 101916 101966 101906 101856 101917 101967 101907 101857 0 0
E 390859 cfg=208 nodes= 101917 101967 101907 101857 101918 101968 101908 101858 0 0
E 390860 cfg=208 nodes= 101918 101968 101908 101858 101919 101969 101909 101859 0 0
E 390861 cfg=208 nodes= 101919 101969 101909 101859 101920 101970 101910 101860 0 0
E 390862 cfg=208 nodes= 62858 62849 62860 62869 101911 101861 101921 101971 0 0
E 390863 cfg=208 nodes= 101911 101861 101921 101971 101912 101862 101922 101972 0 0
E 390864 cfg=208 nodes= 101912 101862 101922 101972 101913 101863 101923 101973 0 0
E 390865 cfg=208 nodes= 101913 101863 101923 101973 101914 101864 101924 101974 0 0
E 390866 cfg=208 nodes= 101914 101864 101924 101974 101915 101865 101925 101975 0 0
E 390867 cfg=208 nodes= 62859 62850 62861 62870 101916 101866 101926 101976 0 0
E 390868 cfg=208 nodes= 101916 101866 101926 101976 101917 101867 101927 101977 0 0
E 390869 cfg=208 nodes= 101917 101867 101927 101977 101918 101868 101928 101978 0 0
E 390870 cfg=208 nodes= 101918 101868 101928 101978 101919 101869 101929 101979 0 0
E 390871 cfg=208 nodes= 101919 101869 101929 101979 101920 101870 101930 101980 0 0
E 390872 cfg=208 nodes= 62862 62871 62860 62851 101931 101981 101921 101871 0 0
E 390873 cfg=208 nodes= 101931 101981 101921 101871 101932 101982 101922 101872 0 0
E 390874 cfg=208 nodes= 101932 101982 101922 101872 101933 101983 101923 101873 0 0
E 390875 cfg=208 nodes= 101933 101983 101923 101873 101934 101984 101924 101874 0 0
E 390876 cfg=208 nodes= 101934 101984 101924 101874 101935 101985 101925 101875 0 0
E 390877 cfg=208 nodes= 62863 62872 62861 62852 101936 101986 101926 101876 0 0
E 390878 cfg=208 nodes= 101936 101986 101926 101876 101937 101987 101927 101877 0 0
E 390879 cfg=208 nodes= 101937 101987 101927 101877 101938 101988 101928 101878 0 0
E 390880 cfg=208 nodes= 101938 101988 101928 101878 101939 101989 101929 101879 0 0
E 390881 cfg=208 nodes= 101939 101989 101929 101879 101940 101990 101930 101880 0 0
E 390882 cfg=208 nodes= 62864 62873 62862 62853 101941 101991 101931 101881 0 0
E 390883 cfg=208 nodes= 101941 101991 101931 101881 101942 101992 101932 101882 0 0
E 390884 cfg=208 nodes= 101942 101992 101932 101882 101943 101993 101933 101883 0 0
E 390885 cfg=208 nodes= 101943 101993 101933 101883 101944 101994 101934 101884 0 0
E 390886 cfg=208 nodes= 101944 101994 101934 101884 101945 101995 101935 101885 0 0
E 390887 cfg=208 nodes= 62865 62875 62863 62854 101946 101996 101936 101886 0 0
E 390888 cfg=208 nodes= 101946 101996 101936 101886 101947 101997 101937 101887 0 0
E 390889 cfg=208 nodes= 101947 101997 101937 101887 101948 101998 101938 101888 0 0
E 390890 cfg=208 nodes= 101948 101998 101938 101888 101949 101999 101939 101889 0 0
E 390891 cfg=208 nodes= 101949 101999 101939 101889 101950 102000 101940 101890 0 0
E 390892 cfg=208 nodes= 62864 60972 60973 62874 101941 98791 98861 102001 0 0
E 390893 cfg=208 nodes= 101941 98791 98861 102001 101942 98792 98862 102002 0 0
E 390894 cfg=208 nodes= 101942 98792 98862 102002 101943 98793 98863 102003 0 0
E 390895 cfg=208 nodes= 101943 98793 98863 102003 101944 98794 98864 102004 0 0
E 390896 cfg=208 nodes= 101944 98794 98864 102004 101945 98795 98865 102005 0 0
E 390897 cfg=208 nodes= 62866 62876 62865 62855 101951 102006 101946 101891 0 0
E 390898 cfg=208 nodes= 101951 102006 101946 101891 101952 102007 101947 101892 0 0
E 390899 cfg=208 nodes= 101952 102007 101947 101892 101953 102008 101948 101893 0 0
E 390900 cfg=208 nodes= 101953 102008 101948 101893 101954 102009 101949 101894 0 0
E 390901 cfg=208 nodes= 101954 102009 101949 101894 101955 102010 101950 101895 0 0
E 390902 cfg=208 nodes= 62867 62877 62866 62856 101961 102011 101951 101901 0 0
E 390903 cfg=208 nodes= 101961 102011 101951 101901 101962 102012 101952 101902 0 0
E 390904 cfg=208 nodes= 101962 102012 101952 101902 101963 102013 101953 101903 0 0
E 390905 cfg=208 nodes= 101963 102013 101953 101903 101964 102014 101954 101904 0 0
E 390906 cfg=208 nodes= 101964 102014 101954 101904 101965 102015 101955 101905 0 0
E 390907 cfg=208 nodes= 62867 62858 62869 62878 101961 101911 101971 102016 0 0
E 390908 cfg=208 nodes= 101961 101911 101971 102016 101962 101912 101972 102017 0 0
E 390909 cfg=208 nodes= 101962 101912 101972 102017 101963 101913 101973 102018 0 0
E 390910 cfg=208 nodes= 101963 101913 101973 102018 101964 101914 101974 102019 0 0
E 390911 cfg=208 nodes= 101964 101914 101974 102019 101965 101915 101975 102020 0 0
E 390912 cfg=208 nodes= 62868 62548 62547 62857 101966 102021 101956 101906 0 0
E 390913 cfg=208 nodes= 101966 102021 101956 101906 101967 102022 101957 101907 0 0
E 390914 cfg=208 nodes= 101967 102022 101957 101907 101968 102023 101958 101908 0 0
E 390915 cfg=208 nodes= 101968 102023 101958 101908 101969 102024 101959 101909 0 0
E 390916 cfg=208 nodes= 101969 102024 101959 101909 101970 102025 101960 101910 0 0
E 390917 cfg=208 nodes= 62870 62879 62868 62859 101976 102026 101966 101916 0 0
E 390918 cfg=208 nodes= 101976 102026 101966 101916 101977 102027 101967 101917 0 0
E 390919 cfg=208 nodes= 101977 102027 101967 101917 101978 102028 101968 101918 0 0
E 390920 cfg=208 nodes= 101978 102028 101968 101918 101979 102029 101969 101919 0 0
E 390921 cfg=208 nodes= 101979 102029 101969 101919 101980 102030 101970 101920 0 0
E 390922 cfg=208 nodes= 62869 62860 62871 62880 101971 101921 101981 102031 0 0
E 390923 cfg=208 nodes= 101971 101921 101981 102031 101972 101922 101982 102032 0 0
E 390924 cfg=208 nodes= 101972 101922 101982 102032 101973 101923 101983 102033 0 0
E 390925 cfg=208 nodes= 101973 101923 101983 102033 101974 101924 101984 102034 0 0
E 390926 cfg=208 nodes= 101974 101924 101984 102034 101975 101925 101985 102035 0 0
E 390927 cfg=208 nodes= 62872 62881 62870 62861 101986 102036 101976 101926 0 0
E 390928 cfg=208 nodes= 101986 102036 101976 101926 101987 102037 101977 101927 0 0
E 390929 cfg=208 nodes= 101987 102037 101977 101927 101988 102038 101978 101928 0 0
E 390930 cfg=208 nodes= 101988 102038 101978 101928 101989 102039 101979 101929 0 0
E 390931 cfg=208 nodes= 101989 102039 101979 101929 101990 102040 101980 101930 0 0
E 390932 cfg=208 nodes= 62873 62882 62871 62862 101991 102041 101981 101931 0 0
E 390933 cfg=208 nodes= 101991 102041 101981 101931 101992 102042 101982 101932 0 0
E 390934 cfg=208 nodes= 101992 102042 101982 101932 101993 102043 101983 101933 0 0
E 390935 cfg=208 nodes= 101993 102043 101983 101933 101994 102044 101984 101934 0 0
E 390936 cfg=208 nodes= 101994 102044 101984 101934 101995 102045 101985 101935 0 0
E 390937 cfg=208 nodes= 62873 62864 62874 62883 101991 101941 102001 102046 0 0
E 390938 cfg=208 nodes= 101991 101941 102001 102046 101992 101942 102002 102047 0 0
E 390939 cfg=208 nodes= 101992 101942 102002 102047 101993 101943 102003 102048 0 0
E 390940 cfg=208 nodes= 101993 101943 102003 102048 101994 101944 102004 102049 0 0
E 390941 cfg=208 nodes= 101994 101944 102004 102049 101995 101945 102005 102050 0 0
E 390942 cfg=208 nodes= 62875 62884 62872 62863 101996 102051 101986 101936 0 0
E 390943 cfg=208 nodes= 101996 102051 101986 101936 101997 102052 101987 101937 0 0
E 390944 cfg=208 nodes= 101997 102052 101987 101937 101998 102053 101988 101938 0 0
E 390945 cfg=208 nodes= 101998 102053 101988 101938 101999 102054 101989 101939 0 0
E 390946 cfg=208 nodes= 101999 102054 101989 101939 102000 102055 101990 101940 0 0
E 390947 cfg=208 nodes= 62874 60973 60974 62885 102001 98861 98931 102056 0 0
E 390948 cfg=208 nodes= 102001 98861 98931 102056 102002 98862 98932 102057 0 0
E 390949 cfg=208 nodes= 102002 98862 98932 102057 102003 98863 98933 102058 0 0
E 390950 cfg=208 nodes= 102003 98863 98933 102058 102004 98864 98934 102059 0 0
E 390951 cfg=208 nodes= 102004 98864 98934 102059 102005 98865 98935 102060 0 0
E 390952 cfg=208 nodes= 62876 62886 62875 62865 102006 102061 101996 101946 0 0
E 390953 cfg=208 nodes= 102006 102061 101996 101946 102007 102062 101997 101947 0 0
E 390954 cfg=208 nodes= 102007 102062 101997 101947 102008 102063 101998 101948 0 0
E 390955 cfg=208 nodes= 102008 102063 101998 101948 102009 102064 101999 101949 0 0
E 390956 cfg=208 nodes= 102009 102064 101999 101949 102010 102065 102000 101950 0 0
E 390957 cfg=208 nodes= 62877 62887 62876 62866 102011 102066 102006 101951 0 0
E 390958 cfg=208 nodes= 102011 102066 102006 101951 102012 102067 102007 101952 0 0
E 390959 cfg=208 nodes= 102012 102067 102007 101952 102013 102068 102008 101953 0 0
E 390960 cfg=208 nodes= 102013 102068 102008 101953 102014 102069 102009 101954 0 0
E 390961 cfg=208 nodes= 102014 102069 102009 101954 102015 102070 102010 101955 0 0
E 390962 cfg=208 nodes= 62877 62867 62878 62888 102011 101961 102016 102071 0 0
E 390963 cfg=208 nodes= 102011 101961 102016 102071 102012 101962 102017 102072 0 0
E 390964 cfg=208 nodes= 102012 101962 102017 102072 102013 101963 102018 102073 0 0
E 390965 cfg=208 nodes= 102013 101963 102018 102073 102014 101964 102019 102074 0 0
E 390966 cfg=208 nodes= 102014 101964 102019 102074 102015 101965 102020 102075 0 0
E 390967 cfg=208 nodes= 62880 62889 62878 62869 102031 102076 102016 101971 0 0
E 390968 cfg=208 nodes= 102031 102076 102016 101971 102032 102077 102017 101972 0 0
E 390969 cfg=208 nodes= 102032 102077 102017 101972 102033 102078 102018 101973 0 0
E 390970 cfg=208 nodes= 102033 102078 102018 101973 102034 102079 102019 101974 0 0
E 390971 cfg=208 nodes= 102034 102079 102019 101974 102035 102080 102020 101975 0 0
E 390972 cfg=208 nodes= 62879 62549 62548 62868 102026 102081 102021 101966 0 0
E 390973 cfg=208 nodes= 102026 102081 102021 101966 102027 102082 102022 101967 0 0
E 390974 cfg=208 nodes= 102027 102082 102022 101967 102028 102083 102023 101968 0 0
E 390975 cfg=208 nodes= 102028 102083 102023 101968 102029 102084 102024 101969 0 0
E 390976 cfg=208 nodes= 102029 102084 102024 101969 102030 102085 102025 101970 0 0
E 390977 cfg=208 nodes= 62881 62890 62879 62870 102036 102086 102026 101976 0 0
E 390978 cfg=208 nodes= 102036 102086 102026 101976 102037 102087 102027 101977 0 0
E 390979 cfg=208 nodes= 102037 102087 102027 101977 102038 102088 102028 101978 0 0
E 390980 cfg=208 nodes= 102038 102088 102028 101978 102039 102089 102029 101979 0 0
E 390981 cfg=208 nodes= 102039 102089 102029 101979 102040 102090 102030 101980 0 0
E 390982 cfg=208 nodes= 62880 62871 62882 62891 102031 101981 102041 102091 0 0
E 390983 cfg=208 nodes= 102031 101981 102041 102091 102032 101982 102042 102092 0 0
E 390984 cfg=208 nodes= 102032 101982 102042 102092 102033 101983 102043 102093 0 0
E 390985 cfg=208 nodes= 102033 101983 102043 102093 102034 101984 102044 102094 0 0
E 390986 cfg=208 nodes= 102034 101984 102044 102094 102035 101985 102045 102095 0 0
E 390987 cfg=208 nodes= 62882 62873 62883 62892 102041 101991 102046 102096 0 0
E 390988 cfg=208 nodes= 102041 101991 102046 102096 102042 101992 102047 102097 0 0
E 390989 cfg=208 nodes= 102042 101992 102047 102097 102043 101993 102048 102098 0 0
E 390990 cfg=208 nodes= 102043 101993 102048 102098 102044 101994 102049 102099 0 0
E 390991 cfg=208 nodes= 102044 101994 102049 102099 102045 101995 102050 102100 0 0
E 390992 cfg=208 nodes= 62884 62893 62881 62872 102051 102101 102036 101986 0 0
E 390993 cfg=208 nodes= 102051 102101 102036 101986 102052 102102 102037 101987 0 0
E 390994 cfg=208 nodes= 102052 102102 102037 101987 102053 102103 102038 101988 0 0
E 390995 cfg=208 nodes= 102053 102103 102038 101988 102054 102104 102039 101989 0 0
E 390996 cfg=208 nodes= 102054 102104 102039 101989 102055 102105 102040 101990 0 0
E 390997 cfg=208 nodes= 62883 62874 62885 62894 102046 102001 102056 102106 0 0
E 390998 cfg=208 nodes= 102046 102001 102056 102106 102047 102002 102057 102107 0 0
E 390999 cfg=208 nodes= 102047 102002 102057 102107 102048 102003 102058 102108 0 0
E 391000 cfg=208 nodes= 102048 102003 102058 102108 102049 102004 102059 102109 0 0
E 391001 cfg=208 nodes= 102049 102004 102059 102109 102050 102005 102060 102110 0 0
E 391002 cfg=208 nodes= 62886 62895 62884 62875 102061 102111 102051 101996 0 0
E 391003 cfg=208 nodes= 102061 102111 102051 101996 102062 102112 102052 101997 0 0
E 391004 cfg=208 nodes= 102062 102112 102052 101997 102063 102113 102053 101998 0 0
E 391005 cfg=208 nodes= 102063 102113 102053 101998 102064 102114 102054 101999 0 0
E 391006 cfg=208 nodes= 102064 102114 102054 101999 102065 102115 102055 102000 0 0
E 391007 cfg=208 nodes= 62885 60974 60975 62896 102056 98931 99001 102116 0 0
E 391008 cfg=208 nodes= 102056 98931 99001 102116 102057 98932 99002 102117 0 0
E 391009 cfg=208 nodes= 102057 98932 99002 102117 102058 98933 99003 102118 0 0
E 391010 cfg=208 nodes= 102058 98933 99003 102118 102059 98934 99004 102119 0 0
E 391011 cfg=208 nodes= 102059 98934 99004 102119 102060 98935 99005 102120 0 0
E 391012 cfg=208 nodes= 62887 62897 62886 62876 102066 102121 102061 102006 0 0
E 391013 cfg=208 nodes= 102066 102121 102061 102006 102067 102122 102062 102007 0 0
E 391014 cfg=208 nodes= 102067 102122 102062 102007 102068 102123 102063 102008 0 0
E 391015 cfg=208 nodes= 102068 102123 102063 102008 102069 102124 102064 102009 0 0
E 391016 cfg=208 nodes= 102069 102124 102064 102009 102070 102125 102065 102010 0 0
E 391017 cfg=208 nodes= 62887 62877 62888 62898 102066 102011 102071 102126 0 0
E 391018 cfg=208 nodes= 102066 102011 102071 102126 102067 102012 102072 102127 0 0
E 391019 cfg=208 nodes= 102067 102012 102072 102127 102068 102013 102073 102128 0 0
E 391020 cfg=208 nodes= 102068 102013 102073 102128 102069 102014 102074 102129 0 0
E 391021 cfg=208 nodes= 102069 102014 102074 102129 102070 102015 102075 102130 0 0
E 391022 cfg=208 nodes= 62889 62899 62888 62878 102076 102131 102071 102016 0 0
E 391023 cfg=208 nodes= 102076 102131 102071 102016 102077 102132 102072 102017 0 0
E 391024 cfg=208 nodes= 102077 102132 102072 102017 102078 102133 102073 102018 0 0
E 391025 cfg=208 nodes= 102078 102133 102073 102018 102079 102134 102074 102019 0 0
E 391026 cfg=208 nodes= 102079 102134 102074 102019 102080 102135 102075 102020 0 0
E 391027 cfg=208 nodes= 62891 62900 62889 62880 102091 102136 102076 102031 0 0
E 391028 cfg=208 nodes= 102091 102136 102076 102031 102092 102137 102077 102032 0 0
E 391029 cfg=208 nodes= 102092 102137 102077 102032 102093 102138 102078 102033 0 0
E 391030 cfg=208 nodes= 102093 102138 102078 102033 102094 102139 102079 102034 0 0
E 391031 cfg=208 nodes= 102094 102139 102079 102034 102095 102140 102080 102035 0 0
E 391032 cfg=208 nodes= 62890 62550 62549 62879 102086 102141 102081 102026 0 0
E 391033 cfg=208 nodes= 102086 102141 102081 102026 102087 102142 102082 102027 0 0
E 391034 cfg=208 nodes= 102087 102142 102082 102027 102088 102143 102083 102028 0 0
E 391035 cfg=208 nodes= 102088 102143 102083 102028 102089 102144 102084 102029 0 0
E 391036 cfg=208 nodes= 102089 102144 102084 102029 102090 102145 102085 102030 0 0
E 391037 cfg=208 nodes= 62891 62882 62892 62901 102091 102041 102096 102146 0 0
E 391038 cfg=208 nodes= 102091 102041 102096 102146 102092 102042 102097 102147 0 0
E 391039 cfg=208 nodes= 102092 102042 102097 102147 102093 102043 102098 102148 0 0
E 391040 cfg=208 nodes= 102093 102043 102098 102148 102094 102044 102099 102149 0 0
E 391041 cfg=208 nodes= 102094 102044 102099 102149 102095 102045 102100 102150 0 0
E 391042 cfg=208 nodes= 62893 62902 62890 62881 102101 102151 102086 102036 0 0
E 391043 cfg=208 nodes= 102101 102151 102086 102036 102102 102152 102087 102037 0 0
E 391044 cfg=208 nodes= 102102 102152 102087 102037 102103 102153 102088 102038 0 0
E 391045 cfg=208 nodes= 102103 102153 102088 102038 102104 102154 102089 102039 0 0
E 391046 cfg=208 nodes= 102104 102154 102089 102039 102105 102155 102090 102040 0 0
E 391047 cfg=208 nodes= 62892 62883 62894 62903 102096 102046 102106 102156 0 0
E 391048 cfg=208 nodes= 102096 102046 102106 102156 102097 102047 102107 102157 0 0
E 391049 cfg=208 nodes= 102097 102047 102107 102157 102098 102048 102108 102158 0 0
E 391050 cfg=208 nodes= 102098 102048 102108 102158 102099 102049 102109 102159 0 0
E 391051 cfg=208 nodes= 102099 102049 102109 102159 102100 102050 102110 102160 0 0
E 391052 cfg=208 nodes= 62895 62904 62893 62884 102111 102161 102101 102051 0 0
E 391053 cfg=208 nodes= 102111 102161 102101 102051 102112 102162 102102 102052 0 0
E 391054 cfg=208 nodes= 102112 102162 102102 102052 102113 102163 102103 102053 0 0
E 391055 cfg=208 nodes= 102113 102163 102103 102053 102114 102164 102104 102054 0 0
E 391056 cfg=208 nodes= 102114 102164 102104 102054 102115 102165 102105 102055 0 0
E 391057 cfg=208 nodes= 62894 62885 62896 62905 102106 102056 102116 102166 0 0
E 391058 cfg=208 nodes= 102106 102056 102116 102166 102107 102057 102117 102167 0 0
E 391059 cfg=208 nodes= 102107 102057 102117 102167 102108 102058 102118 102168 0 0
E 391060 cfg=208 nodes= 102108 102058 102118 102168 102109 102059 102119 102169 0 0
E 391061 cfg=208 nodes= 102109 102059 102119 102169 102110 102060 102120 102170 0 0
E 391062 cfg=208 nodes= 62897 62906 62895 62886 102121 102171 102111 102061 0 0
E 391063 cfg=208 nodes= 102121 102171 102111 102061 102122 102172 102112 102062 0 0
E 391064 cfg=208 nodes= 102122 102172 102112 102062 102123 102173 102113 102063 0 0
E 391065 cfg=208 nodes= 102123 102173 102113 102063 102124 102174 102114 102064 0 0
E 391066 cfg=208 nodes= 102124 102174 102114 102064 102125 102175 102115 102065 0 0
E 391067 cfg=208 nodes= 62896 60975 60976 62907 102116 99001 99071 102176 0 0
E 391068 cfg=208 nodes= 102116 99001 99071 102176 102117 99002 99072 102177 0 0
E 391069 cfg=208 nodes= 102117 99002 99072 102177 102118 99003 99073 102178 0 0
E 391070 cfg=208 nodes= 102118 99003 99073 102178 102119 99004 99074 102179 0 0
E 391071 cfg=208 nodes= 102119 99004 99074 102179 102120 99005 99075 102180 0 0
E 391072 cfg=208 nodes= 62897 62887 62898 62908 102121 102066 102126 102181 0 0
E 391073 cfg=208 nodes= 102121 102066 102126 102181 102122 102067 102127 102182 0 0
E 391074 cfg=208 nodes= 102122 102067 102127 102182 102123 102068 102128 102183 0 0
E 391075 cfg=208 nodes= 102123 102068 102128 102183 102124 102069 102129 102184 0 0
E 391076 cfg=208 nodes= 102124 102069 102129 102184 102125 102070 102130 102185 0 0
E 391077 cfg=208 nodes= 62898 62888 62899 62909 102126 102071 102131 102186 0 0
E 391078 cfg=208 nodes= 102126 102071 102131 102186 102127 102072 102132 102187 0 0
E 391079 cfg=208 nodes= 102127 102072 102132 102187 102128 102073 102133 102188 0 0
E 391080 cfg=208 nodes= 102128 102073 102133 102188 102129 102074 102134 102189 0 0
E 391081 cfg=208 nodes= 102129 102074 102134 102189 102130 102075 102135 102190 0 0
E 391082 cfg=208 nodes= 62900 62910 62899 62889 102136 102191 102131 102076 0 0
E 391083 cfg=208 nodes= 102136 102191 102131 102076 102137 102192 102132 102077 0 0
E 391084 cfg=208 nodes= 102137 102192 102132 102077 102138 102193 102133 102078 0 0
E 391085 cfg=208 nodes= 102138 102193 102133 102078 102139 102194 102134 102079 0 0
E 391086 cfg=208 nodes= 102139 102194 102134 102079 102140 102195 102135 102080 0 0
E 391087 cfg=208 nodes= 62900 62891 62901 62911 102136 102091 102146 102196 0 0
E 391088 cfg=208 nodes= 102136 102091 102146 102196 102137 102092 102147 102197 0 0
E 391089 cfg=208 nodes= 102137 102092 102147 102197 102138 102093 102148 102198 0 0
E 391090 cfg=208 nodes= 102138 102093 102148 102198 102139 102094 102149 102199 0 0
E 391091 cfg=208 nodes= 102139 102094 102149 102199 102140 102095 102150 102200 0 0
E 391092 cfg=208 nodes= 62902 62551 62550 62890 102151 102201 102141 102086 0 0
E 391093 cfg=208 nodes= 102151 102201 102141 102086 102152 102202 102142 102087 0 0
E 391094 cfg=208 nodes= 102152 102202 102142 102087 102153 102203 102143 102088 0 0
E 391095 cfg=208 nodes= 102153 102203 102143 102088 102154 102204 102144 102089 0 0
E 391096 cfg=208 nodes= 102154 102204 102144 102089 102155 102205 102145 102090 0 0
E 391097 cfg=208 nodes= 62901 62892 62903 62912 102146 102096 102156 102206 0 0
E 391098 cfg=208 nodes= 102146 102096 102156 102206 102147 102097 102157 102207 0 0
E 391099 cfg=208 nodes= 102147 102097 102157 102207 102148 102098 102158 102208 0 0
E 391100 cfg=208 nodes= 102148 102098 102158 102208 102149 102099 102159 102209 0 0
E 391101 cfg=208 nodes= 102149 102099 102159 102209 102150 102100 102160 102210 0 0
E 391102 cfg=208 nodes= 62904 62913 62902 62893 102161 102211 102151 102101 0 0
E 391103 cfg=208 nodes= 102161 102211 102151 102101 102162 102212 102152 102102 0 0
E 391104 cfg=208 nodes= 102162 102212 102152 102102 102163 102213 102153 102103 0 0
E 391105 cfg=208 nodes= 102163 102213 102153 102103 102164 102214 102154 102104 0 0
E 391106 cfg=208 nodes= 102164 102214 102154 102104 102165 102215 102155 102105 0 0
E 391107 cfg=208 nodes= 62903 62894 62905 62914 102156 102106 102166 102216 0 0
E 391108 cfg=208 nodes= 102156 102106 102166 102216 102157 102107 102167 102217 0 0
E 391109 cfg=208 nodes= 102157 102107 102167 102217 102158 102108 102168 102218 0 0
E 391110 cfg=208 nodes= 102158 102108 102168 102218 102159 102109 102169 102219 0 0
E 391111 cfg=208 nodes= 102159 102109 102169 102219 102160 102110 102170 102220 0 0
E 391112 cfg=208 nodes= 62906 62915 62904 62895 102171 102221 102161 102111 0 0
E 391113 cfg=208 nodes= 102171 102221 102161 102111 102172 102222 102162 102112 0 0
E 391114 cfg=208 nodes= 102172 102222 102162 102112 102173 102223 102163 102113 0 0
E 391115 cfg=208 nodes= 102173 102223 102163 102113 102174 102224 102164 102114 0 0
E 391116 cfg=208 nodes= 102174 102224 102164 102114 102175 102225 102165 102115 0 0
E 391117 cfg=208 nodes= 62905 62896 62907 62916 102166 102116 102176 102226 0 0
E 391118 cfg=208 nodes= 102166 102116 102176 102226 102167 102117 102177 102227 0 0
E 391119 cfg=208 nodes= 102167 102117 102177 102227 102168 102118 102178 102228 0 0
E 391120 cfg=208 nodes= 102168 102118 102178 102228 102169 102119 102179 102229 0 0
E 391121 cfg=208 nodes= 102169 102119 102179 102229 102170 102120 102180 102230 0 0
E 391122 cfg=208 nodes= 62906 62897 62908 62917 102171 102121 102181 102231 0 0
E 391123 cfg=208 nodes= 102171 102121 102181 102231 102172 102122 102182 102232 0 0
E 391124 cfg=208 nodes= 102172 102122 102182 102232 102173 102123 102183 102233 0 0
E 391125 cfg=208 nodes= 102173 102123 102183 102233 102174 102124 102184 102234 0 0
E 391126 cfg=208 nodes= 102174 102124 102184 102234 102175 102125 102185 102235 0 0
E 391127 cfg=208 nodes= 62907 60976 60977 62918 102176 99071 99141 102236 0 0
E 391128 cfg=208 nodes= 102176 99071 99141 102236 102177 99072 99142 102237 0 0
E 391129 cfg=208 nodes= 102177 99072 99142 102237 102178 99073 99143 102238 0 0
E 391130 cfg=208 nodes= 102178 99073 99143 102238 102179 99074 99144 102239 0 0
E 391131 cfg=208 nodes= 102179 99074 99144 102239 102180 99075 99145 102240 0 0
E 391132 cfg=208 nodes= 62909 62919 62908 62898 102186 102241 102181 102126 0 0
E 391133 cfg=208 nodes= 102186 102241 102181 102126 102187 102242 102182 102127 0 0
E 391134 cfg=208 nodes= 102187 102242 102182 102127 102188 102243 102183 102128 0 0
E 391135 cfg=208 nodes= 102188 102243 102183 102128 102189 102244 102184 102129 0 0
E 391136 cfg=208 nodes= 102189 102244 102184 102129 102190 102245 102185 102130 0 0
E 391137 cfg=208 nodes= 62909 62899 62910 62920 102186 102131 102191 102246 0 0
E 391138 cfg=208 nodes= 102186 102131 102191 102246 102187 102132 102192 102247 0 0
E 391139 cfg=208 nodes= 102187 102132 102192 102247 102188 102133 102193 102248 0 0
E 391140 cfg=208 nodes= 102188 102133 102193 102248 102189 102134 102194 102249 0 0
E 391141 cfg=208 nodes= 102189 102134 102194 102249 102190 102135 102195 102250 0 0
E 391142 cfg=208 nodes= 62910 62900 62911 62921 102191 102136 102196 102251 0 0
E 391143 cfg=208 nodes= 102191 102136 102196 102251 102192 102137 102197 102252 0 0
E 391144 cfg=208 nodes= 102192 102137 102197 102252 102193 102138 102198 102253 0 0
E 391145 cfg=208 nodes= 102193 102138 102198 102253 102194 102139 102199 102254 0 0
E 391146 cfg=208 nodes= 102194 102139 102199 102254 102195 102140 102200 102255 0 0
E 391147 cfg=208 nodes= 62911 62901 62912 62922 102196 102146 102206 102256 0 0
E 391148 cfg=208 nodes= 102196 102146 102206 102256 102197 102147 102207 102257 0 0
E 391149 cfg=208 nodes= 102197 102147 102207 102257 102198 102148 102208 102258 0 0
E 391150 cfg=208 nodes= 102198 102148 102208 102258 102199 102149 102209 102259 0 0
E 391151 cfg=208 nodes= 102199 102149 102209 102259 102200 102150 102210 102260 0 0
E 391152 cfg=208 nodes= 62913 62552 62551 62902 102211 102261 102201 102151 0 0
E 391153 cfg=208 nodes= 102211 102261 102201 102151 102212 102262 102202 102152 0 0
E 391154 cfg=208 nodes= 102212 102262 102202 102152 102213 102263 102203 102153 0 0
E 391155 cfg=208 nodes= 102213 102263 102203 102153 102214 102264 102204 102154 0 0
E 391156 cfg=208 nodes= 102214 102264 102204 102154 102215 102265 102205 102155 0 0
E 391157 cfg=208 nodes= 62912 62903 62914 62923 102206 102156 102216 102266 0 0
E 391158 cfg=208 nodes= 102206 102156 102216 102266 102207 102157 102217 102267 0 0
E 391159 cfg=208 nodes= 102207 102157 102217 102267 102208 102158 102218 102268 0 0
E 391160 cfg=208 nodes= 102208 102158 102218 102268 102209 102159 102219 102269 0 0
E 391161 cfg=208 nodes= 102209 102159 102219 102269 102210 102160 102220 102270 0 0
E 391162 cfg=208 nodes= 62915 62924 62913 62904 102221 102271 102211 102161 0 0
E 391163 cfg=208 nodes= 102221 102271 102211 102161 102222 102272 102212 102162 0 0
E 391164 cfg=208 nodes= 102222 102272 102212 102162 102223 102273 102213 102163 0 0
E 391165 cfg=208 nodes= 102223 102273 102213 102163 102224 102274 102214 102164 0 0
E 391166 cfg=208 nodes= 102224 102274 102214 102164 102225 102275 102215 102165 0 0
E 391167 cfg=208 nodes= 62914 62905 62916 62925 102216 102166 102226 102276 0 0
E 391168 cfg=208 nodes= 102216 102166 102226 102276 102217 102167 102227 102277 0 0
E 391169 cfg=208 nodes= 102217 102167 102227 102277 102218 102168 102228 102278 0 0
E 391170 cfg=208 nodes= 102218 102168 102228 102278 102219 102169 102229 102279 0 0
E 391171 cfg=208 nodes= 102219 102169 102229 102279 102220 102170 102230 102280 0 0
E 391172 cfg=208 nodes= 62915 62906 62917 62926 102221 102171 102231 102281 0 0
E 391173 cfg=208 nodes= 102221 102171 102231 102281 102222 102172 102232 102282 0 0
E 391174 cfg=208 nodes= 102222 102172 102232 102282 102223 102173 102233 102283 0 0
E 391175 cfg=208 nodes= 102223 102173 102233 102283 102224 102174 102234 102284 0 0
E 391176 cfg=208 nodes= 102224 102174 102234 102284 102225 102175 102235 102285 0 0
E 391177 cfg=208 nodes= 62916 62907 62918 62927 102226 102176 102236 102286 0 0
E 391178 cfg=208 nodes= 102226 102176 102236 102286 102227 102177 102237 102287 0 0
E 391179 cfg=208 nodes= 102227 102177 102237 102287 102228 102178 102238 102288 0 0
E 391180 cfg=208 nodes= 102228 102178 102238 102288 102229 102179 102239 102289 0 0
E 391181 cfg=208 nodes= 102229 102179 102239 102289 102230 102180 102240 102290 0 0
E 391182 cfg=208 nodes= 62919 62928 62917 62908 102241 102291 102231 102181 0 0
E 391183 cfg=208 nodes= 102241 102291 102231 102181 102242 102292 102232 102182 0 0
E 391184 cfg=208 nodes= 102242 102292 102232 102182 102243 102293 102233 102183 0 0
E 391185 cfg=208 nodes= 102243 102293 102233 102183 102244 102294 102234 102184 0 0
E 391186 cfg=208 nodes= 102244 102294 102234 102184 102245 102295 102235 102185 0 0
E 391187 cfg=208 nodes= 62918 60977 60978 62929 102236 99141 99211 102296 0 0
E 391188 cfg=208 nodes= 102236 99141 99211 102296 102237 99142 99212 102297 0 0
E 391189 cfg=208 nodes= 102237 99142 99212 102297 102238 99143 99213 102298 0 0
E 391190 cfg=208 nodes= 102238 99143 99213 102298 102239 99144 99214 102299 0 0
E 391191 cfg=208 nodes= 102239 99144 99214 102299 102240 99145 99215 102300 0 0
E 391192 cfg=208 nodes= 62920 62930 62919 62909 102246 102301 102241 102186 0 0
E 391193 cfg=208 nodes= 102246 102301 102241 102186 102247 102302 102242 102187 0 0
E 391194 cfg=208 nodes= 102247 102302 102242 102187 102248 102303 102243 102188 0 0
E 391195 cfg=208 nodes= 102248 102303 102243 102188 102249 102304 102244 102189 0 0
E 391196 cfg=208 nodes= 102249 102304 102244 102189 102250 102305 102245 102190 0 0
E 391197 cfg=208 nodes= 62920 62910 62921 62931 102246 102191 102251 102306 0 0
E 391198 cfg=208 nodes= 102246 102191 102251 102306 102247 102192 102252 102307 0 0
E 391199 cfg=208 nodes= 102247 102192 102252 102307 102248 102193 102253 102308 0 0
E 391200 cfg=208 nodes= 102248 102193 102253 102308 102249 102194 102254 102309 0 0
E 391201 cfg=208 nodes= 102249 102194 102254 102309 102250 102195 102255 102310 0 0
E 391202 cfg=208 nodes= 62921 62911 62922 62932 102251 102196 102256 102311 0 0
E 391203 cfg=208 nodes= 102251 102196 102256 102311 102252 102197 102257 102312 0 0
E 391204 cfg=208 nodes= 102252 102197 102257 102312 102253 102198 102258 102313 0 0
E 391205 cfg=208 nodes= 102253 102198 102258 102313 102254 102199 102259 102314 0 0
E 391206 cfg=208 nodes= 102254 102199 102259 102314 102255 102200 102260 102315 0 0
E 391207 cfg=208 nodes= 62922 62912 62923 62933 102256 102206 102266 102316 0 0
E 391208 cfg=208 nodes= 102256 102206 102266 102316 102257 102207 102267 102317 0 0
E 391209 cfg=208 nodes= 102257 102207 102267 102317 102258 102208 102268 102318 0 0
E 391210 cfg=208 nodes= 102258 102208 102268 102318 102259 102209 102269 102319 0 0
E 391211 cfg=208 nodes= 102259 102209 102269 102319 102260 102210 102270 102320 0 0
E 391212 cfg=208 nodes= 62923 62914 62925 62934 102266 102216 102276 102321 0 0
E 391213 cfg=208 nodes= 102266 102216 102276 102321 102267 102217 102277 102322 0 0
E 391214 cfg=208 nodes= 102267 102217 102277 102322 102268 102218 102278 102323 0 0
E 391215 cfg=208 nodes= 102268 102218 102278 102323 102269 102219 102279 102324 0 0
E 391216 cfg=208 nodes= 102269 102219 102279 102324 102270 102220 102280 102325 0 0
E 391217 cfg=208 nodes= 62924 62553 62552 62913 102271 102326 102261 102211 0 0
E 391218 cfg=208 nodes= 102271 102326 102261 102211 102272 102327 102262 102212 0 0
E 391219 cfg=208 nodes= 102272 102327 102262 102212 102273 102328 102263 102213 0 0
E 391220 cfg=208 nodes= 102273 102328 102263 102213 102274 102329 102264 102214 0 0
E 391221 cfg=208 nodes= 102274 102329 102264 102214 102275 102330 102265 102215 0 0
E 391222 cfg=208 nodes= 62924 62915 62926 62936 102271 102221 102281 102331 0 0
E 391223 cfg=208 nodes= 102271 102221 102281 102331 102272 102222 102282 102332 0 0
E 391224 cfg=208 nodes= 102272 102222 102282 102332 102273 102223 102283 102333 0 0
E 391225 cfg=208 nodes= 102273 102223 102283 102333 102274 102224 102284 102334 0 0
E 391226 cfg=208 nodes= 102274 102224 102284 102334 102275 102225 102285 102335 0 0
E 391227 cfg=208 nodes= 62925 62916 62927 62935 102276 102226 102286 102336 0 0
E 391228 cfg=208 nodes= 102276 102226 102286 102336 102277 102227 102287 102337 0 0
E 391229 cfg=208 nodes= 102277 102227 102287 102337 102278 102228 102288 102338 0 0
E 391230 cfg=208 nodes= 102278 102228 102288 102338 102279 102229 102289 102339 0 0
E 391231 cfg=208 nodes= 102279 102229 102289 102339 102280 102230 102290 102340 0 0
E 391232 cfg=208 nodes= 62926 62917 62928 62937 102281 102231 102291 102341 0 0
E 391233 cfg=208 nodes= 102281 102231 102291 102341 102282 102232 102292 102342 0 0
E 391234 cfg=208 nodes= 102282 102232 102292 102342 102283 102233 102293 102343 0 0
E 391235 cfg=208 nodes= 102283 102233 102293 102343 102284 102234 102294 102344 0 0
E 391236 cfg=208 nodes= 102284 102234 102294 102344 102285 102235 102295 102345 0 0
E 391237 cfg=208 nodes= 62927 62918 62929 62938 102286 102236 102296 102346 0 0
E 391238 cfg=208 nodes= 102286 102236 102296 102346 102287 102237 102297 102347 0 0
E 391239 cfg=208 nodes= 102287 102237 102297 102347 102288 102238 102298 102348 0 0
E 391240 cfg=208 nodes= 102288 102238 102298 102348 102289 102239 102299 102349 0 0
E 391241 cfg=208 nodes= 102289 102239 102299 102349 102290 102240 102300 102350 0 0
E 391242 cfg=208 nodes= 62930 62939 62928 62919 102301 102351 102291 102241 0 0
E 391243 cfg=208 nodes= 102301 102351 102291 102241 102302 102352 102292 102242 0 0
E 391244 cfg=208 nodes= 102302 102352 102292 102242 102303 102353 102293 102243 0 0
E 391245 cfg=208 nodes= 102303 102353 102293 102243 102304 102354 102294 102244 0 0
E 391246 cfg=208 nodes= 102304 102354 102294 102244 102305 102355 102295 102245 0 0
E 391247 cfg=208 nodes= 62929 60978 60979 62940 102296 99211 99281 102356 0 0
E 391248 cfg=208 nodes= 102296 99211 99281 102356 102297 99212 99282 102357 0 0
E 391249 cfg=208 nodes= 102297 99212 99282 102357 102298 99213 99283 102358 0 0
E 391250 cfg=208 nodes= 102298 99213 99283 102358 102299 99214 99284 102359 0 0
E 391251 cfg=208 nodes= 102299 99214 99284 102359 102300 99215 99285 102360 0 0
E 391252 cfg=208 nodes= 62930 62920 62931 62941 102301 102246 102306 102361 0 0
E 391253 cfg=208 nodes= 102301 102246 102306 102361 102302 102247 102307 102362 0 0
E 391254 cfg=208 nodes= 102302 102247 102307 102362 102303 102248 102308 102363 0 0
E 391255 cfg=208 nodes= 102303 102248 102308 102363 102304 102249 102309 102364 0 0
E 391256 cfg=208 nodes= 102304 102249 102309 102364 102305 102250 102310 102365 0 0
E 391257 cfg=208 nodes= 62931 62921 62932 62942 102306 102251 102311 102366 0 0
E 391258 cfg=208 nodes= 102306 102251 102311 102366 102307 102252 102312 102367 0 0
E 391259 cfg=208 nodes= 102307 102252 102312 102367 102308 102253 102313 102368 0 0
E 391260 cfg=208 nodes= 102308 102253 102313 102368 102309 102254 102314 102369 0 0
E 391261 cfg=208 nodes= 102309 102254 102314 102369 102310 102255 102315 102370 0 0
E 391262 cfg=208 nodes= 62932 62922 62933 62943 102311 102256 102316 102371 0 0
E 391263 cfg=208 nodes= 102311 102256 102316 102371 102312 102257 102317 102372 0 0
E 391264 cfg=208 nodes= 102312 102257 102317 102372 102313 102258 102318 102373 0 0
E 391265 cfg=208 nodes= 102313 102258 102318 102373 102314 102259 102319 102374 0 0
E 391266 cfg=208 nodes= 102314 102259 102319 102374 102315 102260 102320 102375 0 0
E 391267 cfg=208 nodes= 62933 62923 62934 62944 102316 102266 102321 102376 0 0
E 391268 cfg=208 nodes= 102316 102266 102321 102376 102317 102267 102322 102377 0 0
E 391269 cfg=208 nodes= 102317 102267 102322 102377 102318 102268 102323 102378 0 0
E 391270 cfg=208 nodes= 102318 102268 102323 102378 102319 102269 102324 102379 0 0
E 391271 cfg=208 nodes= 102319 102269 102324 102379 102320 102270 102325 102380 0 0
E 391272 cfg=208 nodes= 62934 62925 62935 62945 102321 102276 102336 102381 0 0
E 391273 cfg=208 nodes= 102321 102276 102336 102381 102322 102277 102337 102382 0 0
E 391274 cfg=208 nodes= 102322 102277 102337 102382 102323 102278 102338 102383 0 0
E 391275 cfg=208 nodes= 102323 102278 102338 102383 102324 102279 102339 102384 0 0
E 391276 cfg=208 nodes= 102324 102279 102339 102384 102325 102280 102340 102385 0 0
E 391277 cfg=208 nodes= 62553 62924 62936 62554 102326 102271 102331 102386 0 0
E 391278 cfg=208 nodes= 102326 102271 102331 102386 102327 102272 102332 102387 0 0
E 391279 cfg=208 nodes= 102327 102272 102332 102387 102328 102273 102333 102388 0 0
E 391280 cfg=208 nodes= 102328 102273 102333 102388 102329 102274 102334 102389 0 0
E 391281 cfg=208 nodes= 102329 102274 102334 102389 102330 102275 102335 102390 0 0
E 391282 cfg=208 nodes= 62935 62927 62938 62946 102336 102286 102346 102391 0 0
E 391283 cfg=208 nodes= 102336 102286 102346 102391 102337 102287 102347 102392 0 0
E 391284 cfg=208 nodes= 102337 102287 102347 102392 102338 102288 102348 102393 0 0
E 391285 cfg=208 nodes= 102338 102288 102348 102393 102339 102289 102349 102394 0 0
E 391286 cfg=208 nodes= 102339 102289 102349 102394 102340 102290 102350 102395 0 0
E 391287 cfg=208 nodes= 62937 62947 62936 62926 102341 102396 102331 102281 0 0
E 391288 cfg=208 nodes= 102341 102396 102331 102281 102342 102397 102332 102282 0 0
E 391289 cfg=208 nodes= 102342 102397 102332 102282 102343 102398 102333 102283 0 0
E 391290 cfg=208 nodes= 102343 102398 102333 102283 102344 102399 102334 102284 0 0
E 391291 cfg=208 nodes= 102344 102399 102334 102284 102345 102400 102335 102285 0 0
E 391292 cfg=208 nodes= 62937 62928 62939 62949 102341 102291 102351 102401 0 0
E 391293 cfg=208 nodes= 102341 102291 102351 102401 102342 102292 102352 102402 0 0
E 391294 cfg=208 nodes= 102342 102292 102352 102402 102343 102293 102353 102403 0 0
E 391295 cfg=208 nodes= 102343 102293 102353 102403 102344 102294 102354 102404 0 0
E 391296 cfg=208 nodes= 102344 102294 102354 102404 102345 102295 102355 102405 0 0
E 391297 cfg=208 nodes= 62938 62929 62940 62948 102346 102296 102356 102406 0 0
E 391298 cfg=208 nodes= 102346 102296 102356 102406 102347 102297 102357 102407 0 0
E 391299 cfg=208 nodes= 102347 102297 102357 102407 102348 102298 102358 102408 0 0
E 391300 cfg=208 nodes= 102348 102298 102358 102408 102349 102299 102359 102409 0 0
E 391301 cfg=208 nodes= 102349 102299 102359 102409 102350 102300 102360 102410 0 0
E 391302 cfg=208 nodes= 62939 62930 62941 62950 102351 102301 102361 102411 0 0
E 391303 cfg=208 nodes= 102351 102301 102361 102411 102352 102302 102362 102412 0 0
E 391304 cfg=208 nodes= 102352 102302 102362 102412 102353 102303 102363 102413 0 0
E 391305 cfg=208 nodes= 102353 102303 102363 102413 102354 102304 102364 102414 0 0
E 391306 cfg=208 nodes= 102354 102304 102364 102414 102355 102305 102365 102415 0 0
E 391307 cfg=208 nodes= 62941 62931 62942 62952 102361 102306 102366 102416 0 0
E 391308 cfg=208 nodes= 102361 102306 102366 102416 102362 102307 102367 102417 0 0
E 391309 cfg=208 nodes= 102362 102307 102367 102417 102363 102308 102368 102418 0 0
E 391310 cfg=208 nodes= 102363 102308 102368 102418 102364 102309 102369 102419 0 0
E 391311 cfg=208 nodes= 102364 102309 102369 102419 102365 102310 102370 102420 0 0
E 391312 cfg=208 nodes= 62940 60979 60980 62951 102356 99281 99351 102421 0 0
E 391313 cfg=208 nodes= 102356 99281 99351 102421 102357 99282 99352 102422 0 0
E 391314 cfg=208 nodes= 102357 99282 99352 102422 102358 99283 99353 102423 0 0
E 391315 cfg=208 nodes= 102358 99283 99353 102423 102359 99284 99354 102424 0 0
E 391316 cfg=208 nodes= 102359 99284 99354 102424 102360 99285 99355 102425 0 0
E 391317 cfg=208 nodes= 62942 62932 62943 62953 102366 102311 102371 102426 0 0
E 391318 cfg=208 nodes= 102366 102311 102371 102426 102367 102312 102372 102427 0 0
E 391319 cfg=208 nodes= 102367 102312 102372 102427 102368 102313 102373 102428 0 0
E 391320 cfg=208 nodes= 102368 102313 102373 102428 102369 102314 102374 102429 0 0
E 391321 cfg=208 nodes= 102369 102314 102374 102429 102370 102315 102375 102430 0 0
E 391322 cfg=208 nodes= 62943 62933 62944 62954 102371 102316 102376 102431 0 0
E 391323 cfg=208 nodes= 102371 102316 102376 102431 102372 102317 102377 102432 0 0
E 391324 cfg=208 nodes= 102372 102317 102377 102432 102373 102318 102378 102433 0 0
E 391325 cfg=208 nodes= 102373 102318 102378 102433 102374 102319 102379 102434 0 0
E 391326 cfg=208 nodes= 102374 102319 102379 102434 102375 102320 102380 102435 0 0
E 391327 cfg=208 nodes= 62944 62934 62945 62955 102376 102321 102381 102436 0 0
E 391328 cfg=208 nodes= 102376 102321 102381 102436 102377 102322 102382 102437 0 0
E 391329 cfg=208 nodes= 102377 102322 102382 102437 102378 102323 102383 102438 0 0
E 391330 cfg=208 nodes= 102378 102323 102383 102438 102379 102324 102384 102439 0 0
E 391331 cfg=208 nodes= 102379 102324 102384 102439 102380 102325 102385 102440 0 0
E 391332 cfg=208 nodes= 62945 62935 62946 62956 102381 102336 102391 102441 0 0
E 391333 cfg=208 nodes= 102381 102336 102391 102441 102382 102337 102392 102442 0 0
E 391334 cfg=208 nodes= 102382 102337 102392 102442 102383 102338 102393 102443 0 0
E 391335 cfg=208 nodes= 102383 102338 102393 102443 102384 102339 102394 102444 0 0
E 391336 cfg=208 nodes= 102384 102339 102394 102444 102385 102340 102395 102445 0 0
E 391337 cfg=208 nodes= 62947 62555 62554 62936 102396 102446 102386 102331 0 0
E 391338 cfg=208 nodes= 102396 102446 102386 102331 102397 102447 102387 102332 0 0
E 391339 cfg=208 nodes= 102397 102447 102387 102332 102398 102448 102388 102333 0 0
E 391340 cfg=208 nodes= 102398 102448 102388 102333 102399 102449 102389 102334 0 0
E 391341 cfg=208 nodes= 102399 102449 102389 102334 102400 102450 102390 102335 0 0
E 391342 cfg=208 nodes= 62946 62938 62948 62957 102391 102346 102406 102451 0 0
E 391343 cfg=208 nodes= 102391 102346 102406 102451 102392 102347 102407 102452 0 0
E 391344 cfg=208 nodes= 102392 102347 102407 102452 102393 102348 102408 102453 0 0
E 391345 cfg=208 nodes= 102393 102348 102408 102453 102394 102349 102409 102454 0 0
E 391346 cfg=208 nodes= 102394 102349 102409 102454 102395 102350 102410 102455 0 0
E 391347 cfg=208 nodes= 62949 62958 62947 62937 102401 102456 102396 102341 0 0
E 391348 cfg=208 nodes= 102401 102456 102396 102341 102402 102457 102397 102342 0 0
E 391349 cfg=208 nodes= 102402 102457 102397 102342 102403 102458 102398 102343 0 0
E 391350 cfg=208 nodes= 102403 102458 102398 102343 102404 102459 102399 102344 0 0
E 391351 cfg=208 nodes= 102404 102459 102399 102344 102405 102460 102400 102345 0 0
E 391352 cfg=208 nodes= 62949 62939 62950 62960 102401 102351 102411 102461 0 0
E 391353 cfg=208 nodes= 102401 102351 102411 102461 102402 102352 102412 102462 0 0
E 391354 cfg=208 nodes= 102402 102352 102412 102462 102403 102353 102413 102463 0 0
E 391355 cfg=208 nodes= 102403 102353 102413 102463 102404 102354 102414 102464 0 0
E 391356 cfg=208 nodes= 102404 102354 102414 102464 102405 102355 102415 102465 0 0
E 391357 cfg=208 nodes= 62948 62940 62951 62959 102406 102356 102421 102466 0 0
E 391358 cfg=208 nodes= 102406 102356 102421 102466 102407 102357 102422 102467 0 0
E 391359 cfg=208 nodes= 102407 102357 102422 102467 102408 102358 102423 102468 0 0
E 391360 cfg=208 nodes= 102408 102358 102423 102468 102409 102359 102424 102469 0 0
E 391361 cfg=208 nodes= 102409 102359 102424 102469 102410 102360 102425 102470 0 0
E 391362 cfg=208 nodes= 62950 62941 62952 62961 102411 102361 102416 102471 0 0
E 391363 cfg=208 nodes= 102411 102361 102416 102471 102412 102362 102417 102472 0 0
E 391364 cfg=208 nodes= 102412 102362 102417 102472 102413 102363 102418 102473 0 0
E 391365 cfg=208 nodes= 102413 102363 102418 102473 102414 102364 102419 102474 0 0
E 391366 cfg=208 nodes= 102414 102364 102419 102474 102415 102365 102420 102475 0 0
E 391367 cfg=208 nodes= 62952 62942 62953 62962 102416 102366 102426 102476 0 0
E 391368 cfg=208 nodes= 102416 102366 102426 102476 102417 102367 102427 102477 0 0
E 391369 cfg=208 nodes= 102417 102367 102427 102477 102418 102368 102428 102478 0 0
E 391370 cfg=208 nodes= 102418 102368 102428 102478 102419 102369 102429 102479 0 0
E 391371 cfg=208 nodes= 102419 102369 102429 102479 102420 102370 102430 102480 0 0
E 391372 cfg=208 nodes= 62951 60980 60981 62963 102421 99351 99421 102481 0 0
E 391373 cfg=208 nodes= 102421 99351 99421 102481 102422 99352 99422 102482 0 0
E 391374 cfg=208 nodes= 102422 99352 99422 102482 102423 99353 99423 102483 0 0
E 391375 cfg=208 nodes= 102423 99353 99423 102483 102424 99354 99424 102484 0 0
E 391376 cfg=208 nodes= 102424 99354 99424 102484 102425 99355 99425 102485 0 0
E 391377 cfg=208 nodes= 62953 62943 62954 62964 102426 102371 102431 102486 0 0
E 391378 cfg=208 nodes= 102426 102371 102431 102486 102427 102372 102432 102487 0 0
E 391379 cfg=208 nodes= 102427 102372 102432 102487 102428 102373 102433 102488 0 0
E 391380 cfg=208 nodes= 102428 102373 102433 102488 102429 102374 102434 102489 0 0
E 391381 cfg=208 nodes= 102429 102374 102434 102489 102430 102375 102435 102490 0 0
E 391382 cfg=208 nodes= 62954 62944 62955 62965 102431 102376 102436 102491 0 0
E 391383 cfg=208 nodes= 102431 102376 102436 102491 102432 102377 102437 102492 0 0
E 391384 cfg=208 nodes= 102432 102377 102437 102492 102433 102378 102438 102493 0 0
E 391385 cfg=208 nodes= 102433 102378 102438 102493 102434 102379 102439 102494 0 0
E 391386 cfg=208 nodes= 102434 102379 102439 102494 102435 102380 102440 102495 0 0
E 391387 cfg=208 nodes= 62955 62945 62956 62966 102436 102381 102441 102496 0 0
E 391388 cfg=208 nodes= 102436 102381 102441 102496 102437 102382 102442 102497 0 0
E 391389 cfg=208 nodes= 102437 102382 102442 102497 102438 102383 102443 102498 0 0
E 391390 cfg=208 nodes= 102438 102383 102443 102498 102439 102384 102444 102499 0 0
E 391391 cfg=208 nodes= 102439 102384 102444 102499 102440 102385 102445 102500 0 0
E 391392 cfg=208 nodes= 62956 62946 62957 62967 102441 102391 102451 102501 0 0
E 391393 cfg=208 nodes= 102441 102391 102451 102501 102442 102392 102452 102502 0 0
E 391394 cfg=208 nodes= 102442 102392 102452 102502 102443 102393 102453 102503 0 0
E 391395 cfg=208 nodes= 102443 102393 102453 102503 102444 102394 102454 102504 0 0
E 391396 cfg=208 nodes= 102444 102394 102454 102504 102445 102395 102455 102505 0 0
E 391397 cfg=208 nodes= 62958 62556 62555 62947 102456 102506 102446 102396 0 0
E 391398 cfg=208 nodes= 102456 102506 102446 102396 102457 102507 102447 102397 0 0
E 391399 cfg=208 nodes= 102457 102507 102447 102397 102458 102508 102448 102398 0 0
E 391400 cfg=208 nodes= 102458 102508 102448 102398 102459 102509 102449 102399 0 0
E 391401 cfg=208 nodes= 102459 102509 102449 102399 102460 102510 102450 102400 0 0
E 391402 cfg=208 nodes= 62957 62948 62959 62968 102451 102406 102466 102511 0 0
E 391403 cfg=208 nodes= 102451 102406 102466 102511 102452 102407 102467 102512 0 0
E 391404 cfg=208 nodes= 102452 102407 102467 102512 102453 102408 102468 102513 0 0
E 391405 cfg=208 nodes= 102453 102408 102468 102513 102454 102409 102469 102514 0 0
E 391406 cfg=208 nodes= 102454 102409 102469 102514 102455 102410 102470 102515 0 0
E 391407 cfg=208 nodes= 62958 62949 62960 62969 102456 102401 102461 102516 0 0
E 391408 cfg=208 nodes= 102456 102401 102461 102516 102457 102402 102462 102517 0 0
E 391409 cfg=208 nodes= 102457 102402 102462 102517 102458 102403 102463 102518 0 0
E 391410 cfg=208 nodes= 102458 102403 102463 102518 102459 102404 102464 102519 0 0
E 391411 cfg=208 nodes= 102459 102404 102464 102519 102460 102405 102465 102520 0 0
E 391412 cfg=208 nodes= 62960 62950 62961 62971 102461 102411 102471 102521 0 0
E 391413 cfg=208 nodes= 102461 102411 102471 102521 102462 102412 102472 102522 0 0
E 391414 cfg=208 nodes= 102462 102412 102472 102522 102463 102413 102473 102523 0 0
E 391415 cfg=208 nodes= 102463 102413 102473 102523 102464 102414 102474 102524 0 0
E 391416 cfg=208 nodes= 102464 102414 102474 102524 102465 102415 102475 102525 0 0
E 391417 cfg=208 nodes= 62959 62951 62963 62970 102466 102421 102481 102526 0 0
E 391418 cfg=208 nodes= 102466 102421 102481 102526 102467 102422 102482 102527 0 0
E 391419 cfg=208 nodes= 102467 102422 102482 102527 102468 102423 102483 102528 0 0
E 391420 cfg=208 nodes= 102468 102423 102483 102528 102469 102424 102484 102529 0 0
E 391421 cfg=208 nodes= 102469 102424 102484 102529 102470 102425 102485 102530 0 0
E 391422 cfg=208 nodes= 62961 62952 62962 62973 102471 102416 102476 102531 0 0
E 391423 cfg=208 nodes= 102471 102416 102476 102531 102472 102417 102477 102532 0 0
E 391424 cfg=208 nodes= 102472 102417 102477 102532 102473 102418 102478 102533 0 0
E 391425 cfg=208 nodes= 102473 102418 102478 102533 102474 102419 102479 102534 0 0
E 391426 cfg=208 nodes= 102474 102419 102479 102534 102475 102420 102480 102535 0 0
E 391427 cfg=208 nodes= 62962 62953 62964 62974 102476 102426 102486 102536 0 0
E 391428 cfg=208 nodes= 102476 102426 102486 102536 102477 102427 102487 102537 0 0
E 391429 cfg=208 nodes= 102477 102427 102487 102537 102478 102428 102488 102538 0 0
E 391430 cfg=208 nodes= 102478 102428 102488 102538 102479 102429 102489 102539 0 0
E 391431 cfg=208 nodes= 102479 102429 102489 102539 102480 102430 102490 102540 0 0
E 391432 cfg=208 nodes= 62964 62954 62965 62972 102486 102431 102491 102541 0 0
E 391433 cfg=208 nodes= 102486 102431 102491 102541 102487 102432 102492 102542 0 0
E 391434 cfg=208 nodes= 102487 102432 102492 102542 102488 102433 102493 102543 0 0
E 391435 cfg=208 nodes= 102488 102433 102493 102543 102489 102434 102494 102544 0 0
E 391436 cfg=208 nodes= 102489 102434 102494 102544 102490 102435 102495 102545 0 0
E 391437 cfg=208 nodes= 62963 60981 60982 62975 102481 99421 99491 102546 0 0
E 391438 cfg=208 nodes= 102481 99421 99491 102546 102482 99422 99492 102547 0 0
E 391439 cfg=208 nodes= 102482 99422 99492 102547 102483 99423 99493 102548 0 0
E 391440 cfg=208 nodes= 102483 99423 99493 102548 102484 99424 99494 102549 0 0
E 391441 cfg=208 nodes= 102484 99424 99494 102549 102485 99425 99495 102550 0 0
E 391442 cfg=208 nodes= 62965 62955 62966 62976 102491 102436 102496 102551 0 0
E 391443 cfg=208 nodes= 102491 102436 102496 102551 102492 102437 102497 102552 0 0
E 391444 cfg=208 nodes= 102492 102437 102497 102552 102493 102438 102498 102553 0 0
E 391445 cfg=208 nodes= 102493 102438 102498 102553 102494 102439 102499 102554 0 0
E 391446 cfg=208 nodes= 102494 102439 102499 102554 102495 102440 102500 102555 0 0
E 391447 cfg=208 nodes= 62966 62956 62967 62977 102496 102441 102501 102556 0 0
E 391448 cfg=208 nodes= 102496 102441 102501 102556 102497 102442 102502 102557 0 0
E 391449 cfg=208 nodes= 102497 102442 102502 102557 102498 102443 102503 102558 0 0
E 391450 cfg=208 nodes= 102498 102443 102503 102558 102499 102444 102504 102559 0 0
E 391451 cfg=208 nodes= 102499 102444 102504 102559 102500 102445 102505 102560 0 0
E 391452 cfg=208 nodes= 62967 62957 62968 62978 102501 102451 102511 102561 0 0
E 391453 cfg=208 nodes= 102501 102451 102511 102561 102502 102452 102512 102562 0 0
E 391454 cfg=208 nodes= 102502 102452 102512 102562 102503 102453 102513 102563 0 0
E 391455 cfg=208 nodes= 102503 102453 102513 102563 102504 102454 102514 102564 0 0
E 391456 cfg=208 nodes= 102504 102454 102514 102564 102505 102455 102515 102565 0 0
E 391457 cfg=208 nodes= 62556 62958 62969 62557 102506 102456 102516 102566 0 0
E 391458 cfg=208 nodes= 102506 102456 102516 102566 102507 102457 102517 102567 0 0
E 391459 cfg=208 nodes= 102507 102457 102517 102567 102508 102458 102518 102568 0 0
E 391460 cfg=208 nodes= 102508 102458 102518 102568 102509 102459 102519 102569 0 0
E 391461 cfg=208 nodes= 102509 102459 102519 102569 102510 102460 102520 102570 0 0
E 391462 cfg=208 nodes= 62970 62979 62968 62959 102526 102571 102511 102466 0 0
E 391463 cfg=208 nodes= 102526 102571 102511 102466 102527 102572 102512 102467 0 0
E 391464 cfg=208 nodes= 102527 102572 102512 102467 102528 102573 102513 102468 0 0
E 391465 cfg=208 nodes= 102528 102573 102513 102468 102529 102574 102514 102469 0 0
E 391466 cfg=208 nodes= 102529 102574 102514 102469 102530 102575 102515 102470 0 0
E 391467 cfg=208 nodes= 62969 62960 62971 62982 102516 102461 102521 102576 0 0
E 391468 cfg=208 nodes= 102516 102461 102521 102576 102517 102462 102522 102577 0 0
E 391469 cfg=208 nodes= 102517 102462 102522 102577 102518 102463 102523 102578 0 0
E 391470 cfg=208 nodes= 102518 102463 102523 102578 102519 102464 102524 102579 0 0
E 391471 cfg=208 nodes= 102519 102464 102524 102579 102520 102465 102525 102580 0 0
E 391472 cfg=208 nodes= 62971 62961 62973 62983 102521 102471 102531 102581 0 0
E 391473 cfg=208 nodes= 102521 102471 102531 102581 102522 102472 102532 102582 0 0
E 391474 cfg=208 nodes= 102522 102472 102532 102582 102523 102473 102533 102583 0 0
E 391475 cfg=208 nodes= 102523 102473 102533 102583 102524 102474 102534 102584 0 0
E 391476 cfg=208 nodes= 102524 102474 102534 102584 102525 102475 102535 102585 0 0
E 391477 cfg=208 nodes= 62974 62964 62972 62980 102536 102486 102541 102586 0 0
E 391478 cfg=208 nodes= 102536 102486 102541 102586 102537 102487 102542 102587 0 0
E 391479 cfg=208 nodes= 102537 102487 102542 102587 102538 102488 102543 102588 0 0
E 391480 cfg=208 nodes= 102538 102488 102543 102588 102539 102489 102544 102589 0 0
E 391481 cfg=208 nodes= 102539 102489 102544 102589 102540 102490 102545 102590 0 0
E 391482 cfg=208 nodes= 62970 62963 62975 62984 102526 102481 102546 102591 0 0
E 391483 cfg=208 nodes= 102526 102481 102546 102591 102527 102482 102547 102592 0 0
E 391484 cfg=208 nodes= 102527 102482 102547 102592 102528 102483 102548 102593 0 0
E 391485 cfg=208 nodes= 102528 102483 102548 102593 102529 102484 102549 102594 0 0
E 391486 cfg=208 nodes= 102529 102484 102549 102594 102530 102485 102550 102595 0 0
E 391487 cfg=208 nodes= 62972 62965 62976 62981 102541 102491 102551 102596 0 0
E 391488 cfg=208 nodes= 102541 102491 102551 102596 102542 102492 102552 102597 0 0
E 391489 cfg=208 nodes= 102542 102492 102552 102597 102543 102493 102553 102598 0 0
E 391490 cfg=208 nodes= 102543 102493 102553 102598 102544 102494 102554 102599 0 0
E 391491 cfg=208 nodes= 102544 102494 102554 102599 102545 102495 102555 102600 0 0
E 391492 cfg=208 nodes= 62973 62962 62974 62985 102531 102476 102536 102601 0 0
E 391493 cfg=208 nodes= 102531 102476 102536 102601 102532 102477 102537 102602 0 0
E 391494 cfg=208 nodes= 102532 102477 102537 102602 102533 102478 102538 102603 0 0
E 391495 cfg=208 nodes= 102533 102478 102538 102603 102534 102479 102539 102604 0 0
E 391496 cfg=208 nodes= 102534 102479 102539 102604 102535 102480 102540 102605 0 0
E 391497 cfg=208 nodes= 62976 62966 62977 62986 102551 102496 102556 102606 0 0
E 391498 cfg=208 nodes= 102551 102496 102556 102606 102552 102497 102557 102607 0 0
E 391499 cfg=208 nodes= 102552 102497 102557 102607 102553 102498 102558 102608 0 0
E 391500 cfg=208 nodes= 102553 102498 102558 102608 102554 102499 102559 102609 0 0
E 391501 cfg=208 nodes= 102554 102499 102559 102609 102555 102500 102560 102610 0 0
E 391502 cfg=208 nodes= 60983 62987 62975 60982 99561 102611 102546 99491 0 0
E 391503 cfg=208 nodes= 99561 102611 102546 99491 99562 102612 102547 99492 0 0
E 391504 cfg=208 nodes= 99562 102612 102547 99492 99563 102613 102548 99493 0 0
E 391505 cfg=208 nodes= 99563 102613 102548 99493 99564 102614 102549 99494 0 0
E 391506 cfg=208 nodes= 99564 102614 102549 99494 99565 102615 102550 99495 0 0
E 391507 cfg=208 nodes= 62977 62967 62978 62988 102556 102501 102561 102616 0 0
E 391508 cfg=208 nodes= 102556 102501 102561 102616 102557 102502 102562 102617 0 0
E 391509 cfg=208 nodes= 102557 102502 102562 102617 102558 102503 102563 102618 0 0
E 391510 cfg=208 nodes= 102558 102503 102563 102618 102559 102504 102564 102619 0 0
E 391511 cfg=208 nodes= 102559 102504 102564 102619 102560 102505 102565 102620 0 0
E 391512 cfg=208 nodes= 62978 62968 62979 62990 102561 102511 102571 102621 0 0
E 391513 cfg=208 nodes= 102561 102511 102571 102621 102562 102512 102572 102622 0 0
E 391514 cfg=208 nodes= 102562 102512 102572 102622 102563 102513 102573 102623 0 0
E 391515 cfg=208 nodes= 102563 102513 102573 102623 102564 102514 102574 102624 0 0
E 391516 cfg=208 nodes= 102564 102514 102574 102624 102565 102515 102575 102625 0 0
E 391517 cfg=208 nodes= 62980 62972 62981 62989 102586 102541 102596 102626 0 0
E 391518 cfg=208 nodes= 102586 102541 102596 102626 102587 102542 102597 102627 0 0
E 391519 cfg=208 nodes= 102587 102542 102597 102627 102588 102543 102598 102628 0 0
E 391520 cfg=208 nodes= 102588 102543 102598 102628 102589 102544 102599 102629 0 0
E 391521 cfg=208 nodes= 102589 102544 102599 102629 102590 102545 102600 102630 0 0
E 391522 cfg=208 nodes= 62557 62969 62982 62558 102566 102516 102576 102631 0 0
E 391523 cfg=208 nodes= 102566 102516 102576 102631 102567 102517 102577 102632 0 0
E 391524 cfg=208 nodes= 102567 102517 102577 102632 102568 102518 102578 102633 0 0
E 391525 cfg=208 nodes= 102568 102518 102578 102633 102569 102519 102579 102634 0 0
E 391526 cfg=208 nodes= 102569 102519 102579 102634 102570 102520 102580 102635 0 0
E 391527 cfg=208 nodes= 62984 62991 62979 62970 102591 102636 102571 102526 0 0
E 391528 cfg=208 nodes= 102591 102636 102571 102526 102592 102637 102572 102527 0 0
E 391529 cfg=208 nodes= 102592 102637 102572 102527 102593 102638 102573 102528 0 0
E 391530 cfg=208 nodes= 102593 102638 102573 102528 102594 102639 102574 102529 0 0
E 391531 cfg=208 nodes= 102594 102639 102574 102529 102595 102640 102575 102530 0 0
E 391532 cfg=208 nodes= 62982 62971 62983 62993 102576 102521 102581 102641 0 0
E 391533 cfg=208 nodes= 102576 102521 102581 102641 102577 102522 102582 102642 0 0
E 391534 cfg=208 nodes= 102577 102522 102582 102642 102578 102523 102583 102643 0 0
E 391535 cfg=208 nodes= 102578 102523 102583 102643 102579 102524 102584 102644 0 0
E 391536 cfg=208 nodes= 102579 102524 102584 102644 102580 102525 102585 102645 0 0
E 391537 cfg=208 nodes= 62983 62973 62985 62994 102581 102531 102601 102646 0 0
E 391538 cfg=208 nodes= 102581 102531 102601 102646 102582 102532 102602 102647 0 0
E 391539 cfg=208 nodes= 102582 102532 102602 102647 102583 102533 102603 102648 0 0
E 391540 cfg=208 nodes= 102583 102533 102603 102648 102584 102534 102604 102649 0 0
E 391541 cfg=208 nodes= 102584 102534 102604 102649 102585 102535 102605 102650 0 0
E 391542 cfg=208 nodes= 62981 62976 62986 62992 102596 102551 102606 102651 0 0
E 391543 cfg=208 nodes= 102596 102551 102606 102651 102597 102552 102607 102652 0 0
E 391544 cfg=208 nodes= 102597 102552 102607 102652 102598 102553 102608 102653 0 0
E 391545 cfg=208 nodes= 102598 102553 102608 102653 102599 102554 102609 102654 0 0
E 391546 cfg=208 nodes= 102599 102554 102609 102654 102600 102555 102610 102655 0 0
E 391547 cfg=208 nodes= 62997 62985 62974 62980 102656 102601 102536 102586 0 0
E 391548 cfg=208 nodes= 102656 102601 102536 102586 102657 102602 102537 102587 0 0
E 391549 cfg=208 nodes= 102657 102602 102537 102587 102658 102603 102538 102588 0 0
E 391550 cfg=208 nodes= 102658 102603 102538 102588 102659 102604 102539 102589 0 0
E 391551 cfg=208 nodes= 102659 102604 102539 102589 102660 102605 102540 102590 0 0
E 391552 cfg=208 nodes= 62987 62995 62984 62975 102611 102661 102591 102546 0 0
E 391553 cfg=208 nodes= 102611 102661 102591 102546 102612 102662 102592 102547 0 0
E 391554 cfg=208 nodes= 102612 102662 102592 102547 102613 102663 102593 102548 0 0
E 391555 cfg=208 nodes= 102613 102663 102593 102548 102614 102664 102594 102549 0 0
E 391556 cfg=208 nodes= 102614 102664 102594 102549 102615 102665 102595 102550 0 0
E 391557 cfg=208 nodes= 62986 62977 62988 62996 102606 102556 102616 102666 0 0
E 391558 cfg=208 nodes= 102606 102556 102616 102666 102607 102557 102617 102667 0 0
E 391559 cfg=208 nodes= 102607 102557 102617 102667 102608 102558 102618 102668 0 0
E 391560 cfg=208 nodes= 102608 102558 102618 102668 102609 102559 102619 102669 0 0
E 391561 cfg=208 nodes= 102609 102559 102619 102669 102610 102560 102620 102670 0 0
E 391562 cfg=208 nodes= 62987 60983 60984 62998 102611 99561 99636 102671 0 0
E 391563 cfg=208 nodes= 102611 99561 99636 102671 102612 99562 99637 102672 0 0
E 391564 cfg=208 nodes= 102612 99562 99637 102672 102613 99563 99638 102673 0 0
E 391565 cfg=208 nodes= 102613 99563 99638 102673 102614 99564 99639 102674 0 0
E 391566 cfg=208 nodes= 102614 99564 99639 102674 102615 99565 99640 102675 0 0
E 391567 cfg=208 nodes= 62988 62978 62990 62999 102616 102561 102621 102676 0 0
E 391568 cfg=208 nodes= 102616 102561 102621 102676 102617 102562 102622 102677 0 0
E 391569 cfg=208 nodes= 102617 102562 102622 102677 102618 102563 102623 102678 0 0
E 391570 cfg=208 nodes= 102618 102563 102623 102678 102619 102564 102624 102679 0 0
E 391571 cfg=208 nodes= 102619 102564 102624 102679 102620 102565 102625 102680 0 0
E 391572 cfg=208 nodes= 62990 62979 62991 63000 102621 102571 102636 102681 0 0
E 391573 cfg=208 nodes= 102621 102571 102636 102681 102622 102572 102637 102682 0 0
E 391574 cfg=208 nodes= 102622 102572 102637 102682 102623 102573 102638 102683 0 0
E 391575 cfg=208 nodes= 102623 102573 102638 102683 102624 102574 102639 102684 0 0
E 391576 cfg=208 nodes= 102624 102574 102639 102684 102625 102575 102640 102685 0 0
E 391577 cfg=208 nodes= 62989 62981 62992 63001 102626 102596 102651 102686 0 0
E 391578 cfg=208 nodes= 102626 102596 102651 102686 102627 102597 102652 102687 0 0
E 391579 cfg=208 nodes= 102627 102597 102652 102687 102628 102598 102653 102688 0 0
E 391580 cfg=208 nodes= 102628 102598 102653 102688 102629 102599 102654 102689 0 0
E 391581 cfg=208 nodes= 102629 102599 102654 102689 102630 102600 102655 102690 0 0
E 391582 cfg=208 nodes= 62558 62982 62993 62559 102631 102576 102641 102691 0 0
E 391583 cfg=208 nodes= 102631 102576 102641 102691 102632 102577 102642 102692 0 0
E 391584 cfg=208 nodes= 102632 102577 102642 102692 102633 102578 102643 102693 0 0
E 391585 cfg=208 nodes= 102633 102578 102643 102693 102634 102579 102644 102694 0 0
E 391586 cfg=208 nodes= 102634 102579 102644 102694 102635 102580 102645 102695 0 0
E 391587 cfg=208 nodes= 62995 63002 62991 62984 102661 102696 102636 102591 0 0
E 391588 cfg=208 nodes= 102661 102696 102636 102591 102662 102697 102637 102592 0 0
E 391589 cfg=208 nodes= 102662 102697 102637 102592 102663 102698 102638 102593 0 0
E 391590 cfg=208 nodes= 102663 102698 102638 102593 102664 102699 102639 102594 0 0
E 391591 cfg=208 nodes= 102664 102699 102639 102594 102665 102700 102640 102595 0 0
E 391592 cfg=208 nodes= 62993 62983 62994 63003 102641 102581 102646 102701 0 0
E 391593 cfg=208 nodes= 102641 102581 102646 102701 102642 102582 102647 102702 0 0
E 391594 cfg=208 nodes= 102642 102582 102647 102702 102643 102583 102648 102703 0 0
E 391595 cfg=208 nodes= 102643 102583 102648 102703 102644 102584 102649 102704 0 0
E 391596 cfg=208 nodes= 102644 102584 102649 102704 102645 102585 102650 102705 0 0
E 391597 cfg=208 nodes= 62992 62986 62996 63004 102651 102606 102666 102706 0 0
E 391598 cfg=208 nodes= 102651 102606 102666 102706 102652 102607 102667 102707 0 0
E 391599 cfg=208 nodes= 102652 102607 102667 102707 102653 102608 102668 102708 0 0
E 391600 cfg=208 nodes= 102653 102608 102668 102708 102654 102609 102669 102709 0 0
E 391601 cfg=208 nodes= 102654 102609 102669 102709 102655 102610 102670 102710 0 0
E 391602 cfg=208 nodes= 62997 63006 62994 62985 102656 102711 102646 102601 0 0
E 391603 cfg=208 nodes= 102656 102711 102646 102601 102657 102712 102647 102602 0 0
E 391604 cfg=208 nodes= 102657 102712 102647 102602 102658 102713 102648 102603 0 0
E 391605 cfg=208 nodes= 102658 102713 102648 102603 102659 102714 102649 102604 0 0
E 391606 cfg=208 nodes= 102659 102714 102649 102604 102660 102715 102650 102605 0 0
E 391607 cfg=208 nodes= 62995 62987 62998 63005 102661 102611 102671 102716 0 0
E 391608 cfg=208 nodes= 102661 102611 102671 102716 102662 102612 102672 102717 0 0
E 391609 cfg=208 nodes= 102662 102612 102672 102717 102663 102613 102673 102718 0 0
E 391610 cfg=208 nodes= 102663 102613 102673 102718 102664 102614 102674 102719 0 0
E 391611 cfg=208 nodes= 102664 102614 102674 102719 102665 102615 102675 102720 0 0
E 391612 cfg=208 nodes= 62999 63007 62996 62988 102676 102721 102666 102616 0 0
E 391613 cfg=208 nodes= 102676 102721 102666 102616 102677 102722 102667 102617 0 0
E 391614 cfg=208 nodes= 102677 102722 102667 102617 102678 102723 102668 102618 0 0
E 391615 cfg=208 nodes= 102678 102723 102668 102618 102679 102724 102669 102619 0 0
E 391616 cfg=208 nodes= 102679 102724 102669 102619 102680 102725 102670 102620 0 0
E 391617 cfg=208 nodes= 62998 60984 60985 63008 102671 99636 99701 102726 0 0
E 391618 cfg=208 nodes= 102671 99636 99701 102726 102672 99637 99702 102727 0 0
E 391619 cfg=208 nodes= 102672 99637 99702 102727 102673 99638 99703 102728 0 0
E 391620 cfg=208 nodes= 102673 99638 99703 102728 102674 99639 99704 102729 0 0
E 391621 cfg=208 nodes= 102674 99639 99704 102729 102675 99640 99705 102730 0 0
E 391622 cfg=208 nodes= 62997 62989 63001 63009 102656 102626 102686 102731 0 0
E 391623 cfg=208 nodes= 102656 102626 102686 102731 102657 102627 102687 102732 0 0
E 391624 cfg=208 nodes= 102657 102627 102687 102732 102658 102628 102688 102733 0 0
E 391625 cfg=208 nodes= 102658 102628 102688 102733 102659 102629 102689 102734 0 0
E 391626 cfg=208 nodes= 102659 102629 102689 102734 102660 102630 102690 102735 0 0
E 391627 cfg=208 nodes= 62999 62990 63000 63010 102676 102621 102681 102736 0 0
E 391628 cfg=208 nodes= 102676 102621 102681 102736 102677 102622 102682 102737 0 0
E 391629 cfg=208 nodes= 102677 102622 102682 102737 102678 102623 102683 102738 0 0
E 391630 cfg=208 nodes= 102678 102623 102683 102738 102679 102624 102684 102739 0 0
E 391631 cfg=208 nodes= 102679 102624 102684 102739 102680 102625 102685 102740 0 0
E 391632 cfg=208 nodes= 63002 63011 63000 62991 102696 102741 102681 102636 0 0
E 391633 cfg=208 nodes= 102696 102741 102681 102636 102697 102742 102682 102637 0 0
E 391634 cfg=208 nodes= 102697 102742 102682 102637 102698 102743 102683 102638 0 0
E 391635 cfg=208 nodes= 102698 102743 102683 102638 102699 102744 102684 102639 0 0
E 391636 cfg=208 nodes= 102699 102744 102684 102639 102700 102745 102685 102640 0 0
E 391637 cfg=208 nodes= 63001 62992 63004 63012 102686 102651 102706 102746 0 0
E 391638 cfg=208 nodes= 102686 102651 102706 102746 102687 102652 102707 102747 0 0
E 391639 cfg=208 nodes= 102687 102652 102707 102747 102688 102653 102708 102748 0 0
E 391640 cfg=208 nodes= 102688 102653 102708 102748 102689 102654 102709 102749 0 0
E 391641 cfg=208 nodes= 102689 102654 102709 102749 102690 102655 102710 102750 0 0
E 391642 cfg=208 nodes= 62559 62993 63003 62560 102691 102641 102701 102751 0 0
E 391643 cfg=208 nodes= 102691 102641 102701 102751 102692 102642 102702 102752 0 0
E 391644 cfg=208 nodes= 102692 102642 102702 102752 102693 102643 102703 102753 0 0
E 391645 cfg=208 nodes= 102693 102643 102703 102753 102694 102644 102704 102754 0 0
E 391646 cfg=208 nodes= 102694 102644 102704 102754 102695 102645 102705 102755 0 0
E 391647 cfg=208 nodes= 63002 62995 63005 63013 102696 102661 102716 102756 0 0
E 391648 cfg=208 nodes= 102696 102661 102716 102756 102697 102662 102717 102757 0 0
E 391649 cfg=208 nodes= 102697 102662 102717 102757 102698 102663 102718 102758 0 0
E 391650 cfg=208 nodes= 102698 102663 102718 102758 102699 102664 102719 102759 0 0
E 391651 cfg=208 nodes= 102699 102664 102719 102759 102700 102665 102720 102760 0 0
E 391652 cfg=208 nodes= 63006 63015 63003 62994 102711 102761 102701 102646 0 0
E 391653 cfg=208 nodes= 102711 102761 102701 102646 102712 102762 102702 102647 0 0
E 391654 cfg=208 nodes= 102712 102762 102702 102647 102713 102763 102703 102648 0 0
E 391655 cfg=208 nodes= 102713 102763 102703 102648 102714 102764 102704 102649 0 0
E 391656 cfg=208 nodes= 102714 102764 102704 102649 102715 102765 102705 102650 0 0
E 391657 cfg=208 nodes= 63004 62996 63007 63014 102706 102666 102721 102766 0 0
E 391658 cfg=208 nodes= 102706 102666 102721 102766 102707 102667 102722 102767 0 0
E 391659 cfg=208 nodes= 102707 102667 102722 102767 102708 102668 102723 102768 0 0
E 391660 cfg=208 nodes= 102708 102668 102723 102768 102709 102669 102724 102769 0 0
E 391661 cfg=208 nodes= 102709 102669 102724 102769 102710 102670 102725 102770 0 0
E 391662 cfg=208 nodes= 63005 62998 63008 63016 102716 102671 102726 102771 0 0
E 391663 cfg=208 nodes= 102716 102671 102726 102771 102717 102672 102727 102772 0 0
E 391664 cfg=208 nodes= 102717 102672 102727 102772 102718 102673 102728 102773 0 0
E 391665 cfg=208 nodes= 102718 102673 102728 102773 102719 102674 102729 102774 0 0
E 391666 cfg=208 nodes= 102719 102674 102729 102774 102720 102675 102730 102775 0 0
E 391667 cfg=208 nodes= 63009 63018 63006 62997 102731 102776 102711 102656 0 0
E 391668 cfg=208 nodes= 102731 102776 102711 102656 102732 102777 102712 102657 0 0
E 391669 cfg=208 nodes= 102732 102777 102712 102657 102733 102778 102713 102658 0 0
E 391670 cfg=208 nodes= 102733 102778 102713 102658 102734 102779 102714 102659 0 0
E 391671 cfg=208 nodes= 102734 102779 102714 102659 102735 102780 102715 102660 0 0
E 391672 cfg=208 nodes= 63010 63017 63007 62999 102736 102781 102721 102676 0 0
E 391673 cfg=208 nodes= 102736 102781 102721 102676 102737 102782 102722 102677 0 0
E 391674 cfg=208 nodes= 102737 102782 102722 102677 102738 102783 102723 102678 0 0
E 391675 cfg=208 nodes= 102738 102783 102723 102678 102739 102784 102724 102679 0 0
E 391676 cfg=208 nodes= 102739 102784 102724 102679 102740 102785 102725 102680 0 0
E 391677 cfg=208 nodes= 63008 60985 60986 63019 102726 99701 99766 102786 0 0
E 391678 cfg=208 nodes= 102726 99701 99766 102786 102727 99702 99767 102787 0 0
E 391679 cfg=208 nodes= 102727 99702 99767 102787 102728 99703 99768 102788 0 0
E 391680 cfg=208 nodes= 102728 99703 99768 102788 102729 99704 99769 102789 0 0
E 391681 cfg=208 nodes= 102729 99704 99769 102789 102730 99705 99770 102790 0 0
E 391682 cfg=208 nodes= 63011 63020 63010 63000 102741 102791 102736 102681 0 0
E 391683 cfg=208 nodes= 102741 102791 102736 102681 102742 102792 102737 102682 0 0
E 391684 cfg=208 nodes= 102742 102792 102737 102682 102743 102793 102738 102683 0 0
E 391685 cfg=208 nodes= 102743 102793 102738 102683 102744 102794 102739 102684 0 0
E 391686 cfg=208 nodes= 102744 102794 102739 102684 102745 102795 102740 102685 0 0
E 391687 cfg=208 nodes= 63009 63001 63012 63021 102731 102686 102746 102796 0 0
E 391688 cfg=208 nodes= 102731 102686 102746 102796 102732 102687 102747 102797 0 0
E 391689 cfg=208 nodes= 102732 102687 102747 102797 102733 102688 102748 102798 0 0
E 391690 cfg=208 nodes= 102733 102688 102748 102798 102734 102689 102749 102799 0 0
E 391691 cfg=208 nodes= 102734 102689 102749 102799 102735 102690 102750 102800 0 0
E 391692 cfg=208 nodes= 63011 63002 63013 63022 102741 102696 102756 102801 0 0
E 391693 cfg=208 nodes= 102741 102696 102756 102801 102742 102697 102757 102802 0 0
E 391694 cfg=208 nodes= 102742 102697 102757 102802 102743 102698 102758 102803 0 0
E 391695 cfg=208 nodes= 102743 102698 102758 102803 102744 102699 102759 102804 0 0
E 391696 cfg=208 nodes= 102744 102699 102759 102804 102745 102700 102760 102805 0 0
E 391697 cfg=208 nodes= 63012 63004 63014 63023 102746 102706 102766 102806 0 0
E 391698 cfg=208 nodes= 102746 102706 102766 102806 102747 102707 102767 102807 0 0
E 391699 cfg=208 nodes= 102747 102707 102767 102807 102748 102708 102768 102808 0 0
E 391700 cfg=208 nodes= 102748 102708 102768 102808 102749 102709 102769 102809 0 0
E 391701 cfg=208 nodes= 102749 102709 102769 102809 102750 102710 102770 102810 0 0
E 391702 cfg=208 nodes= 63015 62561 62560 63003 102761 102811 102751 102701 0 0
E 391703 cfg=208 nodes= 102761 102811 102751 102701 102762 102812 102752 102702 0 0
E 391704 cfg=208 nodes= 102762 102812 102752 102702 102763 102813 102753 102703 0 0
E 391705 cfg=208 nodes= 102763 102813 102753 102703 102764 102814 102754 102704 0 0
E 391706 cfg=208 nodes= 102764 102814 102754 102704 102765 102815 102755 102705 0 0
E 391707 cfg=208 nodes= 63013 63005 63016 63024 102756 102716 102771 102816 0 0
E 391708 cfg=208 nodes= 102756 102716 102771 102816 102757 102717 102772 102817 0 0
E 391709 cfg=208 nodes= 102757 102717 102772 102817 102758 102718 102773 102818 0 0
E 391710 cfg=208 nodes= 102758 102718 102773 102818 102759 102719 102774 102819 0 0
E 391711 cfg=208 nodes= 102759 102719 102774 102819 102760 102720 102775 102820 0 0
E 391712 cfg=208 nodes= 63014 63007 63017 63025 102766 102721 102781 102821 0 0
E 391713 cfg=208 nodes= 102766 102721 102781 102821 102767 102722 102782 102822 0 0
E 391714 cfg=208 nodes= 102767 102722 102782 102822 102768 102723 102783 102823 0 0
E 391715 cfg=208 nodes= 102768 102723 102783 102823 102769 102724 102784 102824 0 0
E 391716 cfg=208 nodes= 102769 102724 102784 102824 102770 102725 102785 102825 0 0
E 391717 cfg=208 nodes= 63018 63026 63015 63006 102776 102826 102761 102711 0 0
E 391718 cfg=208 nodes= 102776 102826 102761 102711 102777 102827 102762 102712 0 0
E 391719 cfg=208 nodes= 102777 102827 102762 102712 102778 102828 102763 102713 0 0
E 391720 cfg=208 nodes= 102778 102828 102763 102713 102779 102829 102764 102714 0 0
E 391721 cfg=208 nodes= 102779 102829 102764 102714 102780 102830 102765 102715 0 0
E 391722 cfg=208 nodes= 63016 63008 63019 63027 102771 102726 102786 102831 0 0
E 391723 cfg=208 nodes= 102771 102726 102786 102831 102772 102727 102787 102832 0 0
E 391724 cfg=208 nodes= 102772 102727 102787 102832 102773 102728 102788 102833 0 0
E 391725 cfg=208 nodes= 102773 102728 102788 102833 102774 102729 102789 102834 0 0
E 391726 cfg=208 nodes= 102774 102729 102789 102834 102775 102730 102790 102835 0 0
E 391727 cfg=208 nodes= 63020 63028 63017 63010 102791 102836 102781 102736 0 0
E 391728 cfg=208 nodes= 102791 102836 102781 102736 102792 102837 102782 102737 0 0
E 391729 cfg=208 nodes= 102792 102837 102782 102737 102793 102838 102783 102738 0 0
E 391730 cfg=208 nodes= 102793 102838 102783 102738 102794 102839 102784 102739 0 0
E 391731 cfg=208 nodes= 102794 102839 102784 102739 102795 102840 102785 102740 0 0
E 391732 cfg=208 nodes= 63021 63030 63018 63009 102796 102841 102776 102731 0 0
E 391733 cfg=208 nodes= 102796 102841 102776 102731 102797 102842 102777 102732 0 0
E 391734 cfg=208 nodes= 102797 102842 102777 102732 102798 102843 102778 102733 0 0
E 391735 cfg=208 nodes= 102798 102843 102778 102733 102799 102844 102779 102734 0 0
E 391736 cfg=208 nodes= 102799 102844 102779 102734 102800 102845 102780 102735 0 0
E 391737 cfg=208 nodes= 63019 60986 60987 63029 102786 99766 99831 102846 0 0
E 391738 cfg=208 nodes= 102786 99766 99831 102846 102787 99767 99832 102847 0 0
E 391739 cfg=208 nodes= 102787 99767 99832 102847 102788 99768 99833 102848 0 0
E 391740 cfg=208 nodes= 102788 99768 99833 102848 102789 99769 99834 102849 0 0
E 391741 cfg=208 nodes= 102789 99769 99834 102849 102790 99770 99835 102850 0 0
E 391742 cfg=208 nodes= 63020 63011 63022 63031 102791 102741 102801 102851 0 0
E 391743 cfg=208 nodes= 102791 102741 102801 102851 102792 102742 102802 102852 0 0
E 391744 cfg=208 nodes= 102792 102742 102802 102852 102793 102743 102803 102853 0 0
E 391745 cfg=208 nodes= 102793 102743 102803 102853 102794 102744 102804 102854 0 0
E 391746 cfg=208 nodes= 102794 102744 102804 102854 102795 102745 102805 102855 0 0
E 391747 cfg=208 nodes= 63023 63032 63021 63012 102806 102856 102796 102746 0 0
E 391748 cfg=208 nodes= 102806 102856 102796 102746 102807 102857 102797 102747 0 0
E 391749 cfg=208 nodes= 102807 102857 102797 102747 102808 102858 102798 102748 0 0
E 391750 cfg=208 nodes= 102808 102858 102798 102748 102809 102859 102799 102749 0 0
E 391751 cfg=208 nodes= 102809 102859 102799 102749 102810 102860 102800 102750 0 0
E 391752 cfg=208 nodes= 63022 63013 63024 63033 102801 102756 102816 102861 0 0
E 391753 cfg=208 nodes= 102801 102756 102816 102861 102802 102757 102817 102862 0 0
E 391754 cfg=208 nodes= 102802 102757 102817 102862 102803 102758 102818 102863 0 0
E 391755 cfg=208 nodes= 102803 102758 102818 102863 102804 102759 102819 102864 0 0
E 391756 cfg=208 nodes= 102804 102759 102819 102864 102805 102760 102820 102865 0 0
E 391757 cfg=208 nodes= 63023 63014 63025 63034 102806 102766 102821 102866 0 0
E 391758 cfg=208 nodes= 102806 102766 102821 102866 102807 102767 102822 102867 0 0
E 391759 cfg=208 nodes= 102807 102767 102822 102867 102808 102768 102823 102868 0 0
E 391760 cfg=208 nodes= 102808 102768 102823 102868 102809 102769 102824 102869 0 0
E 391761 cfg=208 nodes= 102809 102769 102824 102869 102810 102770 102825 102870 0 0
E 391762 cfg=208 nodes= 63024 63016 63027 63035 102816 102771 102831 102871 0 0
E 391763 cfg=208 nodes= 102816 102771 102831 102871 102817 102772 102832 102872 0 0
E 391764 cfg=208 nodes= 102817 102772 102832 102872 102818 102773 102833 102873 0 0
E 391765 cfg=208 nodes= 102818 102773 102833 102873 102819 102774 102834 102874 0 0
E 391766 cfg=208 nodes= 102819 102774 102834 102874 102820 102775 102835 102875 0 0
E 391767 cfg=208 nodes= 63026 62562 62561 63015 102826 102876 102811 102761 0 0
E 391768 cfg=208 nodes= 102826 102876 102811 102761 102827 102877 102812 102762 0 0
E 391769 cfg=208 nodes= 102827 102877 102812 102762 102828 102878 102813 102763 0 0
E 391770 cfg=208 nodes= 102828 102878 102813 102763 102829 102879 102814 102764 0 0
E 391771 cfg=208 nodes= 102829 102879 102814 102764 102830 102880 102815 102765 0 0
E 391772 cfg=208 nodes= 63028 63036 63025 63017 102836 102881 102821 102781 0 0
E 391773 cfg=208 nodes= 102836 102881 102821 102781 102837 102882 102822 102782 0 0
E 391774 cfg=208 nodes= 102837 102882 102822 102782 102838 102883 102823 102783 0 0
E 391775 cfg=208 nodes= 102838 102883 102823 102783 102839 102884 102824 102784 0 0
E 391776 cfg=208 nodes= 102839 102884 102824 102784 102840 102885 102825 102785 0 0
E 391777 cfg=208 nodes= 63030 63038 63026 63018 102841 102886 102826 102776 0 0
E 391778 cfg=208 nodes= 102841 102886 102826 102776 102842 102887 102827 102777 0 0
E 391779 cfg=208 nodes= 102842 102887 102827 102777 102843 102888 102828 102778 0 0
E 391780 cfg=208 nodes= 102843 102888 102828 102778 102844 102889 102829 102779 0 0
E 391781 cfg=208 nodes= 102844 102889 102829 102779 102845 102890 102830 102780 0 0
E 391782 cfg=208 nodes= 63027 63019 63029 63037 102831 102786 102846 102891 0 0
E 391783 cfg=208 nodes= 102831 102786 102846 102891 102832 102787 102847 102892 0 0
E 391784 cfg=208 nodes= 102832 102787 102847 102892 102833 102788 102848 102893 0 0
E 391785 cfg=208 nodes= 102833 102788 102848 102893 102834 102789 102849 102894 0 0
E 391786 cfg=208 nodes= 102834 102789 102849 102894 102835 102790 102850 102895 0 0
E 391787 cfg=208 nodes= 63028 63020 63031 63039 102836 102791 102851 102896 0 0
E 391788 cfg=208 nodes= 102836 102791 102851 102896 102837 102792 102852 102897 0 0
E 391789 cfg=208 nodes= 102837 102792 102852 102897 102838 102793 102853 102898 0 0
E 391790 cfg=208 nodes= 102838 102793 102853 102898 102839 102794 102854 102899 0 0
E 391791 cfg=208 nodes= 102839 102794 102854 102899 102840 102795 102855 102900 0 0
E 391792 cfg=208 nodes= 63029 60987 60988 63040 102846 99831 99896 102901 0 0
E 391793 cfg=208 nodes= 102846 99831 99896 102901 102847 99832 99897 102902 0 0
E 391794 cfg=208 nodes= 102847 99832 99897 102902 102848 99833 99898 102903 0 0
E 391795 cfg=208 nodes= 102848 99833 99898 102903 102849 99834 99899 102904 0 0
E 391796 cfg=208 nodes= 102849 99834 99899 102904 102850 99835 99900 102905 0 0
E 391797 cfg=208 nodes= 63030 63021 63032 63041 102841 102796 102856 102906 0 0
E 391798 cfg=208 nodes= 102841 102796 102856 102906 102842 102797 102857 102907 0 0
E 391799 cfg=208 nodes= 102842 102797 102857 102907 102843 102798 102858 102908 0 0
E 391800 cfg=208 nodes= 102843 102798 102858 102908 102844 102799 102859 102909 0 0
E 391801 cfg=208 nodes= 102844 102799 102859 102909 102845 102800 102860 102910 0 0
E 391802 cfg=208 nodes= 63031 63022 63033 63042 102851 102801 102861 102911 0 0
E 391803 cfg=208 nodes= 102851 102801 102861 102911 102852 102802 102862 102912 0 0
E 391804 cfg=208 nodes= 102852 102802 102862 102912 102853 102803 102863 102913 0 0
E 391805 cfg=208 nodes= 102853 102803 102863 102913 102854 102804 102864 102914 0 0
E 391806 cfg=208 nodes= 102854 102804 102864 102914 102855 102805 102865 102915 0 0
E 391807 cfg=208 nodes= 63034 63043 63032 63023 102866 102916 102856 102806 0 0
E 391808 cfg=208 nodes= 102866 102916 102856 102806 102867 102917 102857 102807 0 0
E 391809 cfg=208 nodes= 102867 102917 102857 102807 102868 102918 102858 102808 0 0
E 391810 cfg=208 nodes= 102868 102918 102858 102808 102869 102919 102859 102809 0 0
E 391811 cfg=208 nodes= 102869 102919 102859 102809 102870 102920 102860 102810 0 0
E 391812 cfg=208 nodes= 63033 63024 63035 63044 102861 102816 102871 102921 0 0
E 391813 cfg=208 nodes= 102861 102816 102871 102921 102862 102817 102872 102922 0 0
E 391814 cfg=208 nodes= 102862 102817 102872 102922 102863 102818 102873 102923 0 0
E 391815 cfg=208 nodes= 102863 102818 102873 102923 102864 102819 102874 102924 0 0
E 391816 cfg=208 nodes= 102864 102819 102874 102924 102865 102820 102875 102925 0 0
E 391817 cfg=208 nodes= 63036 63045 63034 63025 102881 102926 102866 102821 0 0
E 391818 cfg=208 nodes= 102881 102926 102866 102821 102882 102927 102867 102822 0 0
E 391819 cfg=208 nodes= 102882 102927 102867 102822 102883 102928 102868 102823 0 0
E 391820 cfg=208 nodes= 102883 102928 102868 102823 102884 102929 102869 102824 0 0
E 391821 cfg=208 nodes= 102884 102929 102869 102824 102885 102930 102870 102825 0 0
E 391822 cfg=208 nodes= 63035 63027 63037 63046 102871 102831 102891 102931 0 0
E 391823 cfg=208 nodes= 102871 102831 102891 102931 102872 102832 102892 102932 0 0
E 391824 cfg=208 nodes= 102872 102832 102892 102932 102873 102833 102893 102933 0 0
E 391825 cfg=208 nodes= 102873 102833 102893 102933 102874 102834 102894 102934 0 0
E 391826 cfg=208 nodes= 102874 102834 102894 102934 102875 102835 102895 102935 0 0
E 391827 cfg=208 nodes= 63038 62563 62562 63026 102886 102936 102876 102826 0 0
E 391828 cfg=208 nodes= 102886 102936 102876 102826 102887 102937 102877 102827 0 0
E 391829 cfg=208 nodes= 102887 102937 102877 102827 102888 102938 102878 102828 0 0
E 391830 cfg=208 nodes= 102888 102938 102878 102828 102889 102939 102879 102829 0 0
E 391831 cfg=208 nodes= 102889 102939 102879 102829 102890 102940 102880 102830 0 0
E 391832 cfg=208 nodes= 63036 63028 63039 63047 102881 102836 102896 102941 0 0
E 391833 cfg=208 nodes= 102881 102836 102896 102941 102882 102837 102897 102942 0 0
E 391834 cfg=208 nodes= 102882 102837 102897 102942 102883 102838 102898 102943 0 0
E 391835 cfg=208 nodes= 102883 102838 102898 102943 102884 102839 102899 102944 0 0
E 391836 cfg=208 nodes= 102884 102839 102899 102944 102885 102840 102900 102945 0 0
E 391837 cfg=208 nodes= 63037 63029 63040 63048 102891 102846 102901 102946 0 0
E 391838 cfg=208 nodes= 102891 102846 102901 102946 102892 102847 102902 102947 0 0
E 391839 cfg=208 nodes= 102892 102847 102902 102947 102893 102848 102903 102948 0 0
E 391840 cfg=208 nodes= 102893 102848 102903 102948 102894 102849 102904 102949 0 0
E 391841 cfg=208 nodes= 102894 102849 102904 102949 102895 102850 102905 102950 0 0
E 391842 cfg=208 nodes= 63038 63030 63041 63049 102886 102841 102906 102951 0 0
E 391843 cfg=208 nodes= 102886 102841 102906 102951 102887 102842 102907 102952 0 0
E 391844 cfg=208 nodes= 102887 102842 102907 102952 102888 102843 102908 102953 0 0
E 391845 cfg=208 nodes= 102888 102843 102908 102953 102889 102844 102909 102954 0 0
E 391846 cfg=208 nodes= 102889 102844 102909 102954 102890 102845 102910 102955 0 0
E 391847 cfg=208 nodes= 63039 63031 63042 63050 102896 102851 102911 102956 0 0
E 391848 cfg=208 nodes= 102896 102851 102911 102956 102897 102852 102912 102957 0 0
E 391849 cfg=208 nodes= 102897 102852 102912 102957 102898 102853 102913 102958 0 0
E 391850 cfg=208 nodes= 102898 102853 102913 102958 102899 102854 102914 102959 0 0
E 391851 cfg=208 nodes= 102899 102854 102914 102959 102900 102855 102915 102960 0 0
E 391852 cfg=208 nodes= 63040 60988 59514 63051 102901 99896 99971 102961 0 0
E 391853 cfg=208 nodes= 102901 99896 99971 102961 102902 99897 99972 102962 0 0
E 391854 cfg=208 nodes= 102902 99897 99972 102962 102903 99898 99973 102963 0 0
E 391855 cfg=208 nodes= 102903 99898 99973 102963 102904 99899 99974 102964 0 0
E 391856 cfg=208 nodes= 102904 99899 99974 102964 102905 99900 99975 102965 0 0
E 391857 cfg=208 nodes= 63041 63032 63043 63052 102906 102856 102916 102966 0 0
E 391858 cfg=208 nodes= 102906 102856 102916 102966 102907 102857 102917 102967 0 0
E 391859 cfg=208 nodes= 102907 102857 102917 102967 102908 102858 102918 102968 0 0
E 391860 cfg=208 nodes= 102908 102858 102918 102968 102909 102859 102919 102969 0 0
E 391861 cfg=208 nodes= 102909 102859 102919 102969 102910 102860 102920 102970 0 0
E 391862 cfg=208 nodes= 63042 63033 63044 63053 102911 102861 102921 102971 0 0
E 391863 cfg=208 nodes= 102911 102861 102921 102971 102912 102862 102922 102972 0 0
E 391864 cfg=208 nodes= 102912 102862 102922 102972 102913 102863 102923 102973 0 0
E 391865 cfg=208 nodes= 102913 102863 102923 102973 102914 102864 102924 102974 0 0
E 391866 cfg=208 nodes= 102914 102864 102924 102974 102915 102865 102925 102975 0 0
E 391867 cfg=208 nodes= 63045 63054 63043 63034 102926 102976 102916 102866 0 0
E 391868 cfg=208 nodes= 102926 102976 102916 102866 102927 102977 102917 102867 0 0
E 391869 cfg=208 nodes= 102927 102977 102917 102867 102928 102978 102918 102868 0 0
E 391870 cfg=208 nodes= 102928 102978 102918 102868 102929 102979 102919 102869 0 0
E 391871 cfg=208 nodes= 102929 102979 102919 102869 102930 102980 102920 102870 0 0
E 391872 cfg=208 nodes= 63044 63035 63046 63055 102921 102871 102931 102981 0 0
E 391873 cfg=208 nodes= 102921 102871 102931 102981 102922 102872 102932 102982 0 0
E 391874 cfg=208 nodes= 102922 102872 102932 102982 102923 102873 102933 102983 0 0
E 391875 cfg=208 nodes= 102923 102873 102933 102983 102924 102874 102934 102984 0 0
E 391876 cfg=208 nodes= 102924 102874 102934 102984 102925 102875 102935 102985 0 0
E 391877 cfg=208 nodes= 63045 63036 63047 63056 102926 102881 102941 102986 0 0
E 391878 cfg=208 nodes= 102926 102881 102941 102986 102927 102882 102942 102987 0 0
E 391879 cfg=208 nodes= 102927 102882 102942 102987 102928 102883 102943 102988 0 0
E 391880 cfg=208 nodes= 102928 102883 102943 102988 102929 102884 102944 102989 0 0
E 391881 cfg=208 nodes= 102929 102884 102944 102989 102930 102885 102945 102990 0 0
E 391882 cfg=208 nodes= 63046 63037 63048 63057 102931 102891 102946 102991 0 0
E 391883 cfg=208 nodes= 102931 102891 102946 102991 102932 102892 102947 102992 0 0
E 391884 cfg=208 nodes= 102932 102892 102947 102992 102933 102893 102948 102993 0 0
E 391885 cfg=208 nodes= 102933 102893 102948 102993 102934 102894 102949 102994 0 0
E 391886 cfg=208 nodes= 102934 102894 102949 102994 102935 102895 102950 102995 0 0
E 391887 cfg=208 nodes= 63049 62564 62563 63038 102951 102996 102936 102886 0 0
E 391888 cfg=208 nodes= 102951 102996 102936 102886 102952 102997 102937 102887 0 0
E 391889 cfg=208 nodes= 102952 102997 102937 102887 102953 102998 102938 102888 0 0
E 391890 cfg=208 nodes= 102953 102998 102938 102888 102954 102999 102939 102889 0 0
E 391891 cfg=208 nodes= 102954 102999 102939 102889 102955 103000 102940 102890 0 0
E 391892 cfg=208 nodes= 63047 63039 63050 63058 102941 102896 102956 103001 0 0
E 391893 cfg=208 nodes= 102941 102896 102956 103001 102942 102897 102957 103002 0 0
E 391894 cfg=208 nodes= 102942 102897 102957 103002 102943 102898 102958 103003 0 0
E 391895 cfg=208 nodes= 102943 102898 102958 103003 102944 102899 102959 103004 0 0
E 391896 cfg=208 nodes= 102944 102899 102959 103004 102945 102900 102960 103005 0 0
E 391897 cfg=208 nodes= 63048 63040 63051 63059 102946 102901 102961 103006 0 0
E 391898 cfg=208 nodes= 102946 102901 102961 103006 102947 102902 102962 103007 0 0
E 391899 cfg=208 nodes= 102947 102902 102962 103007 102948 102903 102963 103008 0 0
E 391900 cfg=208 nodes= 102948 102903 102963 103008 102949 102904 102964 103009 0 0
E 391901 cfg=208 nodes= 102949 102904 102964 103009 102950 102905 102965 103010 0 0
E 391902 cfg=208 nodes= 63049 63041 63052 63060 102951 102906 102966 103011 0 0
E 391903 cfg=208 nodes= 102951 102906 102966 103011 102952 102907 102967 103012 0 0
E 391904 cfg=208 nodes= 102952 102907 102967 103012 102953 102908 102968 103013 0 0
E 391905 cfg=208 nodes= 102953 102908 102968 103013 102954 102909 102969 103014 0 0
E 391906 cfg=208 nodes= 102954 102909 102969 103014 102955 102910 102970 103015 0 0
E 391907 cfg=208 nodes= 63050 63042 63053 63061 102956 102911 102971 103016 0 0
E 391908 cfg=208 nodes= 102956 102911 102971 103016 102957 102912 102972 103017 0 0
E 391909 cfg=208 nodes= 102957 102912 102972 103017 102958 102913 102973 103018 0 0
E 391910 cfg=208 nodes= 102958 102913 102973 103018 102959 102914 102974 103019 0 0
E 391911 cfg=208 nodes= 102959 102914 102974 103019 102960 102915 102975 103020 0 0
E 391912 cfg=208 nodes= 63051 59514 59515 63062 102961 99971 100031 103021 0 0
E 391913 cfg=208 nodes= 102961 99971 100031 103021 102962 99972 100032 103022 0 0
E 391914 cfg=208 nodes= 102962 99972 100032 103022 102963 99973 100033 103023 0 0
E 391915 cfg=208 nodes= 102963 99973 100033 103023 102964 99974 100034 103024 0 0
E 391916 cfg=208 nodes= 102964 99974 100034 103024 102965 99975 100035 103025 0 0
E 391917 cfg=208 nodes= 63054 63063 63052 63043 102976 103026 102966 102916 0 0
E 391918 cfg=208 nodes= 102976 103026 102966 102916 102977 103027 102967 102917 0 0
E 391919 cfg=208 nodes= 102977 103027 102967 102917 102978 103028 102968 102918 0 0
E 391920 cfg=208 nodes= 102978 103028 102968 102918 102979 103029 102969 102919 0 0
E 391921 cfg=208 nodes= 102979 103029 102969 102919 102980 103030 102970 102920 0 0
E 391922 cfg=208 nodes= 63053 63044 63055 63064 102971 102921 102981 103031 0 0
E 391923 cfg=208 nodes= 102971 102921 102981 103031 102972 102922 102982 103032 0 0
E 391924 cfg=208 nodes= 102972 102922 102982 103032 102973 102923 102983 103033 0 0
E 391925 cfg=208 nodes= 102973 102923 102983 103033 102974 102924 102984 103034 0 0
E 391926 cfg=208 nodes= 102974 102924 102984 103034 102975 102925 102985 103035 0 0
E 391927 cfg=208 nodes= 63054 63045 63056 63065 102976 102926 102986 103036 0 0
E 391928 cfg=208 nodes= 102976 102926 102986 103036 102977 102927 102987 103037 0 0
E 391929 cfg=208 nodes= 102977 102927 102987 103037 102978 102928 102988 103038 0 0
E 391930 cfg=208 nodes= 102978 102928 102988 103038 102979 102929 102989 103039 0 0
E 391931 cfg=208 nodes= 102979 102929 102989 103039 102980 102930 102990 103040 0 0
E 391932 cfg=208 nodes= 63055 63046 63057 63066 102981 102931 102991 103041 0 0
E 391933 cfg=208 nodes= 102981 102931 102991 103041 102982 102932 102992 103042 0 0
E 391934 cfg=208 nodes= 102982 102932 102992 103042 102983 102933 102993 103043 0 0
E 391935 cfg=208 nodes= 102983 102933 102993 103043 102984 102934 102994 103044 0 0
E 391936 cfg=208 nodes= 102984 102934 102994 103044 102985 102935 102995 103045 0 0
E 391937 cfg=208 nodes= 63056 63047 63058 63067 102986 102941 103001 103046 0 0
E 391938 cfg=208 nodes= 102986 102941 103001 103046 102987 102942 103002 103047 0 0
E 391939 cfg=208 nodes= 102987 102942 103002 103047 102988 102943 103003 103048 0 0
E 391940 cfg=208 nodes= 102988 102943 103003 103048 102989 102944 103004 103049 0 0
E 391941 cfg=208 nodes= 102989 102944 103004 103049 102990 102945 103005 103050 0 0
E 391942 cfg=208 nodes= 63057 63048 63059 63068 102991 102946 103006 103051 0 0
E 391943 cfg=208 nodes= 102991 102946 103006 103051 102992 102947 103007 103052 0 0
E 391944 cfg=208 nodes= 102992 102947 103007 103052 102993 102948 103008 103053 0 0
E 391945 cfg=208 nodes= 102993 102948 103008 103053 102994 102949 103009 103054 0 0
E 391946 cfg=208 nodes= 102994 102949 103009 103054 102995 102950 103010 103055 0 0
E 391947 cfg=208 nodes= 63060 62565 62564 63049 103011 103056 102996 102951 0 0
E 391948 cfg=208 nodes= 103011 103056 102996 102951 103012 103057 102997 102952 0 0
E 391949 cfg=208 nodes= 103012 103057 102997 102952 103013 103058 102998 102953 0 0
E 391950 cfg=208 nodes= 103013 103058 102998 102953 103014 103059 102999 102954 0 0
E 391951 cfg=208 nodes= 103014 103059 102999 102954 103015 103060 103000 102955 0 0
E 391952 cfg=208 nodes= 63058 63050 63061 63069 103001 102956 103016 103061 0 0
E 391953 cfg=208 nodes= 103001 102956 103016 103061 103002 102957 103017 103062 0 0
E 391954 cfg=208 nodes= 103002 102957 103017 103062 103003 102958 103018 103063 0 0
E 391955 cfg=208 nodes= 103003 102958 103018 103063 103004 102959 103019 103064 0 0
E 391956 cfg=208 nodes= 103004 102959 103019 103064 103005 102960 103020 103065 0 0
E 391957 cfg=208 nodes= 63059 63051 63062 63070 103006 102961 103021 103066 0 0
E 391958 cfg=208 nodes= 103006 102961 103021 103066 103007 102962 103022 103067 0 0
E 391959 cfg=208 nodes= 103007 102962 103022 103067 103008 102963 103023 103068 0 0
E 391960 cfg=208 nodes= 103008 102963 103023 103068 103009 102964 103024 103069 0 0
E 391961 cfg=208 nodes= 103009 102964 103024 103069 103010 102965 103025 103070 0 0
E 391962 cfg=208 nodes= 63063 63071 63060 63052 103026 103071 103011 102966 0 0
E 391963 cfg=208 nodes= 103026 103071 103011 102966 103027 103072 103012 102967 0 0
E 391964 cfg=208 nodes= 103027 103072 103012 102967 103028 103073 103013 102968 0 0
E 391965 cfg=208 nodes= 103028 103073 103013 102968 103029 103074 103014 102969 0 0
E 391966 cfg=208 nodes= 103029 103074 103014 102969 103030 103075 103015 102970 0 0
E 391967 cfg=208 nodes= 63061 63053 63064 63072 103016 102971 103031 103076 0 0
E 391968 cfg=208 nodes= 103016 102971 103031 103076 103017 102972 103032 103077 0 0
E 391969 cfg=208 nodes= 103017 102972 103032 103077 103018 102973 103033 103078 0 0
E 391970 cfg=208 nodes= 103018 102973 103033 103078 103019 102974 103034 103079 0 0
E 391971 cfg=208 nodes= 103019 102974 103034 103079 103020 102975 103035 103080 0 0
E 391972 cfg=208 nodes= 63062 59515 59516 63073 103021 100031 100066 103081 0 0
E 391973 cfg=208 nodes= 103021 100031 100066 103081 103022 100032 100067 103082 0 0
E 391974 cfg=208 nodes= 103022 100032 100067 103082 103023 100033 100068 103083 0 0
E 391975 cfg=208 nodes= 103023 100033 100068 103083 103024 100034 100069 103084 0 0
E 391976 cfg=208 nodes= 103024 100034 100069 103084 103025 100035 100070 103085 0 0
E 391977 cfg=208 nodes= 63063 63054 63065 63074 103026 102976 103036 103086 0 0
E 391978 cfg=208 nodes= 103026 102976 103036 103086 103027 102977 103037 103087 0 0
E 391979 cfg=208 nodes= 103027 102977 103037 103087 103028 102978 103038 103088 0 0
E 391980 cfg=208 nodes= 103028 102978 103038 103088 103029 102979 103039 103089 0 0
E 391981 cfg=208 nodes= 103029 102979 103039 103089 103030 102980 103040 103090 0 0
E 391982 cfg=208 nodes= 63064 63055 63066 63075 103031 102981 103041 103091 0 0
E 391983 cfg=208 nodes= 103031 102981 103041 103091 103032 102982 103042 103092 0 0
E 391984 cfg=208 nodes= 103032 102982 103042 103092 103033 102983 103043 103093 0 0
E 391985 cfg=208 nodes= 103033 102983 103043 103093 103034 102984 103044 103094 0 0
E 391986 cfg=208 nodes= 103034 102984 103044 103094 103035 102985 103045 103095 0 0
E 391987 cfg=208 nodes= 63065 63056 63067 63076 103036 102986 103046 103096 0 0
E 391988 cfg=208 nodes= 103036 102986 103046 103096 103037 102987 103047 103097 0 0
E 391989 cfg=208 nodes= 103037 102987 103047 103097 103038 102988 103048 103098 0 0
E 391990 cfg=208 nodes= 103038 102988 103048 103098 103039 102989 103049 103099 0 0
E 391991 cfg=208 nodes= 103039 102989 103049 103099 103040 102990 103050 103100 0 0
E 391992 cfg=208 nodes= 63066 63057 63068 63077 103041 102991 103051 103101 0 0
E 391993 cfg=208 nodes= 103041 102991 103051 103101 103042 102992 103052 103102 0 0
E 391994 cfg=208 nodes= 103042 102992 103052 103102 103043 102993 103053 103103 0 0
E 391995 cfg=208 nodes= 103043 102993 103053 103103 103044 102994 103054 103104 0 0
E 391996 cfg=208 nodes= 103044 102994 103054 103104 103045 102995 103055 103105 0 0
E 391997 cfg=208 nodes= 63067 63058 63069 63078 103046 103001 103061 103106 0 0
E 391998 cfg=208 nodes= 103046 103001 103061 103106 103047 103002 103062 103107 0 0
E 391999 cfg=208 nodes= 103047 103002 103062 103107 103048 103003 103063 103108 0 0
E 392000 cfg=208 nodes= 103048 103003 103063 103108 103049 103004 103064 103109 0 0
E 392001 cfg=208 nodes= 103049 103004 103064 103109 103050 103005 103065 103110 0 0
E 392002 cfg=208 nodes= 63068 63059 63070 63079 103051 103006 103066 103111 0 0
E 392003 cfg=208 nodes= 103051 103006 103066 103111 103052 103007 103067 103112 0 0
E 392004 cfg=208 nodes= 103052 103007 103067 103112 103053 103008 103068 103113 0 0
E 392005 cfg=208 nodes= 103053 103008 103068 103113 103054 103009 103069 103114 0 0
E 392006 cfg=208 nodes= 103054 103009 103069 103114 103055 103010 103070 103115 0 0
E 392007 cfg=208 nodes= 63071 62566 62565 63060 103071 103116 103056 103011 0 0
E 392008 cfg=208 nodes= 103071 103116 103056 103011 103072 103117 103057 103012 0 0
E 392009 cfg=208 nodes= 103072 103117 103057 103012 103073 103118 103058 103013 0 0
E 392010 cfg=208 nodes= 103073 103118 103058 103013 103074 103119 103059 103014 0 0
E 392011 cfg=208 nodes= 103074 103119 103059 103014 103075 103120 103060 103015 0 0
E 392012 cfg=208 nodes= 63069 63061 63072 63080 103061 103016 103076 103121 0 0
E 392013 cfg=208 nodes= 103061 103016 103076 103121 103062 103017 103077 103122 0 0
E 392014 cfg=208 nodes= 103062 103017 103077 103122 103063 103018 103078 103123 0 0
E 392015 cfg=208 nodes= 103063 103018 103078 103123 103064 103019 103079 103124 0 0
E 392016 cfg=208 nodes= 103064 103019 103079 103124 103065 103020 103080 103125 0 0
E 392017 cfg=208 nodes= 63070 63062 63073 63081 103066 103021 103081 103126 0 0
E 392018 cfg=208 nodes= 103066 103021 103081 103126 103067 103022 103082 103127 0 0
E 392019 cfg=208 nodes= 103067 103022 103082 103127 103068 103023 103083 103128 0 0
E 392020 cfg=208 nodes= 103068 103023 103083 103128 103069 103024 103084 103129 0 0
E 392021 cfg=208 nodes= 103069 103024 103084 103129 103070 103025 103085 103130 0 0
E 392022 cfg=208 nodes= 63071 63063 63074 63082 103071 103026 103086 103131 0 0
E 392023 cfg=208 nodes= 103071 103026 103086 103131 103072 103027 103087 103132 0 0
E 392024 cfg=208 nodes= 103072 103027 103087 103132 103073 103028 103088 103133 0 0
E 392025 cfg=208 nodes= 103073 103028 103088 103133 103074 103029 103089 103134 0 0
E 392026 cfg=208 nodes= 103074 103029 103089 103134 103075 103030 103090 103135 0 0
E 392027 cfg=208 nodes= 63072 63064 63075 63083 103076 103031 103091 103136 0 0
E 392028 cfg=208 nodes= 103076 103031 103091 103136 103077 103032 103092 103137 0 0
E 392029 cfg=208 nodes= 103077 103032 103092 103137 103078 103033 103093 103138 0 0
E 392030 cfg=208 nodes= 103078 103033 103093 103138 103079 103034 103094 103139 0 0
E 392031 cfg=208 nodes= 103079 103034 103094 103139 103080 103035 103095 103140 0 0
E 392032 cfg=208 nodes= 59516 59517 63085 63073 100066 100121 103141 103081 0 0
E 392033 cfg=208 nodes= 100066 100121 103141 103081 100067 100122 103142 103082 0 0
E 392034 cfg=208 nodes= 100067 100122 103142 103082 100068 100123 103143 103083 0 0
E 392035 cfg=208 nodes= 100068 100123 103143 103083 100069 100124 103144 103084 0 0
E 392036 cfg=208 nodes= 100069 100124 103144 103084 100070 100125 103145 103085 0 0
E 392037 cfg=208 nodes= 63074 63065 63076 63084 103086 103036 103096 103146 0 0
E 392038 cfg=208 nodes= 103086 103036 103096 103146 103087 103037 103097 103147 0 0
E 392039 cfg=208 nodes= 103087 103037 103097 103147 103088 103038 103098 103148 0 0
E 392040 cfg=208 nodes= 103088 103038 103098 103148 103089 103039 103099 103149 0 0
E 392041 cfg=208 nodes= 103089 103039 103099 103149 103090 103040 103100 103150 0 0
E 392042 cfg=208 nodes= 63075 63066 63077 63086 103091 103041 103101 103151 0 0
E 392043 cfg=208 nodes= 103091 103041 103101 103151 103092 103042 103102 103152 0 0
E 392044 cfg=208 nodes= 103092 103042 103102 103152 103093 103043 103103 103153 0 0
E 392045 cfg=208 nodes= 103093 103043 103103 103153 103094 103044 103104 103154 0 0
E 392046 cfg=208 nodes= 103094 103044 103104 103154 103095 103045 103105 103155 0 0
E 392047 cfg=208 nodes= 63076 63067 63078 63087 103096 103046 103106 103156 0 0
E 392048 cfg=208 nodes= 103096 103046 103106 103156 103097 103047 103107 103157 0 0
E 392049 cfg=208 nodes= 103097 103047 103107 103157 103098 103048 103108 103158 0 0
E 392050 cfg=208 nodes= 103098 103048 103108 103158 103099 103049 103109 103159 0 0
E 392051 cfg=208 nodes= 103099 103049 103109 103159 103100 103050 103110 103160 0 0
E 392052 cfg=208 nodes= 63077 63068 63079 63088 103101 103051 103111 103161 0 0
E 392053 cfg=208 nodes= 103101 103051 103111 103161 103102 103052 103112 103162 0 0
E 392054 cfg=208 nodes= 103102 103052 103112 103162 103103 103053 103113 103163 0 0
E 392055 cfg=208 nodes= 103103 103053 103113 103163 103104 103054 103114 103164 0 0
E 392056 cfg=208 nodes= 103104 103054 103114 103164 103105 103055 103115 103165 0 0
E 392057 cfg=208 nodes= 63078 63069 63080 63089 103106 103061 103121 103166 0 0
E 392058 cfg=208 nodes= 103106 103061 103121 103166 103107 103062 103122 103167 0 0
E 392059 cfg=208 nodes= 103107 103062 103122 103167 103108 103063 103123 103168 0 0
E 392060 cfg=208 nodes= 103108 103063 103123 103168 103109 103064 103124 103169 0 0
E 392061 cfg=208 nodes= 103109 103064 103124 103169 103110 103065 103125 103170 0 0
E 392062 cfg=208 nodes= 63079 63070 63081 63090 103111 103066 103126 103171 0 0
E 392063 cfg=208 nodes= 103111 103066 103126 103171 103112 103067 103127 103172 0 0
E 392064 cfg=208 nodes= 103112 103067 103127 103172 103113 103068 103128 103173 0 0
E 392065 cfg=208 nodes= 103113 103068 103128 103173 103114 103069 103129 103174 0 0
E 392066 cfg=208 nodes= 103114 103069 103129 103174 103115 103070 103130 103175 0 0
E 392067 cfg=208 nodes= 62566 63071 63082 62567 103116 103071 103131 103176 0 0
E 392068 cfg=208 nodes= 103116 103071 103131 103176 103117 103072 103132 103177 0 0
E 392069 cfg=208 nodes= 103117 103072 103132 103177 103118 103073 103133 103178 0 0
E 392070 cfg=208 nodes= 103118 103073 103133 103178 103119 103074 103134 103179 0 0
E 392071 cfg=208 nodes= 103119 103074 103134 103179 103120 103075 103135 103180 0 0
E 392072 cfg=208 nodes= 63080 63072 63083 63091 103121 103076 103136 103181 0 0
E 392073 cfg=208 nodes= 103121 103076 103136 103181 103122 103077 103137 103182 0 0
E 392074 cfg=208 nodes= 103122 103077 103137 103182 103123 103078 103138 103183 0 0
E 392075 cfg=208 nodes= 103123 103078 103138 103183 103124 103079 103139 103184 0 0
E 392076 cfg=208 nodes= 103124 103079 103139 103184 103125 103080 103140 103185 0 0
E 392077 cfg=208 nodes= 63082 63074 63084 63092 103131 103086 103146 103186 0 0
E 392078 cfg=208 nodes= 103131 103086 103146 103186 103132 103087 103147 103187 0 0
E 392079 cfg=208 nodes= 103132 103087 103147 103187 103133 103088 103148 103188 0 0
E 392080 cfg=208 nodes= 103133 103088 103148 103188 103134 103089 103149 103189 0 0
E 392081 cfg=208 nodes= 103134 103089 103149 103189 103135 103090 103150 103190 0 0
E 392082 cfg=208 nodes= 63073 63085 63093 63081 103081 103141 103191 103126 0 0
E 392083 cfg=208 nodes= 103081 103141 103191 103126 103082 103142 103192 103127 0 0
E 392084 cfg=208 nodes= 103082 103142 103192 103127 103083 103143 103193 103128 0 0
E 392085 cfg=208 nodes= 103083 103143 103193 103128 103084 103144 103194 103129 0 0
E 392086 cfg=208 nodes= 103084 103144 103194 103129 103085 103145 103195 103130 0 0
E 392087 cfg=208 nodes= 63083 63075 63086 63094 103136 103091 103151 103196 0 0
E 392088 cfg=208 nodes= 103136 103091 103151 103196 103137 103092 103152 103197 0 0
E 392089 cfg=208 nodes= 103137 103092 103152 103197 103138 103093 103153 103198 0 0
E 392090 cfg=208 nodes= 103138 103093 103153 103198 103139 103094 103154 103199 0 0
E 392091 cfg=208 nodes= 103139 103094 103154 103199 103140 103095 103155 103200 0 0
E 392092 cfg=208 nodes= 63084 63076 63087 63095 103146 103096 103156 103201 0 0
E 392093 cfg=208 nodes= 103146 103096 103156 103201 103147 103097 103157 103202 0 0
E 392094 cfg=208 nodes= 103147 103097 103157 103202 103148 103098 103158 103203 0 0
E 392095 cfg=208 nodes= 103148 103098 103158 103203 103149 103099 103159 103204 0 0
E 392096 cfg=208 nodes= 103149 103099 103159 103204 103150 103100 103160 103205 0 0
E 392097 cfg=208 nodes= 59517 59518 63096 63085 100121 100181 103206 103141 0 0
E 392098 cfg=208 nodes= 100121 100181 103206 103141 100122 100182 103207 103142 0 0
E 392099 cfg=208 nodes= 100122 100182 103207 103142 100123 100183 103208 103143 0 0
E 392100 cfg=208 nodes= 100123 100183 103208 103143 100124 100184 103209 103144 0 0
E 392101 cfg=208 nodes= 100124 100184 103209 103144 100125 100185 103210 103145 0 0
E 392102 cfg=208 nodes= 63086 63077 63088 63097 103151 103101 103161 103211 0 0
E 392103 cfg=208 nodes= 103151 103101 103161 103211 103152 103102 103162 103212 0 0
E 392104 cfg=208 nodes= 103152 103102 103162 103212 103153 103103 103163 103213 0 0
E 392105 cfg=208 nodes= 103153 103103 103163 103213 103154 103104 103164 103214 0 0
E 392106 cfg=208 nodes= 103154 103104 103164 103214 103155 103105 103165 103215 0 0
E 392107 cfg=208 nodes= 63087 63078 63089 63098 103156 103106 103166 103216 0 0
E 392108 cfg=208 nodes= 103156 103106 103166 103216 103157 103107 103167 103217 0 0
E 392109 cfg=208 nodes= 103157 103107 103167 103217 103158 103108 103168 103218 0 0
E 392110 cfg=208 nodes= 103158 103108 103168 103218 103159 103109 103169 103219 0 0
E 392111 cfg=208 nodes= 103159 103109 103169 103219 103160 103110 103170 103220 0 0
E 392112 cfg=208 nodes= 63088 63079 63090 63099 103161 103111 103171 103221 0 0
E 392113 cfg=208 nodes= 103161 103111 103171 103221 103162 103112 103172 103222 0 0
E 392114 cfg=208 nodes= 103162 103112 103172 103222 103163 103113 103173 103223 0 0
E 392115 cfg=208 nodes= 103163 103113 103173 103223 103164 103114 103174 103224 0 0
E 392116 cfg=208 nodes= 103164 103114 103174 103224 103165 103115 103175 103225 0 0
E 392117 cfg=208 nodes= 63089 63080 63091 63100 103166 103121 103181 103226 0 0
E 392118 cfg=208 nodes= 103166 103121 103181 103226 103167 103122 103182 103227 0 0
E 392119 cfg=208 nodes= 103167 103122 103182 103227 103168 103123 103183 103228 0 0
E 392120 cfg=208 nodes= 103168 103123 103183 103228 103169 103124 103184 103229 0 0
E 392121 cfg=208 nodes= 103169 103124 103184 103229 103170 103125 103185 103230 0 0
E 392122 cfg=208 nodes= 62567 63082 63092 62568 103176 103131 103186 103231 0 0
E 392123 cfg=208 nodes= 103176 103131 103186 103231 103177 103132 103187 103232 0 0
E 392124 cfg=208 nodes= 103177 103132 103187 103232 103178 103133 103188 103233 0 0
E 392125 cfg=208 nodes= 103178 103133 103188 103233 103179 103134 103189 103234 0 0
E 392126 cfg=208 nodes= 103179 103134 103189 103234 103180 103135 103190 103235 0 0
E 392127 cfg=208 nodes= 63102 63090 63081 63093 103236 103171 103126 103191 0 0
E 392128 cfg=208 nodes= 103236 103171 103126 103191 103237 103172 103127 103192 0 0
E 392129 cfg=208 nodes= 103237 103172 103127 103192 103238 103173 103128 103193 0 0
E 392130 cfg=208 nodes= 103238 103173 103128 103193 103239 103174 103129 103194 0 0
E 392131 cfg=208 nodes= 103239 103174 103129 103194 103240 103175 103130 103195 0 0
E 392132 cfg=208 nodes= 63091 63083 63094 63101 103181 103136 103196 103241 0 0
E 392133 cfg=208 nodes= 103181 103136 103196 103241 103182 103137 103197 103242 0 0
E 392134 cfg=208 nodes= 103182 103137 103197 103242 103183 103138 103198 103243 0 0
E 392135 cfg=208 nodes= 103183 103138 103198 103243 103184 103139 103199 103244 0 0
E 392136 cfg=208 nodes= 103184 103139 103199 103244 103185 103140 103200 103245 0 0
E 392137 cfg=208 nodes= 63092 63084 63095 63103 103186 103146 103201 103246 0 0
E 392138 cfg=208 nodes= 103186 103146 103201 103246 103187 103147 103202 103247 0 0
E 392139 cfg=208 nodes= 103187 103147 103202 103247 103188 103148 103203 103248 0 0
E 392140 cfg=208 nodes= 103188 103148 103203 103248 103189 103149 103204 103249 0 0
E 392141 cfg=208 nodes= 103189 103149 103204 103249 103190 103150 103205 103250 0 0
E 392142 cfg=208 nodes= 63094 63086 63097 63104 103196 103151 103211 103251 0 0
E 392143 cfg=208 nodes= 103196 103151 103211 103251 103197 103152 103212 103252 0 0
E 392144 cfg=208 nodes= 103197 103152 103212 103252 103198 103153 103213 103253 0 0
E 392145 cfg=208 nodes= 103198 103153 103213 103253 103199 103154 103214 103254 0 0
E 392146 cfg=208 nodes= 103199 103154 103214 103254 103200 103155 103215 103255 0 0
E 392147 cfg=208 nodes= 63085 63096 63105 63093 103141 103206 103256 103191 0 0
E 392148 cfg=208 nodes= 103141 103206 103256 103191 103142 103207 103257 103192 0 0
E 392149 cfg=208 nodes= 103142 103207 103257 103192 103143 103208 103258 103193 0 0
E 392150 cfg=208 nodes= 103143 103208 103258 103193 103144 103209 103259 103194 0 0
E 392151 cfg=208 nodes= 103144 103209 103259 103194 103145 103210 103260 103195 0 0
E 392152 cfg=208 nodes= 63095 63087 63098 63106 103201 103156 103216 103261 0 0
E 392153 cfg=208 nodes= 103201 103156 103216 103261 103202 103157 103217 103262 0 0
E 392154 cfg=208 nodes= 103202 103157 103217 103262 103203 103158 103218 103263 0 0
E 392155 cfg=208 nodes= 103203 103158 103218 103263 103204 103159 103219 103264 0 0
E 392156 cfg=208 nodes= 103204 103159 103219 103264 103205 103160 103220 103265 0 0
E 392157 cfg=208 nodes= 59518 59519 63108 63096 100181 100241 103266 103206 0 0
E 392158 cfg=208 nodes= 100181 100241 103266 103206 100182 100242 103267 103207 0 0
E 392159 cfg=208 nodes= 100182 100242 103267 103207 100183 100243 103268 103208 0 0
E 392160 cfg=208 nodes= 100183 100243 103268 103208 100184 100244 103269 103209 0 0
E 392161 cfg=208 nodes= 100184 100244 103269 103209 100185 100245 103270 103210 0 0
E 392162 cfg=208 nodes= 63097 63088 63099 63107 103211 103161 103221 103271 0 0
E 392163 cfg=208 nodes= 103211 103161 103221 103271 103212 103162 103222 103272 0 0
E 392164 cfg=208 nodes= 103212 103162 103222 103272 103213 103163 103223 103273 0 0
E 392165 cfg=208 nodes= 103213 103163 103223 103273 103214 103164 103224 103274 0 0
E 392166 cfg=208 nodes= 103214 103164 103224 103274 103215 103165 103225 103275 0 0
E 392167 cfg=208 nodes= 63098 63089 63100 63109 103216 103166 103226 103276 0 0
E 392168 cfg=208 nodes= 103216 103166 103226 103276 103217 103167 103227 103277 0 0
E 392169 cfg=208 nodes= 103217 103167 103227 103277 103218 103168 103228 103278 0 0
E 392170 cfg=208 nodes= 103218 103168 103228 103278 103219 103169 103229 103279 0 0
E 392171 cfg=208 nodes= 103219 103169 103229 103279 103220 103170 103230 103280 0 0
E 392172 cfg=208 nodes= 63102 63111 63099 63090 103236 103281 103221 103171 0 0
E 392173 cfg=208 nodes= 103236 103281 103221 103171 103237 103282 103222 103172 0 0
E 392174 cfg=208 nodes= 103237 103282 103222 103172 103238 103283 103223 103173 0 0
E 392175 cfg=208 nodes= 103238 103283 103223 103173 103239 103284 103224 103174 0 0
E 392176 cfg=208 nodes= 103239 103284 103224 103174 103240 103285 103225 103175 0 0
E 392177 cfg=208 nodes= 63100 63091 63101 63110 103226 103181 103241 103286 0 0
E 392178 cfg=208 nodes= 103226 103181 103241 103286 103227 103182 103242 103287 0 0
E 392179 cfg=208 nodes= 103227 103182 103242 103287 103228 103183 103243 103288 0 0
E 392180 cfg=208 nodes= 103228 103183 103243 103288 103229 103184 103244 103289 0 0
E 392181 cfg=208 nodes= 103229 103184 103244 103289 103230 103185 103245 103290 0 0
E 392182 cfg=208 nodes= 62568 63092 63103 62569 103231 103186 103246 103291 0 0
E 392183 cfg=208 nodes= 103231 103186 103246 103291 103232 103187 103247 103292 0 0
E 392184 cfg=208 nodes= 103232 103187 103247 103292 103233 103188 103248 103293 0 0
E 392185 cfg=208 nodes= 103233 103188 103248 103293 103234 103189 103249 103294 0 0
E 392186 cfg=208 nodes= 103234 103189 103249 103294 103235 103190 103250 103295 0 0
E 392187 cfg=208 nodes= 63101 63094 63104 63112 103241 103196 103251 103296 0 0
E 392188 cfg=208 nodes= 103241 103196 103251 103296 103242 103197 103252 103297 0 0
E 392189 cfg=208 nodes= 103242 103197 103252 103297 103243 103198 103253 103298 0 0
E 392190 cfg=208 nodes= 103243 103198 103253 103298 103244 103199 103254 103299 0 0
E 392191 cfg=208 nodes= 103244 103199 103254 103299 103245 103200 103255 103300 0 0
E 392192 cfg=208 nodes= 63115 63102 63093 63105 103301 103236 103191 103256 0 0
E 392193 cfg=208 nodes= 103301 103236 103191 103256 103302 103237 103192 103257 0 0
E 392194 cfg=208 nodes= 103302 103237 103192 103257 103303 103238 103193 103258 0 0
E 392195 cfg=208 nodes= 103303 103238 103193 103258 103304 103239 103194 103259 0 0
E 392196 cfg=208 nodes= 103304 103239 103194 103259 103305 103240 103195 103260 0 0
E 392197 cfg=208 nodes= 63103 63095 63106 63113 103246 103201 103261 103306 0 0
E 392198 cfg=208 nodes= 103246 103201 103261 103306 103247 103202 103262 103307 0 0
E 392199 cfg=208 nodes= 103247 103202 103262 103307 103248 103203 103263 103308 0 0
E 392200 cfg=208 nodes= 103248 103203 103263 103308 103249 103204 103264 103309 0 0
E 392201 cfg=208 nodes= 103249 103204 103264 103309 103250 103205 103265 103310 0 0
E 392202 cfg=208 nodes= 63104 63097 63107 63114 103251 103211 103271 103311 0 0
E 392203 cfg=208 nodes= 103251 103211 103271 103311 103252 103212 103272 103312 0 0
E 392204 cfg=208 nodes= 103252 103212 103272 103312 103253 103213 103273 103313 0 0
E 392205 cfg=208 nodes= 103253 103213 103273 103313 103254 103214 103274 103314 0 0
E 392206 cfg=208 nodes= 103254 103214 103274 103314 103255 103215 103275 103315 0 0
E 392207 cfg=208 nodes= 63096 63108 63117 63105 103206 103266 103316 103256 0 0
E 392208 cfg=208 nodes= 103206 103266 103316 103256 103207 103267 103317 103257 0 0
E 392209 cfg=208 nodes= 103207 103267 103317 103257 103208 103268 103318 103258 0 0
E 392210 cfg=208 nodes= 103208 103268 103318 103258 103209 103269 103319 103259 0 0
E 392211 cfg=208 nodes= 103209 103269 103319 103259 103210 103270 103320 103260 0 0
E 392212 cfg=208 nodes= 63106 63098 63109 63116 103261 103216 103276 103321 0 0
E 392213 cfg=208 nodes= 103261 103216 103276 103321 103262 103217 103277 103322 0 0
E 392214 cfg=208 nodes= 103262 103217 103277 103322 103263 103218 103278 103323 0 0
E 392215 cfg=208 nodes= 103263 103218 103278 103323 103264 103219 103279 103324 0 0
E 392216 cfg=208 nodes= 103264 103219 103279 103324 103265 103220 103280 103325 0 0
E 392217 cfg=208 nodes= 63118 63108 59519 59520 103326 103266 100241 100296 0 0
E 392218 cfg=208 nodes= 103326 103266 100241 100296 103327 103267 100242 100297 0 0
E 392219 cfg=208 nodes= 103327 103267 100242 100297 103328 103268 100243 100298 0 0
E 392220 cfg=208 nodes= 103328 103268 100243 100298 103329 103269 100244 100299 0 0
E 392221 cfg=208 nodes= 103329 103269 100244 100299 103330 103270 100245 100300 0 0
E 392222 cfg=208 nodes= 63109 63100 63110 63119 103276 103226 103286 103331 0 0
E 392223 cfg=208 nodes= 103276 103226 103286 103331 103277 103227 103287 103332 0 0
E 392224 cfg=208 nodes= 103277 103227 103287 103332 103278 103228 103288 103333 0 0
E 392225 cfg=208 nodes= 103278 103228 103288 103333 103279 103229 103289 103334 0 0
E 392226 cfg=208 nodes= 103279 103229 103289 103334 103280 103230 103290 103335 0 0
E 392227 cfg=208 nodes= 63111 63120 63107 63099 103281 103336 103271 103221 0 0
E 392228 cfg=208 nodes= 103281 103336 103271 103221 103282 103337 103272 103222 0 0
E 392229 cfg=208 nodes= 103282 103337 103272 103222 103283 103338 103273 103223 0 0
E 392230 cfg=208 nodes= 103283 103338 103273 103223 103284 103339 103274 103224 0 0
E 392231 cfg=208 nodes= 103284 103339 103274 103224 103285 103340 103275 103225 0 0
E 392232 cfg=208 nodes= 63110 63101 63112 63121 103286 103241 103296 103341 0 0
E 392233 cfg=208 nodes= 103286 103241 103296 103341 103287 103242 103297 103342 0 0
E 392234 cfg=208 nodes= 103287 103242 103297 103342 103288 103243 103298 103343 0 0
E 392235 cfg=208 nodes= 103288 103243 103298 103343 103289 103244 103299 103344 0 0
E 392236 cfg=208 nodes= 103289 103244 103299 103344 103290 103245 103300 103345 0 0
E 392237 cfg=208 nodes= 62569 63103 63113 62570 103291 103246 103306 103346 0 0
E 392238 cfg=208 nodes= 103291 103246 103306 103346 103292 103247 103307 103347 0 0
E 392239 cfg=208 nodes= 103292 103247 103307 103347 103293 103248 103308 103348 0 0
E 392240 cfg=208 nodes= 103293 103248 103308 103348 103294 103249 103309 103349 0 0
E 392241 cfg=208 nodes= 103294 103249 103309 103349 103295 103250 103310 103350 0 0
E 392242 cfg=208 nodes= 63115 63124 63111 63102 103301 103351 103281 103236 0 0
E 392243 cfg=208 nodes= 103301 103351 103281 103236 103302 103352 103282 103237 0 0
E 392244 cfg=208 nodes= 103302 103352 103282 103237 103303 103353 103283 103238 0 0
E 392245 cfg=208 nodes= 103303 103353 103283 103238 103304 103354 103284 103239 0 0
E 392246 cfg=208 nodes= 103304 103354 103284 103239 103305 103355 103285 103240 0 0
E 392247 cfg=208 nodes= 63112 63104 63114 63122 103296 103251 103311 103356 0 0
E 392248 cfg=208 nodes= 103296 103251 103311 103356 103297 103252 103312 103357 0 0
E 392249 cfg=208 nodes= 103297 103252 103312 103357 103298 103253 103313 103358 0 0
E 392250 cfg=208 nodes= 103298 103253 103313 103358 103299 103254 103314 103359 0 0
E 392251 cfg=208 nodes= 103299 103254 103314 103359 103300 103255 103315 103360 0 0
E 392252 cfg=208 nodes= 63113 63106 63116 63123 103306 103261 103321 103361 0 0
E 392253 cfg=208 nodes= 103306 103261 103321 103361 103307 103262 103322 103362 0 0
E 392254 cfg=208 nodes= 103307 103262 103322 103362 103308 103263 103323 103363 0 0
E 392255 cfg=208 nodes= 103308 103263 103323 103363 103309 103264 103324 103364 0 0
E 392256 cfg=208 nodes= 103309 103264 103324 103364 103310 103265 103325 103365 0 0
E 392257 cfg=208 nodes= 63126 63115 63105 63117 103366 103301 103256 103316 0 0
E 392258 cfg=208 nodes= 103366 103301 103256 103316 103367 103302 103257 103317 0 0
E 392259 cfg=208 nodes= 103367 103302 103257 103317 103368 103303 103258 103318 0 0
E 392260 cfg=208 nodes= 103368 103303 103258 103318 103369 103304 103259 103319 0 0
E 392261 cfg=208 nodes= 103369 103304 103259 103319 103370 103305 103260 103320 0 0
E 392262 cfg=208 nodes= 63116 63109 63119 63125 103321 103276 103331 103371 0 0
E 392263 cfg=208 nodes= 103321 103276 103331 103371 103322 103277 103332 103372 0 0
E 392264 cfg=208 nodes= 103322 103277 103332 103372 103323 103278 103333 103373 0 0
E 392265 cfg=208 nodes= 103323 103278 103333 103373 103324 103279 103334 103374 0 0
E 392266 cfg=208 nodes= 103324 103279 103334 103374 103325 103280 103335 103375 0 0
E 392267 cfg=208 nodes= 63127 63117 63108 63118 103376 103316 103266 103326 0 0
E 392268 cfg=208 nodes= 103376 103316 103266 103326 103377 103317 103267 103327 0 0
E 392269 cfg=208 nodes= 103377 103317 103267 103327 103378 103318 103268 103328 0 0
E 392270 cfg=208 nodes= 103378 103318 103268 103328 103379 103319 103269 103329 0 0
E 392271 cfg=208 nodes= 103379 103319 103269 103329 103380 103320 103270 103330 0 0
E 392272 cfg=208 nodes= 63120 63130 63114 63107 103336 103381 103311 103271 0 0
E 392273 cfg=208 nodes= 103336 103381 103311 103271 103337 103382 103312 103272 0 0
E 392274 cfg=208 nodes= 103337 103382 103312 103272 103338 103383 103313 103273 0 0
E 392275 cfg=208 nodes= 103338 103383 103313 103273 103339 103384 103314 103274 0 0
E 392276 cfg=208 nodes= 103339 103384 103314 103274 103340 103385 103315 103275 0 0
E 392277 cfg=208 nodes= 63128 63118 59520 59521 103386 103326 100296 100346 0 0
E 392278 cfg=208 nodes= 103386 103326 100296 100346 103387 103327 100297 100347 0 0
E 392279 cfg=208 nodes= 103387 103327 100297 100347 103388 103328 100298 100348 0 0
E 392280 cfg=208 nodes= 103388 103328 100298 100348 103389 103329 100299 100349 0 0
E 392281 cfg=208 nodes= 103389 103329 100299 100349 103390 103330 100300 100350 0 0
E 392282 cfg=208 nodes= 63119 63110 63121 63129 103331 103286 103341 103391 0 0
E 392283 cfg=208 nodes= 103331 103286 103341 103391 103332 103287 103342 103392 0 0
E 392284 cfg=208 nodes= 103332 103287 103342 103392 103333 103288 103343 103393 0 0
E 392285 cfg=208 nodes= 103333 103288 103343 103393 103334 103289 103344 103394 0 0
E 392286 cfg=208 nodes= 103334 103289 103344 103394 103335 103290 103345 103395 0 0
E 392287 cfg=208 nodes= 63121 63112 63122 63131 103341 103296 103356 103396 0 0
E 392288 cfg=208 nodes= 103341 103296 103356 103396 103342 103297 103357 103397 0 0
E 392289 cfg=208 nodes= 103342 103297 103357 103397 103343 103298 103358 103398 0 0
E 392290 cfg=208 nodes= 103343 103298 103358 103398 103344 103299 103359 103399 0 0
E 392291 cfg=208 nodes= 103344 103299 103359 103399 103345 103300 103360 103400 0 0
E 392292 cfg=208 nodes= 63124 63132 63120 63111 103351 103401 103336 103281 0 0
E 392293 cfg=208 nodes= 103351 103401 103336 103281 103352 103402 103337 103282 0 0
E 392294 cfg=208 nodes= 103352 103402 103337 103282 103353 103403 103338 103283 0 0
E 392295 cfg=208 nodes= 103353 103403 103338 103283 103354 103404 103339 103284 0 0
E 392296 cfg=208 nodes= 103354 103404 103339 103284 103355 103405 103340 103285 0 0
E 392297 cfg=208 nodes= 62570 63113 63123 62571 103346 103306 103361 103406 0 0
E 392298 cfg=208 nodes= 103346 103306 103361 103406 103347 103307 103362 103407 0 0
E 392299 cfg=208 nodes= 103347 103307 103362 103407 103348 103308 103363 103408 0 0
E 392300 cfg=208 nodes= 103348 103308 103363 103408 103349 103309 103364 103409 0 0
E 392301 cfg=208 nodes= 103349 103309 103364 103409 103350 103310 103365 103410 0 0
E 392302 cfg=208 nodes= 63123 63116 63125 63133 103361 103321 103371 103411 0 0
E 392303 cfg=208 nodes= 103361 103321 103371 103411 103362 103322 103372 103412 0 0
E 392304 cfg=208 nodes= 103362 103322 103372 103412 103363 103323 103373 103413 0 0
E 392305 cfg=208 nodes= 103363 103323 103373 103413 103364 103324 103374 103414 0 0
E 392306 cfg=208 nodes= 103364 103324 103374 103414 103365 103325 103375 103415 0 0
E 392307 cfg=208 nodes= 63130 63134 63122 63114 103381 103416 103356 103311 0 0
E 392308 cfg=208 nodes= 103381 103416 103356 103311 103382 103417 103357 103312 0 0
E 392309 cfg=208 nodes= 103382 103417 103357 103312 103383 103418 103358 103313 0 0
E 392310 cfg=208 nodes= 103383 103418 103358 103313 103384 103419 103359 103314 0 0
E 392311 cfg=208 nodes= 103384 103419 103359 103314 103385 103420 103360 103315 0 0
E 392312 cfg=208 nodes= 63124 63115 63126 63139 103351 103301 103366 103421 0 0
E 392313 cfg=208 nodes= 103351 103301 103366 103421 103352 103302 103367 103422 0 0
E 392314 cfg=208 nodes= 103352 103302 103367 103422 103353 103303 103368 103423 0 0
E 392315 cfg=208 nodes= 103353 103303 103368 103423 103354 103304 103369 103424 0 0
E 392316 cfg=208 nodes= 103354 103304 103369 103424 103355 103305 103370 103425 0 0
E 392317 cfg=208 nodes= 63125 63119 63129 63135 103371 103331 103391 103426 0 0
E 392318 cfg=208 nodes= 103371 103331 103391 103426 103372 103332 103392 103427 0 0
E 392319 cfg=208 nodes= 103372 103332 103392 103427 103373 103333 103393 103428 0 0
E 392320 cfg=208 nodes= 103373 103333 103393 103428 103374 103334 103394 103429 0 0
E 392321 cfg=208 nodes= 103374 103334 103394 103429 103375 103335 103395 103430 0 0
E 392322 cfg=208 nodes= 63117 63127 63137 63126 103316 103376 103431 103366 0 0
E 392323 cfg=208 nodes= 103316 103376 103431 103366 103317 103377 103432 103367 0 0
E 392324 cfg=208 nodes= 103317 103377 103432 103367 103318 103378 103433 103368 0 0
E 392325 cfg=208 nodes= 103318 103378 103433 103368 103319 103379 103434 103369 0 0
E 392326 cfg=208 nodes= 103319 103379 103434 103369 103320 103380 103435 103370 0 0
E 392327 cfg=208 nodes= 63136 63127 63118 63128 103436 103376 103326 103386 0 0
E 392328 cfg=208 nodes= 103436 103376 103326 103386 103437 103377 103327 103387 0 0
E 392329 cfg=208 nodes= 103437 103377 103327 103387 103438 103378 103328 103388 0 0
E 392330 cfg=208 nodes= 103438 103378 103328 103388 103439 103379 103329 103389 0 0
E 392331 cfg=208 nodes= 103439 103379 103329 103389 103440 103380 103330 103390 0 0
E 392332 cfg=208 nodes= 59521 59522 63138 63128 100346 100386 103441 103386 0 0
E 392333 cfg=208 nodes= 100346 100386 103441 103386 100347 100387 103442 103387 0 0
E 392334 cfg=208 nodes= 100347 100387 103442 103387 100348 100388 103443 103388 0 0
E 392335 cfg=208 nodes= 100348 100388 103443 103388 100349 100389 103444 103389 0 0
E 392336 cfg=208 nodes= 100349 100389 103444 103389 100350 100390 103445 103390 0 0
E 392337 cfg=208 nodes= 63129 63121 63131 63140 103391 103341 103396 103446 0 0
E 392338 cfg=208 nodes= 103391 103341 103396 103446 103392 103342 103397 103447 0 0
E 392339 cfg=208 nodes= 103392 103342 103397 103447 103393 103343 103398 103448 0 0
E 392340 cfg=208 nodes= 103393 103343 103398 103448 103394 103344 103399 103449 0 0
E 392341 cfg=208 nodes= 103394 103344 103399 103449 103395 103345 103400 103450 0 0
E 392342 cfg=208 nodes= 63132 63141 63130 63120 103401 103451 103381 103336 0 0
E 392343 cfg=208 nodes= 103401 103451 103381 103336 103402 103452 103382 103337 0 0
E 392344 cfg=208 nodes= 103402 103452 103382 103337 103403 103453 103383 103338 0 0
E 392345 cfg=208 nodes= 103403 103453 103383 103338 103404 103454 103384 103339 0 0
E 392346 cfg=208 nodes= 103404 103454 103384 103339 103405 103455 103385 103340 0 0
E 392347 cfg=208 nodes= 63134 63142 63131 63122 103416 103456 103396 103356 0 0
E 392348 cfg=208 nodes= 103416 103456 103396 103356 103417 103457 103397 103357 0 0
E 392349 cfg=208 nodes= 103417 103457 103397 103357 103418 103458 103398 103358 0 0
E 392350 cfg=208 nodes= 103418 103458 103398 103358 103419 103459 103399 103359 0 0
E 392351 cfg=208 nodes= 103419 103459 103399 103359 103420 103460 103400 103360 0 0
E 392352 cfg=208 nodes= 62571 63123 63133 62572 103406 103361 103411 103461 0 0
E 392353 cfg=208 nodes= 103406 103361 103411 103461 103407 103362 103412 103462 0 0
E 392354 cfg=208 nodes= 103407 103362 103412 103462 103408 103363 103413 103463 0 0
E 392355 cfg=208 nodes= 103408 103363 103413 103463 103409 103364 103414 103464 0 0
E 392356 cfg=208 nodes= 103409 103364 103414 103464 103410 103365 103415 103465 0 0
E 392357 cfg=208 nodes= 63133 63125 63135 63143 103411 103371 103426 103466 0 0
E 392358 cfg=208 nodes= 103411 103371 103426 103466 103412 103372 103427 103467 0 0
E 392359 cfg=208 nodes= 103412 103372 103427 103467 103413 103373 103428 103468 0 0
E 392360 cfg=208 nodes= 103413 103373 103428 103468 103414 103374 103429 103469 0 0
E 392361 cfg=208 nodes= 103414 103374 103429 103469 103415 103375 103430 103470 0 0
E 392362 cfg=208 nodes= 63127 63136 63146 63137 103376 103436 103471 103431 0 0
E 392363 cfg=208 nodes= 103376 103436 103471 103431 103377 103437 103472 103432 0 0
E 392364 cfg=208 nodes= 103377 103437 103472 103432 103378 103438 103473 103433 0 0
E 392365 cfg=208 nodes= 103378 103438 103473 103433 103379 103439 103474 103434 0 0
E 392366 cfg=208 nodes= 103379 103439 103474 103434 103380 103440 103475 103435 0 0
E 392367 cfg=208 nodes= 63135 63129 63140 63144 103426 103391 103446 103476 0 0
E 392368 cfg=208 nodes= 103426 103391 103446 103476 103427 103392 103447 103477 0 0
E 392369 cfg=208 nodes= 103427 103392 103447 103477 103428 103393 103448 103478 0 0
E 392370 cfg=208 nodes= 103428 103393 103448 103478 103429 103394 103449 103479 0 0
E 392371 cfg=208 nodes= 103429 103394 103449 103479 103430 103395 103450 103480 0 0
E 392372 cfg=208 nodes= 63128 63138 63145 63136 103386 103441 103481 103436 0 0
E 392373 cfg=208 nodes= 103386 103441 103481 103436 103387 103442 103482 103437 0 0
E 392374 cfg=208 nodes= 103387 103442 103482 103437 103388 103443 103483 103438 0 0
E 392375 cfg=208 nodes= 103388 103443 103483 103438 103389 103444 103484 103439 0 0
E 392376 cfg=208 nodes= 103389 103444 103484 103439 103390 103445 103485 103440 0 0
E 392377 cfg=208 nodes= 63126 63137 63148 63139 103366 103431 103486 103421 0 0
E 392378 cfg=208 nodes= 103366 103431 103486 103421 103367 103432 103487 103422 0 0
E 392379 cfg=208 nodes= 103367 103432 103487 103422 103368 103433 103488 103423 0 0
E 392380 cfg=208 nodes= 103368 103433 103488 103423 103369 103434 103489 103424 0 0
E 392381 cfg=208 nodes= 103369 103434 103489 103424 103370 103435 103490 103425 0 0
E 392382 cfg=208 nodes= 59522 59523 63147 63138 100386 100421 103491 103441 0 0
E 392383 cfg=208 nodes= 100386 100421 103491 103441 100387 100422 103492 103442 0 0
E 392384 cfg=208 nodes= 100387 100422 103492 103442 100388 100423 103493 103443 0 0
E 392385 cfg=208 nodes= 100388 100423 103493 103443 100389 100424 103494 103444 0 0
E 392386 cfg=208 nodes= 100389 100424 103494 103444 100390 100425 103495 103445 0 0
E 392387 cfg=208 nodes= 63124 62604 62603 63132 103351 103497 103496 103401 0 0
E 392388 cfg=208 nodes= 103351 103497 103496 103401 103352 103499 103498 103402 0 0
E 392389 cfg=208 nodes= 103352 103499 103498 103402 103353 103501 103500 103403 0 0
E 392390 cfg=208 nodes= 103353 103501 103500 103403 103354 103503 103502 103404 0 0
E 392391 cfg=208 nodes= 103354 103503 103502 103404 103355 103505 103504 103405 0 0
E 392392 cfg=208 nodes= 63141 63149 63134 63130 103451 103506 103416 103381 0 0
E 392393 cfg=208 nodes= 103451 103506 103416 103381 103452 103507 103417 103382 0 0
E 392394 cfg=208 nodes= 103452 103507 103417 103382 103453 103508 103418 103383 0 0
E 392395 cfg=208 nodes= 103453 103508 103418 103383 103454 103509 103419 103384 0 0
E 392396 cfg=208 nodes= 103454 103509 103419 103384 103455 103510 103420 103385 0 0
E 392397 cfg=208 nodes= 63142 63150 63140 63131 103456 103511 103446 103396 0 0
E 392398 cfg=208 nodes= 103456 103511 103446 103396 103457 103512 103447 103397 0 0
E 392399 cfg=208 nodes= 103457 103512 103447 103397 103458 103513 103448 103398 0 0
E 392400 cfg=208 nodes= 103458 103513 103448 103398 103459 103514 103449 103399 0 0
E 392401 cfg=208 nodes= 103459 103514 103449 103399 103460 103515 103450 103400 0 0
E 392402 cfg=208 nodes= 62572 63133 63143 62573 103461 103411 103466 103516 0 0
E 392403 cfg=208 nodes= 103461 103411 103466 103516 103462 103412 103467 103517 0 0
E 392404 cfg=208 nodes= 103462 103412 103467 103517 103463 103413 103468 103518 0 0
E 392405 cfg=208 nodes= 103463 103413 103468 103518 103464 103414 103469 103519 0 0
E 392406 cfg=208 nodes= 103464 103414 103469 103519 103465 103415 103470 103520 0 0
E 392407 cfg=208 nodes= 62603 62602 63141 63132 103496 103521 103451 103401 0 0
E 392408 cfg=208 nodes= 103496 103521 103451 103401 103498 103522 103452 103402 0 0
E 392409 cfg=208 nodes= 103498 103522 103452 103402 103500 103523 103453 103403 0 0
E 392410 cfg=208 nodes= 103500 103523 103453 103403 103502 103524 103454 103404 0 0
E 392411 cfg=208 nodes= 103502 103524 103454 103404 103504 103525 103455 103405 0 0
E 392412 cfg=208 nodes= 63143 63135 63144 63151 103466 103426 103476 103526 0 0
E 392413 cfg=208 nodes= 103466 103426 103476 103526 103467 103427 103477 103527 0 0
E 392414 cfg=208 nodes= 103467 103427 103477 103527 103468 103428 103478 103528 0 0
E 392415 cfg=208 nodes= 103468 103428 103478 103528 103469 103429 103479 103529 0 0
E 392416 cfg=208 nodes= 103469 103429 103479 103529 103470 103430 103480 103530 0 0
E 392417 cfg=208 nodes= 63149 63152 63142 63134 103506 103531 103456 103416 0 0
E 392418 cfg=208 nodes= 103506 103531 103456 103416 103507 103532 103457 103417 0 0
E 392419 cfg=208 nodes= 103507 103532 103457 103417 103508 103533 103458 103418 0 0
E 392420 cfg=208 nodes= 103508 103533 103458 103418 103509 103534 103459 103419 0 0
E 392421 cfg=208 nodes= 103509 103534 103459 103419 103510 103535 103460 103420 0 0
E 392422 cfg=208 nodes= 63148 62595 62604 63139 103486 103536 103497 103421 0 0
E 392423 cfg=208 nodes= 103486 103536 103497 103421 103487 103537 103499 103422 0 0
E 392424 cfg=208 nodes= 103487 103537 103499 103422 103488 103538 103501 103423 0 0
E 392425 cfg=208 nodes= 103488 103538 103501 103423 103489 103539 103503 103424 0 0
E 392426 cfg=208 nodes= 103489 103539 103503 103424 103490 103540 103505 103425 0 0
E 392427 cfg=208 nodes= 63136 63145 63153 63146 103436 103481 103541 103471 0 0
E 392428 cfg=208 nodes= 103436 103481 103541 103471 103437 103482 103542 103472 0 0
E 392429 cfg=208 nodes= 103437 103482 103542 103472 103438 103483 103543 103473 0 0
E 392430 cfg=208 nodes= 103438 103483 103543 103473 103439 103484 103544 103474 0 0
E 392431 cfg=208 nodes= 103439 103484 103544 103474 103440 103485 103545 103475 0 0
E 392432 cfg=208 nodes= 63138 63147 63154 63145 103441 103491 103546 103481 0 0
E 392433 cfg=208 nodes= 103441 103491 103546 103481 103442 103492 103547 103482 0 0
E 392434 cfg=208 nodes= 103442 103492 103547 103482 103443 103493 103548 103483 0 0
E 392435 cfg=208 nodes= 103443 103493 103548 103483 103444 103494 103549 103484 0 0
E 392436 cfg=208 nodes= 103444 103494 103549 103484 103445 103495 103550 103485 0 0
E 392437 cfg=208 nodes= 63137 63146 63155 63148 103431 103471 103551 103486 0 0
E 392438 cfg=208 nodes= 103431 103471 103551 103486 103432 103472 103552 103487 0 0
E 392439 cfg=208 nodes= 103432 103472 103552 103487 103433 103473 103553 103488 0 0
E 392440 cfg=208 nodes= 103433 103473 103553 103488 103434 103474 103554 103489 0 0
E 392441 cfg=208 nodes= 103434 103474 103554 103489 103435 103475 103555 103490 0 0
E 392442 cfg=208 nodes= 59524 63156 63147 59523 100451 103556 103491 100421 0 0
E 392443 cfg=208 nodes= 100451 103556 103491 100421 100452 103557 103492 100422 0 0
E 392444 cfg=208 nodes= 100452 103557 103492 100422 100453 103558 103493 100423 0 0
E 392445 cfg=208 nodes= 100453 103558 103493 100423 100454 103559 103494 100424 0 0
E 392446 cfg=208 nodes= 100454 103559 103494 100424 100455 103560 103495 100425 0 0
E 392447 cfg=208 nodes= 63150 63157 63144 63140 103511 103561 103476 103446 0 0
E 392448 cfg=208 nodes= 103511 103561 103476 103446 103512 103562 103477 103447 0 0
E 392449 cfg=208 nodes= 103512 103562 103477 103447 103513 103563 103478 103448 0 0
E 392450 cfg=208 nodes= 103513 103563 103478 103448 103514 103564 103479 103449 0 0
E 392451 cfg=208 nodes= 103514 103564 103479 103449 103515 103565 103480 103450 0 0
E 392452 cfg=208 nodes= 63152 63158 63150 63142 103531 103566 103511 103456 0 0
E 392453 cfg=208 nodes= 103531 103566 103511 103456 103532 103567 103512 103457 0 0
E 392454 cfg=208 nodes= 103532 103567 103512 103457 103533 103568 103513 103458 0 0
E 392455 cfg=208 nodes= 103533 103568 103513 103458 103534 103569 103514 103459 0 0
E 392456 cfg=208 nodes= 103534 103569 103514 103459 103535 103570 103515 103460 0 0
E 392457 cfg=208 nodes= 62573 63143 63151 62574 103516 103466 103526 103571 0 0
E 392458 cfg=208 nodes= 103516 103466 103526 103571 103517 103467 103527 103572 0 0
E 392459 cfg=208 nodes= 103517 103467 103527 103572 103518 103468 103528 103573 0 0
E 392460 cfg=208 nodes= 103518 103468 103528 103573 103519 103469 103529 103574 0 0
E 392461 cfg=208 nodes= 103519 103469 103529 103574 103520 103470 103530 103575 0 0
E 392462 cfg=208 nodes= 63157 63159 63151 63144 103561 103576 103526 103476 0 0
E 392463 cfg=208 nodes= 103561 103576 103526 103476 103562 103577 103527 103477 0 0
E 392464 cfg=208 nodes= 103562 103577 103527 103477 103563 103578 103528 103478 0 0
E 392465 cfg=208 nodes= 103563 103578 103528 103478 103564 103579 103529 103479 0 0
E 392466 cfg=208 nodes= 103564 103579 103529 103479 103565 103580 103530 103480 0 0
E 392467 cfg=208 nodes= 63155 62596 62595 63148 103551 103581 103536 103486 0 0
E 392468 cfg=208 nodes= 103551 103581 103536 103486 103552 103582 103537 103487 0 0
E 392469 cfg=208 nodes= 103552 103582 103537 103487 103553 103583 103538 103488 0 0
E 392470 cfg=208 nodes= 103553 103583 103538 103488 103554 103584 103539 103489 0 0
E 392471 cfg=208 nodes= 103554 103584 103539 103489 103555 103585 103540 103490 0 0
E 392472 cfg=208 nodes= 63145 63154 63160 63153 103481 103546 103586 103541 0 0
E 392473 cfg=208 nodes= 103481 103546 103586 103541 103482 103547 103587 103542 0 0
E 392474 cfg=208 nodes= 103482 103547 103587 103542 103483 103548 103588 103543 0 0
E 392475 cfg=208 nodes= 103483 103548 103588 103543 103484 103549 103589 103544 0 0
E 392476 cfg=208 nodes= 103484 103549 103589 103544 103485 103550 103590 103545 0 0
E 392477 cfg=208 nodes= 63146 63153 63161 63155 103471 103541 103591 103551 0 0
E 392478 cfg=208 nodes= 103471 103541 103591 103551 103472 103542 103592 103552 0 0
E 392479 cfg=208 nodes= 103472 103542 103592 103552 103473 103543 103593 103553 0 0
E 392480 cfg=208 nodes= 103473 103543 103593 103553 103474 103544 103594 103554 0 0
E 392481 cfg=208 nodes= 103474 103544 103594 103554 103475 103545 103595 103555 0 0
E 392482 cfg=208 nodes= 63156 63162 63154 63147 103556 103596 103546 103491 0 0
E 392483 cfg=208 nodes= 103556 103596 103546 103491 103557 103597 103547 103492 0 0
E 392484 cfg=208 nodes= 103557 103597 103547 103492 103558 103598 103548 103493 0 0
E 392485 cfg=208 nodes= 103558 103598 103548 103493 103559 103599 103549 103494 0 0
E 392486 cfg=208 nodes= 103559 103599 103549 103494 103560 103600 103550 103495 0 0
E 392487 cfg=208 nodes= 59525 63163 63156 59524 100471 103601 103556 100451 0 0
E 392488 cfg=208 nodes= 100471 103601 103556 100451 100472 103602 103557 100452 0 0
E 392489 cfg=208 nodes= 100472 103602 103557 100452 100473 103603 103558 100453 0 0
E 392490 cfg=208 nodes= 100473 103603 103558 100453 100474 103604 103559 100454 0 0
E 392491 cfg=208 nodes= 100474 103604 103559 100454 100475 103605 103560 100455 0 0
E 392492 cfg=208 nodes= 63158 63164 63157 63150 103566 103606 103561 103511 0 0
E 392493 cfg=208 nodes= 103566 103606 103561 103511 103567 103607 103562 103512 0 0
E 392494 cfg=208 nodes= 103567 103607 103562 103512 103568 103608 103563 103513 0 0
E 392495 cfg=208 nodes= 103568 103608 103563 103513 103569 103609 103564 103514 0 0
E 392496 cfg=208 nodes= 103569 103609 103564 103514 103570 103610 103565 103515 0 0
E 392497 cfg=208 nodes= 63165 63149 62602 62601 103611 103506 103521 103612 0 0
E 392498 cfg=208 nodes= 103611 103506 103521 103612 103613 103507 103522 103614 0 0
E 392499 cfg=208 nodes= 103613 103507 103522 103614 103615 103508 103523 103616 0 0
E 392500 cfg=208 nodes= 103615 103508 103523 103616 103617 103509 103524 103618 0 0
E 392501 cfg=208 nodes= 103617 103509 103524 103618 103619 103510 103525 103620 0 0
E 392502 cfg=208 nodes= 63159 62575 62574 63151 103576 103621 103571 103526 0 0
E 392503 cfg=208 nodes= 103576 103621 103571 103526 103577 103622 103572 103527 0 0
E 392504 cfg=208 nodes= 103577 103622 103572 103527 103578 103623 103573 103528 0 0
E 392505 cfg=208 nodes= 103578 103623 103573 103528 103579 103624 103574 103529 0 0
E 392506 cfg=208 nodes= 103579 103624 103574 103529 103580 103625 103575 103530 0 0
E 392507 cfg=208 nodes= 63153 63160 63167 63161 103541 103586 103626 103591 0 0
E 392508 cfg=208 nodes= 103541 103586 103626 103591 103542 103587 103627 103592 0 0
E 392509 cfg=208 nodes= 103542 103587 103627 103592 103543 103588 103628 103593 0 0
E 392510 cfg=208 nodes= 103543 103588 103628 103593 103544 103589 103629 103594 0 0
E 392511 cfg=208 nodes= 103544 103589 103629 103594 103545 103590 103630 103595 0 0
E 392512 cfg=208 nodes= 63162 63168 63160 63154 103596 103631 103586 103546 0 0
E 392513 cfg=208 nodes= 103596 103631 103586 103546 103597 103632 103587 103547 0 0
E 392514 cfg=208 nodes= 103597 103632 103587 103547 103598 103633 103588 103548 0 0
E 392515 cfg=208 nodes= 103598 103633 103588 103548 103599 103634 103589 103549 0 0
E 392516 cfg=208 nodes= 103599 103634 103589 103549 103600 103635 103590 103550 0 0
E 392517 cfg=208 nodes= 63165 63166 63158 63152 103611 103636 103566 103531 0 0
E 392518 cfg=208 nodes= 103611 103636 103566 103531 103613 103637 103567 103532 0 0
E 392519 cfg=208 nodes= 103613 103637 103567 103532 103615 103638 103568 103533 0 0
E 392520 cfg=208 nodes= 103615 103638 103568 103533 103617 103639 103569 103534 0 0
E 392521 cfg=208 nodes= 103617 103639 103569 103534 103619 103640 103570 103535 0 0
E 392522 cfg=208 nodes= 62596 63155 63161 63170 103581 103551 103591 103641 0 0
E 392523 cfg=208 nodes= 103581 103551 103591 103641 103582 103552 103592 103642 0 0
E 392524 cfg=208 nodes= 103582 103552 103592 103642 103583 103553 103593 103643 0 0
E 392525 cfg=208 nodes= 103583 103553 103593 103643 103584 103554 103594 103644 0 0
E 392526 cfg=208 nodes= 103584 103554 103594 103644 103585 103555 103595 103645 0 0
E 392527 cfg=208 nodes= 63163 63169 63162 63156 103601 103646 103596 103556 0 0
E 392528 cfg=208 nodes= 103601 103646 103596 103556 103602 103647 103597 103557 0 0
E 392529 cfg=208 nodes= 103602 103647 103597 103557 103603 103648 103598 103558 0 0
E 392530 cfg=208 nodes= 103603 103648 103598 103558 103604 103649 103599 103559 0 0
E 392531 cfg=208 nodes= 103604 103649 103599 103559 103605 103650 103600 103560 0 0
E 392532 cfg=208 nodes= 63164 63171 63159 63157 103606 103651 103576 103561 0 0
E 392533 cfg=208 nodes= 103606 103651 103576 103561 103607 103652 103577 103562 0 0
E 392534 cfg=208 nodes= 103607 103652 103577 103562 103608 103653 103578 103563 0 0
E 392535 cfg=208 nodes= 103608 103653 103578 103563 103609 103654 103579 103564 0 0
E 392536 cfg=208 nodes= 103609 103654 103579 103564 103610 103655 103580 103565 0 0
E 392537 cfg=208 nodes= 59526 63172 63163 59525 100486 103656 103601 100471 0 0
E 392538 cfg=208 nodes= 100486 103656 103601 100471 100487 103657 103602 100472 0 0
E 392539 cfg=208 nodes= 100487 103657 103602 100472 100488 103658 103603 100473 0 0
E 392540 cfg=208 nodes= 100488 103658 103603 100473 100489 103659 103604 100474 0 0
E 392541 cfg=208 nodes= 100489 103659 103604 100474 100490 103660 103605 100475 0 0
E 392542 cfg=208 nodes= 63158 63166 63174 63164 103566 103636 103661 103606 0 0
E 392543 cfg=208 nodes= 103566 103636 103661 103606 103567 103637 103662 103607 0 0
E 392544 cfg=208 nodes= 103567 103637 103662 103607 103568 103638 103663 103608 0 0
E 392545 cfg=208 nodes= 103568 103638 103663 103608 103569 103639 103664 103609 0 0
E 392546 cfg=208 nodes= 103569 103639 103664 103609 103570 103640 103665 103610 0 0
E 392547 cfg=208 nodes= 63171 62576 62575 63159 103651 103666 103621 103576 0 0
E 392548 cfg=208 nodes= 103651 103666 103621 103576 103652 103667 103622 103577 0 0
E 392549 cfg=208 nodes= 103652 103667 103622 103577 103653 103668 103623 103578 0 0
E 392550 cfg=208 nodes= 103653 103668 103623 103578 103654 103669 103624 103579 0 0
E 392551 cfg=208 nodes= 103654 103669 103624 103579 103655 103670 103625 103580 0 0
E 392552 cfg=208 nodes= 63167 63160 63168 63175 103626 103586 103631 103671 0 0
E 392553 cfg=208 nodes= 103626 103586 103631 103671 103627 103587 103632 103672 0 0
E 392554 cfg=208 nodes= 103627 103587 103632 103672 103628 103588 103633 103673 0 0
E 392555 cfg=208 nodes= 103628 103588 103633 103673 103629 103589 103634 103674 0 0
E 392556 cfg=208 nodes= 103629 103589 103634 103674 103630 103590 103635 103675 0 0
E 392557 cfg=208 nodes= 63167 63176 63170 63161 103626 103676 103641 103591 0 0
E 392558 cfg=208 nodes= 103626 103676 103641 103591 103627 103677 103642 103592 0 0
E 392559 cfg=208 nodes= 103627 103677 103642 103592 103628 103678 103643 103593 0 0
E 392560 cfg=208 nodes= 103628 103678 103643 103593 103629 103679 103644 103594 0 0
E 392561 cfg=208 nodes= 103629 103679 103644 103594 103630 103680 103645 103595 0 0
E 392562 cfg=208 nodes= 63169 63177 63168 63162 103646 103681 103631 103596 0 0
E 392563 cfg=208 nodes= 103646 103681 103631 103596 103647 103682 103632 103597 0 0
E 392564 cfg=208 nodes= 103647 103682 103632 103597 103648 103683 103633 103598 0 0
E 392565 cfg=208 nodes= 103648 103683 103633 103598 103649 103684 103634 103599 0 0
E 392566 cfg=208 nodes= 103649 103684 103634 103599 103650 103685 103635 103600 0 0
E 392567 cfg=208 nodes= 63172 63179 63169 63163 103656 103686 103646 103601 0 0
E 392568 cfg=208 nodes= 103656 103686 103646 103601 103657 103687 103647 103602 0 0
E 392569 cfg=208 nodes= 103657 103687 103647 103602 103658 103688 103648 103603 0 0
E 392570 cfg=208 nodes= 103658 103688 103648 103603 103659 103689 103649 103604 0 0
E 392571 cfg=208 nodes= 103659 103689 103649 103604 103660 103690 103650 103605 0 0
E 392572 cfg=208 nodes= 63170 63180 62597 62596 103641 103692 103691 103581 0 0
E 392573 cfg=208 nodes= 103641 103692 103691 103581 103642 103694 103693 103582 0 0
E 392574 cfg=208 nodes= 103642 103694 103693 103582 103643 103696 103695 103583 0 0
E 392575 cfg=208 nodes= 103643 103696 103695 103583 103644 103698 103697 103584 0 0
E 392576 cfg=208 nodes= 103644 103698 103697 103584 103645 103700 103699 103585 0 0
E 392577 cfg=208 nodes= 63166 63165 63173 63178 103636 103611 103702 103701 0 0
E 392578 cfg=208 nodes= 103636 103611 103702 103701 103637 103613 103704 103703 0 0
E 392579 cfg=208 nodes= 103637 103613 103704 103703 103638 103615 103706 103705 0 0
E 392580 cfg=208 nodes= 103638 103615 103706 103705 103639 103617 103708 103707 0 0
E 392581 cfg=208 nodes= 103639 103617 103708 103707 103640 103619 103710 103709 0 0
E 392582 cfg=208 nodes= 59451 62594 63172 59526 100496 103711 103656 100486 0 0
E 392583 cfg=208 nodes= 100496 103711 103656 100486 100497 103712 103657 100487 0 0
E 392584 cfg=208 nodes= 100497 103712 103657 100487 100498 103713 103658 100488 0 0
E 392585 cfg=208 nodes= 100498 103713 103658 100488 100499 103714 103659 100489 0 0
E 392586 cfg=208 nodes= 100499 103714 103659 100489 100500 103715 103660 100490 0 0
E 392587 cfg=208 nodes= 63181 63171 63164 63174 103716 103651 103606 103661 0 0
E 392588 cfg=208 nodes= 103716 103651 103606 103661 103717 103652 103607 103662 0 0
E 392589 cfg=208 nodes= 103717 103652 103607 103662 103718 103653 103608 103663 0 0
E 392590 cfg=208 nodes= 103718 103653 103608 103663 103719 103654 103609 103664 0 0
E 392591 cfg=208 nodes= 103719 103654 103609 103664 103720 103655 103610 103665 0 0
E 392592 cfg=208 nodes= 62601 62600 63182 63173 103612 103722 103721 103702 0 0
E 392593 cfg=208 nodes= 103612 103722 103721 103702 103614 103724 103723 103704 0 0
E 392594 cfg=208 nodes= 103614 103724 103723 103704 103616 103726 103725 103706 0 0
E 392595 cfg=208 nodes= 103616 103726 103725 103706 103618 103728 103727 103708 0 0
E 392596 cfg=208 nodes= 103618 103728 103727 103708 103620 103730 103729 103710 0 0
E 392597 cfg=208 nodes= 63166 63178 63187 63174 103636 103701 103731 103661 0 0
E 392598 cfg=208 nodes= 103636 103701 103731 103661 103637 103703 103732 103662 0 0
E 392599 cfg=208 nodes= 103637 103703 103732 103662 103638 103705 103733 103663 0 0
E 392600 cfg=208 nodes= 103638 103705 103733 103663 103639 103707 103734 103664 0 0
E 392601 cfg=208 nodes= 103639 103707 103734 103664 103640 103709 103735 103665 0 0
E 392602 cfg=208 nodes= 63176 63167 63175 63183 103676 103626 103671 103736 0 0
E 392603 cfg=208 nodes= 103676 103626 103671 103736 103677 103627 103672 103737 0 0
E 392604 cfg=208 nodes= 103677 103627 103672 103737 103678 103628 103673 103738 0 0
E 392605 cfg=208 nodes= 103678 103628 103673 103738 103679 103629 103674 103739 0 0
E 392606 cfg=208 nodes= 103679 103629 103674 103739 103680 103630 103675 103740 0 0
E 392607 cfg=208 nodes= 63175 63168 63177 63184 103671 103631 103681 103741 0 0
E 392608 cfg=208 nodes= 103671 103631 103681 103741 103672 103632 103682 103742 0 0
E 392609 cfg=208 nodes= 103672 103632 103682 103742 103673 103633 103683 103743 0 0
E 392610 cfg=208 nodes= 103673 103633 103683 103743 103674 103634 103684 103744 0 0
E 392611 cfg=208 nodes= 103674 103634 103684 103744 103675 103635 103685 103745 0 0
E 392612 cfg=208 nodes= 63179 63186 63177 63169 103686 103746 103681 103646 0 0
E 392613 cfg=208 nodes= 103686 103746 103681 103646 103687 103747 103682 103647 0 0
E 392614 cfg=208 nodes= 103687 103747 103682 103647 103688 103748 103683 103648 0 0
E 392615 cfg=208 nodes= 103688 103748 103683 103648 103689 103749 103684 103649 0 0
E 392616 cfg=208 nodes= 103689 103749 103684 103649 103690 103750 103685 103650 0 0
E 392617 cfg=208 nodes= 63176 63185 63180 63170 103676 103751 103692 103641 0 0
E 392618 cfg=208 nodes= 103676 103751 103692 103641 103677 103752 103694 103642 0 0
E 392619 cfg=208 nodes= 103677 103752 103694 103642 103678 103753 103696 103643 0 0
E 392620 cfg=208 nodes= 103678 103753 103696 103643 103679 103754 103698 103644 0 0
E 392621 cfg=208 nodes= 103679 103754 103698 103644 103680 103755 103700 103645 0 0
E 392622 cfg=208 nodes= 62577 62576 63171 63181 103756 103666 103651 103716 0 0
E 392623 cfg=208 nodes= 103756 103666 103651 103716 103757 103667 103652 103717 0 0
E 392624 cfg=208 nodes= 103757 103667 103652 103717 103758 103668 103653 103718 0 0
E 392625 cfg=208 nodes= 103758 103668 103653 103718 103759 103669 103654 103719 0 0
E 392626 cfg=208 nodes= 103759 103669 103654 103719 103760 103670 103655 103720 0 0
E 392627 cfg=208 nodes= 62594 62593 63179 63172 103711 103761 103686 103656 0 0
E 392628 cfg=208 nodes= 103711 103761 103686 103656 103712 103762 103687 103657 0 0
E 392629 cfg=208 nodes= 103712 103762 103687 103657 103713 103763 103688 103658 0 0
E 392630 cfg=208 nodes= 103713 103763 103688 103658 103714 103764 103689 103659 0 0
E 392631 cfg=208 nodes= 103714 103764 103689 103659 103715 103765 103690 103660 0 0
E 392632 cfg=208 nodes= 63188 62598 62597 63180 103766 103767 103691 103692 0 0
E 392633 cfg=208 nodes= 103766 103767 103691 103692 103768 103769 103693 103694 0 0
E 392634 cfg=208 nodes= 103768 103769 103693 103694 103770 103771 103695 103696 0 0
E 392635 cfg=208 nodes= 103770 103771 103695 103696 103772 103773 103697 103698 0 0
E 392636 cfg=208 nodes= 103772 103773 103697 103698 103774 103775 103699 103700 0 0
E 392637 cfg=208 nodes= 63178 63173 63182 63189 103701 103702 103721 103776 0 0
E 392638 cfg=208 nodes= 103701 103702 103721 103776 103703 103704 103723 103777 0 0
E 392639 cfg=208 nodes= 103703 103704 103723 103777 103705 103706 103725 103778 0 0
E 392640 cfg=208 nodes= 103705 103706 103725 103778 103707 103708 103727 103779 0 0
E 392641 cfg=208 nodes= 103707 103708 103727 103779 103709 103710 103729 103780 0 0
E 392642 cfg=208 nodes= 63190 63182 62600 62599 103781 103721 103722 103782 0 0
E 392643 cfg=208 nodes= 103781 103721 103722 103782 103783 103723 103724 103784 0 0
E 392644 cfg=208 nodes= 103783 103723 103724 103784 103785 103725 103726 103786 0 0
E 392645 cfg=208 nodes= 103785 103725 103726 103786 103787 103727 103728 103788 0 0
E 392646 cfg=208 nodes= 103787 103727 103728 103788 103789 103729 103730 103790 0 0
E 392647 cfg=208 nodes= 62599 62598 63188 63191 103782 103767 103766 103791 0 0
E 392648 cfg=208 nodes= 103782 103767 103766 103791 103784 103769 103768 103792 0 0
E 392649 cfg=208 nodes= 103784 103769 103768 103792 103786 103771 103770 103793 0 0
E 392650 cfg=208 nodes= 103786 103771 103770 103793 103788 103773 103772 103794 0 0
E 392651 cfg=208 nodes= 103788 103773 103772 103794 103790 103775 103774 103795 0 0
E 392652 cfg=208 nodes= 63183 63175 63184 63192 103736 103671 103741 103796 0 0
E 392653 cfg=208 nodes= 103736 103671 103741 103796 103737 103672 103742 103797 0 0
E 392654 cfg=208 nodes= 103737 103672 103742 103797 103738 103673 103743 103798 0 0
E 392655 cfg=208 nodes= 103738 103673 103743 103798 103739 103674 103744 103799 0 0
E 392656 cfg=208 nodes= 103739 103674 103744 103799 103740 103675 103745 103800 0 0
E 392657 cfg=208 nodes= 63185 63176 63183 63193 103751 103676 103736 103801 0 0
E 392658 cfg=208 nodes= 103751 103676 103736 103801 103752 103677 103737 103802 0 0
E 392659 cfg=208 nodes= 103752 103677 103737 103802 103753 103678 103738 103803 0 0
E 392660 cfg=208 nodes= 103753 103678 103738 103803 103754 103679 103739 103804 0 0
E 392661 cfg=208 nodes= 103754 103679 103739 103804 103755 103680 103740 103805 0 0
E 392662 cfg=208 nodes= 62593 62592 63186 63179 103761 103806 103746 103686 0 0
E 392663 cfg=208 nodes= 103761 103806 103746 103686 103762 103807 103747 103687 0 0
E 392664 cfg=208 nodes= 103762 103807 103747 103687 103763 103808 103748 103688 0 0
E 392665 cfg=208 nodes= 103763 103808 103748 103688 103764 103809 103749 103689 0 0
E 392666 cfg=208 nodes= 103764 103809 103749 103689 103765 103810 103750 103690 0 0
E 392667 cfg=208 nodes= 63194 63188 63180 63185 103811 103766 103692 103751 0 0
E 392668 cfg=208 nodes= 103811 103766 103692 103751 103812 103768 103694 103752 0 0
E 392669 cfg=208 nodes= 103812 103768 103694 103752 103813 103770 103696 103753 0 0
E 392670 cfg=208 nodes= 103813 103770 103696 103753 103814 103772 103698 103754 0 0
E 392671 cfg=208 nodes= 103814 103772 103698 103754 103815 103774 103700 103755 0 0
E 392672 cfg=208 nodes= 63187 62578 62577 63181 103731 103816 103756 103716 0 0
E 392673 cfg=208 nodes= 103731 103816 103756 103716 103732 103817 103757 103717 0 0
E 392674 cfg=208 nodes= 103732 103817 103757 103717 103733 103818 103758 103718 0 0
E 392675 cfg=208 nodes= 103733 103818 103758 103718 103734 103819 103759 103719 0 0
E 392676 cfg=208 nodes= 103734 103819 103759 103719 103735 103820 103760 103720 0 0
E 392677 cfg=208 nodes= 63178 63189 63196 63187 103701 103776 103821 103731 0 0
E 392678 cfg=208 nodes= 103701 103776 103821 103731 103703 103777 103822 103732 0 0
E 392679 cfg=208 nodes= 103703 103777 103822 103732 103705 103778 103823 103733 0 0
E 392680 cfg=208 nodes= 103705 103778 103823 103733 103707 103779 103824 103734 0 0
E 392681 cfg=208 nodes= 103707 103779 103824 103734 103709 103780 103825 103735 0 0
E 392682 cfg=208 nodes= 63189 63182 63190 63195 103776 103721 103781 103826 0 0
E 392683 cfg=208 nodes= 103776 103721 103781 103826 103777 103723 103783 103827 0 0
E 392684 cfg=208 nodes= 103777 103723 103783 103827 103778 103725 103785 103828 0 0
E 392685 cfg=208 nodes= 103778 103725 103785 103828 103779 103727 103787 103829 0 0
E 392686 cfg=208 nodes= 103779 103727 103787 103829 103780 103729 103789 103830 0 0
E 392687 cfg=208 nodes= 63191 63197 63190 62599 103791 103831 103781 103782 0 0
E 392688 cfg=208 nodes= 103791 103831 103781 103782 103792 103832 103783 103784 0 0
E 392689 cfg=208 nodes= 103792 103832 103783 103784 103793 103833 103785 103786 0 0
E 392690 cfg=208 nodes= 103793 103833 103785 103786 103794 103834 103787 103788 0 0
E 392691 cfg=208 nodes= 103794 103834 103787 103788 103795 103835 103789 103790 0 0
E 392692 cfg=208 nodes= 62591 63184 63186 62592 103836 103741 103746 103806 0 0
E 392693 cfg=208 nodes= 103836 103741 103746 103806 103837 103742 103747 103807 0 0
E 392694 cfg=208 nodes= 103837 103742 103747 103807 103838 103743 103748 103808 0 0
E 392695 cfg=208 nodes= 103838 103743 103748 103808 103839 103744 103749 103809 0 0
E 392696 cfg=208 nodes= 103839 103744 103749 103809 103840 103745 103750 103810 0 0
E 392697 cfg=208 nodes= 63193 63183 63192 63198 103801 103736 103796 103841 0 0
E 392698 cfg=208 nodes= 103801 103736 103796 103841 103802 103737 103797 103842 0 0
E 392699 cfg=208 nodes= 103802 103737 103797 103842 103803 103738 103798 103843 0 0
E 392700 cfg=208 nodes= 103803 103738 103798 103843 103804 103739 103799 103844 0 0
E 392701 cfg=208 nodes= 103804 103739 103799 103844 103805 103740 103800 103845 0 0
E 392702 cfg=208 nodes= 63194 63185 63193 63199 103811 103751 103801 103846 0 0
E 392703 cfg=208 nodes= 103811 103751 103801 103846 103812 103752 103802 103847 0 0
E 392704 cfg=208 nodes= 103812 103752 103802 103847 103813 103753 103803 103848 0 0
E 392705 cfg=208 nodes= 103813 103753 103803 103848 103814 103754 103804 103849 0 0
E 392706 cfg=208 nodes= 103814 103754 103804 103849 103815 103755 103805 103850 0 0
E 392707 cfg=208 nodes= 63202 63191 63188 63194 103851 103791 103766 103811 0 0
E 392708 cfg=208 nodes= 103851 103791 103766 103811 103852 103792 103768 103812 0 0
E 392709 cfg=208 nodes= 103852 103792 103768 103812 103853 103793 103770 103813 0 0
E 392710 cfg=208 nodes= 103853 103793 103770 103813 103854 103794 103772 103814 0 0
E 392711 cfg=208 nodes= 103854 103794 103772 103814 103855 103795 103774 103815 0 0
E 392712 cfg=208 nodes= 63187 63196 62579 62578 103731 103821 103856 103816 0 0
E 392713 cfg=208 nodes= 103731 103821 103856 103816 103732 103822 103857 103817 0 0
E 392714 cfg=208 nodes= 103732 103822 103857 103817 103733 103823 103858 103818 0 0
E 392715 cfg=208 nodes= 103733 103823 103858 103818 103734 103824 103859 103819 0 0
E 392716 cfg=208 nodes= 103734 103824 103859 103819 103735 103825 103860 103820 0 0
E 392717 cfg=208 nodes= 63189 63195 63201 63196 103776 103826 103861 103821 0 0
E 392718 cfg=208 nodes= 103776 103826 103861 103821 103777 103827 103862 103822 0 0
E 392719 cfg=208 nodes= 103777 103827 103862 103822 103778 103828 103863 103823 0 0
E 392720 cfg=208 nodes= 103778 103828 103863 103823 103779 103829 103864 103824 0 0
E 392721 cfg=208 nodes= 103779 103829 103864 103824 103780 103830 103865 103825 0 0
E 392722 cfg=208 nodes= 63190 63197 63200 63195 103781 103831 103866 103826 0 0
E 392723 cfg=208 nodes= 103781 103831 103866 103826 103783 103832 103867 103827 0 0
E 392724 cfg=208 nodes= 103783 103832 103867 103827 103785 103833 103868 103828 0 0
E 392725 cfg=208 nodes= 103785 103833 103868 103828 103787 103834 103869 103829 0 0
E 392726 cfg=208 nodes= 103787 103834 103869 103829 103789 103835 103870 103830 0 0
E 392727 cfg=208 nodes= 63199 63193 63198 63204 103846 103801 103841 103871 0 0
E 392728 cfg=208 nodes= 103846 103801 103841 103871 103847 103802 103842 103872 0 0
E 392729 cfg=208 nodes= 103847 103802 103842 103872 103848 103803 103843 103873 0 0
E 392730 cfg=208 nodes= 103848 103803 103843 103873 103849 103804 103844 103874 0 0
E 392731 cfg=208 nodes= 103849 103804 103844 103874 103850 103805 103845 103875 0 0
E 392732 cfg=208 nodes= 63198 63192 62591 62590 103841 103796 103836 103876 0 0
E 392733 cfg=208 nodes= 103841 103796 103836 103876 103842 103797 103837 103877 0 0
E 392734 cfg=208 nodes= 103842 103797 103837 103877 103843 103798 103838 103878 0 0
E 392735 cfg=208 nodes= 103843 103798 103838 103878 103844 103799 103839 103879 0 0
E 392736 cfg=208 nodes= 103844 103799 103839 103879 103845 103800 103840 103880 0 0
E 392737 cfg=208 nodes= 63203 63205 63197 63191 103881 103882 103831 103791 0 0
E 392738 cfg=208 nodes= 103881 103882 103831 103791 103883 103884 103832 103792 0 0
E 392739 cfg=208 nodes= 103883 103884 103832 103792 103885 103886 103833 103793 0 0
E 392740 cfg=208 nodes= 103885 103886 103833 103793 103887 103888 103834 103794 0 0
E 392741 cfg=208 nodes= 103887 103888 103834 103794 103889 103890 103835 103795 0 0
E 392742 cfg=208 nodes= 63196 63201 62580 62579 103821 103861 103891 103856 0 0
E 392743 cfg=208 nodes= 103821 103861 103891 103856 103822 103862 103892 103857 0 0
E 392744 cfg=208 nodes= 103822 103862 103892 103857 103823 103863 103893 103858 0 0
E 392745 cfg=208 nodes= 103823 103863 103893 103858 103824 103864 103894 103859 0 0
E 392746 cfg=208 nodes= 103824 103864 103894 103859 103825 103865 103895 103860 0 0
E 392747 cfg=208 nodes= 63195 63200 63206 63201 103826 103866 103896 103861 0 0
E 392748 cfg=208 nodes= 103826 103866 103896 103861 103827 103867 103897 103862 0 0
E 392749 cfg=208 nodes= 103827 103867 103897 103862 103828 103868 103898 103863 0 0
E 392750 cfg=208 nodes= 103828 103868 103898 103863 103829 103869 103899 103864 0 0
E 392751 cfg=208 nodes= 103829 103869 103899 103864 103830 103870 103900 103865 0 0
E 392752 cfg=208 nodes= 63200 63197 63205 63208 103866 103831 103882 103901 0 0
E 392753 cfg=208 nodes= 103866 103831 103882 103901 103867 103832 103884 103902 0 0
E 392754 cfg=208 nodes= 103867 103832 103884 103902 103868 103833 103886 103903 0 0
E 392755 cfg=208 nodes= 103868 103833 103886 103903 103869 103834 103888 103904 0 0
E 392756 cfg=208 nodes= 103869 103834 103888 103904 103870 103835 103890 103905 0 0
E 392757 cfg=208 nodes= 63202 63199 63204 63207 103851 103846 103871 103906 0 0
E 392758 cfg=208 nodes= 103851 103846 103871 103906 103852 103847 103872 103907 0 0
E 392759 cfg=208 nodes= 103852 103847 103872 103907 103853 103848 103873 103908 0 0
E 392760 cfg=208 nodes= 103853 103848 103873 103908 103854 103849 103874 103909 0 0
E 392761 cfg=208 nodes= 103854 103849 103874 103909 103855 103850 103875 103910 0 0
E 392762 cfg=208 nodes= 63204 63198 62590 62589 103871 103841 103876 103911 0 0
E 392763 cfg=208 nodes= 103871 103841 103876 103911 103872 103842 103877 103912 0 0
E 392764 cfg=208 nodes= 103872 103842 103877 103912 103873 103843 103878 103913 0 0
E 392765 cfg=208 nodes= 103873 103843 103878 103913 103874 103844 103879 103914 0 0
E 392766 cfg=208 nodes= 103874 103844 103879 103914 103875 103845 103880 103915 0 0
E 392767 cfg=208 nodes= 63203 63202 63207 63210 103881 103851 103906 103916 0 0
E 392768 cfg=208 nodes= 103881 103851 103906 103916 103883 103852 103907 103917 0 0
E 392769 cfg=208 nodes= 103883 103852 103907 103917 103885 103853 103908 103918 0 0
E 392770 cfg=208 nodes= 103885 103853 103908 103918 103887 103854 103909 103919 0 0
E 392771 cfg=208 nodes= 103887 103854 103909 103919 103889 103855 103910 103920 0 0
E 392772 cfg=208 nodes= 63200 63208 63209 63206 103866 103901 103921 103896 0 0
E 392773 cfg=208 nodes= 103866 103901 103921 103896 103867 103902 103922 103897 0 0
E 392774 cfg=208 nodes= 103867 103902 103922 103897 103868 103903 103923 103898 0 0
E 392775 cfg=208 nodes= 103868 103903 103923 103898 103869 103904 103924 103899 0 0
E 392776 cfg=208 nodes= 103869 103904 103924 103899 103870 103905 103925 103900 0 0
E 392777 cfg=208 nodes= 63206 62581 62580 63201 103896 103926 103891 103861 0 0
E 392778 cfg=208 nodes= 103896 103926 103891 103861 103897 103927 103892 103862 0 0
E 392779 cfg=208 nodes= 103897 103927 103892 103862 103898 103928 103893 103863 0 0
E 392780 cfg=208 nodes= 103898 103928 103893 103863 103899 103929 103894 103864 0 0
E 392781 cfg=208 nodes= 103899 103929 103894 103864 103900 103930 103895 103865 0 0
E 392782 cfg=208 nodes= 63205 63203 63210 63211 103882 103881 103916 103931 0 0
E 392783 cfg=208 nodes= 103882 103881 103916 103931 103884 103883 103917 103932 0 0
E 392784 cfg=208 nodes= 103884 103883 103917 103932 103886 103885 103918 103933 0 0
E 392785 cfg=208 nodes= 103886 103885 103918 103933 103888 103887 103919 103934 0 0
E 392786 cfg=208 nodes= 103888 103887 103919 103934 103890 103889 103920 103935 0 0
E 392787 cfg=208 nodes= 63207 63204 62589 62588 103906 103871 103911 103936 0 0
E 392788 cfg=208 nodes= 103906 103871 103911 103936 103907 103872 103912 103937 0 0
E 392789 cfg=208 nodes= 103907 103872 103912 103937 103908 103873 103913 103938 0 0
E 392790 cfg=208 nodes= 103908 103873 103913 103938 103909 103874 103914 103939 0 0
E 392791 cfg=208 nodes= 103909 103874 103914 103939 103910 103875 103915 103940 0 0
E 392792 cfg=208 nodes= 63212 63208 63205 63211 103941 103901 103882 103931 0 0
E 392793 cfg=208 nodes= 103941 103901 103882 103931 103942 103902 103884 103932 0 0
E 392794 cfg=208 nodes= 103942 103902 103884 103932 103943 103903 103886 103933 0 0
E 392795 cfg=208 nodes= 103943 103903 103886 103933 103944 103904 103888 103934 0 0
E 392796 cfg=208 nodes= 103944 103904 103888 103934 103945 103905 103890 103935 0 0
E 392797 cfg=208 nodes= 62582 62581 63206 63209 103946 103926 103896 103921 0 0
E 392798 cfg=208 nodes= 103946 103926 103896 103921 103947 103927 103897 103922 0 0
E 392799 cfg=208 nodes= 103947 103927 103897 103922 103948 103928 103898 103923 0 0
E 392800 cfg=208 nodes= 103948 103928 103898 103923 103949 103929 103899 103924 0 0
E 392801 cfg=208 nodes= 103949 103929 103899 103924 103950 103930 103900 103925 0 0
E 392802 cfg=208 nodes= 63207 62588 62587 63210 103906 103936 103951 103916 0 0
E 392803 cfg=208 nodes= 103906 103936 103951 103916 103907 103937 103952 103917 0 0
E 392804 cfg=208 nodes= 103907 103937 103952 103917 103908 103938 103953 103918 0 0
E 392805 cfg=208 nodes= 103908 103938 103953 103918 103909 103939 103954 103919 0 0
E 392806 cfg=208 nodes= 103909 103939 103954 103919 103910 103940 103955 103920 0 0
E 392807 cfg=208 nodes= 62583 62582 63209 63212 103956 103946 103921 103941 0 0
E 392808 cfg=208 nodes= 103956 103946 103921 103941 103957 103947 103922 103942 0 0
E 392809 cfg=208 nodes= 103957 103947 103922 103942 103958 103948 103923 103943 0 0
E 392810 cfg=208 nodes= 103958 103948 103923 103943 103959 103949 103924 103944 0 0
E 392811 cfg=208 nodes= 103959 103949 103924 103944 103960 103950 103925 103945 0 0
E 392812 cfg=208 nodes= 63210 62587 62586 63211 103916 103951 103961 103931 0 0
E 392813 cfg=208 nodes= 103916 103951 103961 103931 103917 103952 103962 103932 0 0
E 392814 cfg=208 nodes= 103917 103952 103962 103932 103918 103953 103963 103933 0 0
E 392815 cfg=208 nodes= 103918 103953 103963 103933 103919 103954 103964 103934 0 0
E 392816 cfg=208 nodes= 103919 103954 103964 103934 103920 103955 103965 103935 0 0
E 392817 cfg=208 nodes= 62584 63212 63211 62585 103966 103941 103931 103967 0 0
E 392818 cfg=208 nodes= 103966 103941 103931 103967 103968 103942 103932 103969 0 0
E 392819 cfg=208 nodes= 103968 103942 103932 103969 103970 103943 103933 103971 0 0
E 392820 cfg=208 nodes= 103970 103943 103933 103971 103972 103944 103934 103973 0 0
E 392821 cfg=208 nodes= 103972 103944 103934 103973 103974 103945 103935 103975 0 0
E 392822 cfg=206 nodes= 61834 61867 61835 96476 96477 96496 0 0 0 0
E 392823 cfg=206 nodes= 96476 96477 96496 96478 96479 96499 0 0 0 0
E 392824 cfg=206 nodes= 96478 96479 96499 96480 96481 96502 0 0 0 0
E 392825 cfg=206 nodes= 96480 96481 96502 96482 96483 96505 0 0 0 0
E 392826 cfg=206 nodes= 96482 96483 96505 96484 96485 96508 0 0 0 0
E 392827 cfg=206 nodes= 61869 61863 61864 96522 96437 96466 0 0 0 0
E 392828 cfg=206 nodes= 96522 96437 96466 96524 96441 96468 0 0 0 0
E 392829 cfg=206 nodes= 96524 96441 96468 96526 96445 96470 0 0 0 0
E 392830 cfg=206 nodes= 96526 96445 96470 96528 96449 96472 0 0 0 0
E 392831 cfg=206 nodes= 96528 96449 96472 96530 96453 96474 0 0 0 0
E 392832 cfg=206 nodes= 61868 61865 61863 96512 96436 96437 0 0 0 0
E 392833 cfg=206 nodes= 96512 96436 96437 96514 96440 96441 0 0 0 0
E 392834 cfg=206 nodes= 96514 96440 96441 96516 96444 96445 0 0 0 0
E 392835 cfg=206 nodes= 96516 96444 96445 96518 96448 96449 0 0 0 0
E 392836 cfg=206 nodes= 96518 96448 96449 96520 96452 96453 0 0 0 0
E 392837 cfg=206 nodes= 61867 61866 61872 96477 96457 96556 0 0 0 0
E 392838 cfg=206 nodes= 96477 96457 96556 96479 96459 96558 0 0 0 0
E 392839 cfg=206 nodes= 96479 96459 96558 96481 96461 96560 0 0 0 0
E 392840 cfg=206 nodes= 96481 96461 96560 96483 96463 96562 0 0 0 0
E 392841 cfg=206 nodes= 96483 96463 96562 96485 96465 96564 0 0 0 0
E 392842 cfg=206 nodes= 61886 61892 61881 96616 96641 96586 0 0 0 0
E 392843 cfg=206 nodes= 96616 96641 96586 96617 96642 96587 0 0 0 0
E 392844 cfg=206 nodes= 96617 96642 96587 96618 96643 96588 0 0 0 0
E 392845 cfg=206 nodes= 96618 96643 96588 96619 96644 96589 0 0 0 0
E 392846 cfg=206 nodes= 96619 96644 96589 96620 96645 96590 0 0 0 0
E 392847 cfg=206 nodes= 61898 61852 61889 96686 96762 96621 0 0 0 0
E 392848 cfg=206 nodes= 96686 96762 96621 96687 96764 96622 0 0 0 0
E 392849 cfg=206 nodes= 96687 96764 96622 96688 96766 96623 0 0 0 0
E 392850 cfg=206 nodes= 96688 96766 96623 96689 96768 96624 0 0 0 0
E 392851 cfg=206 nodes= 96689 96768 96624 96690 96770 96625 0 0 0 0
E 392852 cfg=206 nodes= 61844 61913 61929 96856 96796 96886 0 0 0 0
E 392853 cfg=206 nodes= 96856 96796 96886 96857 96797 96887 0 0 0 0
E 392854 cfg=206 nodes= 96857 96797 96887 96858 96798 96888 0 0 0 0
E 392855 cfg=206 nodes= 96858 96798 96888 96859 96799 96889 0 0 0 0
E 392856 cfg=206 nodes= 96859 96799 96889 96860 96800 96890 0 0 0 0
E 392857 cfg=206 nodes= 61929 61932 61939 96886 96941 96971 0 0 0 0
E 392858 cfg=206 nodes= 96886 96941 96971 96887 96942 96973 0 0 0 0
E 392859 cfg=206 nodes= 96887 96942 96973 96888 96943 96975 0 0 0 0
E 392860 cfg=206 nodes= 96888 96943 96975 96889 96944 96977 0 0 0 0
E 392861 cfg=206 nodes= 96889 96944 96977 96890 96945 96979 0 0 0 0
E 392862 cfg=206 nodes= 61947 61845 61939 97078 96972 96971 0 0 0 0
E 392863 cfg=206 nodes= 97078 96972 96971 97081 96974 96973 0 0 0 0
E 392864 cfg=206 nodes= 97081 96974 96973 97084 96976 96975 0 0 0 0
E 392865 cfg=206 nodes= 97084 96976 96975 97087 96978 96977 0 0 0 0
E 392866 cfg=206 nodes= 97087 96978 96977 97090 96980 96979 0 0 0 0
E 392867 cfg=206 nodes= 61952 61847 61968 97061 97062 97121 0 0 0 0
E 392868 cfg=206 nodes= 97061 97062 97121 97063 97064 97122 0 0 0 0
E 392869 cfg=206 nodes= 97063 97064 97122 97065 97066 97123 0 0 0 0
E 392870 cfg=206 nodes= 97065 97066 97123 97067 97068 97124 0 0 0 0
E 392871 cfg=206 nodes= 97067 97068 97124 97069 97070 97125 0 0 0 0
E 392872 cfg=206 nodes= 61956 61950 61965 97106 97046 97191 0 0 0 0
E 392873 cfg=206 nodes= 97106 97046 97191 97107 97047 97193 0 0 0 0
E 392874 cfg=206 nodes= 97107 97047 97193 97108 97048 97195 0 0 0 0
E 392875 cfg=206 nodes= 97108 97048 97195 97109 97049 97197 0 0 0 0
E 392876 cfg=206 nodes= 97109 97049 97197 97110 97050 97199 0 0 0 0
E 392877 cfg=206 nodes= 62380 62396 62389 99581 99651 99631 0 0 0 0
E 392878 cfg=206 nodes= 99581 99651 99631 99582 99652 99632 0 0 0 0
E 392879 cfg=206 nodes= 99582 99652 99632 99583 99653 99633 0 0 0 0
E 392880 cfg=206 nodes= 99583 99653 99633 99584 99654 99634 0 0 0 0
E 392881 cfg=206 nodes= 99584 99654 99634 99585 99655 99635 0 0 0 0
E 392882 cfg=206 nodes= 62432 61862 62422 99866 99952 99806 0 0 0 0
E 392883 cfg=206 nodes= 99866 99952 99806 99867 99954 99807 0 0 0 0
E 392884 cfg=206 nodes= 99867 99954 99807 99868 99956 99808 0 0 0 0
E 392885 cfg=206 nodes= 99868 99956 99808 99869 99958 99809 0 0 0 0
E 392886 cfg=206 nodes= 99869 99958 99809 99870 99960 99810 0 0 0 0
E 392887 cfg=206 nodes= 62443 62441 62434 99942 99926 99881 0 0 0 0
E 392888 cfg=206 nodes= 99942 99926 99881 99944 99927 99883 0 0 0 0
E 392889 cfg=206 nodes= 99944 99927 99883 99946 99928 99885 0 0 0 0
E 392890 cfg=206 nodes= 99946 99928 99885 99948 99929 99887 0 0 0 0
E 392891 cfg=206 nodes= 99948 99929 99887 99950 99930 99889 0 0 0 0
E 392892 cfg=206 nodes= 62445 61853 62438 99966 99996 99916 0 0 0 0
E 392893 cfg=206 nodes= 99966 99996 99916 99967 99997 99917 0 0 0 0
E 392894 cfg=206 nodes= 99967 99997 99917 99968 99998 99918 0 0 0 0
E 392895 cfg=206 nodes= 99968 99998 99918 99969 99999 99919 0 0 0 0
E 392896 cfg=206 nodes= 99969 99999 99919 99970 100000 99920 0 0 0 0
E 392897 cfg=206 nodes= 62454 62449 62441 100026 99976 99926 0 0 0 0
E 392898 cfg=206 nodes= 100026 99976 99926 100027 99977 99927 0 0 0 0
E 392899 cfg=206 nodes= 100027 99977 99927 100028 99978 99928 0 0 0 0
E 392900 cfg=206 nodes= 100028 99978 99928 100029 99979 99929 0 0 0 0
E 392901 cfg=206 nodes= 100029 99979 99929 100030 99980 99930 0 0 0 0
E 392902 cfg=206 nodes= 62462 62455 62448 100106 100036 99986 0 0 0 0
E 392903 cfg=206 nodes= 100106 100036 99986 100108 100037 99987 0 0 0 0
E 392904 cfg=206 nodes= 100108 100037 99987 100110 100038 99988 0 0 0 0
E 392905 cfg=206 nodes= 100110 100038 99988 100112 100039 99989 0 0 0 0
E 392906 cfg=206 nodes= 100112 100039 99989 100114 100040 99990 0 0 0 0
E 392907 cfg=206 nodes= 62458 61854 62452 100082 100056 100021 0 0 0 0
E 392908 cfg=206 nodes= 100082 100056 100021 100084 100057 100022 0 0 0 0
E 392909 cfg=206 nodes= 100084 100057 100022 100086 100058 100023 0 0 0 0
E 392910 cfg=206 nodes= 100086 100058 100023 100088 100059 100024 0 0 0 0
E 392911 cfg=206 nodes= 100088 100059 100024 100090 100060 100025 0 0 0 0
E 392912 cfg=206 nodes= 62475 61855 62468 100197 100126 100127 0 0 0 0
E 392913 cfg=206 nodes= 100197 100126 100127 100199 100128 100129 0 0 0 0
E 392914 cfg=206 nodes= 100199 100128 100129 100201 100130 100131 0 0 0 0
E 392915 cfg=206 nodes= 100201 100130 100131 100203 100132 100133 0 0 0 0
E 392916 cfg=206 nodes= 100203 100132 100133 100205 100134 100135 0 0 0 0
E 392917 cfg=206 nodes= 62477 62472 62469 100207 100156 100147 0 0 0 0
E 392918 cfg=206 nodes= 100207 100156 100147 100209 100157 100149 0 0 0 0
E 392919 cfg=206 nodes= 100209 100157 100149 100211 100158 100151 0 0 0 0
E 392920 cfg=206 nodes= 100211 100158 100151 100213 100159 100153 0 0 0 0
E 392921 cfg=206 nodes= 100213 100159 100153 100215 100160 100155 0 0 0 0
E 392922 cfg=206 nodes= 62481 62470 62472 100247 100141 100156 0 0 0 0
E 392923 cfg=206 nodes= 100247 100141 100156 100249 100142 100157 0 0 0 0
E 392924 cfg=206 nodes= 100249 100142 100157 100251 100143 100158 0 0 0 0
E 392925 cfg=206 nodes= 100251 100143 100158 100253 100144 100159 0 0 0 0
E 392926 cfg=206 nodes= 100253 100144 100159 100255 100145 100160 0 0 0 0
E 392927 cfg=206 nodes= 62493 62481 62485 100322 100247 100246 0 0 0 0
E 392928 cfg=206 nodes= 100322 100247 100246 100324 100249 100248 0 0 0 0
E 392929 cfg=206 nodes= 100324 100249 100248 100326 100251 100250 0 0 0 0
E 392930 cfg=206 nodes= 100326 100251 100250 100328 100253 100252 0 0 0 0
E 392931 cfg=206 nodes= 100328 100253 100252 100330 100255 100254 0 0 0 0
E 392932 cfg=206 nodes= 62618 62615 62616 100537 100502 100521 0 0 0 0
E 392933 cfg=206 nodes= 100537 100502 100521 100539 100504 100522 0 0 0 0
E 392934 cfg=206 nodes= 100539 100504 100522 100541 100506 100523 0 0 0 0
E 392935 cfg=206 nodes= 100541 100506 100523 100543 100508 100524 0 0 0 0
E 392936 cfg=206 nodes= 100543 100508 100524 100545 100510 100525 0 0 0 0
E 392937 cfg=206 nodes= 62622 62624 62619 100566 100551 100527 0 0 0 0
E 392938 cfg=206 nodes= 100566 100551 100527 100567 100553 100529 0 0 0 0
E 392939 cfg=206 nodes= 100567 100553 100529 100568 100555 100531 0 0 0 0
E 392940 cfg=206 nodes= 100568 100555 100531 100569 100557 100533 0 0 0 0
E 392941 cfg=206 nodes= 100569 100557 100533 100570 100559 100535 0 0 0 0
E 392942 cfg=206 nodes= 62629 62636 62633 100582 100631 100616 0 0 0 0
E 392943 cfg=206 nodes= 100582 100631 100616 100584 100632 100618 0 0 0 0
E 392944 cfg=206 nodes= 100584 100632 100618 100586 100633 100620 0 0 0 0
E 392945 cfg=206 nodes= 100586 100633 100620 100588 100634 100622 0 0 0 0
E 392946 cfg=206 nodes= 100588 100634 100622 100590 100635 100624 0 0 0 0
E 392947 cfg=206 nodes= 62636 62646 62641 100631 100691 100666 0 0 0 0
E 392948 cfg=206 nodes= 100631 100691 100666 100632 100692 100667 0 0 0 0
E 392949 cfg=206 nodes= 100632 100692 100667 100633 100693 100668 0 0 0 0
E 392950 cfg=206 nodes= 100633 100693 100668 100634 100694 100669 0 0 0 0
E 392951 cfg=206 nodes= 100634 100694 100669 100635 100695 100670 0 0 0 0
E 392952 cfg=206 nodes= 62642 62649 62648 100672 100711 100716 0 0 0 0
E 392953 cfg=206 nodes= 100672 100711 100716 100674 100712 100718 0 0 0 0
E 392954 cfg=206 nodes= 100674 100712 100718 100676 100713 100720 0 0 0 0
E 392955 cfg=206 nodes= 100676 100713 100720 100678 100714 100722 0 0 0 0
E 392956 cfg=206 nodes= 100678 100714 100722 100680 100715 100724 0 0 0 0
E 392957 cfg=206 nodes= 62641 62655 62649 100666 100746 100711 0 0 0 0
E 392958 cfg=206 nodes= 100666 100746 100711 100667 100747 100712 0 0 0 0
E 392959 cfg=206 nodes= 100667 100747 100712 100668 100748 100713 0 0 0 0
E 392960 cfg=206 nodes= 100668 100748 100713 100669 100749 100714 0 0 0 0
E 392961 cfg=206 nodes= 100669 100749 100714 100670 100750 100715 0 0 0 0
E 392962 cfg=206 nodes= 62665 62668 62671 100822 100841 100876 0 0 0 0
E 392963 cfg=206 nodes= 100822 100841 100876 100824 100842 100878 0 0 0 0
E 392964 cfg=206 nodes= 100824 100842 100878 100826 100843 100880 0 0 0 0
E 392965 cfg=206 nodes= 100826 100843 100880 100828 100844 100882 0 0 0 0
E 392966 cfg=206 nodes= 100828 100844 100882 100830 100845 100884 0 0 0 0
E 392967 cfg=206 nodes= 62668 62670 62674 100841 100861 100907 0 0 0 0
E 392968 cfg=206 nodes= 100841 100861 100907 100842 100862 100909 0 0 0 0
E 392969 cfg=206 nodes= 100842 100862 100909 100843 100863 100911 0 0 0 0
E 392970 cfg=206 nodes= 100843 100863 100911 100844 100864 100913 0 0 0 0
E 392971 cfg=206 nodes= 100844 100864 100913 100845 100865 100915 0 0 0 0
E 392972 cfg=206 nodes= 62674 62683 62676 100907 100966 100906 0 0 0 0
E 392973 cfg=206 nodes= 100907 100966 100906 100909 100968 100908 0 0 0 0
E 392974 cfg=206 nodes= 100909 100968 100908 100911 100970 100910 0 0 0 0
E 392975 cfg=206 nodes= 100911 100970 100910 100913 100972 100912 0 0 0 0
E 392976 cfg=206 nodes= 100913 100972 100912 100915 100974 100914 0 0 0 0
E 392977 cfg=206 nodes= 62685 62607 62680 100987 100916 100886 0 0 0 0
E 392978 cfg=206 nodes= 100987 100916 100886 100990 100917 100887 0 0 0 0
E 392979 cfg=206 nodes= 100990 100917 100887 100993 100918 100888 0 0 0 0
E 392980 cfg=206 nodes= 100993 100918 100888 100996 100919 100889 0 0 0 0
E 392981 cfg=206 nodes= 100996 100919 100889 100999 100920 100890 0 0 0 0
E 392982 cfg=206 nodes= 62689 62609 62697 101006 101007 101037 0 0 0 0
E 392983 cfg=206 nodes= 101006 101007 101037 101008 101009 101039 0 0 0 0
E 392984 cfg=206 nodes= 101008 101009 101039 101010 101011 101041 0 0 0 0
E 392985 cfg=206 nodes= 101010 101011 101041 101012 101013 101043 0 0 0 0
E 392986 cfg=206 nodes= 101012 101013 101043 101014 101015 101045 0 0 0 0
E 392987 cfg=206 nodes= 62608 62691 62699 100988 100986 101036 0 0 0 0
E 392988 cfg=206 nodes= 100988 100986 101036 100991 100989 101038 0 0 0 0
E 392989 cfg=206 nodes= 100991 100989 101038 100994 100992 101040 0 0 0 0
E 392990 cfg=206 nodes= 100994 100992 101040 100997 100995 101042 0 0 0 0
E 392991 cfg=206 nodes= 100997 100995 101042 101000 100998 101044 0 0 0 0
E 392992 cfg=206 nodes= 62707 62694 62701 101117 101001 101061 0 0 0 0
E 392993 cfg=206 nodes= 101117 101001 101061 101119 101002 101062 0 0 0 0
E 392994 cfg=206 nodes= 101119 101002 101062 101121 101003 101063 0 0 0 0
E 392995 cfg=206 nodes= 101121 101003 101063 101123 101004 101064 0 0 0 0
E 392996 cfg=206 nodes= 101123 101004 101064 101125 101005 101065 0 0 0 0
E 392997 cfg=206 nodes= 62709 62697 62699 101141 101037 101036 0 0 0 0
E 392998 cfg=206 nodes= 101141 101037 101036 101143 101039 101038 0 0 0 0
E 392999 cfg=206 nodes= 101143 101039 101038 101145 101041 101040 0 0 0 0
E 393000 cfg=206 nodes= 101145 101041 101040 101147 101043 101042 0 0 0 0
E 393001 cfg=206 nodes= 101147 101043 101042 101149 101045 101044 0 0 0 0
E 393002 cfg=206 nodes= 62989 62997 62980 102626 102656 102586 0 0 0 0
E 393003 cfg=206 nodes= 102626 102656 102586 102627 102657 102587 0 0 0 0
E 393004 cfg=206 nodes= 102627 102657 102587 102628 102658 102588 0 0 0 0
E 393005 cfg=206 nodes= 102628 102658 102588 102629 102659 102589 0 0 0 0
E 393006 cfg=206 nodes= 102629 102659 102589 102630 102660 102590 0 0 0 0
E 393007 cfg=206 nodes= 63139 62604 63124 103421 103497 103351 0 0 0 0
E 393008 cfg=206 nodes= 103421 103497 103351 103422 103499 103352 0 0 0 0
E 393009 cfg=206 nodes= 103422 103499 103352 103423 103501 103353 0 0 0 0
E 393010 cfg=206 nodes= 103423 103501 103353 103424 103503 103354 0 0 0 0
E 393011 cfg=206 nodes= 103424 103503 103354 103425 103505 103355 0 0 0 0
E 393012 cfg=206 nodes= 63149 63141 62602 103506 103451 103521 0 0 0 0
E 393013 cfg=206 nodes= 103506 103451 103521 103507 103452 103522 0 0 0 0
E 393014 cfg=206 nodes= 103507 103452 103522 103508 103453 103523 0 0 0 0
E 393015 cfg=206 nodes= 103508 103453 103523 103509 103454 103524 0 0 0 0
E 393016 cfg=206 nodes= 103509 103454 103524 103510 103455 103525 0 0 0 0
E 393017 cfg=206 nodes= 63152 63149 63165 103531 103506 103611 0 0 0 0
E 393018 cfg=206 nodes= 103531 103506 103611 103532 103507 103613 0 0 0 0
E 393019 cfg=206 nodes= 103532 103507 103613 103533 103508 103615 0 0 0 0
E 393020 cfg=206 nodes= 103533 103508 103615 103534 103509 103617 0 0 0 0
E 393021 cfg=206 nodes= 103534 103509 103617 103535 103510 103619 0 0 0 0
E 393022 cfg=206 nodes= 63165 62601 63173 103611 103612 103702 0 0 0 0
E 393023 cfg=206 nodes= 103611 103612 103702 103613 103614 103704 0 0 0 0
E 393024 cfg=206 nodes= 103613 103614 103704 103615 103616 103706 0 0 0 0
E 393025 cfg=206 nodes= 103615 103616 103706 103617 103618 103708 0 0 0 0
E 393026 cfg=206 nodes= 103617 103618 103708 103619 103620 103710 0 0 0 0
E 393027 cfg=206 nodes= 63174 63187 63181 103661 103731 103716 0 0 0 0
E 393028 cfg=206 nodes= 103661 103731 103716 103662 103732 103717 0 0 0 0
E 393029 cfg=206 nodes= 103662 103732 103717 103663 103733 103718 0 0 0 0
E 393030 cfg=206 nodes= 103663 103733 103718 103664 103734 103719 0 0 0 0
E 393031 cfg=206 nodes= 103664 103734 103719 103665 103735 103720 0 0 0 0
E 393032 cfg=206 nodes= 63186 63184 63177 103746 103741 103681 0 0 0 0
E 393033 cfg=206 nodes= 103746 103741 103681 103747 103742 103682 0 0 0 0
E 393034 cfg=206 nodes= 103747 103742 103682 103748 103743 103683 0 0 0 0
E 393035 cfg=206 nodes= 103748 103743 103683 103749 103744 103684 0 0 0 0
E 393036 cfg=206 nodes= 103749 103744 103684 103750 103745 103685 0 0 0 0
E 393037 cfg=206 nodes= 62591 63192 63184 103836 103796 103741 0 0 0 0
E 393038 cfg=206 nodes= 103836 103796 103741 103837 103797 103742 0 0 0 0
E 393039 cfg=206 nodes= 103837 103797 103742 103838 103798 103743 0 0 0 0
E 393040 cfg=206 nodes= 103838 103798 103743 103839 103799 103744 0 0 0 0
E 393041 cfg=206 nodes= 103839 103799 103744 103840 103800 103745 0 0 0 0
E 393042 cfg=206 nodes= 63194 63199 63202 103811 103846 103851 0 0 0 0
E 393043 cfg=206 nodes= 103811 103846 103851 103812 103847 103852 0 0 0 0
E 393044 cfg=206 nodes= 103812 103847 103852 103813 103848 103853 0 0 0 0
E 393045 cfg=206 nodes= 103813 103848 103853 103814 103849 103854 0 0 0 0
E 393046 cfg=206 nodes= 103814 103849 103854 103815 103850 103855 0 0 0 0
E 393047 cfg=206 nodes= 63203 63191 63202 103881 103791 103851 0 0 0 0
E 393048 cfg=206 nodes= 103881 103791 103851 103883 103792 103852 0 0 0 0
E 393049 cfg=206 nodes= 103883 103792 103852 103885 103793 103853 0 0 0 0
E 393050 cfg=206 nodes= 103885 103793 103853 103887 103794 103854 0 0 0 0
E 393051 cfg=206 nodes= 103887 103794 103854 103889 103795 103855 0 0 0 0
E 393052 cfg=206 nodes= 63212 63209 63208 103941 103921 103901 0 0 0 0
E 393053 cfg=206 nodes= 103941 103921 103901 103942 103922 103902 0 0 0 0
E 393054 cfg=206 nodes= 103942 103922 103902 103943 103923 103903 0 0 0 0
E 393055 cfg=206 nodes= 103943 103923 103903 103944 103924 103904 0 0 0 0
E 393056 cfg=206 nodes= 103944 103924 103904 103945 103925 103905 0 0 0 0
E 393057 cfg=206 nodes= 63211 62586 62585 103931 103961 103967 0 0 0 0
E 393058 cfg=206 nodes= 103931 103961 103967 103932 103962 103969 0 0 0 0
E 393059 cfg=206 nodes= 103932 103962 103969 103933 103963 103971 0 0 0 0
E 393060 cfg=206 nodes= 103933 103963 103971 103934 103964 103973 0 0 0 0
E 393061 cfg=206 nodes= 103934 103964 103973 103935 103965 103975 0 0 0 0
E 393062 cfg=206 nodes= 62583 63212 62584 103956 103941 103966 0 0 0 0
E 393063 cfg=206 nodes= 103956 103941 103966 103957 103942 103968 0 0 0 0
E 393064 cfg=206 nodes= 103957 103942 103968 103958 103943 103970 0 0 0 0
E 393065 cfg=206 nodes= 103958 103943 103970 103959 103944 103972 0 0 0 0
E 393066 cfg=206 nodes= 103959 103944 103972 103960 103945 103974 0 0 0 0
E 393116 cfg=104 nodes= 60758 104008 104000 60757 0 0 0 0 0 0
E 393115 cfg=104 nodes= 59797 104007 104008 60758 0 0 0 0 0 0
E 393114 cfg=104 nodes= 59703 103992 104007 59797 0 0 0 0 0 0
E 393086 cfg=104 nodes= 103990 103988 103987 103989 0 0 0 0 0 0
E 393085 cfg=104 nodes= 59797 60758 103988 103990 0 0 0 0 0 0
E 393084 cfg=104 nodes= 103982 103990 103989 103981 0 0 0 0 0 0
E 393083 cfg=104 nodes= 59703 59797 103990 103982 0 0 0 0 0 0
E 393082 cfg=104 nodes= 103989 103987 56072 56071 0 0 0 0 0 0
E 393081 cfg=104 nodes= 103981 103989 56071 56070 0 0 0 0 0 0
E 393080 cfg=104 nodes= 103984 103988 60758 60757 0 0 0 0 0 0
E 393079 cfg=104 nodes= 103983 103987 103988 103984 0 0 0 0 0 0
E 393078 cfg=104 nodes= 56073 56072 103987 103983 0 0 0 0 0 0
E 393077 cfg=104 nodes= 103986 60776 60775 103985 0 0 0 0 0 0
E 393076 cfg=104 nodes= 60754 60769 60776 103986 0 0 0 0 0 0
E 393075 cfg=104 nodes= 103984 103986 103985 103983 0 0 0 0 0 0
E 393074 cfg=104 nodes= 60757 60754 103986 103984 0 0 0 0 0 0
E 393073 cfg=104 nodes= 103985 60775 56075 56074 0 0 0 0 0 0
E 393072 cfg=104 nodes= 103983 103985 56074 56073 0 0 0 0 0 0
E 352430 cfg=103 nodes= 61463 61462 61451 0 0 0 0 0 0 0
E 352413 cfg=103 nodes= 61446 61440 61449 0 0 0 0 0 0 0
E 352406 cfg=103 nodes= 61436 61443 58496 0 0 0 0 0 0 0
E 352395 cfg=103 nodes= 61435 61430 61313 0 0 0 0 0 0 0
E 352386 cfg=103 nodes= 61425 61426 61419 0 0 0 0 0 0 0
E 352373 cfg=103 nodes= 61409 61414 61415 0 0 0 0 0 0 0
E 352365 cfg=103 nodes= 61409 61408 61309 0 0 0 0 0 0 0
E 352364 cfg=103 nodes= 61405 61404 61400 0 0 0 0 0 0 0
E 352348 cfg=103 nodes= 61394 61393 61391 0 0 0 0 0 0 0
E 352343 cfg=103 nodes= 61390 61391 61388 0 0 0 0 0 0 0
E 352341 cfg=103 nodes= 61389 61390 61386 0 0 0 0 0 0 0
E 352335 cfg=103 nodes= 61383 61384 61386 0 0 0 0 0 0 0
E 352324 cfg=103 nodes= 61373 61375 61378 0 0 0 0 0 0 0
E 352303 cfg=103 nodes= 61355 61362 61366 0 0 0 0 0 0 0
E 352301 cfg=103 nodes= 61296 61358 61357 0 0 0 0 0 0 0
E 352286 cfg=103 nodes= 61341 61343 61352 0 0 0 0 0 0 0
E 352272 cfg=103 nodes= 61338 61327 61334 0 0 0 0 0 0 0
E 352246 cfg=103 nodes= 61272 61266 61265 0 0 0 0 0 0 0
E 352236 cfg=103 nodes= 61269 61270 61266 0 0 0 0 0 0 0
E 352229 cfg=103 nodes= 61263 61257 61256 0 0 0 0 0 0 0
E 352219 cfg=103 nodes= 61260 61261 61257 0 0 0 0 0 0 0
E 352211 cfg=103 nodes= 61251 61245 61244 0 0 0 0 0 0 0
E 352209 cfg=103 nodes= 61251 61250 61123 0 0 0 0 0 0 0
E 352202 cfg=103 nodes= 61248 61249 61245 0 0 0 0 0 0 0
E 352175 cfg=103 nodes= 61226 61218 61185 0 0 0 0 0 0 0
E 352165 cfg=103 nodes= 61222 61223 61218 0 0 0 0 0 0 0
E 352159 cfg=103 nodes= 61217 61213 61212 0 0 0 0 0 0 0
E 352155 cfg=103 nodes= 61216 61214 61213 0 0 0 0 0 0 0
E 352148 cfg=103 nodes= 61208 61202 61201 0 0 0 0 0 0 0
E 352139 cfg=103 nodes= 61205 61206 61202 0 0 0 0 0 0 0
E 352132 cfg=103 nodes= 61194 61193 61199 0 0 0 0 0 0 0
E 352445 cfg=104 nodes= 61180 61273 61468 61181 0 0 0 0 0 0
E 352444 cfg=104 nodes= 61273 61274 61467 61468 0 0 0 0 0 0
E 352443 cfg=104 nodes= 61466 61467 61274 61275 0 0 0 0 0 0
E 352442 cfg=104 nodes= 61275 61276 61465 61466 0 0 0 0 0 0
E 352441 cfg=104 nodes= 61181 61468 61463 61182 0 0 0 0 0 0
E 352440 cfg=104 nodes= 61276 61277 61464 61465 0 0 0 0 0 0
E 352439 cfg=104 nodes= 61468 61467 61462 61463 0 0 0 0 0 0
E 352438 cfg=104 nodes= 61278 61461 61464 61277 0 0 0 0 0 0
E 352437 cfg=104 nodes= 61460 61462 61467 61466 0 0 0 0 0 0
E 352436 cfg=104 nodes= 61279 61459 61461 61278 0 0 0 0 0 0
E 352435 cfg=104 nodes= 61466 61465 61458 61460 0 0 0 0 0 0
E 352434 cfg=104 nodes= 61459 61279 61280 61457 0 0 0 0 0 0
E 352433 cfg=104 nodes= 61456 61457 61280 61281 0 0 0 0 0 0
E 352432 cfg=104 nodes= 61465 61464 61454 61458 0 0 0 0 0 0
E 352431 cfg=104 nodes= 61455 61456 61281 61282 0 0 0 0 0 0
E 352429 cfg=104 nodes= 61182 61463 61451 61183 0 0 0 0 0 0
E 352428 cfg=104 nodes= 61461 61453 61454 61464 0 0 0 0 0 0
E 352427 cfg=104 nodes= 61452 61455 61282 61283 0 0 0 0 0 0
E 352426 cfg=104 nodes= 61459 61450 61453 61461 0 0 0 0 0 0
E 352425 cfg=104 nodes= 58497 61452 61283 58498 0 0 0 0 0 0
E 352424 cfg=104 nodes= 61451 61462 61460 61449 0 0 0 0 0 0
E 352423 cfg=104 nodes= 61450 61459 61457 61448 0 0 0 0 0 0
E 352422 cfg=104 nodes= 61460 61458 61446 61449 0 0 0 0 0 0
E 352421 cfg=104 nodes= 61447 61448 61457 61456 0 0 0 0 0 0
E 352420 cfg=104 nodes= 61445 61447 61456 61455 0 0 0 0 0 0
E 352419 cfg=104 nodes= 61458 61454 61444 61446 0 0 0 0 0 0
E 352418 cfg=104 nodes= 61443 61445 61455 61452 0 0 0 0 0 0
E 352417 cfg=104 nodes= 61444 61454 61453 61442 0 0 0 0 0 0
E 352416 cfg=104 nodes= 61183 61451 61316 61116 0 0 0 0 0 0
E 352415 cfg=104 nodes= 61442 61453 61450 61441 0 0 0 0 0 0
E 352414 cfg=104 nodes= 58496 61443 61452 58497 0 0 0 0 0 0
E 352412 cfg=104 nodes= 61451 61449 61315 61316 0 0 0 0 0 0
E 352411 cfg=104 nodes= 61441 61450 61448 61439 0 0 0 0 0 0
E 352410 cfg=104 nodes= 61438 61439 61448 61447 0 0 0 0 0 0
E 352409 cfg=104 nodes= 61437 61438 61447 61445 0 0 0 0 0 0
E 352408 cfg=104 nodes= 61446 61444 61435 61440 0 0 0 0 0 0
E 352407 cfg=104 nodes= 61436 61437 61445 61443 0 0 0 0 0 0
E 352405 cfg=104 nodes= 61449 61440 61314 61315 0 0 0 0 0 0
E 352404 cfg=104 nodes= 61442 61430 61435 61444 0 0 0 0 0 0
E 352403 cfg=104 nodes= 61442 61441 61429 61428 0 0 0 0 0 0
E 352402 cfg=104 nodes= 61434 61436 58496 58495 0 0 0 0 0 0
E 352401 cfg=104 nodes= 61441 61439 61431 61429 0 0 0 0 0 0
E 352400 cfg=104 nodes= 61433 61432 61438 61437 0 0 0 0 0 0
E 352399 cfg=104 nodes= 61432 61431 61439 61438 0 0 0 0 0 0
E 352398 cfg=104 nodes= 61434 61433 61437 61436 0 0 0 0 0 0
E 352397 cfg=104 nodes= 61440 61435 61313 61314 0 0 0 0 0 0
E 352396 cfg=104 nodes= 61430 61442 61428 61427 0 0 0 0 0 0
E 352394 cfg=104 nodes= 58494 61426 61434 58495 0 0 0 0 0 0
E 352393 cfg=104 nodes= 61426 61425 61433 61434 0 0 0 0 0 0
E 352392 cfg=104 nodes= 61425 61424 61432 61433 0 0 0 0 0 0
E 352391 cfg=104 nodes= 61424 61423 61431 61432 0 0 0 0 0 0
E 352390 cfg=104 nodes= 61430 61427 61312 61313 0 0 0 0 0 0
E 352389 cfg=104 nodes= 61429 61431 61423 61422 0 0 0 0 0 0
E 352388 cfg=104 nodes= 61428 61429 61422 61421 0 0 0 0 0 0
E 352387 cfg=104 nodes= 61420 61427 61428 61421 0 0 0 0 0 0
E 352385 cfg=104 nodes= 61311 61312 61427 61420 0 0 0 0 0 0
E 352384 cfg=104 nodes= 61419 61426 58494 58493 0 0 0 0 0 0
E 352383 cfg=104 nodes= 61419 61418 61424 61425 0 0 0 0 0 0
E 352382 cfg=104 nodes= 61418 61417 61423 61424 0 0 0 0 0 0
E 352381 cfg=104 nodes= 61423 61417 61416 61422 0 0 0 0 0 0
E 352380 cfg=104 nodes= 61422 61416 61415 61421 0 0 0 0 0 0
E 352379 cfg=104 nodes= 61421 61415 61414 61420 0 0 0 0 0 0
E 352378 cfg=104 nodes= 61420 61414 61310 61311 0 0 0 0 0 0
E 352377 cfg=104 nodes= 61419 58493 58492 61413 0 0 0 0 0 0
E 352376 cfg=104 nodes= 61413 61412 61418 61419 0 0 0 0 0 0
E 352375 cfg=104 nodes= 61412 61411 61417 61418 0 0 0 0 0 0
E 352374 cfg=104 nodes= 61410 61416 61417 61411 0 0 0 0 0 0
E 352372 cfg=104 nodes= 61410 61409 61415 61416 0 0 0 0 0 0
E 352371 cfg=104 nodes= 61409 61309 61310 61414 0 0 0 0 0 0
E 352370 cfg=104 nodes= 61410 61407 61408 61409 0 0 0 0 0 0
E 352369 cfg=104 nodes= 61412 61405 61406 61411 0 0 0 0 0 0
E 352368 cfg=104 nodes= 61411 61406 61407 61410 0 0 0 0 0 0
E 352367 cfg=104 nodes= 61413 61404 61405 61412 0 0 0 0 0 0
E 352366 cfg=104 nodes= 58492 58491 61404 61413 0 0 0 0 0 0
E 352363 cfg=104 nodes= 61408 61403 61308 61309 0 0 0 0 0 0
E 352362 cfg=104 nodes= 61407 61401 61403 61408 0 0 0 0 0 0
E 352361 cfg=104 nodes= 61406 61402 61401 61407 0 0 0 0 0 0
E 352360 cfg=104 nodes= 61405 61400 61402 61406 0 0 0 0 0 0
E 352359 cfg=104 nodes= 61400 61404 58491 58490 0 0 0 0 0 0
E 352358 cfg=104 nodes= 61399 61400 58490 58489 0 0 0 0 0 0
E 352357 cfg=104 nodes= 61307 61308 61403 61397 0 0 0 0 0 0
E 352356 cfg=104 nodes= 61398 61402 61400 61399 0 0 0 0 0 0
E 352355 cfg=104 nodes= 61396 61401 61402 61398 0 0 0 0 0 0
E 352354 cfg=104 nodes= 61397 61403 61401 61396 0 0 0 0 0 0
E 352353 cfg=104 nodes= 61398 61394 61395 61396 0 0 0 0 0 0
E 352352 cfg=104 nodes= 61392 61397 61396 61395 0 0 0 0 0 0
E 352351 cfg=104 nodes= 61399 61393 61394 61398 0 0 0 0 0 0
E 352350 cfg=104 nodes= 58489 58488 61393 61399 0 0 0 0 0 0
E 352349 cfg=104 nodes= 61306 61307 61397 61392 0 0 0 0 0 0
E 352347 cfg=104 nodes= 61394 61391 61390 61395 0 0 0 0 0 0
E 352346 cfg=104 nodes= 61391 61393 58488 58487 0 0 0 0 0 0
E 352345 cfg=104 nodes= 61395 61390 61389 61392 0 0 0 0 0 0
E 352344 cfg=104 nodes= 61305 61306 61392 61389 0 0 0 0 0 0
E 352342 cfg=104 nodes= 61388 61391 58487 58486 0 0 0 0 0 0
E 352340 cfg=104 nodes= 61389 61387 61304 61305 0 0 0 0 0 0
E 352339 cfg=104 nodes= 61388 61385 61386 61390 0 0 0 0 0 0
E 352338 cfg=104 nodes= 61387 61389 61386 61384 0 0 0 0 0 0
E 352337 cfg=104 nodes= 58486 58485 61385 61388 0 0 0 0 0 0
E 352336 cfg=104 nodes= 61387 61382 61303 61304 0 0 0 0 0 0
E 352334 cfg=104 nodes= 61383 61386 61385 61381 0 0 0 0 0 0
E 352333 cfg=104 nodes= 61387 61384 61380 61382 0 0 0 0 0 0
E 352332 cfg=104 nodes= 61381 61385 58485 58484 0 0 0 0 0 0
E 352331 cfg=104 nodes= 61380 61384 61383 61379 0 0 0 0 0 0
E 352330 cfg=104 nodes= 61382 61378 61302 61303 0 0 0 0 0 0
E 352329 cfg=104 nodes= 61379 61383 61381 61377 0 0 0 0 0 0
E 352328 cfg=104 nodes= 61380 61376 61378 61382 0 0 0 0 0 0
E 352327 cfg=104 nodes= 61377 61381 58484 58483 0 0 0 0 0 0
E 352326 cfg=104 nodes= 61378 61375 61301 61302 0 0 0 0 0 0
E 352325 cfg=104 nodes= 61379 61374 61376 61380 0 0 0 0 0 0
E 352323 cfg=104 nodes= 61377 61372 61374 61379 0 0 0 0 0 0
E 352322 cfg=104 nodes= 61373 61378 61376 61371 0 0 0 0 0 0
E 352321 cfg=104 nodes= 61300 61301 61375 61370 0 0 0 0 0 0
E 352320 cfg=104 nodes= 58483 58482 61372 61377 0 0 0 0 0 0
E 352319 cfg=104 nodes= 61374 61369 61371 61376 0 0 0 0 0 0
E 352318 cfg=104 nodes= 61370 61375 61373 61368 0 0 0 0 0 0
E 352317 cfg=104 nodes= 61369 61374 61372 61367 0 0 0 0 0 0
E 352316 cfg=104 nodes= 61370 61366 61299 61300 0 0 0 0 0 0
E 352315 cfg=104 nodes= 61368 61373 61371 61365 0 0 0 0 0 0
E 352314 cfg=104 nodes= 61367 61372 58482 58481 0 0 0 0 0 0
E 352313 cfg=104 nodes= 61369 61364 61365 61371 0 0 0 0 0 0
E 352312 cfg=104 nodes= 61368 61363 61366 61370 0 0 0 0 0 0
E 352311 cfg=104 nodes= 61362 61298 61299 61366 0 0 0 0 0 0
E 352310 cfg=104 nodes= 61364 61369 61367 61361 0 0 0 0 0 0
E 352309 cfg=104 nodes= 61359 61363 61368 61365 0 0 0 0 0 0
E 352308 cfg=104 nodes= 61297 61298 61362 61360 0 0 0 0 0 0
E 352307 cfg=104 nodes= 61296 61297 61360 61358 0 0 0 0 0 0
E 352306 cfg=104 nodes= 61139 61295 61356 61140 0 0 0 0 0 0
E 352305 cfg=104 nodes= 61295 61296 61357 61356 0 0 0 0 0 0
E 352304 cfg=104 nodes= 61361 61367 58481 58480 0 0 0 0 0 0
E 352302 cfg=104 nodes= 61354 61359 61365 61364 0 0 0 0 0 0
E 352300 cfg=104 nodes= 61353 61355 61366 61363 0 0 0 0 0 0
E 352299 cfg=104 nodes= 61352 61354 61364 61361 0 0 0 0 0 0
E 352298 cfg=104 nodes= 61350 61353 61363 61359 0 0 0 0 0 0
E 352297 cfg=104 nodes= 61360 61362 61346 61351 0 0 0 0 0 0
E 352296 cfg=104 nodes= 61358 61360 61351 61349 0 0 0 0 0 0
E 352295 cfg=104 nodes= 58479 61352 61361 58480 0 0 0 0 0 0
E 352294 cfg=104 nodes= 61357 61358 61349 61348 0 0 0 0 0 0
E 352293 cfg=104 nodes= 61140 61356 61347 61141 0 0 0 0 0 0
E 352292 cfg=104 nodes= 61356 61357 61348 61347 0 0 0 0 0 0
E 352291 cfg=104 nodes= 61362 61355 61344 61346 0 0 0 0 0 0
E 352290 cfg=104 nodes= 61345 61350 61359 61354 0 0 0 0 0 0
E 352289 cfg=104 nodes= 61342 61344 61355 61353 0 0 0 0 0 0
E 352288 cfg=104 nodes= 61352 61343 61345 61354 0 0 0 0 0 0
E 352287 cfg=104 nodes= 61339 61342 61353 61350 0 0 0 0 0 0
E 352285 cfg=104 nodes= 58478 61341 61352 58479 0 0 0 0 0 0
E 352284 cfg=104 nodes= 61349 61351 61340 61338 0 0 0 0 0 0
E 352283 cfg=104 nodes= 61346 61337 61340 61351 0 0 0 0 0 0
E 352282 cfg=104 nodes= 61335 61339 61350 61345 0 0 0 0 0 0
E 352281 cfg=104 nodes= 61141 61347 61336 61142 0 0 0 0 0 0
E 352280 cfg=104 nodes= 61348 61349 61338 61334 0 0 0 0 0 0
E 352279 cfg=104 nodes= 61347 61348 61334 61336 0 0 0 0 0 0
E 352278 cfg=104 nodes= 61344 61333 61337 61346 0 0 0 0 0 0
E 352277 cfg=104 nodes= 61345 61343 61332 61335 0 0 0 0 0 0
E 352276 cfg=104 nodes= 61342 61331 61333 61344 0 0 0 0 0 0
E 352275 cfg=104 nodes= 61343 61341 61330 61332 0 0 0 0 0 0
E 352274 cfg=104 nodes= 61328 61331 61342 61339 0 0 0 0 0 0
E 352273 cfg=104 nodes= 58477 61330 61341 58478 0 0 0 0 0 0
E 352271 cfg=104 nodes= 61338 61340 61329 61327 0 0 0 0 0 0
E 352270 cfg=104 nodes= 61329 61340 61337 61326 0 0 0 0 0 0
E 352269 cfg=104 nodes= 61325 61328 61339 61335 0 0 0 0 0 0
E 352268 cfg=104 nodes= 61142 61336 61294 61143 0 0 0 0 0 0
E 352267 cfg=104 nodes= 61326 61337 61333 61324 0 0 0 0 0 0
E 352266 cfg=104 nodes= 61336 61334 61293 61294 0 0 0 0 0 0
E 352265 cfg=104 nodes= 61323 61325 61335 61332 0 0 0 0 0 0
E 352264 cfg=104 nodes= 61324 61333 61331 61322 0 0 0 0 0 0
E 352263 cfg=104 nodes= 61334 61327 61292 61293 0 0 0 0 0 0
E 352262 cfg=104 nodes= 61321 61323 61332 61330 0 0 0 0 0 0
E 352261 cfg=104 nodes= 61320 61322 61331 61328 0 0 0 0 0 0
E 352260 cfg=104 nodes= 61327 61329 61291 61292 0 0 0 0 0 0
E 352259 cfg=104 nodes= 58476 61321 61330 58477 0 0 0 0 0 0
E 352258 cfg=104 nodes= 61291 61329 61326 61290 0 0 0 0 0 0
E 352257 cfg=104 nodes= 61319 61320 61328 61325 0 0 0 0 0 0
E 352256 cfg=104 nodes= 61290 61326 61324 61289 0 0 0 0 0 0
E 352255 cfg=104 nodes= 61325 61323 61318 61319 0 0 0 0 0 0
E 352254 cfg=104 nodes= 61289 61324 61322 61288 0 0 0 0 0 0
E 352253 cfg=104 nodes= 61323 61321 61317 61318 0 0 0 0 0 0
E 352252 cfg=104 nodes= 61287 61288 61322 61320 0 0 0 0 0 0
E 352251 cfg=104 nodes= 58475 61317 61321 58476 0 0 0 0 0 0
E 352250 cfg=104 nodes= 61286 61287 61320 61319 0 0 0 0 0 0
E 352249 cfg=104 nodes= 61319 61318 61285 61286 0 0 0 0 0 0
E 352248 cfg=104 nodes= 61318 61317 61284 61285 0 0 0 0 0 0
E 352247 cfg=104 nodes= 58474 61284 61317 58475 0 0 0 0 0 0
E 352245 cfg=104 nodes= 61253 61266 61272 61254 0 0 0 0 0 0
E 352244 cfg=104 nodes= 61254 61272 61118 61119 0 0 0 0 0 0
E 352243 cfg=104 nodes= 61264 61182 61183 61271 0 0 0 0 0 0
E 352242 cfg=104 nodes= 61265 61264 61271 61272 0 0 0 0 0 0
E 352241 cfg=104 nodes= 61271 61183 61116 61117 0 0 0 0 0 0
E 352240 cfg=104 nodes= 61272 61271 61117 61118 0 0 0 0 0 0
E 352239 cfg=104 nodes= 61177 61178 61267 61270 0 0 0 0 0 0
E 352238 cfg=104 nodes= 61176 61177 61270 61269 0 0 0 0 0 0
E 352237 cfg=104 nodes= 61175 61176 61269 61252 0 0 0 0 0 0
E 352235 cfg=104 nodes= 61266 61270 61267 61265 0 0 0 0 0 0
E 352234 cfg=104 nodes= 61252 61269 61266 61253 0 0 0 0 0 0
E 352233 cfg=104 nodes= 61179 61180 61181 61268 0 0 0 0 0 0
E 352232 cfg=104 nodes= 61178 61179 61268 61267 0 0 0 0 0 0
E 352231 cfg=104 nodes= 61268 61181 61182 61264 0 0 0 0 0 0
E 352230 cfg=104 nodes= 61267 61268 61264 61265 0 0 0 0 0 0
E 352228 cfg=104 nodes= 61229 61257 61263 61230 0 0 0 0 0 0
E 352227 cfg=104 nodes= 61230 61263 61121 61122 0 0 0 0 0 0
E 352226 cfg=104 nodes= 61255 61253 61254 61262 0 0 0 0 0 0
E 352225 cfg=104 nodes= 61256 61255 61262 61263 0 0 0 0 0 0
E 352224 cfg=104 nodes= 61262 61254 61119 61120 0 0 0 0 0 0
E 352223 cfg=104 nodes= 61263 61262 61120 61121 0 0 0 0 0 0
E 352222 cfg=104 nodes= 61172 61173 61258 61261 0 0 0 0 0 0
E 352221 cfg=104 nodes= 61171 61172 61261 61260 0 0 0 0 0 0
E 352220 cfg=104 nodes= 61170 61171 61260 61228 0 0 0 0 0 0
E 352218 cfg=104 nodes= 61257 61261 61258 61256 0 0 0 0 0 0
E 352217 cfg=104 nodes= 61228 61260 61257 61229 0 0 0 0 0 0
E 352216 cfg=104 nodes= 61174 61175 61252 61259 0 0 0 0 0 0
E 352215 cfg=104 nodes= 61173 61174 61259 61258 0 0 0 0 0 0
E 352214 cfg=104 nodes= 61259 61252 61253 61255 0 0 0 0 0 0
E 352213 cfg=104 nodes= 61258 61259 61255 61256 0 0 0 0 0 0
E 352212 cfg=104 nodes= 61244 61243 61250 61251 0 0 0 0 0 0
E 352210 cfg=104 nodes= 61232 61245 61251 61233 0 0 0 0 0 0
E 352208 cfg=104 nodes= 61251 61123 61124 61233 0 0 0 0 0 0
E 352207 cfg=104 nodes= 61230 61250 61243 61229 0 0 0 0 0 0
E 352206 cfg=104 nodes= 61122 61123 61250 61230 0 0 0 0 0 0
E 352205 cfg=104 nodes= 61167 61168 61246 61249 0 0 0 0 0 0
E 352204 cfg=104 nodes= 61166 61167 61249 61248 0 0 0 0 0 0
E 352203 cfg=104 nodes= 61165 61166 61248 61231 0 0 0 0 0 0
E 352201 cfg=104 nodes= 61245 61249 61246 61244 0 0 0 0 0 0
E 352200 cfg=104 nodes= 61231 61248 61245 61232 0 0 0 0 0 0
E 352199 cfg=104 nodes= 61169 61170 61228 61247 0 0 0 0 0 0
E 352198 cfg=104 nodes= 61168 61169 61247 61246 0 0 0 0 0 0
E 352197 cfg=104 nodes= 61247 61228 61229 61243 0 0 0 0 0 0
E 352196 cfg=104 nodes= 61246 61247 61243 61244 0 0 0 0 0 0
E 352195 cfg=104 nodes= 61236 61235 61240 61242 0 0 0 0 0 0
E 352194 cfg=104 nodes= 61185 61236 61242 61226 0 0 0 0 0 0
E 352193 cfg=104 nodes= 61240 61126 61127 61242 0 0 0 0 0 0
E 352192 cfg=104 nodes= 61226 61242 61127 61128 0 0 0 0 0 0
E 352191 cfg=104 nodes= 61234 61232 61233 61241 0 0 0 0 0 0
E 352190 cfg=104 nodes= 61235 61234 61241 61240 0 0 0 0 0 0
E 352189 cfg=104 nodes= 61233 61124 61125 61241 0 0 0 0 0 0
E 352188 cfg=104 nodes= 61241 61125 61126 61240 0 0 0 0 0 0
E 352187 cfg=104 nodes= 61162 61163 61237 61239 0 0 0 0 0 0
E 352186 cfg=104 nodes= 61161 61162 61239 61184 0 0 0 0 0 0
E 352185 cfg=104 nodes= 61239 61237 61235 61236 0 0 0 0 0 0
E 352184 cfg=104 nodes= 61184 61239 61236 61185 0 0 0 0 0 0
E 352183 cfg=104 nodes= 61164 61165 61231 61238 0 0 0 0 0 0
E 352182 cfg=104 nodes= 61163 61164 61238 61237 0 0 0 0 0 0
E 352181 cfg=104 nodes= 61238 61231 61232 61234 0 0 0 0 0 0
E 352180 cfg=104 nodes= 61237 61238 61234 61235 0 0 0 0 0 0
E 352179 cfg=104 nodes= 61220 61219 61225 61227 0 0 0 0 0 0
E 352178 cfg=104 nodes= 61210 61220 61227 61211 0 0 0 0 0 0
E 352177 cfg=104 nodes= 61225 61129 61130 61227 0 0 0 0 0 0
E 352176 cfg=104 nodes= 61211 61227 61130 61131 0 0 0 0 0 0
E 352174 cfg=104 nodes= 61219 61218 61226 61225 0 0 0 0 0 0
E 352173 cfg=104 nodes= 61226 61128 61129 61225 0 0 0 0 0 0
E 352172 cfg=104 nodes= 61157 61158 61221 61224 0 0 0 0 0 0
E 352171 cfg=104 nodes= 61156 61157 61224 61209 0 0 0 0 0 0
E 352170 cfg=104 nodes= 61224 61221 61219 61220 0 0 0 0 0 0
E 352169 cfg=104 nodes= 61209 61224 61220 61210 0 0 0 0 0 0
E 352168 cfg=104 nodes= 61160 61161 61184 61223 0 0 0 0 0 0
E 352167 cfg=104 nodes= 61159 61160 61223 61222 0 0 0 0 0 0
E 352166 cfg=104 nodes= 61158 61159 61222 61221 0 0 0 0 0 0
E 352164 cfg=104 nodes= 61218 61223 61184 61185 0 0 0 0 0 0
E 352163 cfg=104 nodes= 61221 61222 61218 61219 0 0 0 0 0 0
E 352162 cfg=104 nodes= 61188 61217 61132 61133 0 0 0 0 0 0
E 352161 cfg=104 nodes= 61131 61132 61217 61211 0 0 0 0 0 0
E 352160 cfg=104 nodes= 61217 61188 61187 61213 0 0 0 0 0 0
E 352158 cfg=104 nodes= 61211 61217 61212 61210 0 0 0 0 0 0
E 352157 cfg=104 nodes= 61153 61154 61214 61216 0 0 0 0 0 0
E 352156 cfg=104 nodes= 61152 61153 61216 61186 0 0 0 0 0 0
E 352154 cfg=104 nodes= 61186 61216 61213 61187 0 0 0 0 0 0
E 352153 cfg=104 nodes= 61155 61156 61209 61215 0 0 0 0 0 0
E 352152 cfg=104 nodes= 61154 61155 61215 61214 0 0 0 0 0 0
E 352151 cfg=104 nodes= 61215 61209 61210 61212 0 0 0 0 0 0
E 352150 cfg=104 nodes= 61214 61215 61212 61213 0 0 0 0 0 0
E 352149 cfg=104 nodes= 61201 61200 61207 61208 0 0 0 0 0 0
E 352147 cfg=104 nodes= 61190 61202 61208 61191 0 0 0 0 0 0
E 352146 cfg=104 nodes= 61135 61208 61207 61134 0 0 0 0 0 0
E 352145 cfg=104 nodes= 61191 61208 61135 61136 0 0 0 0 0 0
E 352144 cfg=104 nodes= 61188 61207 61200 61187 0 0 0 0 0 0
E 352143 cfg=104 nodes= 61133 61134 61207 61188 0 0 0 0 0 0
E 352142 cfg=104 nodes= 61149 61150 61203 61206 0 0 0 0 0 0
E 352141 cfg=104 nodes= 61148 61149 61206 61205 0 0 0 0 0 0
E 352140 cfg=104 nodes= 61147 61148 61205 61189 0 0 0 0 0 0
E 352138 cfg=104 nodes= 61202 61206 61203 61201 0 0 0 0 0 0
E 352137 cfg=104 nodes= 61189 61205 61202 61190 0 0 0 0 0 0
E 352136 cfg=104 nodes= 61151 61152 61186 61204 0 0 0 0 0 0
E 352135 cfg=104 nodes= 61150 61151 61204 61203 0 0 0 0 0 0
E 352134 cfg=104 nodes= 61204 61186 61187 61200 0 0 0 0 0 0
E 352133 cfg=104 nodes= 61203 61204 61200 61201 0 0 0 0 0 0
E 352131 cfg=104 nodes= 61199 61193 61192 61198 0 0 0 0 0 0
E 352130 cfg=104 nodes= 61141 61194 61199 61140 0 0 0 0 0 0
E 352129 cfg=104 nodes= 61199 61198 61137 61138 0 0 0 0 0 0
E 352128 cfg=104 nodes= 61140 61199 61138 61139 0 0 0 0 0 0
E 352127 cfg=104 nodes= 61191 61198 61192 61190 0 0 0 0 0 0
E 352126 cfg=104 nodes= 61136 61137 61198 61191 0 0 0 0 0 0
E 352125 cfg=104 nodes= 61144 61145 61195 61197 0 0 0 0 0 0
E 352124 cfg=104 nodes= 61143 61144 61197 61142 0 0 0 0 0 0
E 352123 cfg=104 nodes= 61197 61195 61193 61194 0 0 0 0 0 0
E 352122 cfg=104 nodes= 61142 61197 61194 61141 0 0 0 0 0 0
E 352121 cfg=104 nodes= 61146 61147 61189 61196 0 0 0 0 0 0
E 352120 cfg=104 nodes= 61145 61146 61196 61195 0 0 0 0 0 0
E 352119 cfg=104 nodes= 61196 61189 61190 61192 0 0 0 0 0 0
E 352118 cfg=104 nodes= 61195 61196 61192 61193 0 0 0 0 0 0
E 352037 cfg=103 nodes= 61054 61055 61053 0 0 0 0 0 0 0
E 351941 cfg=103 nodes= 60947 60946 60950 0 0 0 0 0 0 0
E 351922 cfg=103 nodes= 60936 60935 60939 0 0 0 0 0 0 0
E 351869 cfg=103 nodes= 60905 60904 60903 0 0 0 0 0 0 0
E 351857 cfg=103 nodes= 60881 60880 60884 0 0 0 0 0 0 0
E 351844 cfg=103 nodes= 60876 60875 60847 0 0 0 0 0 0 0
E 351816 cfg=103 nodes= 60858 60857 60810 0 0 0 0 0 0 0
E 351767 cfg=103 nodes= 60798 60799 60797 0 0 0 0 0 0 0
E 393096 cfg=104 nodes= 103995 60687 60688 103997 0 0 0 0 0 0
E 393109 cfg=104 nodes= 60754 104005 104002 60769 0 0 0 0 0 0
E 351692 cfg=103 nodes= 60737 60736 60745 0 0 0 0 0 0 0
E 351653 cfg=103 nodes= 60711 60710 60719 0 0 0 0 0 0 0
E 351603 cfg=103 nodes= 60671 60672 60673 0 0 0 0 0 0 0
E 351572 cfg=103 nodes= 60647 60648 60649 0 0 0 0 0 0 0
E 351504 cfg=103 nodes= 60597 60595 60594 0 0 0 0 0 0 0
E 351268 cfg=103 nodes= 60374 60372 60327 0 0 0 0 0 0 0
E 351068 cfg=103 nodes= 60197 60195 60122 0 0 0 0 0 0 0
E 350972 cfg=103 nodes= 60024 60025 60022 0 0 0 0 0 0 0
E 350941 cfg=103 nodes= 60001 59998 59999 0 0 0 0 0 0 0
E 350936 cfg=103 nodes= 60001 60002 60004 0 0 0 0 0 0 0
E 350910 cfg=103 nodes= 59982 59944 59945 0 0 0 0 0 0 0
E 350894 cfg=103 nodes= 59966 59965 59969 0 0 0 0 0 0 0
E 350886 cfg=103 nodes= 59963 59964 59962 0 0 0 0 0 0 0
E 350859 cfg=103 nodes= 59933 59932 59879 0 0 0 0 0 0 0
E 350835 cfg=103 nodes= 59918 59919 59913 0 0 0 0 0 0 0
E 350832 cfg=103 nodes= 59916 59917 59908 0 0 0 0 0 0 0
E 350800 cfg=103 nodes= 59888 59887 59893 0 0 0 0 0 0 0
E 350786 cfg=103 nodes= 59865 59863 59862 0 0 0 0 0 0 0
E 350779 cfg=103 nodes= 59825 59824 59862 0 0 0 0 0 0 0
E 350762 cfg=103 nodes= 59846 59845 59851 0 0 0 0 0 0 0
E 350746 cfg=103 nodes= 59838 59839 59828 0 0 0 0 0 0 0
E 350727 cfg=103 nodes= 59819 59821 59818 0 0 0 0 0 0 0
E 393108 cfg=104 nodes= 60757 104000 104005 60754 0 0 0 0 0 0
E 350692 cfg=103 nodes= 59697 59698 59695 0 0 0 0 0 0 0
E 350685 cfg=103 nodes= 59693 59694 59692 0 0 0 0 0 0 0
E 350677 cfg=103 nodes= 59582 59691 59459 0 0 0 0 0 0 0
E 350669 cfg=103 nodes= 59685 59673 59634 0 0 0 0 0 0 0
E 350663 cfg=103 nodes= 59678 59681 59679 0 0 0 0 0 0 0
E 350658 cfg=103 nodes= 59679 59677 59676 0 0 0 0 0 0 0
E 350607 cfg=103 nodes= 59629 59628 59632 0 0 0 0 0 0 0
E 350594 cfg=103 nodes= 59626 59625 59612 0 0 0 0 0 0 0
E 350575 cfg=103 nodes= 59603 59611 59532 0 0 0 0 0 0 0
E 350568 cfg=103 nodes= 59589 59590 59610 0 0 0 0 0 0 0
E 350536 cfg=103 nodes= 59571 59572 59549 0 0 0 0 0 0 0
E 350532 cfg=103 nodes= 59531 59532 59570 0 0 0 0 0 0 0
E 350524 cfg=103 nodes= 59566 59562 59547 0 0 0 0 0 0 0
E 350506 cfg=103 nodes= 59552 59553 59556 0 0 0 0 0 0 0
E 350500 cfg=103 nodes= 59544 59545 59541 0 0 0 0 0 0 0
E 350491 cfg=103 nodes= 59541 59543 59542 0 0 0 0 0 0 0
E 350487 cfg=103 nodes= 59536 59537 59539 0 0 0 0 0 0 0
E 350482 cfg=103 nodes= 59488 59538 59487 0 0 0 0 0 0 0
E 350478 cfg=103 nodes= 56101 59485 59484 0 0 0 0 0 0 0
E 352117 cfg=104 nodes= 61115 61106 61105 61111 0 0 0 0 0 0
E 352116 cfg=104 nodes= 61090 61089 61106 61115 0 0 0 0 0 0
E 352115 cfg=104 nodes= 61114 61115 61111 61110 0 0 0 0 0 0
E 352114 cfg=104 nodes= 61091 61090 61115 61114 0 0 0 0 0 0
E 352113 cfg=104 nodes= 60062 61114 61110 60063 0 0 0 0 0 0
E 352112 cfg=104 nodes= 60061 61091 61114 60062 0 0 0 0 0 0
E 352111 cfg=104 nodes= 61113 61104 59512 59511 0 0 0 0 0 0
E 352110 cfg=104 nodes= 61111 61105 61104 61113 0 0 0 0 0 0
E 352109 cfg=104 nodes= 61112 61113 59511 59510 0 0 0 0 0 0
E 352108 cfg=104 nodes= 61110 61111 61113 61112 0 0 0 0 0 0
E 352107 cfg=104 nodes= 60064 61112 59510 59509 0 0 0 0 0 0
E 352106 cfg=104 nodes= 60063 61110 61112 60064 0 0 0 0 0 0
E 352105 cfg=104 nodes= 61109 60986 60987 61107 0 0 0 0 0 0
E 352104 cfg=104 nodes= 61088 60985 60986 61109 0 0 0 0 0 0
E 352103 cfg=104 nodes= 61106 61109 61107 61105 0 0 0 0 0 0
E 352102 cfg=104 nodes= 61089 61088 61109 61106 0 0 0 0 0 0
E 352101 cfg=104 nodes= 61108 60988 59514 59513 0 0 0 0 0 0
E 352100 cfg=104 nodes= 61107 60987 60988 61108 0 0 0 0 0 0
E 352099 cfg=104 nodes= 61104 61108 59513 59512 0 0 0 0 0 0
E 352098 cfg=104 nodes= 61105 61107 61108 61104 0 0 0 0 0 0
E 352097 cfg=104 nodes= 61103 61094 61093 61099 0 0 0 0 0 0
E 352096 cfg=104 nodes= 61058 61057 61094 61103 0 0 0 0 0 0
E 352095 cfg=104 nodes= 61102 61103 61099 61098 0 0 0 0 0 0
E 352094 cfg=104 nodes= 61059 61058 61103 61102 0 0 0 0 0 0
E 352093 cfg=104 nodes= 60058 61102 61098 60059 0 0 0 0 0 0
E 352092 cfg=104 nodes= 60057 61059 61102 60058 0 0 0 0 0 0
E 352091 cfg=104 nodes= 61101 61092 61089 61090 0 0 0 0 0 0
E 352090 cfg=104 nodes= 61099 61093 61092 61101 0 0 0 0 0 0
E 352089 cfg=104 nodes= 61100 61101 61090 61091 0 0 0 0 0 0
E 352088 cfg=104 nodes= 61098 61099 61101 61100 0 0 0 0 0 0
E 352087 cfg=104 nodes= 60060 61100 61091 60061 0 0 0 0 0 0
E 352086 cfg=104 nodes= 60059 61098 61100 60060 0 0 0 0 0 0
E 352085 cfg=104 nodes= 61097 60982 60983 61095 0 0 0 0 0 0
E 352084 cfg=104 nodes= 61056 60981 60982 61097 0 0 0 0 0 0
E 352083 cfg=104 nodes= 61094 61097 61095 61093 0 0 0 0 0 0
E 352082 cfg=104 nodes= 61057 61056 61097 61094 0 0 0 0 0 0
E 352081 cfg=104 nodes= 61096 60984 60985 61088 0 0 0 0 0 0
E 352080 cfg=104 nodes= 61095 60983 60984 61096 0 0 0 0 0 0
E 352079 cfg=104 nodes= 61092 61096 61088 61089 0 0 0 0 0 0
E 352078 cfg=104 nodes= 61093 61095 61096 61092 0 0 0 0 0 0
E 352077 cfg=104 nodes= 61087 61078 61077 61083 0 0 0 0 0 0
E 352076 cfg=104 nodes= 61062 61061 61078 61087 0 0 0 0 0 0
E 352075 cfg=104 nodes= 61086 61087 61083 61082 0 0 0 0 0 0
E 352074 cfg=104 nodes= 61063 61062 61087 61086 0 0 0 0 0 0
E 352073 cfg=104 nodes= 60054 61086 61082 60055 0 0 0 0 0 0
E 352072 cfg=104 nodes= 60053 61063 61086 60054 0 0 0 0 0 0
E 352071 cfg=104 nodes= 61085 61076 61057 61058 0 0 0 0 0 0
E 352070 cfg=104 nodes= 61083 61077 61076 61085 0 0 0 0 0 0
E 352069 cfg=104 nodes= 61084 61085 61058 61059 0 0 0 0 0 0
E 352068 cfg=104 nodes= 61082 61083 61085 61084 0 0 0 0 0 0
E 352067 cfg=104 nodes= 60056 61084 61059 60057 0 0 0 0 0 0
E 352066 cfg=104 nodes= 60055 61082 61084 60056 0 0 0 0 0 0
E 352065 cfg=104 nodes= 61081 60978 60979 61079 0 0 0 0 0 0
E 352064 cfg=104 nodes= 61060 60977 60978 61081 0 0 0 0 0 0
E 352063 cfg=104 nodes= 61078 61081 61079 61077 0 0 0 0 0 0
E 352062 cfg=104 nodes= 61061 61060 61081 61078 0 0 0 0 0 0
E 352061 cfg=104 nodes= 61080 60980 60981 61056 0 0 0 0 0 0
E 352060 cfg=104 nodes= 61079 60979 60980 61080 0 0 0 0 0 0
E 352059 cfg=104 nodes= 61076 61080 61056 61057 0 0 0 0 0 0
E 352058 cfg=104 nodes= 61077 61079 61080 61076 0 0 0 0 0 0
E 352057 cfg=104 nodes= 61075 61066 61065 61071 0 0 0 0 0 0
E 352056 cfg=104 nodes= 60991 60990 61066 61075 0 0 0 0 0 0
E 352055 cfg=104 nodes= 61074 61075 61071 61070 0 0 0 0 0 0
E 352054 cfg=104 nodes= 60992 60991 61075 61074 0 0 0 0 0 0
E 352053 cfg=104 nodes= 60050 61074 61070 60051 0 0 0 0 0 0
E 352052 cfg=104 nodes= 60049 60992 61074 60050 0 0 0 0 0 0
E 352051 cfg=104 nodes= 61073 61064 61061 61062 0 0 0 0 0 0
E 352050 cfg=104 nodes= 61071 61065 61064 61073 0 0 0 0 0 0
E 352049 cfg=104 nodes= 61072 61073 61062 61063 0 0 0 0 0 0
E 352048 cfg=104 nodes= 61070 61071 61073 61072 0 0 0 0 0 0
E 352047 cfg=104 nodes= 60052 61072 61063 60053 0 0 0 0 0 0
E 352046 cfg=104 nodes= 60051 61070 61072 60052 0 0 0 0 0 0
E 352045 cfg=104 nodes= 61069 60974 60975 61067 0 0 0 0 0 0
E 352044 cfg=104 nodes= 60989 60973 60974 61069 0 0 0 0 0 0
E 352043 cfg=104 nodes= 61066 61069 61067 61065 0 0 0 0 0 0
E 352042 cfg=104 nodes= 60990 60989 61069 61066 0 0 0 0 0 0
E 352041 cfg=104 nodes= 61068 60976 60977 61060 0 0 0 0 0 0
E 352040 cfg=104 nodes= 61067 60975 60976 61068 0 0 0 0 0 0
E 352039 cfg=104 nodes= 61064 61068 61060 61061 0 0 0 0 0 0
E 352038 cfg=104 nodes= 61065 61067 61068 61064 0 0 0 0 0 0
E 352036 cfg=104 nodes= 61053 61055 61050 61049 0 0 0 0 0 0
E 352035 cfg=104 nodes= 61043 61055 61054 61044 0 0 0 0 0 0
E 352034 cfg=104 nodes= 61042 61050 61055 61043 0 0 0 0 0 0
E 352033 cfg=104 nodes= 61054 61053 61028 61027 0 0 0 0 0 0
E 352032 cfg=104 nodes= 61044 61054 61027 61026 0 0 0 0 0 0
E 352031 cfg=104 nodes= 60046 61053 61049 60047 0 0 0 0 0 0
E 352030 cfg=104 nodes= 60045 61028 61053 60046 0 0 0 0 0 0
E 352029 cfg=104 nodes= 61052 61041 60990 60991 0 0 0 0 0 0
E 352028 cfg=104 nodes= 61050 61042 61041 61052 0 0 0 0 0 0
E 352027 cfg=104 nodes= 61051 61052 60991 60992 0 0 0 0 0 0
E 352026 cfg=104 nodes= 61049 61050 61052 61051 0 0 0 0 0 0
E 352025 cfg=104 nodes= 60048 61051 60992 60049 0 0 0 0 0 0
E 352024 cfg=104 nodes= 60047 61049 61051 60048 0 0 0 0 0 0
E 352023 cfg=104 nodes= 61048 60969 60970 61047 0 0 0 0 0 0
E 352022 cfg=104 nodes= 61025 60968 60969 61048 0 0 0 0 0 0
E 352021 cfg=104 nodes= 61044 61048 61047 61043 0 0 0 0 0 0
E 352020 cfg=104 nodes= 61026 61025 61048 61044 0 0 0 0 0 0
E 352019 cfg=104 nodes= 61047 60970 60971 61045 0 0 0 0 0 0
E 352018 cfg=104 nodes= 61043 61047 61045 61042 0 0 0 0 0 0
E 352017 cfg=104 nodes= 61046 60972 60973 60989 0 0 0 0 0 0
E 352016 cfg=104 nodes= 61045 60971 60972 61046 0 0 0 0 0 0
E 352015 cfg=104 nodes= 61041 61046 60989 60990 0 0 0 0 0 0
E 352014 cfg=104 nodes= 61042 61045 61046 61041 0 0 0 0 0 0
E 352013 cfg=104 nodes= 61040 61031 61030 61036 0 0 0 0 0 0
E 352012 cfg=104 nodes= 60995 60994 61031 61040 0 0 0 0 0 0
E 352011 cfg=104 nodes= 61039 61040 61036 61035 0 0 0 0 0 0
E 352010 cfg=104 nodes= 60996 60995 61040 61039 0 0 0 0 0 0
E 352009 cfg=104 nodes= 60042 61039 61035 60043 0 0 0 0 0 0
E 352008 cfg=104 nodes= 60041 60996 61039 60042 0 0 0 0 0 0
E 352007 cfg=104 nodes= 61038 61029 61026 61027 0 0 0 0 0 0
E 352006 cfg=104 nodes= 61036 61030 61029 61038 0 0 0 0 0 0
E 352005 cfg=104 nodes= 61037 61038 61027 61028 0 0 0 0 0 0
E 352004 cfg=104 nodes= 61035 61036 61038 61037 0 0 0 0 0 0
E 352003 cfg=104 nodes= 60044 61037 61028 60045 0 0 0 0 0 0
E 352002 cfg=104 nodes= 60043 61035 61037 60044 0 0 0 0 0 0
E 352001 cfg=104 nodes= 61034 60965 60966 61032 0 0 0 0 0 0
E 352000 cfg=104 nodes= 60993 60964 60965 61034 0 0 0 0 0 0
E 351999 cfg=104 nodes= 61031 61034 61032 61030 0 0 0 0 0 0
E 351998 cfg=104 nodes= 60994 60993 61034 61031 0 0 0 0 0 0
E 351997 cfg=104 nodes= 61033 60967 60968 61025 0 0 0 0 0 0
E 351996 cfg=104 nodes= 61032 60966 60967 61033 0 0 0 0 0 0
E 351995 cfg=104 nodes= 61029 61033 61025 61026 0 0 0 0 0 0
E 351994 cfg=104 nodes= 61030 61032 61033 61029 0 0 0 0 0 0
E 351993 cfg=104 nodes= 61024 61015 61014 61020 0 0 0 0 0 0
E 351992 cfg=104 nodes= 60999 60998 61015 61024 0 0 0 0 0 0
E 351991 cfg=104 nodes= 61023 61024 61020 61019 0 0 0 0 0 0
E 351990 cfg=104 nodes= 61000 60999 61024 61023 0 0 0 0 0 0
E 351989 cfg=104 nodes= 60038 61023 61019 60039 0 0 0 0 0 0
E 351988 cfg=104 nodes= 60037 61000 61023 60038 0 0 0 0 0 0
E 351987 cfg=104 nodes= 61022 61013 60994 60995 0 0 0 0 0 0
E 351986 cfg=104 nodes= 61020 61014 61013 61022 0 0 0 0 0 0
E 351985 cfg=104 nodes= 61021 61022 60995 60996 0 0 0 0 0 0
E 351984 cfg=104 nodes= 61019 61020 61022 61021 0 0 0 0 0 0
E 351983 cfg=104 nodes= 60040 61021 60996 60041 0 0 0 0 0 0
E 351982 cfg=104 nodes= 60039 61019 61021 60040 0 0 0 0 0 0
E 351981 cfg=104 nodes= 61018 60961 60962 61016 0 0 0 0 0 0
E 351980 cfg=104 nodes= 60997 60960 60961 61018 0 0 0 0 0 0
E 351979 cfg=104 nodes= 61015 61018 61016 61014 0 0 0 0 0 0
E 351978 cfg=104 nodes= 60998 60997 61018 61015 0 0 0 0 0 0
E 351977 cfg=104 nodes= 61017 60963 60964 60993 0 0 0 0 0 0
E 351976 cfg=104 nodes= 61016 60962 60963 61017 0 0 0 0 0 0
E 351975 cfg=104 nodes= 61013 61017 60993 60994 0 0 0 0 0 0
E 351974 cfg=104 nodes= 61014 61016 61017 61013 0 0 0 0 0 0
E 351973 cfg=104 nodes= 61012 61003 61002 61008 0 0 0 0 0 0
E 351972 cfg=104 nodes= 59761 59760 61003 61012 0 0 0 0 0 0
E 351971 cfg=104 nodes= 61011 61012 61008 61007 0 0 0 0 0 0
E 351970 cfg=104 nodes= 59762 59761 61012 61011 0 0 0 0 0 0
E 351969 cfg=104 nodes= 60034 61011 61007 60035 0 0 0 0 0 0
E 351968 cfg=104 nodes= 59763 59762 61011 60034 0 0 0 0 0 0
E 351967 cfg=104 nodes= 61010 61001 60998 60999 0 0 0 0 0 0
E 351966 cfg=104 nodes= 61008 61002 61001 61010 0 0 0 0 0 0
E 351965 cfg=104 nodes= 61009 61010 60999 61000 0 0 0 0 0 0
E 351964 cfg=104 nodes= 61007 61008 61010 61009 0 0 0 0 0 0
E 351963 cfg=104 nodes= 60036 61009 61000 60037 0 0 0 0 0 0
E 351962 cfg=104 nodes= 60035 61007 61009 60036 0 0 0 0 0 0
E 351961 cfg=104 nodes= 61006 60957 60958 61004 0 0 0 0 0 0
E 351960 cfg=104 nodes= 59759 59758 60957 61006 0 0 0 0 0 0
E 351959 cfg=104 nodes= 61003 61006 61004 61002 0 0 0 0 0 0
E 351958 cfg=104 nodes= 59760 59759 61006 61003 0 0 0 0 0 0
E 351957 cfg=104 nodes= 61005 60959 60960 60997 0 0 0 0 0 0
E 351956 cfg=104 nodes= 61004 60958 60959 61005 0 0 0 0 0 0
E 351955 cfg=104 nodes= 61001 61005 60997 60998 0 0 0 0 0 0
E 351954 cfg=104 nodes= 61002 61004 61005 61001 0 0 0 0 0 0
E 351953 cfg=104 nodes= 60945 60944 60952 60956 0 0 0 0 0 0
E 351952 cfg=104 nodes= 60929 60945 60956 60930 0 0 0 0 0 0
E 351951 cfg=104 nodes= 60956 60952 60951 60955 0 0 0 0 0 0
E 351950 cfg=104 nodes= 60930 60956 60955 60931 0 0 0 0 0 0
E 351949 cfg=104 nodes= 60955 60951 60893 60892 0 0 0 0 0 0
E 351948 cfg=104 nodes= 60931 60955 60892 60891 0 0 0 0 0 0
E 351947 cfg=104 nodes= 60943 60808 60807 60954 0 0 0 0 0 0
E 351946 cfg=104 nodes= 60944 60943 60954 60952 0 0 0 0 0 0
E 351945 cfg=104 nodes= 60954 60807 60806 60953 0 0 0 0 0 0
E 351944 cfg=104 nodes= 60952 60954 60953 60951 0 0 0 0 0 0
E 351943 cfg=104 nodes= 60953 60806 60805 60894 0 0 0 0 0 0
E 351942 cfg=104 nodes= 60951 60953 60894 60893 0 0 0 0 0 0
E 351940 cfg=104 nodes= 56095 60947 60950 56096 0 0 0 0 0 0
E 351939 cfg=104 nodes= 56097 56096 60950 60928 0 0 0 0 0 0
E 351938 cfg=104 nodes= 60950 60946 60944 60945 0 0 0 0 0 0
E 351937 cfg=104 nodes= 60928 60950 60945 60929 0 0 0 0 0 0
E 351936 cfg=104 nodes= 60949 60810 60809 60948 0 0 0 0 0 0
E 351935 cfg=104 nodes= 56094 56093 60810 60949 0 0 0 0 0 0
E 351934 cfg=104 nodes= 60947 60949 60948 60946 0 0 0 0 0 0
E 351933 cfg=104 nodes= 56095 56094 60949 60947 0 0 0 0 0 0
E 351932 cfg=104 nodes= 60948 60809 60808 60943 0 0 0 0 0 0
E 351931 cfg=104 nodes= 60946 60948 60943 60944 0 0 0 0 0 0
E 351930 cfg=104 nodes= 60934 60933 60940 60942 0 0 0 0 0 0
E 351929 cfg=104 nodes= 59486 60934 60942 59487 0 0 0 0 0 0
E 351928 cfg=104 nodes= 60942 60940 60889 60888 0 0 0 0 0 0
E 351927 cfg=104 nodes= 59487 60942 60888 59488 0 0 0 0 0 0
E 351926 cfg=104 nodes= 60932 60930 60931 60941 0 0 0 0 0 0
E 351925 cfg=104 nodes= 60933 60932 60941 60940 0 0 0 0 0 0
E 351924 cfg=104 nodes= 60941 60931 60891 60890 0 0 0 0 0 0
E 351923 cfg=104 nodes= 60940 60941 60890 60889 0 0 0 0 0 0
E 351921 cfg=104 nodes= 56099 60936 60939 56100 0 0 0 0 0 0
E 351920 cfg=104 nodes= 56101 56100 60939 59485 0 0 0 0 0 0
E 351919 cfg=104 nodes= 60939 60935 60933 60934 0 0 0 0 0 0
E 351918 cfg=104 nodes= 59485 60939 60934 59486 0 0 0 0 0 0
E 351917 cfg=104 nodes= 60938 60928 60929 60937 0 0 0 0 0 0
E 351916 cfg=104 nodes= 56098 56097 60928 60938 0 0 0 0 0 0
E 351915 cfg=104 nodes= 60936 60938 60937 60935 0 0 0 0 0 0
E 351914 cfg=104 nodes= 56099 56098 60938 60936 0 0 0 0 0 0
E 351913 cfg=104 nodes= 60937 60929 60930 60932 0 0 0 0 0 0
E 351912 cfg=104 nodes= 60935 60937 60932 60933 0 0 0 0 0 0
E 351911 cfg=104 nodes= 60927 60923 60922 60926 0 0 0 0 0 0
E 351910 cfg=104 nodes= 60915 60914 60923 60927 0 0 0 0 0 0
E 351909 cfg=104 nodes= 60898 60927 60926 60899 0 0 0 0 0 0
E 351908 cfg=104 nodes= 60897 60915 60927 60898 0 0 0 0 0 0
E 351907 cfg=104 nodes= 60926 60922 60070 60069 0 0 0 0 0 0
E 351906 cfg=104 nodes= 60899 60926 60069 60068 0 0 0 0 0 0
E 351905 cfg=104 nodes= 60913 60802 60801 60925 0 0 0 0 0 0
E 351904 cfg=104 nodes= 60914 60913 60925 60923 0 0 0 0 0 0
E 351903 cfg=104 nodes= 60925 60801 60800 60924 0 0 0 0 0 0
E 351902 cfg=104 nodes= 60923 60925 60924 60922 0 0 0 0 0 0
E 351901 cfg=104 nodes= 60924 60800 60072 60071 0 0 0 0 0 0
E 351900 cfg=104 nodes= 60922 60924 60071 60070 0 0 0 0 0 0
E 351899 cfg=104 nodes= 60921 60917 60916 60920 0 0 0 0 0 0
E 351898 cfg=104 nodes= 60892 60893 60917 60921 0 0 0 0 0 0
E 351897 cfg=104 nodes= 60895 60921 60920 60896 0 0 0 0 0 0
E 351896 cfg=104 nodes= 60891 60892 60921 60895 0 0 0 0 0 0
E 351895 cfg=104 nodes= 60920 60916 60914 60915 0 0 0 0 0 0
E 351894 cfg=104 nodes= 60896 60920 60915 60897 0 0 0 0 0 0
E 351893 cfg=104 nodes= 60894 60805 60804 60919 0 0 0 0 0 0
E 351892 cfg=104 nodes= 60893 60894 60919 60917 0 0 0 0 0 0
E 351891 cfg=104 nodes= 60919 60804 60803 60918 0 0 0 0 0 0
E 351890 cfg=104 nodes= 60917 60919 60918 60916 0 0 0 0 0 0
E 351889 cfg=104 nodes= 60918 60803 60802 60913 0 0 0 0 0 0
E 351888 cfg=104 nodes= 60916 60918 60913 60914 0 0 0 0 0 0
E 351887 cfg=104 nodes= 60902 60901 60908 60912 0 0 0 0 0 0
E 351886 cfg=104 nodes= 59490 60902 60912 59491 0 0 0 0 0 0
E 351885 cfg=104 nodes= 60912 60908 60907 60911 0 0 0 0 0 0
E 351884 cfg=104 nodes= 59491 60912 60911 59492 0 0 0 0 0 0
E 351883 cfg=104 nodes= 60911 60907 60066 60065 0 0 0 0 0 0
E 351882 cfg=104 nodes= 59492 60911 60065 59493 0 0 0 0 0 0
E 351881 cfg=104 nodes= 60910 60898 60899 60909 0 0 0 0 0 0
E 351880 cfg=104 nodes= 60900 60897 60898 60910 0 0 0 0 0 0
E 351879 cfg=104 nodes= 60908 60910 60909 60907 0 0 0 0 0 0
E 351878 cfg=104 nodes= 60901 60900 60910 60908 0 0 0 0 0 0
E 351877 cfg=104 nodes= 60909 60899 60068 60067 0 0 0 0 0 0
E 351876 cfg=104 nodes= 60907 60909 60067 60066 0 0 0 0 0 0
E 351875 cfg=104 nodes= 60888 60889 60903 60906 0 0 0 0 0 0
E 351874 cfg=104 nodes= 59488 60888 60906 59489 0 0 0 0 0 0
E 351873 cfg=104 nodes= 60906 60903 60901 60902 0 0 0 0 0 0
E 351872 cfg=104 nodes= 59489 60906 60902 59490 0 0 0 0 0 0
E 351871 cfg=104 nodes= 60905 60895 60896 60904 0 0 0 0 0 0
E 351870 cfg=104 nodes= 60890 60891 60895 60905 0 0 0 0 0 0
E 351868 cfg=104 nodes= 60890 60905 60903 60889 0 0 0 0 0 0
E 351867 cfg=104 nodes= 60904 60896 60897 60900 0 0 0 0 0 0
E 351866 cfg=104 nodes= 60903 60904 60900 60901 0 0 0 0 0 0
E 351865 cfg=104 nodes= 60879 60878 60885 60887 0 0 0 0 0 0
E 351864 cfg=104 nodes= 60851 60879 60887 60852 0 0 0 0 0 0
E 351863 cfg=104 nodes= 60887 60885 60815 60814 0 0 0 0 0 0
E 351862 cfg=104 nodes= 60852 60887 60814 60813 0 0 0 0 0 0
E 351861 cfg=104 nodes= 60877 60550 60549 60886 0 0 0 0 0 0
E 351860 cfg=104 nodes= 60878 60877 60886 60885 0 0 0 0 0 0
E 351859 cfg=104 nodes= 60886 60549 60548 60816 0 0 0 0 0 0
E 351858 cfg=104 nodes= 60885 60886 60816 60815 0 0 0 0 0 0
E 351856 cfg=104 nodes= 60866 60881 60884 60867 0 0 0 0 0 0
E 351855 cfg=104 nodes= 60849 60867 60884 60850 0 0 0 0 0 0
E 351854 cfg=104 nodes= 60884 60880 60878 60879 0 0 0 0 0 0
E 351853 cfg=104 nodes= 60850 60884 60879 60851 0 0 0 0 0 0
E 351852 cfg=104 nodes= 60883 60552 60551 60882 0 0 0 0 0 0
E 351851 cfg=104 nodes= 60865 60553 60552 60883 0 0 0 0 0 0
E 351850 cfg=104 nodes= 60881 60883 60882 60880 0 0 0 0 0 0
E 351849 cfg=104 nodes= 60866 60865 60883 60881 0 0 0 0 0 0
E 351848 cfg=104 nodes= 60882 60551 60550 60877 0 0 0 0 0 0
E 351847 cfg=104 nodes= 60880 60882 60877 60878 0 0 0 0 0 0
E 351846 cfg=104 nodes= 60876 60870 60869 60875 0 0 0 0 0 0
E 351845 cfg=104 nodes= 56089 56088 60870 60876 0 0 0 0 0 0
E 351843 cfg=104 nodes= 56089 60876 60847 56090 0 0 0 0 0 0
E 351842 cfg=104 nodes= 60875 60869 60868 60874 0 0 0 0 0 0
E 351841 cfg=104 nodes= 60847 60875 60874 60848 0 0 0 0 0 0
E 351840 cfg=104 nodes= 60874 60868 60866 60867 0 0 0 0 0 0
E 351839 cfg=104 nodes= 60848 60874 60867 60849 0 0 0 0 0 0
E 351838 cfg=104 nodes= 60873 60556 60555 60871 0 0 0 0 0 0
E 351837 cfg=104 nodes= 56087 56086 60556 60873 0 0 0 0 0 0
E 351836 cfg=104 nodes= 60870 60873 60871 60869 0 0 0 0 0 0
E 351835 cfg=104 nodes= 56088 56087 60873 60870 0 0 0 0 0 0
E 351834 cfg=104 nodes= 60872 60554 60553 60865 0 0 0 0 0 0
E 351833 cfg=104 nodes= 60871 60555 60554 60872 0 0 0 0 0 0
E 351832 cfg=104 nodes= 60868 60872 60865 60866 0 0 0 0 0 0
E 351831 cfg=104 nodes= 60869 60871 60872 60868 0 0 0 0 0 0
E 351830 cfg=104 nodes= 60860 60859 60863 60864 0 0 0 0 0 0
E 351829 cfg=104 nodes= 60807 60860 60864 60806 0 0 0 0 0 0
E 351828 cfg=104 nodes= 60864 60863 60812 60811 0 0 0 0 0 0
E 351827 cfg=104 nodes= 60806 60864 60811 60805 0 0 0 0 0 0
E 351826 cfg=104 nodes= 60852 60863 60859 60851 0 0 0 0 0 0
E 351825 cfg=104 nodes= 60813 60812 60863 60852 0 0 0 0 0 0
E 351824 cfg=104 nodes= 60854 60853 60861 60862 0 0 0 0 0 0
E 351823 cfg=104 nodes= 60809 60854 60862 60808 0 0 0 0 0 0
E 351822 cfg=104 nodes= 60862 60861 60859 60860 0 0 0 0 0 0
E 351821 cfg=104 nodes= 60808 60862 60860 60807 0 0 0 0 0 0
E 351820 cfg=104 nodes= 60850 60861 60853 60849 0 0 0 0 0 0
E 351819 cfg=104 nodes= 60851 60859 60861 60850 0 0 0 0 0 0
E 351818 cfg=104 nodes= 60858 60856 60855 60857 0 0 0 0 0 0
E 351817 cfg=104 nodes= 56092 56091 60856 60858 0 0 0 0 0 0
E 351815 cfg=104 nodes= 56092 60858 60810 56093 0 0 0 0 0 0
E 351814 cfg=104 nodes= 60857 60855 60853 60854 0 0 0 0 0 0
E 351813 cfg=104 nodes= 60810 60857 60854 60809 0 0 0 0 0 0
E 351812 cfg=104 nodes= 60847 60856 56091 56090 0 0 0 0 0 0
E 351811 cfg=104 nodes= 60848 60855 60856 60847 0 0 0 0 0 0
E 351810 cfg=104 nodes= 60849 60853 60855 60848 0 0 0 0 0 0
E 351809 cfg=104 nodes= 60834 60833 60842 60846 0 0 0 0 0 0
E 351808 cfg=104 nodes= 60819 60834 60846 60820 0 0 0 0 0 0
E 351807 cfg=104 nodes= 60846 60842 60841 60845 0 0 0 0 0 0
E 351806 cfg=104 nodes= 60820 60846 60845 60821 0 0 0 0 0 0
E 351805 cfg=104 nodes= 60845 60841 60077 60076 0 0 0 0 0 0
E 351804 cfg=104 nodes= 60821 60845 60076 60075 0 0 0 0 0 0
E 351803 cfg=104 nodes= 60832 60545 60544 60844 0 0 0 0 0 0
E 351802 cfg=104 nodes= 60833 60832 60844 60842 0 0 0 0 0 0
E 351801 cfg=104 nodes= 60844 60544 60543 60843 0 0 0 0 0 0
E 351800 cfg=104 nodes= 60842 60844 60843 60841 0 0 0 0 0 0
E 351799 cfg=104 nodes= 60843 60543 60079 60078 0 0 0 0 0 0
E 351798 cfg=104 nodes= 60841 60843 60078 60077 0 0 0 0 0 0
E 351797 cfg=104 nodes= 60814 60815 60836 60840 0 0 0 0 0 0
E 351796 cfg=104 nodes= 60813 60814 60840 60817 0 0 0 0 0 0
E 351795 cfg=104 nodes= 60840 60836 60835 60839 0 0 0 0 0 0
E 351794 cfg=104 nodes= 60817 60840 60839 60818 0 0 0 0 0 0
E 351793 cfg=104 nodes= 60839 60835 60833 60834 0 0 0 0 0 0
E 351792 cfg=104 nodes= 60818 60839 60834 60819 0 0 0 0 0 0
E 351791 cfg=104 nodes= 60816 60548 60547 60838 0 0 0 0 0 0
E 351790 cfg=104 nodes= 60815 60816 60838 60836 0 0 0 0 0 0
E 351789 cfg=104 nodes= 60838 60547 60546 60837 0 0 0 0 0 0
E 351788 cfg=104 nodes= 60836 60838 60837 60835 0 0 0 0 0 0
E 351787 cfg=104 nodes= 60837 60546 60545 60832 0 0 0 0 0 0
E 351786 cfg=104 nodes= 60835 60837 60832 60833 0 0 0 0 0 0
E 351785 cfg=104 nodes= 60829 60828 60830 60831 0 0 0 0 0 0
E 351784 cfg=104 nodes= 60801 60829 60831 60800 0 0 0 0 0 0
E 351783 cfg=104 nodes= 60831 60830 60074 60073 0 0 0 0 0 0
E 351782 cfg=104 nodes= 60800 60831 60073 60072 0 0 0 0 0 0
E 351781 cfg=104 nodes= 60821 60830 60828 60820 0 0 0 0 0 0
E 351780 cfg=104 nodes= 60075 60074 60830 60821 0 0 0 0 0 0
E 351779 cfg=104 nodes= 60829 60801 60802 60823 0 0 0 0 0 0
E 351778 cfg=104 nodes= 60828 60829 60823 60822 0 0 0 0 0 0
E 351777 cfg=104 nodes= 60820 60828 60822 60819 0 0 0 0 0 0
E 351776 cfg=104 nodes= 60825 60824 60826 60827 0 0 0 0 0 0
E 351775 cfg=104 nodes= 60804 60825 60827 60803 0 0 0 0 0 0
E 351774 cfg=104 nodes= 60827 60826 60822 60823 0 0 0 0 0 0
E 351773 cfg=104 nodes= 60803 60827 60823 60802 0 0 0 0 0 0
E 351772 cfg=104 nodes= 60818 60826 60824 60817 0 0 0 0 0 0
E 351771 cfg=104 nodes= 60819 60822 60826 60818 0 0 0 0 0 0
E 351770 cfg=104 nodes= 60825 60804 60805 60811 0 0 0 0 0 0
E 351769 cfg=104 nodes= 60824 60825 60811 60812 0 0 0 0 0 0
E 351768 cfg=104 nodes= 60817 60824 60812 60813 0 0 0 0 0 0
E 351766 cfg=104 nodes= 60797 60799 60792 60791 0 0 0 0 0 0
E 351765 cfg=104 nodes= 60799 60798 60781 60780 0 0 0 0 0 0
E 351763 cfg=104 nodes= 60685 60798 60797 60686 0 0 0 0 0 0
E 351762 cfg=104 nodes= 60684 60781 60798 60685 0 0 0 0 0 0
E 351761 cfg=104 nodes= 60797 60791 60568 60567 0 0 0 0 0 0
E 351760 cfg=104 nodes= 60686 60797 60567 60566 0 0 0 0 0 0
E 351759 cfg=104 nodes= 60794 60793 60795 60796 0 0 0 0 0 0
E 351758 cfg=104 nodes= 59790 60794 60796 59791 0 0 0 0 0 0
E 351755 cfg=104 nodes= 60792 60795 60793 60791 0 0 0 0 0 0
E 351753 cfg=104 nodes= 60794 59790 59789 60570 0 0 0 0 0 0
E 351752 cfg=104 nodes= 60793 60794 60570 60569 0 0 0 0 0 0
E 351751 cfg=104 nodes= 60791 60793 60569 60568 0 0 0 0 0 0
E 351748 cfg=104 nodes= 60790 60789 60780 60781 0 0 0 0 0 0
E 351747 cfg=104 nodes= 60683 60790 60781 60684 0 0 0 0 0 0
E 393156 cfg=104 nodes= 104018 104017 104033 104037 0 0 0 0 0 0
E 393155 cfg=104 nodes= 104019 104018 104037 104036 0 0 0 0 0 0
E 393154 cfg=104 nodes= 104000 104019 104036 104005 0 0 0 0 0 0
E 393153 cfg=104 nodes= 104036 104037 104039 104038 0 0 0 0 0 0
E 393152 cfg=104 nodes= 104037 104033 104032 104039 0 0 0 0 0 0
E 393095 cfg=104 nodes= 60699 103997 103996 60698 0 0 0 0 0 0
E 393094 cfg=104 nodes= 60700 103995 103997 60699 0 0 0 0 0 0
E 351726 cfg=104 nodes= 60767 60680 60679 60774 0 0 0 0 0 0
E 393093 cfg=104 nodes= 103996 60689 60690 60695 0 0 0 0 0 0
E 351724 cfg=104 nodes= 60774 60679 56078 56077 0 0 0 0 0 0
E 393092 cfg=104 nodes= 60698 103996 60695 60696 0 0 0 0 0 0
E 393151 cfg=104 nodes= 104032 104002 104038 104039 0 0 0 0 0 0
E 393150 cfg=104 nodes= 104005 104036 104038 104002 0 0 0 0 0 0
E 393149 cfg=104 nodes= 60789 103994 104002 104032 0 0 0 0 0 0
E 393148 cfg=104 nodes= 104016 60796 60795 104035 0 0 0 0 0 0
E 393147 cfg=104 nodes= 104017 104016 104035 104033 0 0 0 0 0 0
E 393146 cfg=104 nodes= 104035 60795 60792 104034 0 0 0 0 0 0
E 393145 cfg=104 nodes= 104033 104035 104034 104032 0 0 0 0 0 0
E 393144 cfg=104 nodes= 104034 60792 60799 60780 0 0 0 0 0 0
E 393104 cfg=104 nodes= 60769 104002 103994 60768 0 0 0 0 0 0
E 393103 cfg=104 nodes= 103999 60683 60687 103995 0 0 0 0 0 0
E 393102 cfg=104 nodes= 103998 60790 60683 103999 0 0 0 0 0 0
E 393101 cfg=104 nodes= 103994 60789 60790 103998 0 0 0 0 0 0
E 393100 cfg=104 nodes= 60680 103999 103995 60700 0 0 0 0 0 0
E 393099 cfg=104 nodes= 60767 103998 103999 60680 0 0 0 0 0 0
E 393098 cfg=104 nodes= 60768 103994 103998 60767 0 0 0 0 0 0
E 393097 cfg=104 nodes= 103997 60688 60689 103996 0 0 0 0 0 0
E 393091 cfg=103 nodes= 60775 60776 103991 0 0 0 0 0 0 0
E 393090 cfg=104 nodes= 56075 60775 103991 56076 0 0 0 0 0 0
E 393089 cfg=104 nodes= 56077 56076 103991 60774 0 0 0 0 0 0
E 393143 cfg=104 nodes= 104032 104034 60780 60789 0 0 0 0 0 0
E 393142 cfg=104 nodes= 104013 104022 104031 104012 0 0 0 0 0 0
E 393141 cfg=104 nodes= 104021 104029 104031 104022 0 0 0 0 0 0
E 393140 cfg=104 nodes= 104011 104012 104031 104029 0 0 0 0 0 0
E 393139 cfg=104 nodes= 103992 104011 104029 104007 0 0 0 0 0 0
E 393138 cfg=104 nodes= 104030 104020 104018 104019 0 0 0 0 0 0
E 351696 cfg=104 nodes= 60739 60738 60744 60746 0 0 0 0 0 0
E 351695 cfg=104 nodes= 60722 60739 60746 60723 0 0 0 0 0 0
E 351694 cfg=104 nodes= 60746 60744 60693 60692 0 0 0 0 0 0
E 351693 cfg=104 nodes= 60723 60746 60692 60691 0 0 0 0 0 0
E 351691 cfg=104 nodes= 60745 60736 60551 60552 0 0 0 0 0 0
E 351690 cfg=104 nodes= 60738 60737 60745 60744 0 0 0 0 0 0
E 351689 cfg=104 nodes= 60745 60552 60553 60694 0 0 0 0 0 0
E 351688 cfg=104 nodes= 60744 60745 60694 60693 0 0 0 0 0 0
E 351687 cfg=104 nodes= 60560 60559 60742 60743 0 0 0 0 0 0
E 351686 cfg=104 nodes= 60561 60560 60743 60721 0 0 0 0 0 0
E 351685 cfg=104 nodes= 60743 60742 60738 60739 0 0 0 0 0 0
E 351684 cfg=104 nodes= 60721 60743 60739 60722 0 0 0 0 0 0
E 351683 cfg=104 nodes= 60740 60742 60559 60558 0 0 0 0 0 0
E 351682 cfg=104 nodes= 60737 60738 60742 60740 0 0 0 0 0 0
E 351681 cfg=104 nodes= 60557 60549 60550 60741 0 0 0 0 0 0
E 351680 cfg=104 nodes= 60558 60557 60741 60740 0 0 0 0 0 0
E 351679 cfg=104 nodes= 60741 60550 60551 60736 0 0 0 0 0 0
E 351678 cfg=104 nodes= 60740 60741 60736 60737 0 0 0 0 0 0
E 351677 cfg=104 nodes= 60731 60730 60734 60735 0 0 0 0 0 0
E 351676 cfg=104 nodes= 60725 60731 60735 60726 0 0 0 0 0 0
E 351675 cfg=104 nodes= 60735 60734 60690 60689 0 0 0 0 0 0
E 351674 cfg=104 nodes= 60726 60735 60689 60688 0 0 0 0 0 0
E 351673 cfg=104 nodes= 60723 60734 60730 60722 0 0 0 0 0 0
E 351672 cfg=104 nodes= 60691 60690 60734 60723 0 0 0 0 0 0
E 351671 cfg=104 nodes= 60563 60562 60732 60733 0 0 0 0 0 0
E 351670 cfg=104 nodes= 60564 60563 60733 60724 0 0 0 0 0 0
E 351669 cfg=104 nodes= 60733 60732 60730 60731 0 0 0 0 0 0
E 351668 cfg=104 nodes= 60724 60733 60731 60725 0 0 0 0 0 0
E 351667 cfg=104 nodes= 60721 60732 60562 60561 0 0 0 0 0 0
E 351666 cfg=104 nodes= 60722 60730 60732 60721 0 0 0 0 0 0
E 351665 cfg=104 nodes= 60687 60683 60684 60729 0 0 0 0 0 0
E 351664 cfg=104 nodes= 60688 60687 60729 60726 0 0 0 0 0 0
E 351663 cfg=104 nodes= 60729 60684 60685 60727 0 0 0 0 0 0
E 351662 cfg=104 nodes= 60726 60729 60727 60725 0 0 0 0 0 0
E 351661 cfg=104 nodes= 60727 60685 60686 60728 0 0 0 0 0 0
E 351660 cfg=104 nodes= 60725 60727 60728 60724 0 0 0 0 0 0
E 351659 cfg=104 nodes= 60728 60686 60566 60565 0 0 0 0 0 0
E 351658 cfg=104 nodes= 60724 60728 60565 60564 0 0 0 0 0 0
E 351657 cfg=104 nodes= 60713 60712 60718 60720 0 0 0 0 0 0
E 351656 cfg=104 nodes= 60696 60713 60720 60697 0 0 0 0 0 0
E 351655 cfg=104 nodes= 60720 60718 56084 56083 0 0 0 0 0 0
E 351654 cfg=104 nodes= 60697 60720 56083 56082 0 0 0 0 0 0
E 351652 cfg=104 nodes= 60719 60710 60555 60556 0 0 0 0 0 0
E 351651 cfg=104 nodes= 60712 60711 60719 60718 0 0 0 0 0 0
E 351650 cfg=104 nodes= 60719 60556 56086 56085 0 0 0 0 0 0
E 351649 cfg=104 nodes= 60718 60719 56085 56084 0 0 0 0 0 0
E 351648 cfg=104 nodes= 60691 60692 60716 60717 0 0 0 0 0 0
E 351647 cfg=104 nodes= 60690 60691 60717 60695 0 0 0 0 0 0
E 351646 cfg=104 nodes= 60717 60716 60712 60713 0 0 0 0 0 0
E 351645 cfg=104 nodes= 60695 60717 60713 60696 0 0 0 0 0 0
E 351644 cfg=104 nodes= 60714 60716 60692 60693 0 0 0 0 0 0
E 351643 cfg=104 nodes= 60711 60712 60716 60714 0 0 0 0 0 0
E 351642 cfg=104 nodes= 60694 60553 60554 60715 0 0 0 0 0 0
E 351641 cfg=104 nodes= 60693 60694 60715 60714 0 0 0 0 0 0
E 351640 cfg=104 nodes= 60715 60554 60555 60710 0 0 0 0 0 0
E 351639 cfg=104 nodes= 60714 60715 60710 60711 0 0 0 0 0 0
E 351638 cfg=104 nodes= 60700 60699 60707 60709 0 0 0 0 0 0
E 351637 cfg=104 nodes= 60680 60700 60709 60679 0 0 0 0 0 0
E 351636 cfg=104 nodes= 60709 60707 56080 56079 0 0 0 0 0 0
E 351635 cfg=104 nodes= 60679 60709 56079 56078 0 0 0 0 0 0
E 351634 cfg=104 nodes= 60698 60696 60697 60708 0 0 0 0 0 0
E 351633 cfg=104 nodes= 60699 60698 60708 60707 0 0 0 0 0 0
E 351632 cfg=104 nodes= 60708 60697 56082 56081 0 0 0 0 0 0
E 351631 cfg=104 nodes= 60707 60708 56081 56080 0 0 0 0 0 0
E 393137 cfg=104 nodes= 104029 104021 104020 104030 0 0 0 0 0 0
E 393136 cfg=104 nodes= 104008 104030 104019 104000 0 0 0 0 0 0
E 393135 cfg=104 nodes= 104007 104029 104030 104008 0 0 0 0 0 0
E 393134 cfg=104 nodes= 104028 59815 59816 104024 0 0 0 0 0 0
E 393133 cfg=104 nodes= 104015 59709 59815 104028 0 0 0 0 0 0
E 393132 cfg=104 nodes= 104027 104028 104024 104023 0 0 0 0 0 0
E 393131 cfg=104 nodes= 104014 104015 104028 104027 0 0 0 0 0 0
E 393130 cfg=104 nodes= 104022 104027 104023 104021 0 0 0 0 0 0
E 393129 cfg=104 nodes= 104013 104014 104027 104022 0 0 0 0 0 0
E 393128 cfg=104 nodes= 104026 59791 60796 104016 0 0 0 0 0 0
E 393127 cfg=104 nodes= 104024 59816 59791 104026 0 0 0 0 0 0
E 351618 cfg=104 nodes= 60678 60655 60654 60670 0 0 0 0 0 0
E 351617 cfg=104 nodes= 60622 60621 60655 60678 0 0 0 0 0 0
E 351616 cfg=104 nodes= 60676 60678 60670 60669 0 0 0 0 0 0
E 351615 cfg=104 nodes= 60623 60622 60678 60676 0 0 0 0 0 0
E 351614 cfg=104 nodes= 60668 60576 60575 60677 0 0 0 0 0 0
E 351613 cfg=104 nodes= 60669 60668 60677 60676 0 0 0 0 0 0
E 351612 cfg=104 nodes= 60677 60575 60574 60624 0 0 0 0 0 0
E 351611 cfg=104 nodes= 60676 60677 60624 60623 0 0 0 0 0 0
E 351610 cfg=104 nodes= 60675 60672 60671 60674 0 0 0 0 0 0
E 351609 cfg=104 nodes= 60089 60088 60672 60675 0 0 0 0 0 0
E 351608 cfg=104 nodes= 60652 60675 60674 60653 0 0 0 0 0 0
E 351607 cfg=104 nodes= 60090 60089 60675 60652 0 0 0 0 0 0
E 351606 cfg=104 nodes= 60674 60671 60669 60670 0 0 0 0 0 0
E 351605 cfg=104 nodes= 60653 60674 60670 60654 0 0 0 0 0 0
E 351604 cfg=104 nodes= 60087 60086 60577 60673 0 0 0 0 0 0
E 351602 cfg=104 nodes= 60673 60672 60088 60087 0 0 0 0 0 0
E 351601 cfg=104 nodes= 60673 60577 60576 60668 0 0 0 0 0 0
E 351600 cfg=104 nodes= 60671 60673 60668 60669 0 0 0 0 0 0
E 351599 cfg=104 nodes= 60667 60663 60662 60666 0 0 0 0 0 0
E 351598 cfg=104 nodes= 60658 60657 60663 60667 0 0 0 0 0 0
E 351597 cfg=104 nodes= 59782 60667 60666 59783 0 0 0 0 0 0
E 351596 cfg=104 nodes= 59781 60658 60667 59782 0 0 0 0 0 0
E 351595 cfg=104 nodes= 60666 60662 60619 60618 0 0 0 0 0 0
E 351594 cfg=104 nodes= 59783 60666 60618 59784 0 0 0 0 0 0
E 351593 cfg=104 nodes= 60665 60654 60655 60664 0 0 0 0 0 0
E 351592 cfg=104 nodes= 60656 60653 60654 60665 0 0 0 0 0 0
E 351591 cfg=104 nodes= 60663 60665 60664 60662 0 0 0 0 0 0
E 351590 cfg=104 nodes= 60657 60656 60665 60663 0 0 0 0 0 0
E 351589 cfg=104 nodes= 60664 60655 60621 60620 0 0 0 0 0 0
E 351588 cfg=104 nodes= 60662 60664 60620 60619 0 0 0 0 0 0
E 351587 cfg=104 nodes= 60661 59780 59779 60093 0 0 0 0 0 0
E 351586 cfg=104 nodes= 60658 59781 59780 60661 0 0 0 0 0 0
E 351585 cfg=104 nodes= 60659 60661 60093 60092 0 0 0 0 0 0
E 351584 cfg=104 nodes= 60657 60658 60661 60659 0 0 0 0 0 0
E 351583 cfg=104 nodes= 60660 60659 60092 60091 0 0 0 0 0 0
E 351582 cfg=104 nodes= 60656 60657 60659 60660 0 0 0 0 0 0
E 351581 cfg=104 nodes= 60652 60660 60091 60090 0 0 0 0 0 0
E 351580 cfg=104 nodes= 60653 60656 60660 60652 0 0 0 0 0 0
E 351579 cfg=104 nodes= 60651 60648 60647 60650 0 0 0 0 0 0
E 351578 cfg=104 nodes= 60643 60642 60648 60651 0 0 0 0 0 0
E 351577 cfg=104 nodes= 60627 60651 60650 60628 0 0 0 0 0 0
E 351576 cfg=104 nodes= 60626 60643 60651 60627 0 0 0 0 0 0
E 351575 cfg=104 nodes= 60650 60647 60565 60566 0 0 0 0 0 0
E 351574 cfg=104 nodes= 60628 60650 60566 60567 0 0 0 0 0 0
E 351573 cfg=104 nodes= 60641 60572 60571 60649 0 0 0 0 0 0
E 351571 cfg=104 nodes= 60649 60648 60642 60641 0 0 0 0 0 0
E 351570 cfg=104 nodes= 60649 60571 60563 60564 0 0 0 0 0 0
E 351569 cfg=104 nodes= 60647 60649 60564 60565 0 0 0 0 0 0
E 351568 cfg=104 nodes= 60646 60625 60621 60622 0 0 0 0 0 0
E 351567 cfg=104 nodes= 60643 60626 60625 60646 0 0 0 0 0 0
E 351566 cfg=104 nodes= 60644 60646 60622 60623 0 0 0 0 0 0
E 351565 cfg=104 nodes= 60642 60643 60646 60644 0 0 0 0 0 0
E 351564 cfg=104 nodes= 60624 60574 60573 60645 0 0 0 0 0 0
E 351563 cfg=104 nodes= 60623 60624 60645 60644 0 0 0 0 0 0
E 351562 cfg=104 nodes= 60645 60573 60572 60641 0 0 0 0 0 0
E 351561 cfg=104 nodes= 60644 60645 60641 60642 0 0 0 0 0 0
E 351560 cfg=104 nodes= 60640 60636 60635 60639 0 0 0 0 0 0
E 351559 cfg=104 nodes= 60631 60630 60636 60640 0 0 0 0 0 0
E 351558 cfg=104 nodes= 59787 60640 60639 59788 0 0 0 0 0 0
E 351557 cfg=104 nodes= 59786 60631 60640 59787 0 0 0 0 0 0
E 351556 cfg=104 nodes= 60639 60635 60569 60570 0 0 0 0 0 0
E 351555 cfg=104 nodes= 59788 60639 60570 59789 0 0 0 0 0 0
E 351554 cfg=104 nodes= 60638 60627 60628 60637 0 0 0 0 0 0
E 351553 cfg=104 nodes= 60629 60626 60627 60638 0 0 0 0 0 0
E 351552 cfg=104 nodes= 60636 60638 60637 60635 0 0 0 0 0 0
E 351551 cfg=104 nodes= 60630 60629 60638 60636 0 0 0 0 0 0
E 351550 cfg=104 nodes= 60637 60628 60567 60568 0 0 0 0 0 0
E 351549 cfg=104 nodes= 60635 60637 60568 60569 0 0 0 0 0 0
E 351548 cfg=104 nodes= 60634 59785 59784 60618 0 0 0 0 0 0
E 351547 cfg=104 nodes= 60631 59786 59785 60634 0 0 0 0 0 0
E 351546 cfg=104 nodes= 60632 60634 60618 60619 0 0 0 0 0 0
E 351545 cfg=104 nodes= 60630 60631 60634 60632 0 0 0 0 0 0
E 351544 cfg=104 nodes= 60633 60632 60619 60620 0 0 0 0 0 0
E 351543 cfg=104 nodes= 60629 60630 60632 60633 0 0 0 0 0 0
E 351542 cfg=104 nodes= 60625 60633 60620 60621 0 0 0 0 0 0
E 351541 cfg=104 nodes= 60626 60629 60633 60625 0 0 0 0 0 0
E 351540 cfg=104 nodes= 60611 60610 60615 60617 0 0 0 0 0 0
E 351539 cfg=104 nodes= 60601 60611 60617 60602 0 0 0 0 0 0
E 351538 cfg=104 nodes= 60617 60615 60582 60581 0 0 0 0 0 0
E 351537 cfg=104 nodes= 60602 60617 60581 60580 0 0 0 0 0 0
E 351536 cfg=104 nodes= 60609 60544 60545 60616 0 0 0 0 0 0
E 351535 cfg=104 nodes= 60610 60609 60616 60615 0 0 0 0 0 0
E 351534 cfg=104 nodes= 60616 60545 60546 60583 0 0 0 0 0 0
E 351533 cfg=104 nodes= 60615 60616 60583 60582 0 0 0 0 0 0
E 351532 cfg=104 nodes= 60082 60081 60612 60614 0 0 0 0 0 0
E 351531 cfg=104 nodes= 60083 60082 60614 60600 0 0 0 0 0 0
E 351530 cfg=104 nodes= 60614 60612 60610 60611 0 0 0 0 0 0
E 351529 cfg=104 nodes= 60600 60614 60611 60601 0 0 0 0 0 0
E 351528 cfg=104 nodes= 60080 60079 60543 60613 0 0 0 0 0 0
E 351527 cfg=104 nodes= 60081 60080 60613 60612 0 0 0 0 0 0
E 351526 cfg=104 nodes= 60613 60543 60544 60609 0 0 0 0 0 0
E 351525 cfg=104 nodes= 60612 60613 60609 60610 0 0 0 0 0 0
E 351524 cfg=104 nodes= 60604 60603 60607 60608 0 0 0 0 0 0
E 351523 cfg=104 nodes= 60576 60604 60608 60575 0 0 0 0 0 0
E 351522 cfg=104 nodes= 60608 60607 60579 60578 0 0 0 0 0 0
E 351521 cfg=104 nodes= 60575 60608 60578 60574 0 0 0 0 0 0
E 351520 cfg=104 nodes= 60602 60607 60603 60601 0 0 0 0 0 0
E 351519 cfg=104 nodes= 60580 60579 60607 60602 0 0 0 0 0 0
E 351518 cfg=104 nodes= 60085 60084 60605 60606 0 0 0 0 0 0
E 351517 cfg=104 nodes= 60086 60085 60606 60577 0 0 0 0 0 0
E 351516 cfg=104 nodes= 60606 60605 60603 60604 0 0 0 0 0 0
E 351515 cfg=104 nodes= 60577 60606 60604 60576 0 0 0 0 0 0
E 351514 cfg=104 nodes= 60600 60605 60084 60083 0 0 0 0 0 0
E 351513 cfg=104 nodes= 60601 60603 60605 60600 0 0 0 0 0 0
E 351512 cfg=104 nodes= 60557 60558 60594 60599 0 0 0 0 0 0
E 351511 cfg=104 nodes= 60549 60557 60599 60548 0 0 0 0 0 0
E 351510 cfg=104 nodes= 60599 60594 60593 60598 0 0 0 0 0 0
E 351509 cfg=104 nodes= 60548 60599 60598 60547 0 0 0 0 0 0
E 351508 cfg=104 nodes= 60598 60593 60582 60583 0 0 0 0 0 0
E 351507 cfg=104 nodes= 60547 60598 60583 60546 0 0 0 0 0 0
E 351506 cfg=104 nodes= 60597 60586 60585 60595 0 0 0 0 0 0
E 351505 cfg=104 nodes= 60559 60560 60586 60597 0 0 0 0 0 0
E 351503 cfg=104 nodes= 60559 60597 60594 60558 0 0 0 0 0 0
E 351502 cfg=104 nodes= 60596 60584 60580 60581 0 0 0 0 0 0
E 351501 cfg=104 nodes= 60595 60585 60584 60596 0 0 0 0 0 0
E 351500 cfg=104 nodes= 60593 60596 60581 60582 0 0 0 0 0 0
E 351499 cfg=104 nodes= 60594 60595 60596 60593 0 0 0 0 0 0
E 351498 cfg=104 nodes= 60592 60571 60572 60588 0 0 0 0 0 0
E 351497 cfg=104 nodes= 60562 60563 60571 60592 0 0 0 0 0 0
E 351496 cfg=104 nodes= 60591 60592 60588 60587 0 0 0 0 0 0
E 351495 cfg=104 nodes= 60561 60562 60592 60591 0 0 0 0 0 0
E 351494 cfg=104 nodes= 60586 60591 60587 60585 0 0 0 0 0 0
E 351493 cfg=104 nodes= 60560 60561 60591 60586 0 0 0 0 0 0
E 351492 cfg=104 nodes= 60590 60573 60574 60578 0 0 0 0 0 0
E 351491 cfg=104 nodes= 60588 60572 60573 60590 0 0 0 0 0 0
E 351490 cfg=104 nodes= 60589 60590 60578 60579 0 0 0 0 0 0
E 351489 cfg=104 nodes= 60587 60588 60590 60589 0 0 0 0 0 0
E 351488 cfg=104 nodes= 60584 60589 60579 60580 0 0 0 0 0 0
E 351487 cfg=104 nodes= 60585 60587 60589 60584 0 0 0 0 0 0
E 351486 cfg=104 nodes= 60536 60535 60540 60542 0 0 0 0 0 0
E 351485 cfg=104 nodes= 60523 60536 60542 60524 0 0 0 0 0 0
E 351484 cfg=104 nodes= 60542 60540 60499 60498 0 0 0 0 0 0
E 351483 cfg=104 nodes= 60524 60542 60498 60497 0 0 0 0 0 0
E 351482 cfg=104 nodes= 60534 60338 60337 60541 0 0 0 0 0 0
E 351481 cfg=104 nodes= 60535 60534 60541 60540 0 0 0 0 0 0
E 351480 cfg=104 nodes= 60541 60337 60336 60500 0 0 0 0 0 0
E 351479 cfg=104 nodes= 60540 60541 60500 60499 0 0 0 0 0 0
E 351478 cfg=104 nodes= 60104 60103 60537 60539 0 0 0 0 0 0
E 351477 cfg=104 nodes= 60105 60104 60539 60522 0 0 0 0 0 0
E 351476 cfg=104 nodes= 60539 60537 60535 60536 0 0 0 0 0 0
E 351475 cfg=104 nodes= 60522 60539 60536 60523 0 0 0 0 0 0
E 351474 cfg=104 nodes= 60102 60101 60339 60538 0 0 0 0 0 0
E 351473 cfg=104 nodes= 60103 60102 60538 60537 0 0 0 0 0 0
E 351472 cfg=104 nodes= 60538 60339 60338 60534 0 0 0 0 0 0
E 351471 cfg=104 nodes= 60537 60538 60534 60535 0 0 0 0 0 0
E 351470 cfg=104 nodes= 60527 60526 60531 60533 0 0 0 0 0 0
E 351469 cfg=104 nodes= 60077 60527 60533 60076 0 0 0 0 0 0
E 351468 cfg=104 nodes= 60533 60531 60495 60494 0 0 0 0 0 0
E 351467 cfg=104 nodes= 60076 60533 60494 60075 0 0 0 0 0 0
E 351466 cfg=104 nodes= 60525 60523 60524 60532 0 0 0 0 0 0
E 351465 cfg=104 nodes= 60526 60525 60532 60531 0 0 0 0 0 0
E 351464 cfg=104 nodes= 60532 60524 60497 60496 0 0 0 0 0 0
E 351463 cfg=104 nodes= 60531 60532 60496 60495 0 0 0 0 0 0
E 351462 cfg=104 nodes= 60108 60107 60528 60530 0 0 0 0 0 0
E 351461 cfg=104 nodes= 60079 60108 60530 60078 0 0 0 0 0 0
E 351460 cfg=104 nodes= 60530 60528 60526 60527 0 0 0 0 0 0
E 351459 cfg=104 nodes= 60078 60530 60527 60077 0 0 0 0 0 0
E 351458 cfg=104 nodes= 60106 60105 60522 60529 0 0 0 0 0 0
E 351457 cfg=104 nodes= 60107 60106 60529 60528 0 0 0 0 0 0
E 351456 cfg=104 nodes= 60529 60522 60523 60525 0 0 0 0 0 0
E 351455 cfg=104 nodes= 60528 60529 60525 60526 0 0 0 0 0 0
E 351454 cfg=104 nodes= 60515 60514 60519 60521 0 0 0 0 0 0
E 351453 cfg=104 nodes= 60502 60515 60521 60503 0 0 0 0 0 0
E 351452 cfg=104 nodes= 60521 60519 60450 60449 0 0 0 0 0 0
E 351451 cfg=104 nodes= 60503 60521 60449 60448 0 0 0 0 0 0
E 351450 cfg=104 nodes= 60513 60334 60333 60520 0 0 0 0 0 0
E 351449 cfg=104 nodes= 60514 60513 60520 60519 0 0 0 0 0 0
E 351448 cfg=104 nodes= 60520 60333 60332 60451 0 0 0 0 0 0
E 351447 cfg=104 nodes= 60519 60520 60451 60450 0 0 0 0 0 0
E 351446 cfg=104 nodes= 60498 60499 60516 60518 0 0 0 0 0 0
E 351445 cfg=104 nodes= 60497 60498 60518 60501 0 0 0 0 0 0
E 351444 cfg=104 nodes= 60518 60516 60514 60515 0 0 0 0 0 0
E 351443 cfg=104 nodes= 60501 60518 60515 60502 0 0 0 0 0 0
E 351442 cfg=104 nodes= 60500 60336 60335 60517 0 0 0 0 0 0
E 351441 cfg=104 nodes= 60499 60500 60517 60516 0 0 0 0 0 0
E 351440 cfg=104 nodes= 60517 60335 60334 60513 0 0 0 0 0 0
E 351439 cfg=104 nodes= 60516 60517 60513 60514 0 0 0 0 0 0
E 351438 cfg=104 nodes= 60506 60505 60510 60512 0 0 0 0 0 0
E 351437 cfg=104 nodes= 60073 60506 60512 60072 0 0 0 0 0 0
E 351436 cfg=104 nodes= 60512 60510 60446 60445 0 0 0 0 0 0
E 351435 cfg=104 nodes= 60072 60512 60445 60071 0 0 0 0 0 0
E 351434 cfg=104 nodes= 60504 60502 60503 60511 0 0 0 0 0 0
E 351433 cfg=104 nodes= 60505 60504 60511 60510 0 0 0 0 0 0
E 351432 cfg=104 nodes= 60511 60503 60448 60447 0 0 0 0 0 0
E 351431 cfg=104 nodes= 60510 60511 60447 60446 0 0 0 0 0 0
E 351430 cfg=104 nodes= 60494 60495 60507 60509 0 0 0 0 0 0
E 351429 cfg=104 nodes= 60075 60494 60509 60074 0 0 0 0 0 0
E 351428 cfg=104 nodes= 60509 60507 60505 60506 0 0 0 0 0 0
E 351427 cfg=104 nodes= 60074 60509 60506 60073 0 0 0 0 0 0
E 351426 cfg=104 nodes= 60496 60497 60501 60508 0 0 0 0 0 0
E 351425 cfg=104 nodes= 60495 60496 60508 60507 0 0 0 0 0 0
E 351424 cfg=104 nodes= 60508 60501 60502 60504 0 0 0 0 0 0
E 351423 cfg=104 nodes= 60507 60508 60504 60505 0 0 0 0 0 0
E 351422 cfg=104 nodes= 60487 60486 60491 60493 0 0 0 0 0 0
E 351421 cfg=104 nodes= 60456 60487 60493 60457 0 0 0 0 0 0
E 351420 cfg=104 nodes= 60493 60491 59499 59498 0 0 0 0 0 0
E 351419 cfg=104 nodes= 60457 60493 59498 59497 0 0 0 0 0 0
E 351418 cfg=104 nodes= 60485 60327 60326 60492 0 0 0 0 0 0
E 351417 cfg=104 nodes= 60486 60485 60492 60491 0 0 0 0 0 0
E 351416 cfg=104 nodes= 60492 60326 59501 59500 0 0 0 0 0 0
E 351415 cfg=104 nodes= 60491 60492 59500 59499 0 0 0 0 0 0
E 351414 cfg=104 nodes= 60478 60477 60488 60490 0 0 0 0 0 0
E 351413 cfg=104 nodes= 60454 60478 60490 60455 0 0 0 0 0 0
E 351412 cfg=104 nodes= 60490 60488 60486 60487 0 0 0 0 0 0
E 351411 cfg=104 nodes= 60455 60490 60487 60456 0 0 0 0 0 0
E 351410 cfg=104 nodes= 60476 60329 60328 60489 0 0 0 0 0 0
E 351409 cfg=104 nodes= 60477 60476 60489 60488 0 0 0 0 0 0
E 351408 cfg=104 nodes= 60489 60328 60327 60485 0 0 0 0 0 0
E 351407 cfg=104 nodes= 60488 60489 60485 60486 0 0 0 0 0 0
E 351406 cfg=104 nodes= 60449 60450 60480 60484 0 0 0 0 0 0
E 351405 cfg=104 nodes= 60448 60449 60484 60452 0 0 0 0 0 0
E 351404 cfg=104 nodes= 60484 60480 60479 60483 0 0 0 0 0 0
E 351403 cfg=104 nodes= 60452 60484 60483 60453 0 0 0 0 0 0
E 351402 cfg=104 nodes= 60483 60479 60477 60478 0 0 0 0 0 0
E 351401 cfg=104 nodes= 60453 60483 60478 60454 0 0 0 0 0 0
E 351400 cfg=104 nodes= 60451 60332 60331 60482 0 0 0 0 0 0
E 351399 cfg=104 nodes= 60450 60451 60482 60480 0 0 0 0 0 0
E 351398 cfg=104 nodes= 60482 60331 60330 60481 0 0 0 0 0 0
E 351397 cfg=104 nodes= 60480 60482 60481 60479 0 0 0 0 0 0
E 351396 cfg=104 nodes= 60481 60330 60329 60476 0 0 0 0 0 0
E 351395 cfg=104 nodes= 60479 60481 60476 60477 0 0 0 0 0 0
E 351394 cfg=104 nodes= 60475 60065 60066 60469 0 0 0 0 0 0
E 351393 cfg=104 nodes= 59494 59493 60065 60475 0 0 0 0 0 0
E 351392 cfg=104 nodes= 60473 60475 60469 60468 0 0 0 0 0 0
E 351391 cfg=104 nodes= 59495 59494 60475 60473 0 0 0 0 0 0
E 351390 cfg=104 nodes= 60467 60456 60457 60474 0 0 0 0 0 0
E 351389 cfg=104 nodes= 60468 60467 60474 60473 0 0 0 0 0 0
E 351388 cfg=104 nodes= 60474 60457 59497 59496 0 0 0 0 0 0
E 351387 cfg=104 nodes= 60473 60474 59496 59495 0 0 0 0 0 0
E 351386 cfg=104 nodes= 60460 60459 60470 60472 0 0 0 0 0 0
E 351385 cfg=104 nodes= 60068 60460 60472 60067 0 0 0 0 0 0
E 351384 cfg=104 nodes= 60472 60470 60468 60469 0 0 0 0 0 0
E 351383 cfg=104 nodes= 60067 60472 60469 60066 0 0 0 0 0 0
E 351382 cfg=104 nodes= 60458 60454 60455 60471 0 0 0 0 0 0
E 351381 cfg=104 nodes= 60459 60458 60471 60470 0 0 0 0 0 0
E 351380 cfg=104 nodes= 60471 60455 60456 60467 0 0 0 0 0 0
E 351379 cfg=104 nodes= 60470 60471 60467 60468 0 0 0 0 0 0
E 351378 cfg=104 nodes= 60445 60446 60462 60466 0 0 0 0 0 0
E 351377 cfg=104 nodes= 60071 60445 60466 60070 0 0 0 0 0 0
E 351376 cfg=104 nodes= 60466 60462 60461 60465 0 0 0 0 0 0
E 351375 cfg=104 nodes= 60070 60466 60465 60069 0 0 0 0 0 0
E 351374 cfg=104 nodes= 60465 60461 60459 60460 0 0 0 0 0 0
E 351373 cfg=104 nodes= 60069 60465 60460 60068 0 0 0 0 0 0
E 351372 cfg=104 nodes= 60447 60448 60452 60464 0 0 0 0 0 0
E 351371 cfg=104 nodes= 60446 60447 60464 60462 0 0 0 0 0 0
E 351370 cfg=104 nodes= 60464 60452 60453 60463 0 0 0 0 0 0
E 351369 cfg=104 nodes= 60462 60464 60463 60461 0 0 0 0 0 0
E 351368 cfg=104 nodes= 60463 60453 60454 60458 0 0 0 0 0 0
E 351367 cfg=104 nodes= 60461 60463 60458 60459 0 0 0 0 0 0
E 351366 cfg=104 nodes= 60438 60437 60442 60444 0 0 0 0 0 0
E 351365 cfg=104 nodes= 60425 60438 60444 60426 0 0 0 0 0 0
E 351364 cfg=104 nodes= 60444 60442 60401 60400 0 0 0 0 0 0
E 351363 cfg=104 nodes= 60426 60444 60400 60399 0 0 0 0 0 0
E 351362 cfg=104 nodes= 60436 60051 60052 60443 0 0 0 0 0 0
E 351361 cfg=104 nodes= 60437 60436 60443 60442 0 0 0 0 0 0
E 351360 cfg=104 nodes= 60443 60052 60053 60402 0 0 0 0 0 0
E 351359 cfg=104 nodes= 60442 60443 60402 60401 0 0 0 0 0 0
E 351358 cfg=104 nodes= 60096 60095 60439 60441 0 0 0 0 0 0
E 351357 cfg=104 nodes= 60097 60096 60441 60424 0 0 0 0 0 0
E 351356 cfg=104 nodes= 60441 60439 60437 60438 0 0 0 0 0 0
E 351355 cfg=104 nodes= 60424 60441 60438 60425 0 0 0 0 0 0
E 351354 cfg=104 nodes= 60094 60049 60050 60440 0 0 0 0 0 0
E 351353 cfg=104 nodes= 60095 60094 60440 60439 0 0 0 0 0 0
E 351352 cfg=104 nodes= 60440 60050 60051 60436 0 0 0 0 0 0
E 351351 cfg=104 nodes= 60439 60440 60436 60437 0 0 0 0 0 0
E 351350 cfg=104 nodes= 60429 60428 60433 60435 0 0 0 0 0 0
E 351349 cfg=104 nodes= 60338 60429 60435 60337 0 0 0 0 0 0
E 351348 cfg=104 nodes= 60435 60433 60397 60396 0 0 0 0 0 0
E 351347 cfg=104 nodes= 60337 60435 60396 60336 0 0 0 0 0 0
E 351346 cfg=104 nodes= 60427 60425 60426 60434 0 0 0 0 0 0
E 351345 cfg=104 nodes= 60428 60427 60434 60433 0 0 0 0 0 0
E 351344 cfg=104 nodes= 60434 60426 60399 60398 0 0 0 0 0 0
E 351343 cfg=104 nodes= 60433 60434 60398 60397 0 0 0 0 0 0
E 351342 cfg=104 nodes= 60100 60099 60430 60432 0 0 0 0 0 0
E 351341 cfg=104 nodes= 60101 60100 60432 60339 0 0 0 0 0 0
E 351340 cfg=104 nodes= 60432 60430 60428 60429 0 0 0 0 0 0
E 351339 cfg=104 nodes= 60339 60432 60429 60338 0 0 0 0 0 0
E 351338 cfg=104 nodes= 60098 60097 60424 60431 0 0 0 0 0 0
E 351337 cfg=104 nodes= 60099 60098 60431 60430 0 0 0 0 0 0
E 351336 cfg=104 nodes= 60431 60424 60425 60427 0 0 0 0 0 0
E 351335 cfg=104 nodes= 60430 60431 60427 60428 0 0 0 0 0 0
E 351334 cfg=104 nodes= 60417 60416 60421 60423 0 0 0 0 0 0
E 351333 cfg=104 nodes= 60404 60417 60423 60405 0 0 0 0 0 0
E 351332 cfg=104 nodes= 60423 60421 60345 60344 0 0 0 0 0 0
E 351331 cfg=104 nodes= 60405 60423 60344 60343 0 0 0 0 0 0
E 351330 cfg=104 nodes= 60415 60055 60056 60422 0 0 0 0 0 0
E 351329 cfg=104 nodes= 60416 60415 60422 60421 0 0 0 0 0 0
E 351328 cfg=104 nodes= 60422 60056 60057 60346 0 0 0 0 0 0
E 351327 cfg=104 nodes= 60421 60422 60346 60345 0 0 0 0 0 0
E 351326 cfg=104 nodes= 60400 60401 60418 60420 0 0 0 0 0 0
E 351325 cfg=104 nodes= 60399 60400 60420 60403 0 0 0 0 0 0
E 351324 cfg=104 nodes= 60420 60418 60416 60417 0 0 0 0 0 0
E 351323 cfg=104 nodes= 60403 60420 60417 60404 0 0 0 0 0 0
E 351322 cfg=104 nodes= 60402 60053 60054 60419 0 0 0 0 0 0
E 351321 cfg=104 nodes= 60401 60402 60419 60418 0 0 0 0 0 0
E 351320 cfg=104 nodes= 60419 60054 60055 60415 0 0 0 0 0 0
E 351319 cfg=104 nodes= 60418 60419 60415 60416 0 0 0 0 0 0
E 351318 cfg=104 nodes= 60408 60407 60412 60414 0 0 0 0 0 0
E 351317 cfg=104 nodes= 60334 60408 60414 60333 0 0 0 0 0 0
E 351316 cfg=104 nodes= 60414 60412 60341 60340 0 0 0 0 0 0
E 351315 cfg=104 nodes= 60333 60414 60340 60332 0 0 0 0 0 0
E 351314 cfg=104 nodes= 60406 60404 60405 60413 0 0 0 0 0 0
E 351313 cfg=104 nodes= 60407 60406 60413 60412 0 0 0 0 0 0
E 351312 cfg=104 nodes= 60413 60405 60343 60342 0 0 0 0 0 0
E 351311 cfg=104 nodes= 60412 60413 60342 60341 0 0 0 0 0 0
E 351310 cfg=104 nodes= 60396 60397 60409 60411 0 0 0 0 0 0
E 351309 cfg=104 nodes= 60336 60396 60411 60335 0 0 0 0 0 0
E 351308 cfg=104 nodes= 60411 60409 60407 60408 0 0 0 0 0 0
E 351307 cfg=104 nodes= 60335 60411 60408 60334 0 0 0 0 0 0
E 351306 cfg=104 nodes= 60398 60399 60403 60410 0 0 0 0 0 0
E 351305 cfg=104 nodes= 60397 60398 60410 60409 0 0 0 0 0 0
E 351304 cfg=104 nodes= 60410 60403 60404 60406 0 0 0 0 0 0
E 351303 cfg=104 nodes= 60409 60410 60406 60407 0 0 0 0 0 0
E 351302 cfg=104 nodes= 60395 60389 60388 60393 0 0 0 0 0 0
E 351301 cfg=104 nodes= 60377 60376 60389 60395 0 0 0 0 0 0
E 351300 cfg=104 nodes= 60351 60395 60393 60352 0 0 0 0 0 0
E 351299 cfg=104 nodes= 60350 60377 60395 60351 0 0 0 0 0 0
E 351298 cfg=104 nodes= 60394 60387 59507 59506 0 0 0 0 0 0
E 351297 cfg=104 nodes= 60393 60388 60387 60394 0 0 0 0 0 0
E 351296 cfg=104 nodes= 60353 60394 59506 59505 0 0 0 0 0 0
E 351295 cfg=104 nodes= 60352 60393 60394 60353 0 0 0 0 0 0
E 351294 cfg=104 nodes= 60392 60062 60063 60390 0 0 0 0 0 0
E 351293 cfg=104 nodes= 60375 60061 60062 60392 0 0 0 0 0 0
E 351292 cfg=104 nodes= 60389 60392 60390 60388 0 0 0 0 0 0
E 351291 cfg=104 nodes= 60376 60375 60392 60389 0 0 0 0 0 0
E 351290 cfg=104 nodes= 60391 60064 59509 59508 0 0 0 0 0 0
E 351289 cfg=104 nodes= 60390 60063 60064 60391 0 0 0 0 0 0
E 351288 cfg=104 nodes= 60387 60391 59508 59507 0 0 0 0 0 0
E 351287 cfg=104 nodes= 60388 60390 60391 60387 0 0 0 0 0 0
E 351286 cfg=104 nodes= 60386 60380 60379 60384 0 0 0 0 0 0
E 351285 cfg=104 nodes= 60344 60345 60380 60386 0 0 0 0 0 0
E 351284 cfg=104 nodes= 60347 60386 60384 60348 0 0 0 0 0 0
E 351283 cfg=104 nodes= 60343 60344 60386 60347 0 0 0 0 0 0
E 351282 cfg=104 nodes= 60385 60378 60376 60377 0 0 0 0 0 0
E 351281 cfg=104 nodes= 60384 60379 60378 60385 0 0 0 0 0 0
E 351280 cfg=104 nodes= 60349 60385 60377 60350 0 0 0 0 0 0
E 351279 cfg=104 nodes= 60348 60384 60385 60349 0 0 0 0 0 0
E 351278 cfg=104 nodes= 60383 60058 60059 60381 0 0 0 0 0 0
E 351277 cfg=104 nodes= 60346 60057 60058 60383 0 0 0 0 0 0
E 351276 cfg=104 nodes= 60380 60383 60381 60379 0 0 0 0 0 0
E 351275 cfg=104 nodes= 60345 60346 60383 60380 0 0 0 0 0 0
E 351274 cfg=104 nodes= 60382 60060 60061 60375 0 0 0 0 0 0
E 351273 cfg=104 nodes= 60381 60059 60060 60382 0 0 0 0 0 0
E 351272 cfg=104 nodes= 60378 60382 60375 60376 0 0 0 0 0 0
E 351271 cfg=104 nodes= 60379 60381 60382 60378 0 0 0 0 0 0
E 351270 cfg=104 nodes= 60374 60368 60367 60372 0 0 0 0 0 0
E 351269 cfg=104 nodes= 60356 60355 60368 60374 0 0 0 0 0 0
E 351267 cfg=104 nodes= 60356 60374 60327 60328 0 0 0 0 0 0
E 351266 cfg=104 nodes= 60373 60366 59503 59502 0 0 0 0 0 0
E 351265 cfg=104 nodes= 60372 60367 60366 60373 0 0 0 0 0 0
E 351264 cfg=104 nodes= 60326 60373 59502 59501 0 0 0 0 0 0
E 351263 cfg=104 nodes= 60327 60372 60373 60326 0 0 0 0 0 0
E 351262 cfg=104 nodes= 60371 60351 60352 60369 0 0 0 0 0 0
E 351261 cfg=104 nodes= 60354 60350 60351 60371 0 0 0 0 0 0
E 351260 cfg=104 nodes= 60368 60371 60369 60367 0 0 0 0 0 0
E 351259 cfg=104 nodes= 60355 60354 60371 60368 0 0 0 0 0 0
E 351258 cfg=104 nodes= 60370 60353 59505 59504 0 0 0 0 0 0
E 351257 cfg=104 nodes= 60369 60352 60353 60370 0 0 0 0 0 0
E 351256 cfg=104 nodes= 60366 60370 59504 59503 0 0 0 0 0 0
E 351255 cfg=104 nodes= 60367 60369 60370 60366 0 0 0 0 0 0
E 351254 cfg=104 nodes= 60365 60359 60358 60363 0 0 0 0 0 0
E 351253 cfg=104 nodes= 60340 60341 60359 60365 0 0 0 0 0 0
E 351252 cfg=104 nodes= 60331 60365 60363 60330 0 0 0 0 0 0
E 351251 cfg=104 nodes= 60332 60340 60365 60331 0 0 0 0 0 0
E 351250 cfg=104 nodes= 60364 60357 60355 60356 0 0 0 0 0 0
E 351249 cfg=104 nodes= 60363 60358 60357 60364 0 0 0 0 0 0
E 351248 cfg=104 nodes= 60329 60364 60356 60328 0 0 0 0 0 0
E 351247 cfg=104 nodes= 60330 60363 60364 60329 0 0 0 0 0 0
E 351246 cfg=104 nodes= 60362 60347 60348 60360 0 0 0 0 0 0
E 351245 cfg=104 nodes= 60342 60343 60347 60362 0 0 0 0 0 0
E 351244 cfg=104 nodes= 60359 60362 60360 60358 0 0 0 0 0 0
E 351243 cfg=104 nodes= 60341 60342 60362 60359 0 0 0 0 0 0
E 351242 cfg=104 nodes= 60361 60349 60350 60354 0 0 0 0 0 0
E 351241 cfg=104 nodes= 60360 60348 60349 60361 0 0 0 0 0 0
E 351240 cfg=104 nodes= 60357 60361 60354 60355 0 0 0 0 0 0
E 351239 cfg=104 nodes= 60358 60360 60361 60357 0 0 0 0 0 0
E 351238 cfg=104 nodes= 60319 60318 60323 60325 0 0 0 0 0 0
E 351237 cfg=104 nodes= 60306 60319 60325 60307 0 0 0 0 0 0
E 351236 cfg=104 nodes= 60325 60323 60282 60281 0 0 0 0 0 0
E 351235 cfg=104 nodes= 60307 60325 60281 60280 0 0 0 0 0 0
E 351234 cfg=104 nodes= 60317 60121 60120 60324 0 0 0 0 0 0
E 351233 cfg=104 nodes= 60318 60317 60324 60323 0 0 0 0 0 0
E 351232 cfg=104 nodes= 60324 60120 60119 60283 0 0 0 0 0 0
E 351231 cfg=104 nodes= 60323 60324 60283 60282 0 0 0 0 0 0
E 351230 cfg=104 nodes= 59774 59773 60320 60322 0 0 0 0 0 0
E 351229 cfg=104 nodes= 59775 59774 60322 60305 0 0 0 0 0 0
E 351228 cfg=104 nodes= 60322 60320 60318 60319 0 0 0 0 0 0
E 351227 cfg=104 nodes= 60305 60322 60319 60306 0 0 0 0 0 0
E 351226 cfg=104 nodes= 59772 59771 60122 60321 0 0 0 0 0 0
E 351225 cfg=104 nodes= 59773 59772 60321 60320 0 0 0 0 0 0
E 351224 cfg=104 nodes= 60321 60122 60121 60317 0 0 0 0 0 0
E 351223 cfg=104 nodes= 60320 60321 60317 60318 0 0 0 0 0 0
E 351222 cfg=104 nodes= 60279 60278 60310 60316 0 0 0 0 0 0
E 351221 cfg=104 nodes= 60280 60279 60316 60307 0 0 0 0 0 0
E 351220 cfg=104 nodes= 60316 60310 60309 60314 0 0 0 0 0 0
E 351219 cfg=104 nodes= 60307 60316 60314 60306 0 0 0 0 0 0
E 351218 cfg=104 nodes= 60314 60309 60308 60315 0 0 0 0 0 0
E 351217 cfg=104 nodes= 60306 60314 60315 60305 0 0 0 0 0 0
E 351216 cfg=104 nodes= 60315 60308 59777 59776 0 0 0 0 0 0
E 351215 cfg=104 nodes= 60305 60315 59776 59775 0 0 0 0 0 0
E 351214 cfg=104 nodes= 60313 60091 60092 60311 0 0 0 0 0 0
E 351213 cfg=104 nodes= 60277 60090 60091 60313 0 0 0 0 0 0
E 351212 cfg=104 nodes= 60310 60313 60311 60309 0 0 0 0 0 0
E 351211 cfg=104 nodes= 60278 60277 60313 60310 0 0 0 0 0 0
E 351210 cfg=104 nodes= 60312 60093 59779 59778 0 0 0 0 0 0
E 351209 cfg=104 nodes= 60311 60092 60093 60312 0 0 0 0 0 0
E 351208 cfg=104 nodes= 60308 60312 59778 59777 0 0 0 0 0 0
E 351207 cfg=104 nodes= 60309 60311 60312 60308 0 0 0 0 0 0
E 351206 cfg=104 nodes= 60298 60297 60302 60304 0 0 0 0 0 0
E 351205 cfg=104 nodes= 60285 60298 60304 60286 0 0 0 0 0 0
E 351204 cfg=104 nodes= 60304 60302 60233 60232 0 0 0 0 0 0
E 351203 cfg=104 nodes= 60286 60304 60232 60231 0 0 0 0 0 0
E 351202 cfg=104 nodes= 60296 60117 60116 60303 0 0 0 0 0 0
E 351201 cfg=104 nodes= 60297 60296 60303 60302 0 0 0 0 0 0
E 351200 cfg=104 nodes= 60303 60116 60115 60234 0 0 0 0 0 0
E 351199 cfg=104 nodes= 60302 60303 60234 60233 0 0 0 0 0 0
E 351198 cfg=104 nodes= 60281 60282 60299 60301 0 0 0 0 0 0
E 351197 cfg=104 nodes= 60280 60281 60301 60284 0 0 0 0 0 0
E 351196 cfg=104 nodes= 60301 60299 60297 60298 0 0 0 0 0 0
E 351195 cfg=104 nodes= 60284 60301 60298 60285 0 0 0 0 0 0
E 351194 cfg=104 nodes= 60283 60119 60118 60300 0 0 0 0 0 0
E 351193 cfg=104 nodes= 60282 60283 60300 60299 0 0 0 0 0 0
E 351192 cfg=104 nodes= 60300 60118 60117 60296 0 0 0 0 0 0
E 351191 cfg=104 nodes= 60299 60300 60296 60297 0 0 0 0 0 0
E 351190 cfg=104 nodes= 60289 60288 60293 60295 0 0 0 0 0 0
E 351189 cfg=104 nodes= 60088 60289 60295 60087 0 0 0 0 0 0
E 351188 cfg=104 nodes= 60295 60293 60229 60228 0 0 0 0 0 0
E 351187 cfg=104 nodes= 60087 60295 60228 60086 0 0 0 0 0 0
E 351186 cfg=104 nodes= 60287 60285 60286 60294 0 0 0 0 0 0
E 351185 cfg=104 nodes= 60288 60287 60294 60293 0 0 0 0 0 0
E 351184 cfg=104 nodes= 60294 60286 60231 60230 0 0 0 0 0 0
E 351183 cfg=104 nodes= 60293 60294 60230 60229 0 0 0 0 0 0
E 351182 cfg=104 nodes= 60277 60278 60290 60292 0 0 0 0 0 0
E 351181 cfg=104 nodes= 60090 60277 60292 60089 0 0 0 0 0 0
E 351180 cfg=104 nodes= 60292 60290 60288 60289 0 0 0 0 0 0
E 351179 cfg=104 nodes= 60089 60292 60289 60088 0 0 0 0 0 0
E 351178 cfg=104 nodes= 60279 60280 60284 60291 0 0 0 0 0 0
E 351177 cfg=104 nodes= 60278 60279 60291 60290 0 0 0 0 0 0
E 351176 cfg=104 nodes= 60291 60284 60285 60287 0 0 0 0 0 0
E 351175 cfg=104 nodes= 60290 60291 60287 60288 0 0 0 0 0 0
E 351174 cfg=104 nodes= 60270 60269 60274 60276 0 0 0 0 0 0
E 351173 cfg=104 nodes= 60239 60270 60276 60240 0 0 0 0 0 0
E 351172 cfg=104 nodes= 60276 60274 60103 60104 0 0 0 0 0 0
E 351171 cfg=104 nodes= 60240 60276 60104 60105 0 0 0 0 0 0
E 351170 cfg=104 nodes= 60268 60110 60109 60275 0 0 0 0 0 0
E 351169 cfg=104 nodes= 60269 60268 60275 60274 0 0 0 0 0 0
E 351168 cfg=104 nodes= 60275 60109 60101 60102 0 0 0 0 0 0
E 351167 cfg=104 nodes= 60274 60275 60102 60103 0 0 0 0 0 0
E 351166 cfg=104 nodes= 60261 60260 60271 60273 0 0 0 0 0 0
E 351165 cfg=104 nodes= 60237 60261 60273 60238 0 0 0 0 0 0
E 351164 cfg=104 nodes= 60273 60271 60269 60270 0 0 0 0 0 0
E 351163 cfg=104 nodes= 60238 60273 60270 60239 0 0 0 0 0 0
E 351162 cfg=104 nodes= 60259 60112 60111 60272 0 0 0 0 0 0
E 351161 cfg=104 nodes= 60260 60259 60272 60271 0 0 0 0 0 0
E 351160 cfg=104 nodes= 60272 60111 60110 60268 0 0 0 0 0 0
E 351159 cfg=104 nodes= 60271 60272 60268 60269 0 0 0 0 0 0
E 351158 cfg=104 nodes= 60232 60233 60263 60267 0 0 0 0 0 0
E 351157 cfg=104 nodes= 60231 60232 60267 60235 0 0 0 0 0 0
E 351156 cfg=104 nodes= 60267 60263 60262 60266 0 0 0 0 0 0
E 351155 cfg=104 nodes= 60235 60267 60266 60236 0 0 0 0 0 0
E 351154 cfg=104 nodes= 60266 60262 60260 60261 0 0 0 0 0 0
E 351153 cfg=104 nodes= 60236 60266 60261 60237 0 0 0 0 0 0
E 351152 cfg=104 nodes= 60234 60115 60114 60265 0 0 0 0 0 0
E 351151 cfg=104 nodes= 60233 60234 60265 60263 0 0 0 0 0 0
E 351150 cfg=104 nodes= 60265 60114 60113 60264 0 0 0 0 0 0
E 351149 cfg=104 nodes= 60263 60265 60264 60262 0 0 0 0 0 0
E 351148 cfg=104 nodes= 60264 60113 60112 60259 0 0 0 0 0 0
E 351147 cfg=104 nodes= 60262 60264 60259 60260 0 0 0 0 0 0
E 351146 cfg=104 nodes= 60252 60251 60256 60258 0 0 0 0 0 0
E 351145 cfg=104 nodes= 60081 60252 60258 60080 0 0 0 0 0 0
E 351144 cfg=104 nodes= 60258 60256 60107 60108 0 0 0 0 0 0
E 351143 cfg=104 nodes= 60080 60258 60108 60079 0 0 0 0 0 0
E 351142 cfg=104 nodes= 60250 60239 60240 60257 0 0 0 0 0 0
E 351141 cfg=104 nodes= 60251 60250 60257 60256 0 0 0 0 0 0
E 351140 cfg=104 nodes= 60257 60240 60105 60106 0 0 0 0 0 0
E 351139 cfg=104 nodes= 60256 60257 60106 60107 0 0 0 0 0 0
E 351138 cfg=104 nodes= 60243 60242 60253 60255 0 0 0 0 0 0
E 351137 cfg=104 nodes= 60083 60243 60255 60082 0 0 0 0 0 0
E 351136 cfg=104 nodes= 60255 60253 60251 60252 0 0 0 0 0 0
E 351135 cfg=104 nodes= 60082 60255 60252 60081 0 0 0 0 0 0
E 351134 cfg=104 nodes= 60241 60237 60238 60254 0 0 0 0 0 0
E 351133 cfg=104 nodes= 60242 60241 60254 60253 0 0 0 0 0 0
E 351132 cfg=104 nodes= 60254 60238 60239 60250 0 0 0 0 0 0
E 351131 cfg=104 nodes= 60253 60254 60250 60251 0 0 0 0 0 0
E 351130 cfg=104 nodes= 60228 60229 60245 60249 0 0 0 0 0 0
E 351129 cfg=104 nodes= 60086 60228 60249 60085 0 0 0 0 0 0
E 351128 cfg=104 nodes= 60249 60245 60244 60248 0 0 0 0 0 0
E 351127 cfg=104 nodes= 60085 60249 60248 60084 0 0 0 0 0 0
E 351126 cfg=104 nodes= 60248 60244 60242 60243 0 0 0 0 0 0
E 351125 cfg=104 nodes= 60084 60248 60243 60083 0 0 0 0 0 0
E 351124 cfg=104 nodes= 60230 60231 60235 60247 0 0 0 0 0 0
E 351123 cfg=104 nodes= 60229 60230 60247 60245 0 0 0 0 0 0
E 351122 cfg=104 nodes= 60247 60235 60236 60246 0 0 0 0 0 0
E 351121 cfg=104 nodes= 60245 60247 60246 60244 0 0 0 0 0 0
E 351120 cfg=104 nodes= 60246 60236 60237 60241 0 0 0 0 0 0
E 351119 cfg=104 nodes= 60244 60246 60241 60242 0 0 0 0 0 0
E 351118 cfg=104 nodes= 60227 60221 60220 60225 0 0 0 0 0 0
E 351117 cfg=104 nodes= 60209 60208 60221 60227 0 0 0 0 0 0
E 351116 cfg=104 nodes= 60183 60227 60225 60184 0 0 0 0 0 0
E 351115 cfg=104 nodes= 60182 60209 60227 60183 0 0 0 0 0 0
E 351114 cfg=104 nodes= 60226 60219 60128 60127 0 0 0 0 0 0
E 351113 cfg=104 nodes= 60225 60220 60219 60226 0 0 0 0 0 0
E 351112 cfg=104 nodes= 60185 60226 60127 60126 0 0 0 0 0 0
E 351111 cfg=104 nodes= 60184 60225 60226 60185 0 0 0 0 0 0
E 351110 cfg=104 nodes= 60224 60038 60039 60222 0 0 0 0 0 0
E 351109 cfg=104 nodes= 60207 60037 60038 60224 0 0 0 0 0 0
E 351108 cfg=104 nodes= 60221 60224 60222 60220 0 0 0 0 0 0
E 351107 cfg=104 nodes= 60208 60207 60224 60221 0 0 0 0 0 0
E 351106 cfg=104 nodes= 60223 60040 60041 60129 0 0 0 0 0 0
E 351105 cfg=104 nodes= 60222 60039 60040 60223 0 0 0 0 0 0
E 351104 cfg=104 nodes= 60219 60223 60129 60128 0 0 0 0 0 0
E 351103 cfg=104 nodes= 60220 60222 60223 60219 0 0 0 0 0 0
E 351102 cfg=104 nodes= 60218 60212 60211 60216 0 0 0 0 0 0
E 351101 cfg=104 nodes= 59766 59765 60212 60218 0 0 0 0 0 0
E 351100 cfg=104 nodes= 60179 60218 60216 60180 0 0 0 0 0 0
E 351099 cfg=104 nodes= 59767 59766 60218 60179 0 0 0 0 0 0
E 351098 cfg=104 nodes= 60217 60210 60208 60209 0 0 0 0 0 0
E 351097 cfg=104 nodes= 60216 60211 60210 60217 0 0 0 0 0 0
E 351096 cfg=104 nodes= 60181 60217 60209 60182 0 0 0 0 0 0
E 351095 cfg=104 nodes= 60180 60216 60217 60181 0 0 0 0 0 0
E 351094 cfg=104 nodes= 60215 60034 60035 60213 0 0 0 0 0 0
E 351093 cfg=104 nodes= 59764 59763 60034 60215 0 0 0 0 0 0
E 351092 cfg=104 nodes= 60212 60215 60213 60211 0 0 0 0 0 0
E 351091 cfg=104 nodes= 59765 59764 60215 60212 0 0 0 0 0 0
E 351090 cfg=104 nodes= 60214 60036 60037 60207 0 0 0 0 0 0
E 351089 cfg=104 nodes= 60213 60035 60036 60214 0 0 0 0 0 0
E 351088 cfg=104 nodes= 60210 60214 60207 60208 0 0 0 0 0 0
E 351087 cfg=104 nodes= 60211 60213 60214 60210 0 0 0 0 0 0
E 351086 cfg=104 nodes= 60206 60200 60199 60204 0 0 0 0 0 0
E 351085 cfg=104 nodes= 60188 60187 60200 60206 0 0 0 0 0 0
E 351084 cfg=104 nodes= 60119 60206 60204 60118 0 0 0 0 0 0
E 351083 cfg=104 nodes= 60120 60188 60206 60119 0 0 0 0 0 0
E 351082 cfg=104 nodes= 60205 60198 60124 60123 0 0 0 0 0 0
E 351081 cfg=104 nodes= 60204 60199 60198 60205 0 0 0 0 0 0
E 351080 cfg=104 nodes= 60117 60205 60123 60116 0 0 0 0 0 0
E 351079 cfg=104 nodes= 60118 60204 60205 60117 0 0 0 0 0 0
E 351078 cfg=104 nodes= 60203 60183 60184 60201 0 0 0 0 0 0
E 351077 cfg=104 nodes= 60186 60182 60183 60203 0 0 0 0 0 0
E 351076 cfg=104 nodes= 60200 60203 60201 60199 0 0 0 0 0 0
E 351075 cfg=104 nodes= 60187 60186 60203 60200 0 0 0 0 0 0
E 351074 cfg=104 nodes= 60202 60185 60126 60125 0 0 0 0 0 0
E 351073 cfg=104 nodes= 60201 60184 60185 60202 0 0 0 0 0 0
E 351072 cfg=104 nodes= 60198 60202 60125 60124 0 0 0 0 0 0
E 351071 cfg=104 nodes= 60199 60201 60202 60198 0 0 0 0 0 0
E 351070 cfg=104 nodes= 60197 60191 60190 60195 0 0 0 0 0 0
E 351069 cfg=104 nodes= 59770 59769 60191 60197 0 0 0 0 0 0
E 351067 cfg=104 nodes= 59770 60197 60122 59771 0 0 0 0 0 0
E 351066 cfg=104 nodes= 60196 60189 60187 60188 0 0 0 0 0 0
E 351065 cfg=104 nodes= 60195 60190 60189 60196 0 0 0 0 0 0
E 351064 cfg=104 nodes= 60121 60196 60188 60120 0 0 0 0 0 0
E 351063 cfg=104 nodes= 60122 60195 60196 60121 0 0 0 0 0 0
E 351062 cfg=104 nodes= 60194 60179 60180 60192 0 0 0 0 0 0
E 351061 cfg=104 nodes= 59768 59767 60179 60194 0 0 0 0 0 0
E 351060 cfg=104 nodes= 60191 60194 60192 60190 0 0 0 0 0 0
E 351059 cfg=104 nodes= 59769 59768 60194 60191 0 0 0 0 0 0
E 351058 cfg=104 nodes= 60193 60181 60182 60186 0 0 0 0 0 0
E 351057 cfg=104 nodes= 60192 60180 60181 60193 0 0 0 0 0 0
E 351056 cfg=104 nodes= 60189 60193 60186 60187 0 0 0 0 0 0
E 351055 cfg=104 nodes= 60190 60192 60193 60189 0 0 0 0 0 0
E 351054 cfg=104 nodes= 60172 60171 60176 60178 0 0 0 0 0 0
E 351053 cfg=104 nodes= 60159 60172 60178 60160 0 0 0 0 0 0
E 351052 cfg=104 nodes= 60178 60176 60135 60134 0 0 0 0 0 0
E 351051 cfg=104 nodes= 60160 60178 60134 60133 0 0 0 0 0 0
E 351050 cfg=104 nodes= 60170 60043 60044 60177 0 0 0 0 0 0
E 351049 cfg=104 nodes= 60171 60170 60177 60176 0 0 0 0 0 0
E 351048 cfg=104 nodes= 60177 60044 60045 60136 0 0 0 0 0 0
E 351047 cfg=104 nodes= 60176 60177 60136 60135 0 0 0 0 0 0
E 351046 cfg=104 nodes= 60127 60128 60173 60175 0 0 0 0 0 0
E 351045 cfg=104 nodes= 60126 60127 60175 60158 0 0 0 0 0 0
E 351044 cfg=104 nodes= 60175 60173 60171 60172 0 0 0 0 0 0
E 351043 cfg=104 nodes= 60158 60175 60172 60159 0 0 0 0 0 0
E 351042 cfg=104 nodes= 60129 60041 60042 60174 0 0 0 0 0 0
E 351041 cfg=104 nodes= 60128 60129 60174 60173 0 0 0 0 0 0
E 351040 cfg=104 nodes= 60174 60042 60043 60170 0 0 0 0 0 0
E 351039 cfg=104 nodes= 60173 60174 60170 60171 0 0 0 0 0 0
E 351038 cfg=104 nodes= 60163 60162 60167 60169 0 0 0 0 0 0
E 351037 cfg=104 nodes= 60114 60163 60169 60113 0 0 0 0 0 0
E 351036 cfg=104 nodes= 60169 60167 60131 60130 0 0 0 0 0 0
E 351035 cfg=104 nodes= 60113 60169 60130 60112 0 0 0 0 0 0
E 351034 cfg=104 nodes= 60161 60159 60160 60168 0 0 0 0 0 0
E 351033 cfg=104 nodes= 60162 60161 60168 60167 0 0 0 0 0 0
E 351032 cfg=104 nodes= 60168 60160 60133 60132 0 0 0 0 0 0
E 351031 cfg=104 nodes= 60167 60168 60132 60131 0 0 0 0 0 0
E 351030 cfg=104 nodes= 60123 60124 60164 60166 0 0 0 0 0 0
E 351029 cfg=104 nodes= 60116 60123 60166 60115 0 0 0 0 0 0
E 351028 cfg=104 nodes= 60166 60164 60162 60163 0 0 0 0 0 0
E 351027 cfg=104 nodes= 60115 60166 60163 60114 0 0 0 0 0 0
E 351026 cfg=104 nodes= 60125 60126 60158 60165 0 0 0 0 0 0
E 351025 cfg=104 nodes= 60124 60125 60165 60164 0 0 0 0 0 0
E 351024 cfg=104 nodes= 60165 60158 60159 60161 0 0 0 0 0 0
E 351023 cfg=104 nodes= 60164 60165 60161 60162 0 0 0 0 0 0
E 351022 cfg=104 nodes= 60151 60150 60155 60157 0 0 0 0 0 0
E 351021 cfg=104 nodes= 60138 60151 60157 60139 0 0 0 0 0 0
E 351020 cfg=104 nodes= 60157 60155 60095 60096 0 0 0 0 0 0
E 351019 cfg=104 nodes= 60139 60157 60096 60097 0 0 0 0 0 0
E 351018 cfg=104 nodes= 60149 60047 60048 60156 0 0 0 0 0 0
E 351017 cfg=104 nodes= 60150 60149 60156 60155 0 0 0 0 0 0
E 351016 cfg=104 nodes= 60156 60048 60049 60094 0 0 0 0 0 0
E 351015 cfg=104 nodes= 60155 60156 60094 60095 0 0 0 0 0 0
E 351014 cfg=104 nodes= 60134 60135 60152 60154 0 0 0 0 0 0
E 351013 cfg=104 nodes= 60133 60134 60154 60137 0 0 0 0 0 0
E 351012 cfg=104 nodes= 60154 60152 60150 60151 0 0 0 0 0 0
E 351011 cfg=104 nodes= 60137 60154 60151 60138 0 0 0 0 0 0
E 351010 cfg=104 nodes= 60136 60045 60046 60153 0 0 0 0 0 0
E 351009 cfg=104 nodes= 60135 60136 60153 60152 0 0 0 0 0 0
E 351008 cfg=104 nodes= 60153 60046 60047 60149 0 0 0 0 0 0
E 351007 cfg=104 nodes= 60152 60153 60149 60150 0 0 0 0 0 0
E 351006 cfg=104 nodes= 60142 60141 60146 60148 0 0 0 0 0 0
E 351005 cfg=104 nodes= 60110 60142 60148 60109 0 0 0 0 0 0
E 351004 cfg=104 nodes= 60148 60146 60099 60100 0 0 0 0 0 0
E 351003 cfg=104 nodes= 60109 60148 60100 60101 0 0 0 0 0 0
E 351002 cfg=104 nodes= 60140 60138 60139 60147 0 0 0 0 0 0
E 351001 cfg=104 nodes= 60141 60140 60147 60146 0 0 0 0 0 0
E 351000 cfg=104 nodes= 60147 60139 60097 60098 0 0 0 0 0 0
E 350999 cfg=104 nodes= 60146 60147 60098 60099 0 0 0 0 0 0
E 350998 cfg=104 nodes= 60130 60131 60143 60145 0 0 0 0 0 0
E 350997 cfg=104 nodes= 60112 60130 60145 60111 0 0 0 0 0 0
E 350996 cfg=104 nodes= 60145 60143 60141 60142 0 0 0 0 0 0
E 350995 cfg=104 nodes= 60111 60145 60142 60110 0 0 0 0 0 0
E 350994 cfg=104 nodes= 60132 60133 60137 60144 0 0 0 0 0 0
E 350993 cfg=104 nodes= 60131 60132 60144 60143 0 0 0 0 0 0
E 350992 cfg=104 nodes= 60144 60137 60138 60140 0 0 0 0 0 0
E 350991 cfg=104 nodes= 60143 60144 60140 60141 0 0 0 0 0 0
E 350990 cfg=104 nodes= 60033 60018 60017 60030 0 0 0 0 0 0
E 350989 cfg=104 nodes= 59945 60018 60033 59977 0 0 0 0 0 0
E 350988 cfg=104 nodes= 59946 60033 60030 60029 0 0 0 0 0 0
E 350987 cfg=104 nodes= 59761 59946 60029 59760 0 0 0 0 0 0
E 350986 cfg=104 nodes= 60032 60016 59755 59756 0 0 0 0 0 0
E 350985 cfg=104 nodes= 60030 60017 60016 60032 0 0 0 0 0 0
E 350984 cfg=104 nodes= 60031 60032 59756 59757 0 0 0 0 0 0
E 350983 cfg=104 nodes= 60029 60030 60032 60031 0 0 0 0 0 0
E 350982 cfg=104 nodes= 59759 60031 59757 59758 0 0 0 0 0 0
E 350981 cfg=104 nodes= 59760 60029 60031 59759 0 0 0 0 0 0
E 350980 cfg=104 nodes= 60021 60020 60026 60028 0 0 0 0 0 0
E 350979 cfg=104 nodes= 59995 60021 60028 59996 0 0 0 0 0 0
E 350978 cfg=104 nodes= 60028 60026 59943 59942 0 0 0 0 0 0
E 350977 cfg=104 nodes= 59996 60028 59942 59941 0 0 0 0 0 0
E 350976 cfg=104 nodes= 60019 60017 60018 60027 0 0 0 0 0 0
E 350975 cfg=104 nodes= 60020 60019 60027 60026 0 0 0 0 0 0
E 350974 cfg=104 nodes= 60018 59945 59944 60027 0 0 0 0 0 0
E 350973 cfg=104 nodes= 60026 60027 59944 59943 0 0 0 0 0 0
E 350971 cfg=104 nodes= 60022 60025 59752 59753 0 0 0 0 0 0
E 350970 cfg=104 nodes= 59993 60025 60024 59994 0 0 0 0 0 0
E 350969 cfg=104 nodes= 59751 59752 60025 59993 0 0 0 0 0 0
E 350968 cfg=104 nodes= 60024 60022 60020 60021 0 0 0 0 0 0
E 350967 cfg=104 nodes= 59994 60024 60021 59995 0 0 0 0 0 0
E 350966 cfg=104 nodes= 59754 59755 60016 60023 0 0 0 0 0 0
E 350965 cfg=104 nodes= 59753 59754 60023 60022 0 0 0 0 0 0
E 350964 cfg=104 nodes= 60023 60016 60017 60019 0 0 0 0 0 0
E 350963 cfg=104 nodes= 60022 60023 60019 60020 0 0 0 0 0 0
E 350962 cfg=104 nodes= 60015 60013 60012 60014 0 0 0 0 0 0
E 350961 cfg=104 nodes= 60009 60008 60013 60015 0 0 0 0 0 0
E 350960 cfg=104 nodes= 59999 60015 60014 60000 0 0 0 0 0 0
E 350959 cfg=104 nodes= 59998 60009 60015 59999 0 0 0 0 0 0
E 350958 cfg=104 nodes= 60014 60012 59940 59939 0 0 0 0 0 0
E 350957 cfg=104 nodes= 60000 60014 59939 59938 0 0 0 0 0 0
E 350956 cfg=104 nodes= 59995 60013 60008 59994 0 0 0 0 0 0
E 350955 cfg=104 nodes= 59996 60012 60013 59995 0 0 0 0 0 0
E 350954 cfg=104 nodes= 59941 59940 60012 59996 0 0 0 0 0 0
E 350953 cfg=104 nodes= 60011 59997 59748 59749 0 0 0 0 0 0
E 350952 cfg=104 nodes= 60009 59998 59997 60011 0 0 0 0 0 0
E 350951 cfg=104 nodes= 60010 60011 59749 59750 0 0 0 0 0 0
E 350950 cfg=104 nodes= 60008 60009 60011 60010 0 0 0 0 0 0
E 350949 cfg=104 nodes= 59993 60010 59750 59751 0 0 0 0 0 0
E 350948 cfg=104 nodes= 59994 60008 60010 59993 0 0 0 0 0 0
E 350947 cfg=104 nodes= 59937 59739 59740 60007 0 0 0 0 0 0
E 350946 cfg=104 nodes= 59938 59937 60007 60000 0 0 0 0 0 0
E 350945 cfg=104 nodes= 60007 59740 59741 60006 0 0 0 0 0 0
E 350944 cfg=104 nodes= 60000 60007 60006 59999 0 0 0 0 0 0
E 350943 cfg=104 nodes= 60006 59741 59742 60002 0 0 0 0 0 0
E 350942 cfg=104 nodes= 60001 59999 60006 60002 0 0 0 0 0 0
E 350940 cfg=104 nodes= 60003 60001 60004 60005 0 0 0 0 0 0
E 350939 cfg=104 nodes= 60003 60005 59746 59747 0 0 0 0 0 0
E 350938 cfg=104 nodes= 59744 60005 60004 59743 0 0 0 0 0 0
E 350937 cfg=104 nodes= 59745 59746 60005 59744 0 0 0 0 0 0
E 350935 cfg=104 nodes= 59743 60004 60002 59742 0 0 0 0 0 0
E 350934 cfg=104 nodes= 59997 60003 59747 59748 0 0 0 0 0 0
E 350933 cfg=104 nodes= 59998 60001 60003 59997 0 0 0 0 0 0
E 350932 cfg=104 nodes= 59992 59986 59985 59990 0 0 0 0 0 0
E 350931 cfg=104 nodes= 59973 59972 59986 59992 0 0 0 0 0 0
E 350930 cfg=104 nodes= 59991 59992 59990 59989 0 0 0 0 0 0
E 350929 cfg=104 nodes= 59974 59973 59992 59991 0 0 0 0 0 0
E 350928 cfg=104 nodes= 59950 59991 59989 59951 0 0 0 0 0 0
E 350927 cfg=104 nodes= 59949 59974 59991 59950 0 0 0 0 0 0
E 350926 cfg=104 nodes= 59990 59985 59873 59872 0 0 0 0 0 0
E 350925 cfg=104 nodes= 59989 59990 59872 59871 0 0 0 0 0 0
E 350924 cfg=104 nodes= 59951 59989 59871 59870 0 0 0 0 0 0
E 350923 cfg=104 nodes= 59988 59766 59767 59987 0 0 0 0 0 0
E 350922 cfg=104 nodes= 59971 59765 59766 59988 0 0 0 0 0 0
E 350921 cfg=104 nodes= 59986 59988 59987 59985 0 0 0 0 0 0
E 350920 cfg=104 nodes= 59972 59971 59988 59986 0 0 0 0 0 0
E 350919 cfg=104 nodes= 59987 59767 59768 59874 0 0 0 0 0 0
E 350918 cfg=104 nodes= 59985 59987 59874 59873 0 0 0 0 0 0
E 350917 cfg=104 nodes= 59984 59982 59981 59983 0 0 0 0 0 0
E 350916 cfg=104 nodes= 59943 59944 59982 59984 0 0 0 0 0 0
E 350915 cfg=104 nodes= 59947 59984 59983 59948 0 0 0 0 0 0
E 350914 cfg=104 nodes= 59942 59943 59984 59947 0 0 0 0 0 0
E 350913 cfg=104 nodes= 59983 59981 59973 59974 0 0 0 0 0 0
E 350912 cfg=104 nodes= 59948 59983 59974 59949 0 0 0 0 0 0
E 350911 cfg=104 nodes= 59982 59945 59977 59976 0 0 0 0 0 0
E 350909 cfg=104 nodes= 59975 59981 59982 59976 0 0 0 0 0 0
E 350908 cfg=104 nodes= 59972 59973 59981 59975 0 0 0 0 0 0
E 350907 cfg=104 nodes= 59980 59762 59763 59978 0 0 0 0 0 0
E 350906 cfg=104 nodes= 59946 59761 59762 59980 0 0 0 0 0 0
E 350905 cfg=104 nodes= 59977 59980 59978 59976 0 0 0 0 0 0
E 350904 cfg=104 nodes= 59977 60033 59946 59980 0 0 0 0 0 0
E 350903 cfg=104 nodes= 59979 59764 59765 59971 0 0 0 0 0 0
E 350902 cfg=104 nodes= 59978 59763 59764 59979 0 0 0 0 0 0
E 350901 cfg=104 nodes= 59975 59979 59971 59972 0 0 0 0 0 0
E 350900 cfg=104 nodes= 59976 59978 59979 59975 0 0 0 0 0 0
E 350899 cfg=104 nodes= 59955 59954 59969 59970 0 0 0 0 0 0
E 350898 cfg=104 nodes= 59736 59955 59970 59735 0 0 0 0 0 0
E 350897 cfg=104 nodes= 59970 59969 59867 59866 0 0 0 0 0 0
E 350896 cfg=104 nodes= 59735 59970 59866 59734 0 0 0 0 0 0
E 350895 cfg=104 nodes= 59966 59969 59954 59953 0 0 0 0 0 0
E 350893 cfg=104 nodes= 59969 59965 59868 59867 0 0 0 0 0 0
E 350892 cfg=104 nodes= 59968 59950 59951 59967 0 0 0 0 0 0
E 350891 cfg=104 nodes= 59952 59949 59950 59968 0 0 0 0 0 0
E 350890 cfg=104 nodes= 59966 59968 59967 59965 0 0 0 0 0 0
E 350889 cfg=104 nodes= 59953 59952 59968 59966 0 0 0 0 0 0
E 350888 cfg=104 nodes= 59967 59951 59870 59869 0 0 0 0 0 0
E 350887 cfg=104 nodes= 59965 59967 59869 59868 0 0 0 0 0 0
E 350885 cfg=104 nodes= 59962 59964 59957 59956 0 0 0 0 0 0
E 350884 cfg=104 nodes= 59964 59963 59937 59938 0 0 0 0 0 0
E 350883 cfg=104 nodes= 59957 59964 59938 59939 0 0 0 0 0 0
E 350882 cfg=104 nodes= 59738 59963 59962 59737 0 0 0 0 0 0
E 350881 cfg=104 nodes= 59739 59937 59963 59738 0 0 0 0 0 0
E 350880 cfg=104 nodes= 59962 59956 59954 59955 0 0 0 0 0 0
E 350879 cfg=104 nodes= 59737 59962 59955 59736 0 0 0 0 0 0
E 350878 cfg=104 nodes= 59961 59959 59958 59960 0 0 0 0 0 0
E 350877 cfg=104 nodes= 59940 59941 59959 59961 0 0 0 0 0 0
E 350876 cfg=104 nodes= 59957 59961 59960 59956 0 0 0 0 0 0
E 350875 cfg=104 nodes= 59939 59940 59961 59957 0 0 0 0 0 0
E 350874 cfg=104 nodes= 59960 59958 59952 59953 0 0 0 0 0 0
E 350873 cfg=104 nodes= 59956 59960 59953 59954 0 0 0 0 0 0
E 350872 cfg=104 nodes= 59947 59959 59941 59942 0 0 0 0 0 0
E 350871 cfg=104 nodes= 59948 59958 59959 59947 0 0 0 0 0 0
E 350870 cfg=104 nodes= 59949 59952 59958 59948 0 0 0 0 0 0
E 350869 cfg=104 nodes= 59936 59927 59926 59934 0 0 0 0 0 0
E 350868 cfg=104 nodes= 59881 59880 59927 59936 0 0 0 0 0 0
E 350867 cfg=104 nodes= 59771 59936 59934 59770 0 0 0 0 0 0
E 350866 cfg=104 nodes= 59772 59881 59936 59771 0 0 0 0 0 0
E 350865 cfg=104 nodes= 59934 59926 59925 59935 0 0 0 0 0 0
E 350864 cfg=104 nodes= 59770 59934 59935 59769 0 0 0 0 0 0
E 350863 cfg=104 nodes= 59935 59925 59873 59874 0 0 0 0 0 0
E 350862 cfg=104 nodes= 59769 59935 59874 59768 0 0 0 0 0 0
E 350861 cfg=104 nodes= 59929 59928 59932 59933 0 0 0 0 0 0
E 350860 cfg=104 nodes= 59909 59929 59933 59910 0 0 0 0 0 0
E 350858 cfg=104 nodes= 59910 59933 59879 59878 0 0 0 0 0 0
E 350857 cfg=104 nodes= 59927 59932 59928 59926 0 0 0 0 0 0
E 350856 cfg=104 nodes= 59880 59879 59932 59927 0 0 0 0 0 0
E 350855 cfg=104 nodes= 59871 59872 59930 59931 0 0 0 0 0 0
E 350854 cfg=104 nodes= 59870 59871 59931 59908 0 0 0 0 0 0
E 350853 cfg=104 nodes= 59931 59930 59928 59929 0 0 0 0 0 0
E 350852 cfg=104 nodes= 59908 59931 59929 59909 0 0 0 0 0 0
E 350851 cfg=104 nodes= 59925 59930 59872 59873 0 0 0 0 0 0
E 350850 cfg=104 nodes= 59926 59928 59930 59925 0 0 0 0 0 0
E 350849 cfg=104 nodes= 59924 59730 59731 59913 0 0 0 0 0 0
E 350848 cfg=104 nodes= 59875 59729 59730 59924 0 0 0 0 0 0
E 350847 cfg=104 nodes= 59922 59924 59913 59912 0 0 0 0 0 0
E 350846 cfg=104 nodes= 59876 59875 59924 59922 0 0 0 0 0 0
E 350845 cfg=104 nodes= 59911 59909 59910 59923 0 0 0 0 0 0
E 350844 cfg=104 nodes= 59912 59911 59923 59922 0 0 0 0 0 0
E 350843 cfg=104 nodes= 59923 59910 59878 59877 0 0 0 0 0 0
E 350842 cfg=104 nodes= 59922 59923 59877 59876 0 0 0 0 0 0
E 350841 cfg=104 nodes= 59919 59918 59920 59921 0 0 0 0 0 0
E 350840 cfg=104 nodes= 59914 59919 59921 59915 0 0 0 0 0 0
E 350839 cfg=104 nodes= 59921 59920 59866 59867 0 0 0 0 0 0
E 350838 cfg=104 nodes= 59915 59921 59867 59868 0 0 0 0 0 0
E 350837 cfg=104 nodes= 59733 59920 59918 59732 0 0 0 0 0 0
E 350836 cfg=104 nodes= 59734 59866 59920 59733 0 0 0 0 0 0
E 350834 cfg=104 nodes= 59913 59919 59914 59912 0 0 0 0 0 0
E 350833 cfg=104 nodes= 59732 59918 59913 59731 0 0 0 0 0 0
E 350831 cfg=104 nodes= 59908 59917 59869 59870 0 0 0 0 0 0
E 350830 cfg=104 nodes= 59915 59917 59916 59914 0 0 0 0 0 0
E 350829 cfg=104 nodes= 59868 59869 59917 59915 0 0 0 0 0 0
E 350828 cfg=104 nodes= 59916 59908 59909 59911 0 0 0 0 0 0
E 350827 cfg=104 nodes= 59914 59916 59911 59912 0 0 0 0 0 0
E 350826 cfg=104 nodes= 59907 59903 59902 59906 0 0 0 0 0 0
E 350825 cfg=104 nodes= 59898 59897 59903 59907 0 0 0 0 0 0
E 350824 cfg=104 nodes= 59884 59907 59906 59885 0 0 0 0 0 0
E 350823 cfg=104 nodes= 59883 59898 59907 59884 0 0 0 0 0 0
E 350822 cfg=104 nodes= 59906 59902 59804 59803 0 0 0 0 0 0
E 350821 cfg=104 nodes= 59885 59906 59803 59802 0 0 0 0 0 0
E 350820 cfg=104 nodes= 59905 59775 59776 59904 0 0 0 0 0 0
E 350819 cfg=104 nodes= 59896 59774 59775 59905 0 0 0 0 0 0
E 350818 cfg=104 nodes= 59903 59905 59904 59902 0 0 0 0 0 0
E 350817 cfg=104 nodes= 59897 59896 59905 59903 0 0 0 0 0 0
E 350816 cfg=104 nodes= 59904 59776 59777 59805 0 0 0 0 0 0
E 350815 cfg=104 nodes= 59902 59904 59805 59804 0 0 0 0 0 0
E 350814 cfg=104 nodes= 59901 59882 59878 59879 0 0 0 0 0 0
E 350813 cfg=104 nodes= 59898 59883 59882 59901 0 0 0 0 0 0
E 350812 cfg=104 nodes= 59899 59901 59879 59880 0 0 0 0 0 0
E 350811 cfg=104 nodes= 59897 59898 59901 59899 0 0 0 0 0 0
E 350810 cfg=104 nodes= 59900 59899 59880 59881 0 0 0 0 0 0
E 350809 cfg=104 nodes= 59896 59897 59899 59900 0 0 0 0 0 0
E 350808 cfg=104 nodes= 59773 59900 59881 59772 0 0 0 0 0 0
E 350807 cfg=104 nodes= 59774 59896 59900 59773 0 0 0 0 0 0
E 350806 cfg=104 nodes= 59893 59892 59894 59895 0 0 0 0 0 0
E 350805 cfg=104 nodes= 59726 59893 59895 59725 0 0 0 0 0 0
E 350804 cfg=104 nodes= 59895 59894 59801 59800 0 0 0 0 0 0
E 350803 cfg=104 nodes= 59725 59895 59800 59724 0 0 0 0 0 0
E 350802 cfg=104 nodes= 59885 59894 59892 59884 0 0 0 0 0 0
E 350801 cfg=104 nodes= 59802 59801 59894 59885 0 0 0 0 0 0
E 350799 cfg=104 nodes= 59727 59888 59893 59726 0 0 0 0 0 0
E 350798 cfg=104 nodes= 59892 59893 59887 59886 0 0 0 0 0 0
E 350797 cfg=104 nodes= 59884 59892 59886 59883 0 0 0 0 0 0
E 350796 cfg=104 nodes= 59875 59876 59889 59891 0 0 0 0 0 0
E 350795 cfg=104 nodes= 59729 59875 59891 59728 0 0 0 0 0 0
E 350794 cfg=104 nodes= 59891 59889 59887 59888 0 0 0 0 0 0
E 350793 cfg=104 nodes= 59728 59891 59888 59727 0 0 0 0 0 0
E 350792 cfg=104 nodes= 59877 59878 59882 59890 0 0 0 0 0 0
E 350791 cfg=104 nodes= 59876 59877 59890 59889 0 0 0 0 0 0
E 350790 cfg=104 nodes= 59890 59882 59883 59886 0 0 0 0 0 0
E 350789 cfg=104 nodes= 59889 59890 59886 59887 0 0 0 0 0 0
E 350788 cfg=104 nodes= 59855 59854 59863 59865 0 0 0 0 0 0
E 350787 cfg=104 nodes= 59842 59855 59865 59843 0 0 0 0 0 0
E 350785 cfg=104 nodes= 59843 59865 59862 59844 0 0 0 0 0 0
E 350784 cfg=104 nodes= 59824 59823 59844 59862 0 0 0 0 0 0
E 350783 cfg=104 nodes= 59781 59864 59853 59780 0 0 0 0 0 0
E 350782 cfg=104 nodes= 59864 59825 59862 59863 0 0 0 0 0 0
E 350781 cfg=104 nodes= 59854 59853 59864 59863 0 0 0 0 0 0
E 350780 cfg=104 nodes= 59864 59781 59782 59825 0 0 0 0 0 0
E 350778 cfg=104 nodes= 59861 59857 59856 59860 0 0 0 0 0 0
E 350777 cfg=104 nodes= 59803 59804 59857 59861 0 0 0 0 0 0
E 350776 cfg=104 nodes= 59840 59861 59860 59841 0 0 0 0 0 0
E 350775 cfg=104 nodes= 59802 59803 59861 59840 0 0 0 0 0 0
E 350774 cfg=104 nodes= 59860 59856 59854 59855 0 0 0 0 0 0
E 350773 cfg=104 nodes= 59841 59860 59855 59842 0 0 0 0 0 0
E 350772 cfg=104 nodes= 59805 59777 59778 59859 0 0 0 0 0 0
E 350771 cfg=104 nodes= 59804 59805 59859 59857 0 0 0 0 0 0
E 350770 cfg=104 nodes= 59859 59778 59779 59858 0 0 0 0 0 0
E 350769 cfg=104 nodes= 59857 59859 59858 59856 0 0 0 0 0 0
E 350768 cfg=104 nodes= 59858 59779 59780 59853 0 0 0 0 0 0
E 350767 cfg=104 nodes= 59856 59858 59853 59854 0 0 0 0 0 0
E 350766 cfg=104 nodes= 59852 59719 59720 59851 0 0 0 0 0 0
E 350765 cfg=104 nodes= 59822 59718 59719 59852 0 0 0 0 0 0
E 350764 cfg=104 nodes= 59844 59852 59851 59843 0 0 0 0 0 0
E 350763 cfg=104 nodes= 59823 59822 59852 59844 0 0 0 0 0 0
E 350761 cfg=104 nodes= 59721 59846 59851 59720 0 0 0 0 0 0
E 350760 cfg=104 nodes= 59843 59851 59845 59842 0 0 0 0 0 0
E 350759 cfg=104 nodes= 59848 59847 59849 59850 0 0 0 0 0 0
E 350758 cfg=104 nodes= 59723 59848 59850 59722 0 0 0 0 0 0
E 350757 cfg=104 nodes= 59850 59849 59845 59846 0 0 0 0 0 0
E 350756 cfg=104 nodes= 59722 59850 59846 59721 0 0 0 0 0 0
E 350755 cfg=104 nodes= 59841 59849 59847 59840 0 0 0 0 0 0
E 350754 cfg=104 nodes= 59842 59845 59849 59841 0 0 0 0 0 0
E 350753 cfg=104 nodes= 59848 59723 59724 59800 0 0 0 0 0 0
E 350752 cfg=104 nodes= 59847 59848 59800 59801 0 0 0 0 0 0
E 350751 cfg=104 nodes= 59840 59847 59801 59802 0 0 0 0 0 0
E 350750 cfg=104 nodes= 59838 59833 59832 59837 0 0 0 0 0 0
E 350749 cfg=104 nodes= 59828 59827 59833 59838 0 0 0 0 0 0
E 350748 cfg=104 nodes= 59836 59783 59784 59839 0 0 0 0 0 0
E 350747 cfg=104 nodes= 59837 59836 59839 59838 0 0 0 0 0 0
E 350745 cfg=104 nodes= 59828 59839 59784 59785 0 0 0 0 0 0
E 350744 cfg=104 nodes= 59837 59832 59823 59824 0 0 0 0 0 0
E 350743 cfg=104 nodes= 59836 59837 59824 59825 0 0 0 0 0 0
E 350742 cfg=104 nodes= 59783 59836 59825 59782 0 0 0 0 0 0
E 350741 cfg=104 nodes= 59835 59716 59717 59834 0 0 0 0 0 0
E 350740 cfg=104 nodes= 59826 59715 59716 59835 0 0 0 0 0 0
E 350739 cfg=104 nodes= 59833 59835 59834 59832 0 0 0 0 0 0
E 350738 cfg=104 nodes= 59827 59826 59835 59833 0 0 0 0 0 0
E 350737 cfg=104 nodes= 59834 59717 59718 59822 0 0 0 0 0 0
E 350736 cfg=104 nodes= 59832 59834 59822 59823 0 0 0 0 0 0
E 350735 cfg=104 nodes= 59808 59807 59829 59831 0 0 0 0 0 0
E 350734 cfg=104 nodes= 59787 59808 59831 59786 0 0 0 0 0 0
E 350733 cfg=104 nodes= 59831 59829 59827 59828 0 0 0 0 0 0
E 350732 cfg=104 nodes= 59786 59831 59828 59785 0 0 0 0 0 0
E 350731 cfg=104 nodes= 59806 59713 59714 59830 0 0 0 0 0 0
E 350730 cfg=104 nodes= 59807 59806 59830 59829 0 0 0 0 0 0
E 350729 cfg=104 nodes= 59830 59714 59715 59826 0 0 0 0 0 0
E 350728 cfg=104 nodes= 59829 59830 59826 59827 0 0 0 0 0 0
E 350726 cfg=104 nodes= 59818 59821 59788 59789 0 0 0 0 0 0
E 350725 cfg=104 nodes= 59821 59819 59807 59808 0 0 0 0 0 0
E 350724 cfg=104 nodes= 59788 59821 59808 59787 0 0 0 0 0 0
E 350723 cfg=104 nodes= 59817 59711 59712 59820 0 0 0 0 0 0
E 350722 cfg=104 nodes= 59818 59817 59820 59819 0 0 0 0 0 0
E 350721 cfg=104 nodes= 59820 59712 59713 59806 0 0 0 0 0 0
E 350720 cfg=104 nodes= 59819 59820 59806 59807 0 0 0 0 0 0
E 350719 cfg=104 nodes= 59818 59789 59790 59814 0 0 0 0 0 0
E 350718 cfg=104 nodes= 59817 59818 59814 59813 0 0 0 0 0 0
E 350717 cfg=104 nodes= 59711 59817 59813 59710 0 0 0 0 0 0
E 350714 cfg=104 nodes= 59816 59815 59813 59814 0 0 0 0 0 0
E 350713 cfg=104 nodes= 59791 59816 59814 59790 0 0 0 0 0 0
E 350711 cfg=104 nodes= 59710 59813 59815 59709 0 0 0 0 0 0
E 393126 cfg=104 nodes= 104025 104026 104016 104017 0 0 0 0 0 0
E 393125 cfg=104 nodes= 104023 104024 104026 104025 0 0 0 0 0 0
E 393124 cfg=104 nodes= 104020 104025 104017 104018 0 0 0 0 0 0
E 393123 cfg=104 nodes= 104021 104023 104025 104020 0 0 0 0 0 0
E 393088 cfg=104 nodes= 103991 60776 60769 60768 0 0 0 0 0 0
E 393087 cfg=104 nodes= 60774 103991 60768 60767 0 0 0 0 0 0
E 350698 cfg=104 nodes= 59698 59697 59699 59700 0 0 0 0 0 0
E 350697 cfg=104 nodes= 59688 59698 59700 59689 0 0 0 0 0 0
E 350696 cfg=104 nodes= 59700 59699 59673 59672 0 0 0 0 0 0
E 350695 cfg=104 nodes= 59689 59700 59672 59671 0 0 0 0 0 0
E 350694 cfg=104 nodes= 59635 59699 59697 59636 0 0 0 0 0 0
E 350693 cfg=104 nodes= 59634 59673 59699 59635 0 0 0 0 0 0
E 350691 cfg=104 nodes= 59695 59698 59688 59687 0 0 0 0 0 0
E 350690 cfg=104 nodes= 59636 59697 59695 59637 0 0 0 0 0 0
E 350689 cfg=104 nodes= 59696 59686 59581 59580 0 0 0 0 0 0
E 350688 cfg=104 nodes= 59695 59687 59686 59696 0 0 0 0 0 0
E 350687 cfg=104 nodes= 59638 59696 59580 59579 0 0 0 0 0 0
E 350686 cfg=104 nodes= 59637 59695 59696 59638 0 0 0 0 0 0
E 350684 cfg=104 nodes= 59692 59694 59456 59457 0 0 0 0 0 0
E 350683 cfg=104 nodes= 59694 59693 59670 59669 0 0 0 0 0 0
E 350682 cfg=104 nodes= 59456 59694 59669 59455 0 0 0 0 0 0
E 350681 cfg=104 nodes= 59689 59693 59692 59688 0 0 0 0 0 0
E 350680 cfg=104 nodes= 59671 59670 59693 59689 0 0 0 0 0 0
E 350679 cfg=104 nodes= 59692 59457 59458 59690 0 0 0 0 0 0
E 350678 cfg=104 nodes= 59688 59692 59690 59687 0 0 0 0 0 0
E 350676 cfg=104 nodes= 59459 59691 59690 59458 0 0 0 0 0 0
E 350675 cfg=104 nodes= 59686 59691 59582 59581 0 0 0 0 0 0
E 350674 cfg=104 nodes= 59687 59690 59691 59686 0 0 0 0 0 0
E 350673 cfg=104 nodes= 59521 59522 59683 59684 0 0 0 0 0 0
E 350672 cfg=104 nodes= 59520 59521 59684 59633 0 0 0 0 0 0
E 350671 cfg=104 nodes= 59685 59682 59672 59673 0 0 0 0 0 0
E 350670 cfg=104 nodes= 59684 59683 59682 59685 0 0 0 0 0 0
E 350668 cfg=104 nodes= 59684 59685 59634 59633 0 0 0 0 0 0
E 350667 cfg=104 nodes= 59675 59683 59522 59523 0 0 0 0 0 0
E 350666 cfg=104 nodes= 59674 59682 59683 59675 0 0 0 0 0 0
E 350665 cfg=104 nodes= 59671 59672 59682 59674 0 0 0 0 0 0
E 350664 cfg=104 nodes= 59679 59453 59454 59677 0 0 0 0 0 0
E 350662 cfg=104 nodes= 59679 59681 59452 59453 0 0 0 0 0 0
E 350661 cfg=104 nodes= 59681 59678 59525 59526 0 0 0 0 0 0
E 350660 cfg=104 nodes= 59452 59681 59526 59451 0 0 0 0 0 0
E 350659 cfg=104 nodes= 59679 59676 59680 59678 0 0 0 0 0 0
E 350657 cfg=104 nodes= 59524 59525 59678 59680 0 0 0 0 0 0
E 350656 cfg=104 nodes= 59675 59680 59676 59674 0 0 0 0 0 0
E 350655 cfg=104 nodes= 59523 59524 59680 59675 0 0 0 0 0 0
E 350654 cfg=104 nodes= 59677 59454 59455 59669 0 0 0 0 0 0
E 350653 cfg=104 nodes= 59676 59677 59669 59670 0 0 0 0 0 0
E 350652 cfg=104 nodes= 59674 59676 59670 59671 0 0 0 0 0 0
E 350651 cfg=104 nodes= 59664 59663 59667 59668 0 0 0 0 0 0
E 350650 cfg=104 nodes= 59655 59664 59668 59656 0 0 0 0 0 0
E 350649 cfg=104 nodes= 59668 59667 59643 59642 0 0 0 0 0 0
E 350648 cfg=104 nodes= 59656 59668 59642 59641 0 0 0 0 0 0
E 350647 cfg=104 nodes= 59510 59667 59663 59509 0 0 0 0 0 0
E 350646 cfg=104 nodes= 59511 59643 59667 59510 0 0 0 0 0 0
E 350645 cfg=104 nodes= 59575 59574 59665 59666 0 0 0 0 0 0
E 350644 cfg=104 nodes= 59576 59575 59666 59654 0 0 0 0 0 0
E 350643 cfg=104 nodes= 59666 59665 59663 59664 0 0 0 0 0 0
E 350642 cfg=104 nodes= 59654 59666 59664 59655 0 0 0 0 0 0
E 350641 cfg=104 nodes= 59508 59665 59574 59507 0 0 0 0 0 0
E 350640 cfg=104 nodes= 59509 59663 59665 59508 0 0 0 0 0 0
E 350639 cfg=104 nodes= 59658 59657 59661 59662 0 0 0 0 0 0
E 350638 cfg=104 nodes= 59637 59658 59662 59636 0 0 0 0 0 0
E 350637 cfg=104 nodes= 59662 59661 59640 59639 0 0 0 0 0 0
E 350636 cfg=104 nodes= 59636 59662 59639 59635 0 0 0 0 0 0
E 350635 cfg=104 nodes= 59656 59661 59657 59655 0 0 0 0 0 0
E 350634 cfg=104 nodes= 59641 59640 59661 59656 0 0 0 0 0 0
E 350633 cfg=104 nodes= 59578 59577 59659 59660 0 0 0 0 0 0
E 350632 cfg=104 nodes= 59579 59578 59660 59638 0 0 0 0 0 0
E 350631 cfg=104 nodes= 59660 59659 59657 59658 0 0 0 0 0 0
E 350630 cfg=104 nodes= 59638 59660 59658 59637 0 0 0 0 0 0
E 350629 cfg=104 nodes= 59654 59659 59577 59576 0 0 0 0 0 0
E 350628 cfg=104 nodes= 59655 59657 59659 59654 0 0 0 0 0 0
E 350627 cfg=104 nodes= 59651 59650 59652 59653 0 0 0 0 0 0
E 350626 cfg=104 nodes= 59644 59651 59653 59645 0 0 0 0 0 0
E 350625 cfg=104 nodes= 59653 59652 59515 59516 0 0 0 0 0 0
E 350624 cfg=104 nodes= 59645 59653 59516 59517 0 0 0 0 0 0
E 350623 cfg=104 nodes= 59513 59652 59650 59512 0 0 0 0 0 0
E 350622 cfg=104 nodes= 59514 59515 59652 59513 0 0 0 0 0 0
E 350621 cfg=104 nodes= 59651 59644 59641 59642 0 0 0 0 0 0
E 350620 cfg=104 nodes= 59650 59651 59642 59643 0 0 0 0 0 0
E 350619 cfg=104 nodes= 59512 59650 59643 59511 0 0 0 0 0 0
E 350618 cfg=104 nodes= 59647 59646 59648 59649 0 0 0 0 0 0
E 350617 cfg=104 nodes= 59634 59647 59649 59633 0 0 0 0 0 0
E 350616 cfg=104 nodes= 59649 59648 59518 59519 0 0 0 0 0 0
E 350615 cfg=104 nodes= 59633 59649 59519 59520 0 0 0 0 0 0
E 350614 cfg=104 nodes= 59645 59648 59646 59644 0 0 0 0 0 0
E 350613 cfg=104 nodes= 59517 59518 59648 59645 0 0 0 0 0 0
E 350612 cfg=104 nodes= 59647 59634 59635 59639 0 0 0 0 0 0
E 350611 cfg=104 nodes= 59646 59647 59639 59640 0 0 0 0 0 0
E 350610 cfg=104 nodes= 59644 59646 59640 59641 0 0 0 0 0 0
E 350609 cfg=104 nodes= 59632 59624 59623 59629 0 0 0 0 0 0
E 350608 cfg=104 nodes= 59590 59589 59624 59632 0 0 0 0 0 0
E 350606 cfg=104 nodes= 59632 59628 59461 59462 0 0 0 0 0 0
E 350605 cfg=104 nodes= 59463 59590 59632 59462 0 0 0 0 0 0
E 350604 cfg=104 nodes= 59581 59582 59630 59631 0 0 0 0 0 0
E 350603 cfg=104 nodes= 59580 59581 59631 59622 0 0 0 0 0 0
E 350602 cfg=104 nodes= 59631 59630 59628 59629 0 0 0 0 0 0
E 350601 cfg=104 nodes= 59622 59631 59629 59623 0 0 0 0 0 0
E 350600 cfg=104 nodes= 59460 59630 59582 59459 0 0 0 0 0 0
E 350599 cfg=104 nodes= 59461 59628 59630 59460 0 0 0 0 0 0
E 350598 cfg=104 nodes= 59627 59613 59612 59625 0 0 0 0 0 0
E 350597 cfg=104 nodes= 59588 59587 59613 59627 0 0 0 0 0 0
E 350596 cfg=104 nodes= 59624 59627 59625 59623 0 0 0 0 0 0
E 350595 cfg=104 nodes= 59589 59588 59627 59624 0 0 0 0 0 0
E 350593 cfg=104 nodes= 59579 59626 59612 59578 0 0 0 0 0 0
E 350592 cfg=104 nodes= 59622 59626 59579 59580 0 0 0 0 0 0
E 350591 cfg=104 nodes= 59623 59625 59626 59622 0 0 0 0 0 0
E 350590 cfg=104 nodes= 59619 59618 59620 59621 0 0 0 0 0 0
E 350589 cfg=104 nodes= 59614 59619 59621 59615 0 0 0 0 0 0
E 350588 cfg=104 nodes= 59621 59620 59586 59585 0 0 0 0 0 0
E 350587 cfg=104 nodes= 59615 59621 59585 59584 0 0 0 0 0 0
E 350586 cfg=104 nodes= 59613 59620 59618 59612 0 0 0 0 0 0
E 350585 cfg=104 nodes= 59587 59586 59620 59613 0 0 0 0 0 0
E 350584 cfg=104 nodes= 59619 59614 59575 59576 0 0 0 0 0 0
E 350583 cfg=104 nodes= 59618 59619 59576 59577 0 0 0 0 0 0
E 350582 cfg=104 nodes= 59612 59618 59577 59578 0 0 0 0 0 0
E 350581 cfg=104 nodes= 59583 59504 59505 59617 0 0 0 0 0 0
E 350580 cfg=104 nodes= 59584 59583 59617 59615 0 0 0 0 0 0
E 350579 cfg=104 nodes= 59617 59505 59506 59616 0 0 0 0 0 0
E 350578 cfg=104 nodes= 59615 59617 59616 59614 0 0 0 0 0 0
E 350577 cfg=104 nodes= 59616 59506 59507 59574 0 0 0 0 0 0
E 350576 cfg=104 nodes= 59614 59616 59574 59575 0 0 0 0 0 0
E 350574 cfg=104 nodes= 59532 59611 59466 59467 0 0 0 0 0 0
E 350573 cfg=104 nodes= 59611 59603 59602 59609 0 0 0 0 0 0
E 350572 cfg=104 nodes= 59466 59611 59609 59465 0 0 0 0 0 0
E 350571 cfg=104 nodes= 59609 59602 59601 59610 0 0 0 0 0 0
E 350570 cfg=104 nodes= 59465 59609 59610 59464 0 0 0 0 0 0
E 350569 cfg=104 nodes= 59610 59601 59588 59589 0 0 0 0 0 0
E 350567 cfg=104 nodes= 59610 59590 59463 59464 0 0 0 0 0 0
E 350566 cfg=104 nodes= 59605 59604 59607 59608 0 0 0 0 0 0
E 350565 cfg=104 nodes= 59592 59605 59608 59593 0 0 0 0 0 0
E 350564 cfg=104 nodes= 59608 59607 59531 59530 0 0 0 0 0 0
E 350563 cfg=104 nodes= 59593 59608 59530 59529 0 0 0 0 0 0
E 350562 cfg=104 nodes= 59603 59607 59604 59602 0 0 0 0 0 0
E 350561 cfg=104 nodes= 59532 59531 59607 59603 0 0 0 0 0 0
E 350560 cfg=104 nodes= 59606 59604 59605 59591 0 0 0 0 0 0
E 350559 cfg=104 nodes= 59602 59604 59606 59601 0 0 0 0 0 0
E 350558 cfg=104 nodes= 59606 59591 59586 59587 0 0 0 0 0 0
E 350557 cfg=104 nodes= 59601 59606 59587 59588 0 0 0 0 0 0
E 350556 cfg=104 nodes= 59595 59594 59599 59600 0 0 0 0 0 0
E 350555 cfg=104 nodes= 59502 59595 59600 59501 0 0 0 0 0 0
E 350554 cfg=104 nodes= 59600 59599 59528 59527 0 0 0 0 0 0
E 350553 cfg=104 nodes= 59501 59600 59527 59500 0 0 0 0 0 0
E 350552 cfg=104 nodes= 59593 59599 59594 59592 0 0 0 0 0 0
E 350551 cfg=104 nodes= 59529 59528 59599 59593 0 0 0 0 0 0
E 350550 cfg=104 nodes= 59583 59584 59596 59598 0 0 0 0 0 0
E 350549 cfg=104 nodes= 59504 59583 59598 59503 0 0 0 0 0 0
E 350548 cfg=104 nodes= 59598 59596 59594 59595 0 0 0 0 0 0
E 350547 cfg=104 nodes= 59503 59598 59595 59502 0 0 0 0 0 0
E 350546 cfg=104 nodes= 59585 59586 59591 59597 0 0 0 0 0 0
E 350545 cfg=104 nodes= 59584 59585 59597 59596 0 0 0 0 0 0
E 350544 cfg=104 nodes= 59591 59605 59592 59597 0 0 0 0 0 0
E 350543 cfg=104 nodes= 59596 59597 59592 59594 0 0 0 0 0 0
E 350542 cfg=104 nodes= 59569 59568 59571 59573 0 0 0 0 0 0
E 350541 cfg=104 nodes= 59561 59569 59573 59562 0 0 0 0 0 0
E 350540 cfg=104 nodes= 59573 59571 59549 59548 0 0 0 0 0 0
E 350539 cfg=104 nodes= 59562 59573 59548 59547 0 0 0 0 0 0
E 350538 cfg=104 nodes= 59567 59469 59470 59572 0 0 0 0 0 0
E 350537 cfg=104 nodes= 59568 59567 59572 59571 0 0 0 0 0 0
E 350535 cfg=104 nodes= 59549 59572 59470 59471 0 0 0 0 0 0
E 350534 cfg=104 nodes= 59569 59561 59529 59530 0 0 0 0 0 0
E 350533 cfg=104 nodes= 59530 59531 59568 59569 0 0 0 0 0 0
E 350531 cfg=104 nodes= 59567 59568 59531 59570 0 0 0 0 0 0
E 350530 cfg=104 nodes= 59468 59570 59532 59467 0 0 0 0 0 0
E 350529 cfg=104 nodes= 59469 59567 59570 59468 0 0 0 0 0 0
E 350528 cfg=104 nodes= 59565 59498 59499 59564 0 0 0 0 0 0
E 350527 cfg=104 nodes= 59546 59497 59498 59565 0 0 0 0 0 0
E 350526 cfg=104 nodes= 59563 59561 59562 59566 0 0 0 0 0 0
E 350525 cfg=104 nodes= 59564 59563 59566 59565 0 0 0 0 0 0
E 350523 cfg=104 nodes= 59565 59566 59547 59546 0 0 0 0 0 0
E 350522 cfg=104 nodes= 59564 59499 59500 59527 0 0 0 0 0 0
E 350521 cfg=104 nodes= 59563 59564 59527 59528 0 0 0 0 0 0
E 350520 cfg=104 nodes= 59561 59563 59528 59529 0 0 0 0 0 0
E 350519 cfg=104 nodes= 59553 59552 59559 59560 0 0 0 0 0 0
E 350518 cfg=104 nodes= 59473 59553 59560 59472 0 0 0 0 0 0
E 350517 cfg=104 nodes= 59560 59559 59548 59549 0 0 0 0 0 0
E 350516 cfg=104 nodes= 59472 59560 59549 59471 0 0 0 0 0 0
E 350515 cfg=104 nodes= 59557 59559 59552 59551 0 0 0 0 0 0
E 350514 cfg=104 nodes= 59547 59548 59559 59557 0 0 0 0 0 0
E 350513 cfg=104 nodes= 59550 59495 59496 59558 0 0 0 0 0 0
E 350512 cfg=104 nodes= 59551 59550 59558 59557 0 0 0 0 0 0
E 350511 cfg=104 nodes= 59558 59496 59497 59546 0 0 0 0 0 0
E 350510 cfg=104 nodes= 59557 59558 59546 59547 0 0 0 0 0 0
E 350509 cfg=104 nodes= 59535 59534 59554 59556 0 0 0 0 0 0
E 350508 cfg=104 nodes= 59475 59535 59556 59474 0 0 0 0 0 0
E 350507 cfg=104 nodes= 59556 59554 59551 59552 0 0 0 0 0 0
E 350505 cfg=104 nodes= 59556 59553 59473 59474 0 0 0 0 0 0
E 350504 cfg=104 nodes= 59533 59493 59494 59555 0 0 0 0 0 0
E 350503 cfg=104 nodes= 59534 59533 59555 59554 0 0 0 0 0 0
E 350502 cfg=104 nodes= 59555 59494 59495 59550 0 0 0 0 0 0
E 350501 cfg=104 nodes= 59554 59555 59550 59551 0 0 0 0 0 0
E 350499 cfg=104 nodes= 59541 59545 59476 59477 0 0 0 0 0 0
E 350498 cfg=104 nodes= 59545 59544 59534 59535 0 0 0 0 0 0
E 350497 cfg=104 nodes= 59476 59545 59535 59475 0 0 0 0 0 0
E 350496 cfg=104 nodes= 59541 59542 59540 59544 0 0 0 0 0 0
E 350495 cfg=104 nodes= 59534 59544 59540 59533 0 0 0 0 0 0
E 350494 cfg=104 nodes= 59493 59533 59540 59492 0 0 0 0 0 0
E 350493 cfg=104 nodes= 59537 59536 59542 59543 0 0 0 0 0 0
E 350492 cfg=104 nodes= 59479 59537 59543 59478 0 0 0 0 0 0
E 350490 cfg=104 nodes= 59478 59543 59541 59477 0 0 0 0 0 0
E 350489 cfg=104 nodes= 59491 59542 59536 59490 0 0 0 0 0 0
E 350488 cfg=104 nodes= 59492 59540 59542 59491 0 0 0 0 0 0
E 350486 cfg=104 nodes= 59539 59537 59479 59480 0 0 0 0 0 0
E 350485 cfg=104 nodes= 59490 59536 59539 59489 0 0 0 0 0 0
E 350484 cfg=104 nodes= 59539 59480 59481 59538 0 0 0 0 0 0
E 350483 cfg=104 nodes= 59489 59539 59538 59488 0 0 0 0 0 0
E 350481 cfg=104 nodes= 59487 59538 59481 59482 0 0 0 0 0 0
E 350480 cfg=104 nodes= 59486 59487 59482 59483 0 0 0 0 0 0
E 350479 cfg=104 nodes= 59485 59486 59483 59484 0 0 0 0 0 0
E 356999 cfg=103 nodes= 66168 66158 66132 0 0 0 0 0 0 0
E 356961 cfg=103 nodes= 66132 66100 66112 0 0 0 0 0 0 0
E 356719 cfg=103 nodes= 65880 65858 65881 0 0 0 0 0 0 0
E 356687 cfg=103 nodes= 65847 65825 65853 0 0 0 0 0 0 0
E 356648 cfg=103 nodes= 65818 65810 65781 0 0 0 0 0 0 0
E 356603 cfg=103 nodes= 65745 65752 65779 0 0 0 0 0 0 0
E 356575 cfg=103 nodes= 65744 65736 65709 0 0 0 0 0 0 0
E 356566 cfg=103 nodes= 65728 65703 65729 0 0 0 0 0 0 0
E 356537 cfg=103 nodes= 65708 65700 65671 0 0 0 0 0 0 0
E 356396 cfg=103 nodes= 65568 65548 65563 0 0 0 0 0 0 0
E 356367 cfg=103 nodes= 65540 65524 65536 0 0 0 0 0 0 0
E 356322 cfg=103 nodes= 65503 65498 65485 0 0 0 0 0 0 0
E 356316 cfg=103 nodes= 65481 65486 65497 0 0 0 0 0 0 0
E 356314 cfg=103 nodes= 65490 65489 65479 0 0 0 0 0 0 0
E 356312 cfg=103 nodes= 65422 65492 65490 0 0 0 0 0 0 0
E 356291 cfg=103 nodes= 65473 65468 65464 0 0 0 0 0 0 0
E 356272 cfg=103 nodes= 65449 65452 65456 0 0 0 0 0 0 0
E 356260 cfg=103 nodes= 65445 65444 65443 0 0 0 0 0 0 0
E 356256 cfg=103 nodes= 64816 63994 65411 0 0 0 0 0 0 0
E 356237 cfg=103 nodes= 65338 65340 65334 0 0 0 0 0 0 0
E 356221 cfg=103 nodes= 65327 65329 65316 0 0 0 0 0 0 0
E 356133 cfg=103 nodes= 65253 65252 65245 0 0 0 0 0 0 0
E 356031 cfg=103 nodes= 65139 65140 65113 0 0 0 0 0 0 0
E 355949 cfg=103 nodes= 64860 65070 64859 0 0 0 0 0 0 0
E 355921 cfg=103 nodes= 65050 65054 65051 0 0 0 0 0 0 0
E 355909 cfg=103 nodes= 65027 65041 65011 0 0 0 0 0 0 0
E 355904 cfg=103 nodes= 65039 65038 65025 0 0 0 0 0 0 0
E 355861 cfg=103 nodes= 64990 64991 64976 0 0 0 0 0 0 0
E 355790 cfg=103 nodes= 64931 64929 64926 0 0 0 0 0 0 0
E 355780 cfg=103 nodes= 64921 64922 64899 0 0 0 0 0 0 0
E 355745 cfg=103 nodes= 63994 63995 63993 0 0 0 0 0 0 0
E 355741 cfg=103 nodes= 63998 63999 64813 0 0 0 0 0 0 0
E 355740 cfg=103 nodes= 64815 63991 63992 0 0 0 0 0 0 0
E 355734 cfg=103 nodes= 64811 64808 64814 0 0 0 0 0 0 0
E 355719 cfg=103 nodes= 64804 64800 64795 0 0 0 0 0 0 0
E 355716 cfg=103 nodes= 64801 64794 64800 0 0 0 0 0 0 0
E 355698 cfg=103 nodes= 64785 64778 64788 0 0 0 0 0 0 0
E 355695 cfg=103 nodes= 64787 64774 64780 0 0 0 0 0 0 0
E 355581 cfg=103 nodes= 64673 64659 64668 0 0 0 0 0 0 0
E 355547 cfg=103 nodes= 64641 64634 64615 0 0 0 0 0 0 0
E 355214 cfg=103 nodes= 64293 64303 64320 0 0 0 0 0 0 0
E 355123 cfg=103 nodes= 64206 64213 64236 0 0 0 0 0 0 0
E 354946 cfg=103 nodes= 64058 64051 64057 0 0 0 0 0 0 0
E 354914 cfg=103 nodes= 63926 63922 63924 0 0 0 0 0 0 0
E 354862 cfg=103 nodes= 63874 63875 63892 0 0 0 0 0 0 0
E 354797 cfg=103 nodes= 63825 63814 63829 0 0 0 0 0 0 0
E 354784 cfg=103 nodes= 63803 63807 63823 0 0 0 0 0 0 0
E 354706 cfg=103 nodes= 63728 63734 63749 0 0 0 0 0 0 0
E 354649 cfg=103 nodes= 63682 63692 63681 0 0 0 0 0 0 0
E 354634 cfg=103 nodes= 63668 63669 63677 0 0 0 0 0 0 0
E 354326 cfg=103 nodes= 63246 63247 63248 0 0 0 0 0 0 0
E 357141 cfg=104 nodes= 58498 65379 66275 58497 0 0 0 0 0 0
E 357140 cfg=104 nodes= 65379 65380 66274 66275 0 0 0 0 0 0
E 357139 cfg=104 nodes= 65380 65381 66273 66274 0 0 0 0 0 0
E 357138 cfg=104 nodes= 65381 65382 66272 66273 0 0 0 0 0 0
E 357137 cfg=104 nodes= 65382 65383 66271 66272 0 0 0 0 0 0
E 357136 cfg=104 nodes= 65383 65384 66270 66271 0 0 0 0 0 0
E 357135 cfg=104 nodes= 58497 66275 66269 58496 0 0 0 0 0 0
E 357134 cfg=104 nodes= 65384 65385 66268 66270 0 0 0 0 0 0
E 357133 cfg=104 nodes= 66275 66274 66267 66269 0 0 0 0 0 0
E 357132 cfg=104 nodes= 65385 65386 66266 66268 0 0 0 0 0 0
E 357131 cfg=104 nodes= 66274 66273 66265 66267 0 0 0 0 0 0
E 357130 cfg=104 nodes= 66264 66266 65386 65387 0 0 0 0 0 0
E 357129 cfg=104 nodes= 66273 66272 66263 66265 0 0 0 0 0 0
E 357128 cfg=104 nodes= 66262 66264 65387 65388 0 0 0 0 0 0
E 357127 cfg=104 nodes= 66272 66271 66261 66263 0 0 0 0 0 0
E 357126 cfg=104 nodes= 66260 66262 65388 65389 0 0 0 0 0 0
E 357125 cfg=104 nodes= 58496 66269 66259 58495 0 0 0 0 0 0
E 357124 cfg=104 nodes= 66271 66270 66258 66261 0 0 0 0 0 0
E 357123 cfg=104 nodes= 65389 65390 66257 66260 0 0 0 0 0 0
E 357122 cfg=104 nodes= 66270 66268 66255 66258 0 0 0 0 0 0
E 357121 cfg=104 nodes= 66269 66267 66256 66259 0 0 0 0 0 0
E 357120 cfg=104 nodes= 65390 65391 66254 66257 0 0 0 0 0 0
E 357119 cfg=104 nodes= 66268 66266 66252 66255 0 0 0 0 0 0
E 357118 cfg=104 nodes= 66267 66265 66253 66256 0 0 0 0 0 0
E 357117 cfg=104 nodes= 65391 65392 66251 66254 0 0 0 0 0 0
E 357116 cfg=104 nodes= 66266 66264 66250 66252 0 0 0 0 0 0
E 357115 cfg=104 nodes= 66265 66263 66249 66253 0 0 0 0 0 0
E 357114 cfg=104 nodes= 65392 65393 66248 66251 0 0 0 0 0 0
E 357113 cfg=104 nodes= 66264 66262 66247 66250 0 0 0 0 0 0
E 357112 cfg=104 nodes= 66263 66261 66246 66249 0 0 0 0 0 0
E 357111 cfg=104 nodes= 65393 65394 66245 66248 0 0 0 0 0 0
E 357110 cfg=104 nodes= 58495 66259 66244 58494 0 0 0 0 0 0
E 357109 cfg=104 nodes= 66243 66247 66262 66260 0 0 0 0 0 0
E 357108 cfg=104 nodes= 66261 66258 66242 66246 0 0 0 0 0 0
E 357107 cfg=104 nodes= 66239 66241 65398 65399 0 0 0 0 0 0
E 357106 cfg=104 nodes= 66240 66245 65394 65395 0 0 0 0 0 0
E 357105 cfg=104 nodes= 66241 66238 65397 65398 0 0 0 0 0 0
E 357104 cfg=104 nodes= 66233 66239 65399 65400 0 0 0 0 0 0
E 357103 cfg=104 nodes= 65396 65397 66238 66237 0 0 0 0 0 0
E 357102 cfg=104 nodes= 66260 66257 66235 66243 0 0 0 0 0 0
E 357101 cfg=104 nodes= 66237 66240 65395 65396 0 0 0 0 0 0
E 357100 cfg=104 nodes= 66259 66256 66236 66244 0 0 0 0 0 0
E 357099 cfg=104 nodes= 66258 66255 66234 66242 0 0 0 0 0 0
E 357098 cfg=104 nodes= 66232 66233 65400 65401 0 0 0 0 0 0
E 357097 cfg=104 nodes= 66257 66254 66230 66235 0 0 0 0 0 0
E 357096 cfg=104 nodes= 66256 66253 66231 66236 0 0 0 0 0 0
E 357095 cfg=104 nodes= 66255 66252 66229 66234 0 0 0 0 0 0
E 357094 cfg=104 nodes= 66228 66232 65401 65402 0 0 0 0 0 0
E 357093 cfg=104 nodes= 66254 66251 66226 66230 0 0 0 0 0 0
E 357092 cfg=104 nodes= 66253 66249 66227 66231 0 0 0 0 0 0
E 357091 cfg=104 nodes= 66252 66250 66225 66229 0 0 0 0 0 0
E 357090 cfg=104 nodes= 66224 66228 65402 65403 0 0 0 0 0 0
E 357089 cfg=104 nodes= 66251 66248 66223 66226 0 0 0 0 0 0
E 357088 cfg=104 nodes= 66249 66246 66222 66227 0 0 0 0 0 0
E 357087 cfg=104 nodes= 66250 66247 66221 66225 0 0 0 0 0 0
E 357086 cfg=104 nodes= 66220 66224 65403 65404 0 0 0 0 0 0
E 357085 cfg=104 nodes= 58494 66244 66219 58493 0 0 0 0 0 0
E 357084 cfg=104 nodes= 66248 66245 66218 66223 0 0 0 0 0 0
E 357083 cfg=104 nodes= 66246 66242 66217 66222 0 0 0 0 0 0
E 357082 cfg=104 nodes= 66216 66221 66247 66243 0 0 0 0 0 0
E 357081 cfg=104 nodes= 65404 65405 66215 66220 0 0 0 0 0 0
E 357080 cfg=104 nodes= 66214 66218 66245 66240 0 0 0 0 0 0
E 357079 cfg=104 nodes= 66244 66236 66209 66219 0 0 0 0 0 0
E 357078 cfg=104 nodes= 66211 66214 66240 66237 0 0 0 0 0 0
E 357077 cfg=104 nodes= 66242 66234 66207 66217 0 0 0 0 0 0
E 357076 cfg=104 nodes= 66243 66235 66206 66216 0 0 0 0 0 0
E 357075 cfg=104 nodes= 66212 66210 66238 66241 0 0 0 0 0 0
E 357074 cfg=104 nodes= 66208 66212 66241 66239 0 0 0 0 0 0
E 357073 cfg=104 nodes= 65405 65406 66213 66215 0 0 0 0 0 0
E 357072 cfg=104 nodes= 66237 66238 66210 66211 0 0 0 0 0 0
E 357071 cfg=104 nodes= 66204 66208 66239 66233 0 0 0 0 0 0
E 357070 cfg=104 nodes= 66236 66231 66203 66209 0 0 0 0 0 0
E 357069 cfg=104 nodes= 66235 66230 66201 66206 0 0 0 0 0 0
E 357068 cfg=104 nodes= 66205 66213 65406 65407 0 0 0 0 0 0
E 357067 cfg=104 nodes= 66234 66229 66202 66207 0 0 0 0 0 0
E 357066 cfg=104 nodes= 66200 66204 66233 66232 0 0 0 0 0 0
E 357065 cfg=104 nodes= 66231 66227 66198 66203 0 0 0 0 0 0
E 357064 cfg=104 nodes= 66230 66226 66196 66201 0 0 0 0 0 0
E 357063 cfg=104 nodes= 66197 66202 66229 66225 0 0 0 0 0 0
E 357062 cfg=104 nodes= 65407 65408 66199 66205 0 0 0 0 0 0
E 357061 cfg=104 nodes= 66232 66228 66195 66200 0 0 0 0 0 0
E 357060 cfg=104 nodes= 66227 66222 66193 66198 0 0 0 0 0 0
E 357059 cfg=104 nodes= 66226 66223 66192 66196 0 0 0 0 0 0
E 357058 cfg=104 nodes= 66191 66197 66225 66221 0 0 0 0 0 0
E 357057 cfg=104 nodes= 66228 66224 66189 66195 0 0 0 0 0 0
E 357056 cfg=104 nodes= 65408 65409 66190 66199 0 0 0 0 0 0
E 357055 cfg=104 nodes= 58493 66219 66188 58492 0 0 0 0 0 0
E 357054 cfg=104 nodes= 66222 66217 66186 66193 0 0 0 0 0 0
E 357053 cfg=104 nodes= 66223 66218 66185 66192 0 0 0 0 0 0
E 357052 cfg=104 nodes= 66184 66191 66221 66216 0 0 0 0 0 0
E 357051 cfg=104 nodes= 66182 66189 66224 66220 0 0 0 0 0 0
E 357050 cfg=104 nodes= 65409 65410 66183 66190 0 0 0 0 0 0
E 357049 cfg=104 nodes= 66215 66213 66187 66194 0 0 0 0 0 0
E 357048 cfg=104 nodes= 66215 66194 66182 66220 0 0 0 0 0 0
E 357047 cfg=104 nodes= 66218 66214 66181 66185 0 0 0 0 0 0
E 357046 cfg=104 nodes= 66219 66209 66180 66188 0 0 0 0 0 0
E 357045 cfg=104 nodes= 66217 66207 66179 66186 0 0 0 0 0 0
E 357044 cfg=104 nodes= 66216 66206 66177 66184 0 0 0 0 0 0
E 357043 cfg=104 nodes= 66214 66211 66178 66181 0 0 0 0 0 0
E 357042 cfg=104 nodes= 66174 66187 66213 66205 0 0 0 0 0 0
E 357041 cfg=104 nodes= 66210 66212 66176 66175 0 0 0 0 0 0
E 357040 cfg=104 nodes= 66211 66210 66175 66178 0 0 0 0 0 0
E 357039 cfg=104 nodes= 66212 66208 66173 66176 0 0 0 0 0 0
E 357038 cfg=104 nodes= 66209 66203 66172 66180 0 0 0 0 0 0
E 357037 cfg=104 nodes= 66207 66202 66171 66179 0 0 0 0 0 0
E 357036 cfg=104 nodes= 66206 66201 66170 66177 0 0 0 0 0 0
E 357035 cfg=104 nodes= 66169 66173 66208 66204 0 0 0 0 0 0
E 357034 cfg=104 nodes= 66205 66199 66167 66174 0 0 0 0 0 0
E 357033 cfg=104 nodes= 66203 66198 66166 66172 0 0 0 0 0 0
E 357032 cfg=104 nodes= 66163 66169 66204 66200 0 0 0 0 0 0
E 357031 cfg=104 nodes= 66202 66197 66165 66171 0 0 0 0 0 0
E 357030 cfg=104 nodes= 66201 66196 66164 66170 0 0 0 0 0 0
E 357029 cfg=104 nodes= 66200 66195 66159 66163 0 0 0 0 0 0
E 357028 cfg=104 nodes= 66198 66193 66162 66166 0 0 0 0 0 0
E 357027 cfg=104 nodes= 66199 66190 66157 66167 0 0 0 0 0 0
E 357026 cfg=104 nodes= 66197 66191 66161 66165 0 0 0 0 0 0
E 357025 cfg=104 nodes= 66196 66192 66160 66164 0 0 0 0 0 0
E 357024 cfg=104 nodes= 66194 66187 66158 66168 0 0 0 0 0 0
E 357023 cfg=104 nodes= 58492 66188 66156 58491 0 0 0 0 0 0
E 357022 cfg=104 nodes= 66195 66189 66152 66159 0 0 0 0 0 0
E 357021 cfg=104 nodes= 66168 66145 66182 66194 0 0 0 0 0 0
E 357020 cfg=104 nodes= 66193 66186 66155 66162 0 0 0 0 0 0
E 357019 cfg=104 nodes= 66154 66161 66191 66184 0 0 0 0 0 0
E 357018 cfg=104 nodes= 66192 66185 66153 66160 0 0 0 0 0 0
E 357017 cfg=104 nodes= 66190 66183 66149 66157 0 0 0 0 0 0
E 357016 cfg=104 nodes= 66188 66180 66150 66156 0 0 0 0 0 0
E 357015 cfg=104 nodes= 66145 66152 66189 66182 0 0 0 0 0 0
E 357014 cfg=104 nodes= 66151 66153 66185 66181 0 0 0 0 0 0
E 357013 cfg=104 nodes= 66147 66158 66187 66174 0 0 0 0 0 0
E 357012 cfg=104 nodes= 66186 66179 66148 66155 0 0 0 0 0 0
E 357011 cfg=104 nodes= 66184 66177 66146 66154 0 0 0 0 0 0
E 357010 cfg=104 nodes= 66144 66151 66181 66178 0 0 0 0 0 0
E 357009 cfg=104 nodes= 66178 66175 66143 66144 0 0 0 0 0 0
E 357008 cfg=104 nodes= 66180 66172 66141 66150 0 0 0 0 0 0
E 357007 cfg=104 nodes= 66142 66143 66175 66176 0 0 0 0 0 0
E 357006 cfg=104 nodes= 66179 66171 66140 66148 0 0 0 0 0 0
E 357005 cfg=104 nodes= 66177 66170 66138 66146 0 0 0 0 0 0
E 357004 cfg=104 nodes= 66139 66142 66176 66173 0 0 0 0 0 0
E 357003 cfg=104 nodes= 66174 66167 66136 66147 0 0 0 0 0 0
E 357002 cfg=104 nodes= 66135 66139 66173 66169 0 0 0 0 0 0
E 357001 cfg=104 nodes= 66172 66166 66137 66141 0 0 0 0 0 0
E 357000 cfg=104 nodes= 66171 66165 66134 66140 0 0 0 0 0 0
E 356998 cfg=104 nodes= 66170 66164 66133 66138 0 0 0 0 0 0
E 356997 cfg=104 nodes= 66131 66135 66169 66163 0 0 0 0 0 0
E 356996 cfg=104 nodes= 66166 66162 66130 66137 0 0 0 0 0 0
E 356995 cfg=104 nodes= 66165 66161 66129 66134 0 0 0 0 0 0
E 356994 cfg=104 nodes= 66164 66160 66128 66133 0 0 0 0 0 0
E 356993 cfg=104 nodes= 66167 66157 66127 66136 0 0 0 0 0 0
E 356992 cfg=104 nodes= 66163 66159 66125 66131 0 0 0 0 0 0
E 356991 cfg=104 nodes= 58491 66156 66126 58490 0 0 0 0 0 0
E 356990 cfg=104 nodes= 66162 66155 66124 66130 0 0 0 0 0 0
E 356989 cfg=104 nodes= 66123 66129 66161 66154 0 0 0 0 0 0
E 356988 cfg=104 nodes= 66160 66153 66122 66128 0 0 0 0 0 0
E 356987 cfg=104 nodes= 66132 66112 66145 66168 0 0 0 0 0 0
E 356986 cfg=104 nodes= 66117 66132 66158 66147 0 0 0 0 0 0
E 356985 cfg=104 nodes= 66120 66125 66159 66152 0 0 0 0 0 0
E 356984 cfg=104 nodes= 66156 66150 66121 66126 0 0 0 0 0 0
E 356983 cfg=104 nodes= 66157 66149 66115 66127 0 0 0 0 0 0
E 356982 cfg=104 nodes= 66155 66148 66118 66124 0 0 0 0 0 0
E 356981 cfg=104 nodes= 66119 66122 66153 66151 0 0 0 0 0 0
E 356980 cfg=104 nodes= 66154 66146 66116 66123 0 0 0 0 0 0
E 356979 cfg=104 nodes= 66112 66120 66152 66145 0 0 0 0 0 0
E 356978 cfg=104 nodes= 66114 66119 66151 66144 0 0 0 0 0 0
E 356977 cfg=104 nodes= 66150 66141 66113 66121 0 0 0 0 0 0
E 356976 cfg=104 nodes= 66148 66140 66110 66118 0 0 0 0 0 0
E 356975 cfg=104 nodes= 66144 66143 66111 66114 0 0 0 0 0 0
E 356974 cfg=104 nodes= 66146 66138 66108 66116 0 0 0 0 0 0
E 356973 cfg=104 nodes= 66109 66111 66143 66142 0 0 0 0 0 0
E 356972 cfg=104 nodes= 66136 66106 66117 66147 0 0 0 0 0 0
E 356971 cfg=104 nodes= 66107 66109 66142 66139 0 0 0 0 0 0
E 356970 cfg=104 nodes= 66141 66137 66105 66113 0 0 0 0 0 0
E 356969 cfg=104 nodes= 66140 66134 66104 66110 0 0 0 0 0 0
E 356968 cfg=104 nodes= 66138 66133 66103 66108 0 0 0 0 0 0
E 356967 cfg=104 nodes= 66102 66107 66139 66135 0 0 0 0 0 0
E 356966 cfg=104 nodes= 66137 66130 66101 66105 0 0 0 0 0 0
E 356965 cfg=104 nodes= 66134 66129 66099 66104 0 0 0 0 0 0
E 356964 cfg=104 nodes= 66097 66102 66135 66131 0 0 0 0 0 0
E 356963 cfg=104 nodes= 66127 66096 66106 66136 0 0 0 0 0 0
E 356962 cfg=104 nodes= 66133 66128 66098 66103 0 0 0 0 0 0
E 356960 cfg=104 nodes= 58490 66126 66095 58489 0 0 0 0 0 0
E 356959 cfg=104 nodes= 66130 66124 66094 66101 0 0 0 0 0 0
E 356958 cfg=104 nodes= 66093 66099 66129 66123 0 0 0 0 0 0
E 356957 cfg=104 nodes= 66131 66125 66091 66097 0 0 0 0 0 0
E 356956 cfg=104 nodes= 66092 66098 66128 66122 0 0 0 0 0 0
E 356955 cfg=104 nodes= 66088 66100 66132 66117 0 0 0 0 0 0
E 356954 cfg=104 nodes= 66126 66121 66090 66095 0 0 0 0 0 0
E 356953 cfg=104 nodes= 66124 66118 66089 66094 0 0 0 0 0 0
E 356952 cfg=104 nodes= 66115 66085 66096 66127 0 0 0 0 0 0
E 356951 cfg=104 nodes= 66087 66092 66122 66119 0 0 0 0 0 0
E 356950 cfg=104 nodes= 66084 66091 66125 66120 0 0 0 0 0 0
E 356949 cfg=104 nodes= 66123 66116 66086 66093 0 0 0 0 0 0
E 356948 cfg=104 nodes= 66121 66113 66083 66090 0 0 0 0 0 0
E 356947 cfg=104 nodes= 66082 66087 66119 66114 0 0 0 0 0 0
E 356946 cfg=104 nodes= 66118 66110 66081 66089 0 0 0 0 0 0
E 356945 cfg=104 nodes= 66078 66084 66120 66112 0 0 0 0 0 0
E 356944 cfg=104 nodes= 66116 66108 66079 66086 0 0 0 0 0 0
E 356943 cfg=104 nodes= 66080 66082 66114 66111 0 0 0 0 0 0
E 356942 cfg=104 nodes= 66106 66075 66088 66117 0 0 0 0 0 0
E 356941 cfg=104 nodes= 66077 66080 66111 66109 0 0 0 0 0 0
E 356940 cfg=104 nodes= 66113 66105 66076 66083 0 0 0 0 0 0
E 356939 cfg=104 nodes= 66110 66104 66074 66081 0 0 0 0 0 0
E 356938 cfg=104 nodes= 66073 66077 66109 66107 0 0 0 0 0 0
E 356937 cfg=104 nodes= 66108 66103 66072 66079 0 0 0 0 0 0
E 356936 cfg=104 nodes= 66068 66078 66112 66100 0 0 0 0 0 0
E 356935 cfg=104 nodes= 66105 66101 66071 66076 0 0 0 0 0 0
E 356934 cfg=104 nodes= 66069 66073 66107 66102 0 0 0 0 0 0
E 356933 cfg=104 nodes= 66104 66099 66070 66074 0 0 0 0 0 0
E 356932 cfg=104 nodes= 66075 66106 66096 66065 0 0 0 0 0 0
E 356931 cfg=104 nodes= 66103 66098 66067 66072 0 0 0 0 0 0
E 356930 cfg=104 nodes= 58489 66095 66066 58488 0 0 0 0 0 0
E 356929 cfg=104 nodes= 66063 66069 66102 66097 0 0 0 0 0 0
E 356928 cfg=104 nodes= 66101 66094 66064 66071 0 0 0 0 0 0
E 356927 cfg=104 nodes= 66062 66070 66099 66093 0 0 0 0 0 0
E 356926 cfg=104 nodes= 66098 66092 66061 66067 0 0 0 0 0 0
E 356925 cfg=104 nodes= 66095 66090 66060 66066 0 0 0 0 0 0
E 356924 cfg=104 nodes= 66058 66068 66100 66088 0 0 0 0 0 0
E 356923 cfg=104 nodes= 66057 66063 66097 66091 0 0 0 0 0 0
E 356922 cfg=104 nodes= 66065 66096 66085 66054 0 0 0 0 0 0
E 356921 cfg=104 nodes= 66094 66089 66059 66064 0 0 0 0 0 0
E 356920 cfg=104 nodes= 66093 66086 66055 66062 0 0 0 0 0 0
E 356919 cfg=104 nodes= 66092 66087 66056 66061 0 0 0 0 0 0
E 356918 cfg=104 nodes= 66090 66083 66053 66060 0 0 0 0 0 0
E 356917 cfg=104 nodes= 66050 66057 66091 66084 0 0 0 0 0 0
E 356916 cfg=104 nodes= 66052 66056 66087 66082 0 0 0 0 0 0
E 356915 cfg=104 nodes= 66089 66081 66051 66059 0 0 0 0 0 0
E 356914 cfg=104 nodes= 66086 66079 66049 66055 0 0 0 0 0 0
E 356913 cfg=104 nodes= 66075 66046 66058 66088 0 0 0 0 0 0
E 356912 cfg=104 nodes= 66082 66080 66048 66052 0 0 0 0 0 0
E 356911 cfg=104 nodes= 66083 66076 66047 66053 0 0 0 0 0 0
E 356910 cfg=104 nodes= 66043 66050 66084 66078 0 0 0 0 0 0
E 356909 cfg=104 nodes= 66045 66051 66081 66074 0 0 0 0 0 0
E 356908 cfg=104 nodes= 66080 66077 66044 66048 0 0 0 0 0 0
E 356907 cfg=104 nodes= 66079 66072 66042 66049 0 0 0 0 0 0
E 356906 cfg=104 nodes= 66040 66044 66077 66073 0 0 0 0 0 0
E 356905 cfg=104 nodes= 66076 66071 66041 66047 0 0 0 0 0 0
E 356904 cfg=104 nodes= 66039 66045 66074 66070 0 0 0 0 0 0
E 356903 cfg=104 nodes= 66046 66075 66065 66036 0 0 0 0 0 0
E 356902 cfg=104 nodes= 66068 66033 66043 66078 0 0 0 0 0 0
E 356901 cfg=104 nodes= 66072 66067 66038 66042 0 0 0 0 0 0
E 356900 cfg=104 nodes= 58488 66066 66037 58487 0 0 0 0 0 0
E 356899 cfg=104 nodes= 66035 66040 66073 66069 0 0 0 0 0 0
E 356898 cfg=104 nodes= 66071 66064 66034 66041 0 0 0 0 0 0
E 356897 cfg=104 nodes= 66032 66039 66070 66062 0 0 0 0 0 0
E 356896 cfg=104 nodes= 66067 66061 66031 66038 0 0 0 0 0 0
E 356895 cfg=104 nodes= 66029 66035 66069 66063 0 0 0 0 0 0
E 356894 cfg=104 nodes= 66066 66060 66030 66037 0 0 0 0 0 0
E 356893 cfg=104 nodes= 66064 66059 66028 66034 0 0 0 0 0 0
E 356892 cfg=104 nodes= 66036 66065 66054 66026 0 0 0 0 0 0
E 356891 cfg=104 nodes= 66058 66024 66033 66068 0 0 0 0 0 0
E 356890 cfg=104 nodes= 66062 66055 66027 66032 0 0 0 0 0 0
E 356889 cfg=104 nodes= 66061 66056 66025 66031 0 0 0 0 0 0
E 356888 cfg=104 nodes= 66063 66057 66022 66029 0 0 0 0 0 0
E 356887 cfg=104 nodes= 66060 66053 66023 66030 0 0 0 0 0 0
E 356886 cfg=104 nodes= 66059 66051 66021 66028 0 0 0 0 0 0
E 356885 cfg=104 nodes= 66020 66025 66056 66052 0 0 0 0 0 0
E 356884 cfg=104 nodes= 66055 66049 66019 66027 0 0 0 0 0 0
E 356883 cfg=104 nodes= 66057 66050 66017 66022 0 0 0 0 0 0
E 356882 cfg=104 nodes= 66053 66047 66018 66023 0 0 0 0 0 0
E 356881 cfg=104 nodes= 66046 66014 66024 66058 0 0 0 0 0 0
E 356880 cfg=104 nodes= 66052 66048 66016 66020 0 0 0 0 0 0
E 356879 cfg=104 nodes= 66051 66045 66015 66021 0 0 0 0 0 0
E 356878 cfg=104 nodes= 66049 66042 66013 66019 0 0 0 0 0 0
E 356877 cfg=104 nodes= 66010 66017 66050 66043 0 0 0 0 0 0
E 356876 cfg=104 nodes= 66048 66044 66012 66016 0 0 0 0 0 0
E 356875 cfg=104 nodes= 66047 66041 66011 66018 0 0 0 0 0 0
E 356874 cfg=104 nodes= 66045 66039 66009 66015 0 0 0 0 0 0
E 356873 cfg=104 nodes= 66007 66012 66044 66040 0 0 0 0 0 0
E 356872 cfg=104 nodes= 58486 58487 66037 66008 0 0 0 0 0 0
E 356871 cfg=104 nodes= 66036 66005 66014 66046 0 0 0 0 0 0
E 356870 cfg=104 nodes= 66042 66038 66006 66013 0 0 0 0 0 0
E 356869 cfg=104 nodes= 66041 66034 66004 66011 0 0 0 0 0 0
E 356868 cfg=104 nodes= 66033 66000 66010 66043 0 0 0 0 0 0
E 356867 cfg=104 nodes= 66001 66007 66040 66035 0 0 0 0 0 0
E 356866 cfg=104 nodes= 66003 66009 66039 66032 0 0 0 0 0 0
E 356865 cfg=104 nodes= 66008 66037 66030 66002 0 0 0 0 0 0
E 356864 cfg=104 nodes= 65999 66006 66038 66031 0 0 0 0 0 0
E 356863 cfg=104 nodes= 66034 66028 65998 66004 0 0 0 0 0 0
E 356862 cfg=104 nodes= 66026 65995 66005 66036 0 0 0 0 0 0
E 356861 cfg=104 nodes= 65996 66001 66035 66029 0 0 0 0 0 0
E 356860 cfg=104 nodes= 66032 66027 65997 66003 0 0 0 0 0 0
E 356859 cfg=104 nodes= 65993 65999 66031 66025 0 0 0 0 0 0
E 356858 cfg=104 nodes= 66024 65991 66000 66033 0 0 0 0 0 0
E 356857 cfg=104 nodes= 66002 66030 66023 65994 0 0 0 0 0 0
E 356856 cfg=104 nodes= 66028 66021 65992 65998 0 0 0 0 0 0
E 356855 cfg=104 nodes= 66029 66022 65988 65996 0 0 0 0 0 0
E 356854 cfg=104 nodes= 66027 66019 65990 65997 0 0 0 0 0 0
E 356853 cfg=104 nodes= 65989 65993 66025 66020 0 0 0 0 0 0
E 356852 cfg=104 nodes= 65994 66023 66018 65987 0 0 0 0 0 0
E 356851 cfg=104 nodes= 66021 66015 65986 65992 0 0 0 0 0 0
E 356850 cfg=104 nodes= 66014 65982 65991 66024 0 0 0 0 0 0
E 356849 cfg=104 nodes= 66022 66017 65983 65988 0 0 0 0 0 0
E 356848 cfg=104 nodes= 65985 65989 66020 66016 0 0 0 0 0 0
E 356847 cfg=104 nodes= 66019 66013 65984 65990 0 0 0 0 0 0
E 356846 cfg=104 nodes= 66011 65981 65987 66018 0 0 0 0 0 0
E 356845 cfg=104 nodes= 65980 65985 66016 66012 0 0 0 0 0 0
E 356844 cfg=104 nodes= 66015 66009 65979 65986 0 0 0 0 0 0
E 356843 cfg=104 nodes= 65976 65983 66017 66010 0 0 0 0 0 0
E 356842 cfg=104 nodes= 58485 58486 66008 65978 0 0 0 0 0 0
E 356841 cfg=104 nodes= 66013 66006 65977 65984 0 0 0 0 0 0
E 356840 cfg=104 nodes= 66005 65973 65982 66014 0 0 0 0 0 0
E 356839 cfg=104 nodes= 66004 65975 65981 66011 0 0 0 0 0 0
E 356838 cfg=104 nodes= 65974 65980 66012 66007 0 0 0 0 0 0
E 356837 cfg=104 nodes= 65972 65979 66009 66003 0 0 0 0 0 0
E 356836 cfg=104 nodes= 65978 66008 66002 65971 0 0 0 0 0 0
E 356835 cfg=104 nodes= 65976 66010 66000 65967 0 0 0 0 0 0
E 356834 cfg=104 nodes= 66006 65999 65970 65977 0 0 0 0 0 0
E 356833 cfg=104 nodes= 65968 65974 66007 66001 0 0 0 0 0 0
E 356832 cfg=104 nodes= 65975 66004 65998 65969 0 0 0 0 0 0
E 356831 cfg=104 nodes= 65995 65964 65973 66005 0 0 0 0 0 0
E 356830 cfg=104 nodes= 66003 65997 65966 65972 0 0 0 0 0 0
E 356829 cfg=104 nodes= 65971 66002 65994 65965 0 0 0 0 0 0
E 356828 cfg=104 nodes= 65999 65993 65963 65970 0 0 0 0 0 0
E 356827 cfg=104 nodes= 65961 65968 66001 65996 0 0 0 0 0 0
E 356826 cfg=104 nodes= 65969 65998 65992 65962 0 0 0 0 0 0
E 356825 cfg=104 nodes= 65967 66000 65991 65958 0 0 0 0 0 0
E 356824 cfg=104 nodes= 65997 65990 65959 65966 0 0 0 0 0 0
E 356823 cfg=104 nodes= 65965 65994 65987 65960 0 0 0 0 0 0
E 356822 cfg=104 nodes= 65957 65963 65993 65989 0 0 0 0 0 0
E 356821 cfg=104 nodes= 65955 65961 65996 65988 0 0 0 0 0 0
E 356820 cfg=104 nodes= 65962 65992 65986 65956 0 0 0 0 0 0
E 356819 cfg=104 nodes= 65990 65984 65953 65959 0 0 0 0 0 0
E 356818 cfg=104 nodes= 65958 65991 65982 65950 0 0 0 0 0 0
E 356817 cfg=104 nodes= 65989 65985 65952 65957 0 0 0 0 0 0
E 356816 cfg=104 nodes= 65981 65954 65960 65987 0 0 0 0 0 0
E 356815 cfg=104 nodes= 65948 65955 65988 65983 0 0 0 0 0 0
E 356814 cfg=104 nodes= 65956 65986 65979 65951 0 0 0 0 0 0
E 356813 cfg=104 nodes= 58484 58485 65978 65949 0 0 0 0 0 0
E 356812 cfg=104 nodes= 65985 65980 65946 65952 0 0 0 0 0 0
E 356811 cfg=104 nodes= 65975 65947 65954 65981 0 0 0 0 0 0
E 356810 cfg=104 nodes= 65984 65977 65945 65953 0 0 0 0 0 0
E 356809 cfg=104 nodes= 65942 65948 65983 65976 0 0 0 0 0 0
E 356808 cfg=104 nodes= 65950 65982 65973 65941 0 0 0 0 0 0
E 356807 cfg=104 nodes= 65951 65979 65972 65944 0 0 0 0 0 0
E 356806 cfg=104 nodes= 65949 65978 65971 65943 0 0 0 0 0 0
E 356805 cfg=104 nodes= 65939 65946 65980 65974 0 0 0 0 0 0
E 356804 cfg=104 nodes= 65947 65975 65969 65940 0 0 0 0 0 0
E 356803 cfg=104 nodes= 65977 65970 65938 65945 0 0 0 0 0 0
E 356802 cfg=104 nodes= 65942 65976 65967 65934 0 0 0 0 0 0
E 356801 cfg=104 nodes= 65944 65972 65966 65937 0 0 0 0 0 0
E 356800 cfg=104 nodes= 65943 65971 65965 65936 0 0 0 0 0 0
E 356799 cfg=104 nodes= 65933 65939 65974 65968 0 0 0 0 0 0
E 356798 cfg=104 nodes= 65941 65973 65964 65932 0 0 0 0 0 0
E 356797 cfg=104 nodes= 65940 65969 65962 65935 0 0 0 0 0 0
E 356796 cfg=104 nodes= 65970 65963 65931 65938 0 0 0 0 0 0
E 356795 cfg=104 nodes= 65937 65966 65959 65930 0 0 0 0 0 0
E 356794 cfg=104 nodes= 65936 65965 65960 65929 0 0 0 0 0 0
E 356793 cfg=104 nodes= 65927 65933 65968 65961 0 0 0 0 0 0
E 356792 cfg=104 nodes= 65934 65967 65958 65925 0 0 0 0 0 0
E 356791 cfg=104 nodes= 65935 65962 65956 65928 0 0 0 0 0 0
E 356790 cfg=104 nodes= 65926 65931 65963 65957 0 0 0 0 0 0
E 356789 cfg=104 nodes= 65954 65924 65929 65960 0 0 0 0 0 0
E 356788 cfg=104 nodes= 65961 65955 65921 65927 0 0 0 0 0 0
E 356787 cfg=104 nodes= 65953 65923 65930 65959 0 0 0 0 0 0
E 356786 cfg=104 nodes= 65928 65956 65951 65922 0 0 0 0 0 0
E 356785 cfg=104 nodes= 65957 65952 65920 65926 0 0 0 0 0 0
E 356784 cfg=104 nodes= 65925 65958 65950 65918 0 0 0 0 0 0
E 356783 cfg=104 nodes= 58483 58484 65949 65919 0 0 0 0 0 0
E 356782 cfg=104 nodes= 65947 65917 65924 65954 0 0 0 0 0 0
E 356781 cfg=104 nodes= 65955 65948 65914 65921 0 0 0 0 0 0
E 356780 cfg=104 nodes= 65945 65915 65923 65953 0 0 0 0 0 0
E 356779 cfg=104 nodes= 65922 65951 65944 65916 0 0 0 0 0 0
E 356778 cfg=104 nodes= 65952 65946 65913 65920 0 0 0 0 0 0
E 356777 cfg=104 nodes= 65919 65949 65943 65912 0 0 0 0 0 0
E 356776 cfg=104 nodes= 65918 65950 65941 65909 0 0 0 0 0 0
E 356775 cfg=104 nodes= 65917 65947 65940 65911 0 0 0 0 0 0
E 356774 cfg=104 nodes= 65907 65914 65948 65942 0 0 0 0 0 0
E 356773 cfg=104 nodes= 65915 65945 65938 65910 0 0 0 0 0 0
E 356772 cfg=104 nodes= 65904 65913 65946 65939 0 0 0 0 0 0
E 356771 cfg=104 nodes= 65916 65944 65937 65908 0 0 0 0 0 0
E 356770 cfg=104 nodes= 65912 65943 65936 65905 0 0 0 0 0 0
E 356769 cfg=104 nodes= 65911 65940 65935 65903 0 0 0 0 0 0
E 356768 cfg=104 nodes= 65910 65938 65931 65906 0 0 0 0 0 0
E 356767 cfg=104 nodes= 65932 65902 65909 65941 0 0 0 0 0 0
E 356766 cfg=104 nodes= 65907 65942 65934 65898 0 0 0 0 0 0
E 356765 cfg=104 nodes= 65896 65904 65939 65933 0 0 0 0 0 0
E 356764 cfg=104 nodes= 65908 65937 65930 65901 0 0 0 0 0 0
E 356763 cfg=104 nodes= 65905 65936 65929 65897 0 0 0 0 0 0
E 356762 cfg=104 nodes= 65903 65935 65928 65900 0 0 0 0 0 0
E 356761 cfg=104 nodes= 65906 65931 65926 65899 0 0 0 0 0 0
E 356760 cfg=104 nodes= 65892 65896 65933 65927 0 0 0 0 0 0
E 356759 cfg=104 nodes= 65898 65934 65925 65891 0 0 0 0 0 0
E 356758 cfg=104 nodes= 65924 65895 65897 65929 0 0 0 0 0 0
E 356757 cfg=104 nodes= 65901 65930 65923 65890 0 0 0 0 0 0
E 356756 cfg=104 nodes= 65900 65928 65922 65893 0 0 0 0 0 0
E 356755 cfg=104 nodes= 65899 65926 65920 65894 0 0 0 0 0 0
E 356754 cfg=104 nodes= 65919 65889 58482 58483 0 0 0 0 0 0
E 356753 cfg=104 nodes= 65927 65921 65886 65892 0 0 0 0 0 0
E 356752 cfg=104 nodes= 65917 65888 65895 65924 0 0 0 0 0 0
E 356751 cfg=104 nodes= 65891 65925 65918 65884 0 0 0 0 0 0
E 356750 cfg=104 nodes= 65893 65922 65916 65885 0 0 0 0 0 0
E 356749 cfg=104 nodes= 65894 65920 65913 65887 0 0 0 0 0 0
E 356748 cfg=104 nodes= 65890 65923 65915 65881 0 0 0 0 0 0
E 356747 cfg=104 nodes= 65912 65882 65889 65919 0 0 0 0 0 0
E 356746 cfg=104 nodes= 65888 65917 65911 65883 0 0 0 0 0 0
E 356745 cfg=104 nodes= 65921 65914 65877 65886 0 0 0 0 0 0
E 356744 cfg=104 nodes= 65884 65918 65909 65875 0 0 0 0 0 0
E 356743 cfg=104 nodes= 65881 65915 65910 65880 0 0 0 0 0 0
E 356742 cfg=104 nodes= 65885 65916 65908 65876 0 0 0 0 0 0
E 356741 cfg=104 nodes= 65887 65913 65904 65878 0 0 0 0 0 0
E 356740 cfg=104 nodes= 65880 65910 65906 65879 0 0 0 0 0 0
E 356739 cfg=104 nodes= 65905 65873 65882 65912 0 0 0 0 0 0
E 356738 cfg=104 nodes= 65883 65911 65903 65874 0 0 0 0 0 0
E 356737 cfg=104 nodes= 65870 65877 65914 65907 0 0 0 0 0 0
E 356736 cfg=104 nodes= 65879 65906 65899 65872 0 0 0 0 0 0
E 356735 cfg=104 nodes= 65902 65867 65875 65909 0 0 0 0 0 0
E 356734 cfg=104 nodes= 65876 65908 65901 65869 0 0 0 0 0 0
E 356733 cfg=104 nodes= 65878 65904 65896 65871 0 0 0 0 0 0
E 356732 cfg=104 nodes= 65874 65903 65900 65868 0 0 0 0 0 0
E 356731 cfg=104 nodes= 65897 65866 65873 65905 0 0 0 0 0 0
E 356730 cfg=104 nodes= 65870 65907 65898 65864 0 0 0 0 0 0
E 356729 cfg=104 nodes= 65872 65899 65894 65865 0 0 0 0 0 0
E 356728 cfg=104 nodes= 65892 65861 65871 65896 0 0 0 0 0 0
E 356727 cfg=104 nodes= 65868 65900 65893 65863 0 0 0 0 0 0
E 356726 cfg=104 nodes= 65895 65862 65866 65897 0 0 0 0 0 0
E 356725 cfg=104 nodes= 65869 65901 65890 65860 0 0 0 0 0 0
E 356724 cfg=104 nodes= 65864 65898 65891 65857 0 0 0 0 0 0
E 356723 cfg=104 nodes= 58481 58482 65889 65856 0 0 0 0 0 0
E 356722 cfg=104 nodes= 65865 65894 65887 65859 0 0 0 0 0 0
E 356721 cfg=104 nodes= 65888 65855 65862 65895 0 0 0 0 0 0
E 356720 cfg=104 nodes= 65863 65893 65885 65854 0 0 0 0 0 0
E 356718 cfg=104 nodes= 65886 65853 65861 65892 0 0 0 0 0 0
E 356717 cfg=104 nodes= 65857 65891 65884 65848 0 0 0 0 0 0
E 356716 cfg=104 nodes= 65860 65890 65881 65846 0 0 0 0 0 0
E 356715 cfg=104 nodes= 65856 65889 65882 65849 0 0 0 0 0 0
E 356714 cfg=104 nodes= 65883 65850 65855 65888 0 0 0 0 0 0
E 356713 cfg=104 nodes= 65859 65887 65878 65851 0 0 0 0 0 0
E 356712 cfg=104 nodes= 65858 65880 65879 65852 0 0 0 0 0 0
E 356711 cfg=104 nodes= 65854 65885 65876 65845 0 0 0 0 0 0
E 356710 cfg=104 nodes= 65877 65847 65853 65886 0 0 0 0 0 0
E 356709 cfg=104 nodes= 65848 65884 65875 65839 0 0 0 0 0 0
E 356708 cfg=104 nodes= 65874 65843 65850 65883 0 0 0 0 0 0
E 356707 cfg=104 nodes= 65849 65882 65873 65840 0 0 0 0 0 0
E 356706 cfg=104 nodes= 65852 65879 65872 65842 0 0 0 0 0 0
E 356705 cfg=104 nodes= 65851 65878 65871 65841 0 0 0 0 0 0
E 356704 cfg=104 nodes= 65870 65844 65847 65877 0 0 0 0 0 0
E 356703 cfg=104 nodes= 65845 65876 65869 65837 0 0 0 0 0 0
E 356702 cfg=104 nodes= 65868 65838 65843 65874 0 0 0 0 0 0
E 356701 cfg=104 nodes= 65839 65875 65867 65832 0 0 0 0 0 0
E 356700 cfg=104 nodes= 65840 65873 65866 65834 0 0 0 0 0 0
E 356699 cfg=104 nodes= 65881 65858 65833 65846 0 0 0 0 0 0
E 356698 cfg=104 nodes= 65842 65872 65865 65836 0 0 0 0 0 0
E 356697 cfg=104 nodes= 65864 65835 65844 65870 0 0 0 0 0 0
E 356696 cfg=104 nodes= 65861 65830 65841 65871 0 0 0 0 0 0
E 356695 cfg=104 nodes= 65863 65831 65838 65868 0 0 0 0 0 0
E 356694 cfg=104 nodes= 65862 65828 65834 65866 0 0 0 0 0 0
E 356693 cfg=104 nodes= 65837 65869 65860 65826 0 0 0 0 0 0
E 356692 cfg=104 nodes= 65836 65865 65859 65829 0 0 0 0 0 0
E 356691 cfg=104 nodes= 65857 65827 65835 65864 0 0 0 0 0 0
E 356690 cfg=104 nodes= 58480 58481 65856 65824 0 0 0 0 0 0
E 356689 cfg=104 nodes= 65855 65822 65828 65862 0 0 0 0 0 0
E 356688 cfg=104 nodes= 65854 65821 65831 65863 0 0 0 0 0 0
E 356686 cfg=104 nodes= 65833 65858 65852 65823 0 0 0 0 0 0
E 356685 cfg=104 nodes= 65853 65817 65830 65861 0 0 0 0 0 0
E 356684 cfg=104 nodes= 65829 65859 65851 65820 0 0 0 0 0 0
E 356683 cfg=104 nodes= 65848 65819 65827 65857 0 0 0 0 0 0
E 356682 cfg=104 nodes= 65826 65860 65846 65814 0 0 0 0 0 0
E 356681 cfg=104 nodes= 65824 65856 65849 65815 0 0 0 0 0 0
E 356680 cfg=104 nodes= 65822 65855 65850 65818 0 0 0 0 0 0
E 356679 cfg=104 nodes= 65845 65812 65821 65854 0 0 0 0 0 0
E 356678 cfg=104 nodes= 65825 65847 65844 65816 0 0 0 0 0 0
E 356677 cfg=104 nodes= 65823 65852 65842 65813 0 0 0 0 0 0
E 356676 cfg=104 nodes= 65820 65851 65841 65811 0 0 0 0 0 0
E 356675 cfg=104 nodes= 65818 65850 65843 65810 0 0 0 0 0 0
E 356674 cfg=104 nodes= 65839 65809 65819 65848 0 0 0 0 0 0
E 356673 cfg=104 nodes= 65815 65849 65840 65808 0 0 0 0 0 0
E 356672 cfg=104 nodes= 65816 65844 65835 65807 0 0 0 0 0 0
E 356671 cfg=104 nodes= 65837 65804 65812 65845 0 0 0 0 0 0
E 356670 cfg=104 nodes= 65813 65842 65836 65806 0 0 0 0 0 0
E 356669 cfg=104 nodes= 65810 65843 65838 65805 0 0 0 0 0 0
E 356668 cfg=104 nodes= 65814 65846 65833 65803 0 0 0 0 0 0
E 356667 cfg=104 nodes= 65853 65825 65802 65817 0 0 0 0 0 0
E 356666 cfg=104 nodes= 65809 65839 65832 65801 0 0 0 0 0 0
E 356665 cfg=104 nodes= 65808 65840 65834 65800 0 0 0 0 0 0
E 356664 cfg=104 nodes= 65830 65799 65811 65841 0 0 0 0 0 0
E 356663 cfg=104 nodes= 65805 65838 65831 65796 0 0 0 0 0 0
E 356662 cfg=104 nodes= 65806 65836 65829 65798 0 0 0 0 0 0
E 356661 cfg=104 nodes= 65807 65835 65827 65797 0 0 0 0 0 0
E 356660 cfg=104 nodes= 65804 65837 65826 65795 0 0 0 0 0 0
E 356659 cfg=104 nodes= 65828 65794 65800 65834 0 0 0 0 0 0
E 356658 cfg=104 nodes= 65803 65833 65823 65793 0 0 0 0 0 0
E 356657 cfg=104 nodes= 65798 65829 65820 65792 0 0 0 0 0 0
E 356656 cfg=104 nodes= 65796 65831 65821 65791 0 0 0 0 0 0
E 356655 cfg=104 nodes= 65824 65789 58479 58480 0 0 0 0 0 0
E 356654 cfg=104 nodes= 65817 65787 65799 65830 0 0 0 0 0 0
E 356653 cfg=104 nodes= 65802 65825 65816 65790 0 0 0 0 0 0
E 356652 cfg=104 nodes= 65822 65786 65794 65828 0 0 0 0 0 0
E 356651 cfg=104 nodes= 65797 65827 65819 65788 0 0 0 0 0 0
E 356650 cfg=104 nodes= 65795 65826 65814 65784 0 0 0 0 0 0
E 356649 cfg=104 nodes= 65793 65823 65813 65785 0 0 0 0 0 0
E 356647 cfg=104 nodes= 65792 65820 65811 65783 0 0 0 0 0 0
E 356646 cfg=104 nodes= 65815 65782 65789 65824 0 0 0 0 0 0
E 356645 cfg=104 nodes= 65822 65818 65781 65786 0 0 0 0 0 0
E 356644 cfg=104 nodes= 65791 65821 65812 65780 0 0 0 0 0 0
E 356643 cfg=104 nodes= 65788 65819 65809 65778 0 0 0 0 0 0
E 356642 cfg=104 nodes= 65790 65816 65807 65779 0 0 0 0 0 0
E 356641 cfg=104 nodes= 65802 65776 65787 65817 0 0 0 0 0 0
E 356640 cfg=104 nodes= 65785 65813 65806 65777 0 0 0 0 0 0
E 356639 cfg=104 nodes= 65808 65773 65782 65815 0 0 0 0 0 0
E 356638 cfg=104 nodes= 65784 65814 65803 65775 0 0 0 0 0 0
E 356637 cfg=104 nodes= 65781 65810 65805 65774 0 0 0 0 0 0
E 356636 cfg=104 nodes= 65780 65812 65804 65772 0 0 0 0 0 0
E 356635 cfg=104 nodes= 65799 65771 65783 65811 0 0 0 0 0 0
E 356634 cfg=104 nodes= 65778 65809 65801 65770 0 0 0 0 0 0
E 356633 cfg=104 nodes= 65779 65807 65797 65768 0 0 0 0 0 0
E 356632 cfg=104 nodes= 65777 65806 65798 65769 0 0 0 0 0 0
E 356631 cfg=104 nodes= 65800 65767 65773 65808 0 0 0 0 0 0
E 356630 cfg=104 nodes= 65774 65805 65796 65766 0 0 0 0 0 0
E 356629 cfg=104 nodes= 65772 65804 65795 65764 0 0 0 0 0 0
E 356628 cfg=104 nodes= 65775 65803 65793 65765 0 0 0 0 0 0
E 356627 cfg=104 nodes= 65790 65762 65776 65802 0 0 0 0 0 0
E 356626 cfg=104 nodes= 65767 65800 65794 65763 0 0 0 0 0 0
E 356625 cfg=104 nodes= 65769 65798 65792 65761 0 0 0 0 0 0
E 356624 cfg=104 nodes= 65787 65760 65771 65799 0 0 0 0 0 0
E 356623 cfg=104 nodes= 65768 65797 65788 65758 0 0 0 0 0 0
E 356622 cfg=104 nodes= 65766 65796 65791 65757 0 0 0 0 0 0
E 356621 cfg=104 nodes= 65763 65794 65786 65759 0 0 0 0 0 0
E 356620 cfg=104 nodes= 58478 58479 65789 65755 0 0 0 0 0 0
E 356619 cfg=104 nodes= 65765 65793 65785 65756 0 0 0 0 0 0
E 356618 cfg=104 nodes= 65764 65795 65784 65753 0 0 0 0 0 0
E 356617 cfg=104 nodes= 65761 65792 65783 65754 0 0 0 0 0 0
E 356616 cfg=104 nodes= 65779 65752 65762 65790 0 0 0 0 0 0
E 356615 cfg=104 nodes= 65759 65786 65781 65751 0 0 0 0 0 0
E 356614 cfg=104 nodes= 65757 65791 65780 65750 0 0 0 0 0 0
E 356613 cfg=104 nodes= 65758 65788 65778 65748 0 0 0 0 0 0
E 356612 cfg=104 nodes= 65776 65749 65760 65787 0 0 0 0 0 0
E 356611 cfg=104 nodes= 65755 65789 65782 65747 0 0 0 0 0 0
E 356610 cfg=104 nodes= 65756 65785 65777 65746 0 0 0 0 0 0
E 356609 cfg=104 nodes= 65753 65784 65775 65743 0 0 0 0 0 0
E 356608 cfg=104 nodes= 65771 65744 65754 65783 0 0 0 0 0 0
E 356607 cfg=104 nodes= 65751 65781 65774 65742 0 0 0 0 0 0
E 356606 cfg=104 nodes= 65750 65780 65772 65741 0 0 0 0 0 0
E 356605 cfg=104 nodes= 65747 65782 65773 65738 0 0 0 0 0 0
E 356604 cfg=104 nodes= 65770 65739 65748 65778 0 0 0 0 0 0
E 356602 cfg=104 nodes= 65746 65777 65769 65740 0 0 0 0 0 0
E 356601 cfg=104 nodes= 65737 65745 65779 65768 0 0 0 0 0 0
E 356600 cfg=104 nodes= 65762 65735 65749 65776 0 0 0 0 0 0
E 356599 cfg=104 nodes= 65743 65775 65765 65734 0 0 0 0 0 0
E 356598 cfg=104 nodes= 65742 65774 65766 65733 0 0 0 0 0 0
E 356597 cfg=104 nodes= 65760 65736 65744 65771 0 0 0 0 0 0
E 356596 cfg=104 nodes= 65738 65773 65767 65729 0 0 0 0 0 0
E 356595 cfg=104 nodes= 65741 65772 65764 65731 0 0 0 0 0 0
E 356594 cfg=104 nodes= 65740 65769 65761 65732 0 0 0 0 0 0
E 356593 cfg=104 nodes= 65758 65726 65737 65768 0 0 0 0 0 0
E 356592 cfg=104 nodes= 65729 65767 65763 65728 0 0 0 0 0 0
E 356591 cfg=104 nodes= 65728 65763 65759 65727 0 0 0 0 0 0
E 356590 cfg=104 nodes= 65733 65766 65757 65722 0 0 0 0 0 0
E 356589 cfg=104 nodes= 65734 65765 65756 65724 0 0 0 0 0 0
E 356588 cfg=104 nodes= 65752 65725 65735 65762 0 0 0 0 0 0
E 356587 cfg=104 nodes= 65732 65761 65754 65723 0 0 0 0 0 0
E 356586 cfg=104 nodes= 65731 65764 65753 65721 0 0 0 0 0 0
E 356585 cfg=104 nodes= 58477 58478 65755 65718 0 0 0 0 0 0
E 356584 cfg=104 nodes= 65749 65719 65736 65760 0 0 0 0 0 0
E 356583 cfg=104 nodes= 65727 65759 65751 65717 0 0 0 0 0 0
E 356582 cfg=104 nodes= 65748 65715 65726 65758 0 0 0 0 0 0
E 356581 cfg=104 nodes= 65722 65757 65750 65713 0 0 0 0 0 0
E 356580 cfg=104 nodes= 65724 65756 65746 65716 0 0 0 0 0 0
E 356579 cfg=104 nodes= 65745 65714 65725 65752 0 0 0 0 0 0
E 356578 cfg=104 nodes= 65754 65744 65709 65723 0 0 0 0 0 0
E 356577 cfg=104 nodes= 65721 65753 65743 65711 0 0 0 0 0 0
E 356576 cfg=104 nodes= 65718 65755 65747 65710 0 0 0 0 0 0
E 356574 cfg=104 nodes= 65717 65751 65742 65707 0 0 0 0 0 0
E 356573 cfg=104 nodes= 65735 65706 65719 65749 0 0 0 0 0 0
E 356572 cfg=104 nodes= 65716 65746 65740 65708 0 0 0 0 0 0
E 356571 cfg=104 nodes= 65713 65750 65741 65704 0 0 0 0 0 0
E 356570 cfg=104 nodes= 65715 65748 65739 65705 0 0 0 0 0 0
E 356569 cfg=104 nodes= 65737 65702 65714 65745 0 0 0 0 0 0
E 356568 cfg=104 nodes= 65710 65747 65738 65699 0 0 0 0 0 0
E 356567 cfg=104 nodes= 65711 65743 65734 65701 0 0 0 0 0 0
E 356565 cfg=104 nodes= 65708 65740 65732 65700 0 0 0 0 0 0
E 356564 cfg=104 nodes= 65707 65742 65733 65698 0 0 0 0 0 0
E 356563 cfg=104 nodes= 65704 65741 65731 65696 0 0 0 0 0 0
E 356562 cfg=104 nodes= 65705 65739 65730 65695 0 0 0 0 0 0
E 356561 cfg=104 nodes= 65699 65738 65729 65690 0 0 0 0 0 0
E 356560 cfg=104 nodes= 65706 65735 65725 65694 0 0 0 0 0 0
E 356559 cfg=104 nodes= 65719 65693 65709 65736 0 0 0 0 0 0
E 356558 cfg=104 nodes= 65726 65691 65702 65737 0 0 0 0 0 0
E 356557 cfg=104 nodes= 65703 65728 65727 65697 0 0 0 0 0 0
E 356556 cfg=104 nodes= 65701 65734 65724 65692 0 0 0 0 0 0
E 356555 cfg=104 nodes= 65700 65732 65723 65689 0 0 0 0 0 0
E 356554 cfg=104 nodes= 65698 65733 65722 65688 0 0 0 0 0 0
E 356553 cfg=104 nodes= 65696 65731 65721 65687 0 0 0 0 0 0
E 356552 cfg=104 nodes= 65695 65730 65720 65686 0 0 0 0 0 0
E 356551 cfg=104 nodes= 65697 65727 65717 65685 0 0 0 0 0 0
E 356550 cfg=104 nodes= 65718 65683 58476 58477 0 0 0 0 0 0
E 356549 cfg=104 nodes= 65694 65725 65714 65684 0 0 0 0 0 0
E 356548 cfg=104 nodes= 65692 65724 65716 65682 0 0 0 0 0 0
E 356547 cfg=104 nodes= 65715 65681 65691 65726 0 0 0 0 0 0
E 356546 cfg=104 nodes= 65729 65703 65678 65690 0 0 0 0 0 0
E 356545 cfg=104 nodes= 65688 65722 65713 65679 0 0 0 0 0 0
E 356544 cfg=104 nodes= 65709 65677 65689 65723 0 0 0 0 0 0
E 356543 cfg=104 nodes= 65687 65721 65711 65680 0 0 0 0 0 0
E 356542 cfg=104 nodes= 65706 65676 65693 65719 0 0 0 0 0 0
E 356541 cfg=104 nodes= 65686 65720 65712 65675 0 0 0 0 0 0
E 356540 cfg=104 nodes= 65710 65673 65683 65718 0 0 0 0 0 0
E 356539 cfg=104 nodes= 65685 65717 65707 65674 0 0 0 0 0 0
E 356538 cfg=104 nodes= 65716 65708 65671 65682 0 0 0 0 0 0
E 356536 cfg=104 nodes= 65684 65714 65702 65672 0 0 0 0 0 0
E 356535 cfg=104 nodes= 65681 65715 65705 65670 0 0 0 0 0 0
E 356534 cfg=104 nodes= 65679 65713 65704 65668 0 0 0 0 0 0
E 356533 cfg=104 nodes= 65680 65711 65701 65669 0 0 0 0 0 0
E 356532 cfg=104 nodes= 65675 65712 64832 64831 0 0 0 0 0 0
E 356531 cfg=104 nodes= 65699 65663 65673 65710 0 0 0 0 0 0
E 356530 cfg=104 nodes= 65693 65665 65677 65709 0 0 0 0 0 0
E 356529 cfg=104 nodes= 65678 65703 65697 65667 0 0 0 0 0 0
E 356528 cfg=104 nodes= 65676 65706 65694 65666 0 0 0 0 0 0
E 356527 cfg=104 nodes= 65674 65707 65698 65664 0 0 0 0 0 0
E 356526 cfg=104 nodes= 65670 65705 65695 65661 0 0 0 0 0 0
E 356525 cfg=104 nodes= 65668 65704 65696 65662 0 0 0 0 0 0
E 356524 cfg=104 nodes= 65672 65702 65691 65658 0 0 0 0 0 0
E 356523 cfg=104 nodes= 65692 65660 65669 65701 0 0 0 0 0 0
E 356522 cfg=104 nodes= 65671 65700 65689 65659 0 0 0 0 0 0
E 356521 cfg=104 nodes= 65690 65656 65663 65699 0 0 0 0 0 0
E 356520 cfg=104 nodes= 65664 65698 65688 65655 0 0 0 0 0 0
E 356519 cfg=104 nodes= 65662 65696 65687 65657 0 0 0 0 0 0
E 356518 cfg=104 nodes= 65667 65697 65685 65653 0 0 0 0 0 0
E 356517 cfg=104 nodes= 65661 65695 65686 65652 0 0 0 0 0 0
E 356516 cfg=104 nodes= 65666 65694 65684 65654 0 0 0 0 0 0
E 356515 cfg=104 nodes= 65682 65651 65660 65692 0 0 0 0 0 0
E 356514 cfg=104 nodes= 65676 65650 65665 65693 0 0 0 0 0 0
E 356513 cfg=104 nodes= 65658 65691 65681 65647 0 0 0 0 0 0
E 356512 cfg=104 nodes= 65677 65649 65659 65689 0 0 0 0 0 0
E 356511 cfg=104 nodes= 58475 58476 65683 65646 0 0 0 0 0 0
E 356510 cfg=104 nodes= 65657 65687 65680 65648 0 0 0 0 0 0
E 356509 cfg=104 nodes= 65678 65642 65656 65690 0 0 0 0 0 0
E 356508 cfg=104 nodes= 65655 65688 65679 65645 0 0 0 0 0 0
E 356507 cfg=104 nodes= 65652 65686 65675 65644 0 0 0 0 0 0
E 356506 cfg=104 nodes= 65653 65685 65674 65639 0 0 0 0 0 0
E 356505 cfg=104 nodes= 65654 65684 65672 65641 0 0 0 0 0 0
E 356504 cfg=104 nodes= 65671 65643 65651 65682 0 0 0 0 0 0
E 356503 cfg=104 nodes= 65648 65680 65669 65640 0 0 0 0 0 0
E 356502 cfg=104 nodes= 65646 65683 65673 65637 0 0 0 0 0 0
E 356501 cfg=104 nodes= 65647 65681 65670 65638 0 0 0 0 0 0
E 356500 cfg=104 nodes= 65650 65676 65666 65636 0 0 0 0 0 0
E 356499 cfg=104 nodes= 65665 65635 65649 65677 0 0 0 0 0 0
E 356498 cfg=104 nodes= 65645 65679 65668 65634 0 0 0 0 0 0
E 356497 cfg=104 nodes= 65644 65675 64831 64830 0 0 0 0 0 0
E 356496 cfg=104 nodes= 65667 65631 65642 65678 0 0 0 0 0 0
E 356495 cfg=104 nodes= 65659 65633 65643 65671 0 0 0 0 0 0
E 356494 cfg=104 nodes= 65639 65674 65664 65630 0 0 0 0 0 0
E 356493 cfg=104 nodes= 65660 65632 65640 65669 0 0 0 0 0 0
E 356492 cfg=104 nodes= 65641 65672 65658 65628 0 0 0 0 0 0
E 356491 cfg=104 nodes= 65663 65627 65637 65673 0 0 0 0 0 0
E 356490 cfg=104 nodes= 65634 65668 65662 65629 0 0 0 0 0 0
E 356489 cfg=104 nodes= 65638 65670 65661 65626 0 0 0 0 0 0
E 356488 cfg=104 nodes= 65636 65666 65654 65625 0 0 0 0 0 0
E 356487 cfg=104 nodes= 65650 65622 65635 65665 0 0 0 0 0 0
E 356486 cfg=104 nodes= 65629 65662 65657 65623 0 0 0 0 0 0
E 356485 cfg=104 nodes= 65630 65664 65655 65620 0 0 0 0 0 0
E 356484 cfg=104 nodes= 65651 65624 65632 65660 0 0 0 0 0 0
E 356483 cfg=104 nodes= 65653 65619 65631 65667 0 0 0 0 0 0
E 356482 cfg=104 nodes= 65649 65621 65633 65659 0 0 0 0 0 0
E 356481 cfg=104 nodes= 65656 65618 65627 65663 0 0 0 0 0 0
E 356480 cfg=104 nodes= 65626 65661 65652 65617 0 0 0 0 0 0
E 356479 cfg=104 nodes= 65628 65658 65647 65615 0 0 0 0 0 0
E 356478 cfg=104 nodes= 65623 65657 65648 65616 0 0 0 0 0 0
E 356477 cfg=104 nodes= 58474 58475 65646 65442 0 0 0 0 0 0
E 356476 cfg=104 nodes= 65643 65614 65624 65651 0 0 0 0 0 0
E 356475 cfg=104 nodes= 65620 65655 65645 65612 0 0 0 0 0 0
E 356474 cfg=104 nodes= 65625 65654 65641 65613 0 0 0 0 0 0
E 356473 cfg=104 nodes= 65618 65656 65642 65606 0 0 0 0 0 0
E 356472 cfg=104 nodes= 65617 65652 65644 65608 0 0 0 0 0 0
E 356471 cfg=104 nodes= 65639 65607 65619 65653 0 0 0 0 0 0
E 356470 cfg=104 nodes= 65622 65650 65636 65609 0 0 0 0 0 0
E 356469 cfg=104 nodes= 65635 65610 65621 65649 0 0 0 0 0 0
E 356468 cfg=104 nodes= 65616 65648 65640 65611 0 0 0 0 0 0
E 356467 cfg=104 nodes= 65615 65647 65638 65604 0 0 0 0 0 0
E 356466 cfg=104 nodes= 65442 65646 65637 65441 0 0 0 0 0 0
E 356465 cfg=104 nodes= 65633 65605 65614 65643 0 0 0 0 0 0
E 356464 cfg=104 nodes= 65612 65645 65634 65602 0 0 0 0 0 0
E 356463 cfg=104 nodes= 65608 65644 64830 64829 0 0 0 0 0 0
E 356462 cfg=104 nodes= 65632 65603 65611 65640 0 0 0 0 0 0
E 356461 cfg=104 nodes= 65613 65641 65628 65601 0 0 0 0 0 0
E 356460 cfg=104 nodes= 65606 65642 65631 65598 0 0 0 0 0 0
E 356459 cfg=104 nodes= 65630 65600 65607 65639 0 0 0 0 0 0
E 356458 cfg=104 nodes= 65609 65636 65625 65596 0 0 0 0 0 0
E 356457 cfg=104 nodes= 65622 65597 65610 65635 0 0 0 0 0 0
E 356456 cfg=104 nodes= 65602 65634 65629 65599 0 0 0 0 0 0
E 356455 cfg=104 nodes= 65627 65440 65441 65637 0 0 0 0 0 0
E 356454 cfg=104 nodes= 65604 65638 65626 65592 0 0 0 0 0 0
E 356453 cfg=104 nodes= 65621 65594 65605 65633 0 0 0 0 0 0
E 356452 cfg=104 nodes= 65624 65595 65603 65632 0 0 0 0 0 0
E 356451 cfg=104 nodes= 65599 65629 65623 65593 0 0 0 0 0 0
E 356450 cfg=104 nodes= 65620 65591 65600 65630 0 0 0 0 0 0
E 356449 cfg=104 nodes= 65598 65631 65619 65588 0 0 0 0 0 0
E 356448 cfg=104 nodes= 65601 65628 65615 65587 0 0 0 0 0 0
E 356447 cfg=104 nodes= 65618 65439 65440 65627 0 0 0 0 0 0
E 356446 cfg=104 nodes= 65614 65589 65595 65624 0 0 0 0 0 0
E 356445 cfg=104 nodes= 65593 65623 65616 65590 0 0 0 0 0 0
E 356444 cfg=104 nodes= 65592 65626 65617 65585 0 0 0 0 0 0
E 356443 cfg=104 nodes= 65596 65625 65613 65584 0 0 0 0 0 0
E 356442 cfg=104 nodes= 65597 65622 65609 65583 0 0 0 0 0 0
E 356441 cfg=104 nodes= 65610 65586 65594 65621 0 0 0 0 0 0
E 356440 cfg=104 nodes= 65612 65581 65591 65620 0 0 0 0 0 0
E 356439 cfg=104 nodes= 65590 65616 65611 65582 0 0 0 0 0 0
E 356438 cfg=104 nodes= 65588 65619 65607 65578 0 0 0 0 0 0
E 356437 cfg=104 nodes= 65585 65617 65608 65579 0 0 0 0 0 0
E 356436 cfg=104 nodes= 65605 65580 65589 65614 0 0 0 0 0 0
E 356435 cfg=104 nodes= 65439 65618 65606 65438 0 0 0 0 0 0
E 356434 cfg=104 nodes= 65587 65615 65604 65576 0 0 0 0 0 0
E 356433 cfg=104 nodes= 65603 65577 65582 65611 0 0 0 0 0 0
E 356432 cfg=104 nodes= 65602 65574 65581 65612 0 0 0 0 0 0
E 356431 cfg=104 nodes= 65584 65613 65601 65572 0 0 0 0 0 0
E 356430 cfg=104 nodes= 65597 65575 65586 65610 0 0 0 0 0 0
E 356429 cfg=104 nodes= 65583 65609 65596 65573 0 0 0 0 0 0
E 356428 cfg=104 nodes= 65579 65608 64829 64828 0 0 0 0 0 0
E 356427 cfg=104 nodes= 65578 65607 65600 65569 0 0 0 0 0 0
E 356426 cfg=104 nodes= 65594 65571 65580 65605 0 0 0 0 0 0
E 356425 cfg=104 nodes= 65438 65606 65598 65437 0 0 0 0 0 0
E 356424 cfg=104 nodes= 65595 65570 65577 65603 0 0 0 0 0 0
E 356423 cfg=104 nodes= 65599 65567 65574 65602 0 0 0 0 0 0
E 356422 cfg=104 nodes= 65576 65604 65592 65564 0 0 0 0 0 0
E 356421 cfg=104 nodes= 65593 65563 65567 65599 0 0 0 0 0 0
E 356420 cfg=104 nodes= 65569 65600 65591 65562 0 0 0 0 0 0
E 356419 cfg=104 nodes= 65589 65566 65570 65595 0 0 0 0 0 0
E 356418 cfg=104 nodes= 65572 65601 65587 65559 0 0 0 0 0 0
E 356417 cfg=104 nodes= 65575 65597 65583 65561 0 0 0 0 0 0
E 356416 cfg=104 nodes= 65573 65596 65584 65560 0 0 0 0 0 0
E 356415 cfg=104 nodes= 65586 65565 65571 65594 0 0 0 0 0 0
E 356414 cfg=104 nodes= 65590 65568 65563 65593 0 0 0 0 0 0
E 356413 cfg=104 nodes= 65437 65598 65588 65436 0 0 0 0 0 0
E 356412 cfg=104 nodes= 65568 65590 65582 65558 0 0 0 0 0 0
E 356411 cfg=104 nodes= 65564 65592 65585 65557 0 0 0 0 0 0
E 356410 cfg=104 nodes= 65580 65556 65566 65589 0 0 0 0 0 0
E 356409 cfg=104 nodes= 65562 65591 65581 65555 0 0 0 0 0 0
E 356408 cfg=104 nodes= 65436 65588 65578 65435 0 0 0 0 0 0
E 356407 cfg=104 nodes= 65575 65553 65565 65586 0 0 0 0 0 0
E 356406 cfg=104 nodes= 65557 65585 65579 65554 0 0 0 0 0 0
E 356405 cfg=104 nodes= 65577 65552 65558 65582 0 0 0 0 0 0
E 356404 cfg=104 nodes= 65561 65583 65573 65551 0 0 0 0 0 0
E 356403 cfg=104 nodes= 65560 65584 65572 65549 0 0 0 0 0 0
E 356402 cfg=104 nodes= 65559 65587 65576 65547 0 0 0 0 0 0
E 356401 cfg=104 nodes= 65571 65550 65556 65580 0 0 0 0 0 0
E 356400 cfg=104 nodes= 65555 65581 65574 65546 0 0 0 0 0 0
E 356399 cfg=104 nodes= 65554 65579 64828 64827 0 0 0 0 0 0
E 356398 cfg=104 nodes= 65570 65545 65552 65577 0 0 0 0 0 0
E 356397 cfg=104 nodes= 65435 65578 65569 65434 0 0 0 0 0 0
E 356395 cfg=104 nodes= 65561 65543 65553 65575 0 0 0 0 0 0
E 356394 cfg=104 nodes= 65546 65574 65567 65542 0 0 0 0 0 0
E 356393 cfg=104 nodes= 65565 65544 65550 65571 0 0 0 0 0 0
E 356392 cfg=104 nodes= 65551 65573 65560 65539 0 0 0 0 0 0
E 356391 cfg=104 nodes= 65566 65541 65545 65570 0 0 0 0 0 0
E 356390 cfg=104 nodes= 65549 65572 65559 65538 0 0 0 0 0 0
E 356389 cfg=104 nodes= 65547 65576 65564 65536 0 0 0 0 0 0
E 356388 cfg=104 nodes= 65434 65569 65562 65433 0 0 0 0 0 0
E 356387 cfg=104 nodes= 65548 65568 65558 65537 0 0 0 0 0 0
E 356386 cfg=104 nodes= 65542 65567 65563 65534 0 0 0 0 0 0
E 356385 cfg=104 nodes= 65556 65535 65541 65566 0 0 0 0 0 0
E 356384 cfg=104 nodes= 65557 65540 65536 65564 0 0 0 0 0 0
E 356383 cfg=104 nodes= 65553 65533 65544 65565 0 0 0 0 0 0
E 356382 cfg=104 nodes= 65551 65531 65543 65561 0 0 0 0 0 0
E 356381 cfg=104 nodes= 65554 65532 65540 65557 0 0 0 0 0 0
E 356380 cfg=104 nodes= 65433 65562 65555 65432 0 0 0 0 0 0
E 356379 cfg=104 nodes= 65539 65560 65549 65529 0 0 0 0 0 0
E 356378 cfg=104 nodes= 65552 65530 65537 65558 0 0 0 0 0 0
E 356377 cfg=104 nodes= 65538 65559 65547 65527 0 0 0 0 0 0
E 356376 cfg=104 nodes= 65550 65528 65535 65556 0 0 0 0 0 0
E 356375 cfg=104 nodes= 65534 65563 65548 65526 0 0 0 0 0 0
E 356374 cfg=104 nodes= 65432 65555 65546 65431 0 0 0 0 0 0
E 356373 cfg=104 nodes= 65532 65554 64827 64826 0 0 0 0 0 0
E 356372 cfg=104 nodes= 65545 65525 65530 65552 0 0 0 0 0 0
E 356371 cfg=104 nodes= 65543 65522 65533 65553 0 0 0 0 0 0
E 356370 cfg=104 nodes= 65544 65523 65528 65550 0 0 0 0 0 0
E 356369 cfg=104 nodes= 65539 65521 65531 65551 0 0 0 0 0 0
E 356368 cfg=104 nodes= 65529 65549 65538 65520 0 0 0 0 0 0
E 356366 cfg=104 nodes= 65541 65519 65525 65545 0 0 0 0 0 0
E 356365 cfg=104 nodes= 65431 65546 65542 65430 0 0 0 0 0 0
E 356364 cfg=104 nodes= 65526 65548 65537 65518 0 0 0 0 0 0
E 356363 cfg=104 nodes= 65527 65547 65536 65517 0 0 0 0 0 0
E 356362 cfg=104 nodes= 65533 65516 65523 65544 0 0 0 0 0 0
E 356361 cfg=104 nodes= 65532 65513 65524 65540 0 0 0 0 0 0
E 356360 cfg=104 nodes= 65531 65514 65522 65543 0 0 0 0 0 0
E 356359 cfg=104 nodes= 65535 65515 65519 65541 0 0 0 0 0 0
E 356358 cfg=104 nodes= 65430 65542 65534 65429 0 0 0 0 0 0
E 356357 cfg=104 nodes= 65529 65512 65521 65539 0 0 0 0 0 0
E 356356 cfg=104 nodes= 65530 65511 65518 65537 0 0 0 0 0 0
E 356355 cfg=104 nodes= 65520 65538 65527 65509 0 0 0 0 0 0
E 356354 cfg=104 nodes= 65528 65510 65515 65535 0 0 0 0 0 0
E 356353 cfg=104 nodes= 65517 65536 65524 65506 0 0 0 0 0 0
E 356352 cfg=104 nodes= 65516 65533 65522 65508 0 0 0 0 0 0
E 356351 cfg=104 nodes= 65429 65534 65526 65428 0 0 0 0 0 0
E 356350 cfg=104 nodes= 65525 65505 65511 65530 0 0 0 0 0 0
E 356349 cfg=104 nodes= 65513 65532 64826 64825 0 0 0 0 0 0
E 356348 cfg=104 nodes= 65523 65507 65510 65528 0 0 0 0 0 0
E 356347 cfg=104 nodes= 65521 65504 65514 65531 0 0 0 0 0 0
E 356346 cfg=104 nodes= 65512 65529 65520 65503 0 0 0 0 0 0
E 356345 cfg=104 nodes= 65509 65527 65517 65501 0 0 0 0 0 0
E 356344 cfg=104 nodes= 65516 65502 65507 65523 0 0 0 0 0 0
E 356343 cfg=104 nodes= 65519 65500 65505 65525 0 0 0 0 0 0
E 356342 cfg=104 nodes= 65428 65526 65518 65427 0 0 0 0 0 0
E 356341 cfg=104 nodes= 65508 65522 65514 65499 0 0 0 0 0 0
E 356340 cfg=104 nodes= 65506 65524 65513 65497 0 0 0 0 0 0
E 356339 cfg=104 nodes= 65512 65496 65504 65521 0 0 0 0 0 0
E 356338 cfg=104 nodes= 65515 65495 65500 65519 0 0 0 0 0 0
E 356337 cfg=104 nodes= 65503 65520 65509 65498 0 0 0 0 0 0
E 356336 cfg=104 nodes= 65511 65426 65427 65518 0 0 0 0 0 0
E 356335 cfg=104 nodes= 65502 65516 65508 65494 0 0 0 0 0 0
E 356334 cfg=104 nodes= 65501 65517 65506 65493 0 0 0 0 0 0
E 356333 cfg=104 nodes= 65510 65492 65495 65515 0 0 0 0 0 0
E 356332 cfg=104 nodes= 65499 65514 65504 65491 0 0 0 0 0 0
E 356331 cfg=104 nodes= 65505 65425 65426 65511 0 0 0 0 0 0
E 356330 cfg=104 nodes= 65497 65513 64825 64824 0 0 0 0 0 0
E 356329 cfg=104 nodes= 65507 65490 65492 65510 0 0 0 0 0 0
E 356328 cfg=104 nodes= 65498 65509 65501 65488 0 0 0 0 0 0
E 356327 cfg=104 nodes= 65512 65503 65485 65496 0 0 0 0 0 0
E 356326 cfg=104 nodes= 65502 65489 65490 65507 0 0 0 0 0 0
E 356325 cfg=104 nodes= 65494 65508 65499 65487 0 0 0 0 0 0
E 356324 cfg=104 nodes= 65500 65424 65425 65505 0 0 0 0 0 0
E 356323 cfg=104 nodes= 65493 65506 65497 65486 0 0 0 0 0 0
E 356321 cfg=104 nodes= 65491 65504 65496 65484 0 0 0 0 0 0
E 356320 cfg=104 nodes= 65489 65502 65494 65483 0 0 0 0 0 0
E 356319 cfg=104 nodes= 65488 65501 65493 65482 0 0 0 0 0 0
E 356318 cfg=104 nodes= 65495 65423 65424 65500 0 0 0 0 0 0
E 356317 cfg=104 nodes= 65487 65499 65491 65480 0 0 0 0 0 0
E 356315 cfg=104 nodes= 65485 65498 65488 65478 0 0 0 0 0 0
E 356313 cfg=104 nodes= 65492 65422 65423 65495 0 0 0 0 0 0
E 356311 cfg=104 nodes= 65484 65496 65485 65477 0 0 0 0 0 0
E 356310 cfg=104 nodes= 65483 65494 65487 65476 0 0 0 0 0 0
E 356309 cfg=104 nodes= 64823 65481 65497 64824 0 0 0 0 0 0
E 356308 cfg=104 nodes= 65482 65493 65486 65475 0 0 0 0 0 0
E 356307 cfg=104 nodes= 65480 65491 65484 65473 0 0 0 0 0 0
E 356306 cfg=104 nodes= 65479 65489 65483 65474 0 0 0 0 0 0
E 356305 cfg=104 nodes= 65478 65488 65482 65472 0 0 0 0 0 0
E 356304 cfg=104 nodes= 65422 65490 65479 65421 0 0 0 0 0 0
E 356303 cfg=104 nodes= 65476 65487 65480 65470 0 0 0 0 0 0
E 356302 cfg=104 nodes= 65477 65485 65478 65471 0 0 0 0 0 0
E 356301 cfg=104 nodes= 65475 65486 65481 65469 0 0 0 0 0 0
E 356300 cfg=104 nodes= 65473 65484 65477 65468 0 0 0 0 0 0
E 356299 cfg=104 nodes= 65474 65483 65476 65467 0 0 0 0 0 0
E 356298 cfg=104 nodes= 65475 65466 65472 65482 0 0 0 0 0 0
E 356297 cfg=104 nodes= 65421 65479 65474 65420 0 0 0 0 0 0
E 356296 cfg=104 nodes= 65469 65481 64823 64822 0 0 0 0 0 0
E 356295 cfg=104 nodes= 65470 65480 65473 65464 0 0 0 0 0 0
E 356294 cfg=104 nodes= 65471 65478 65472 65465 0 0 0 0 0 0
E 356293 cfg=104 nodes= 65468 65477 65471 65463 0 0 0 0 0 0
E 356292 cfg=104 nodes= 65467 65476 65470 65462 0 0 0 0 0 0
E 356290 cfg=104 nodes= 65469 65461 65466 65475 0 0 0 0 0 0
E 356289 cfg=104 nodes= 65420 65474 65467 65419 0 0 0 0 0 0
E 356288 cfg=104 nodes= 65466 65460 65465 65472 0 0 0 0 0 0
E 356287 cfg=104 nodes= 65463 65471 65465 65458 0 0 0 0 0 0
E 356286 cfg=104 nodes= 65464 65468 65463 65459 0 0 0 0 0 0
E 356285 cfg=104 nodes= 65462 65470 65464 65457 0 0 0 0 0 0
E 356284 cfg=104 nodes= 64822 64821 65461 65469 0 0 0 0 0 0
E 356283 cfg=104 nodes= 65419 65467 65462 65418 0 0 0 0 0 0
E 356282 cfg=104 nodes= 65461 65456 65460 65466 0 0 0 0 0 0
E 356281 cfg=104 nodes= 65460 65455 65458 65465 0 0 0 0 0 0
E 356280 cfg=104 nodes= 65459 65463 65458 65453 0 0 0 0 0 0
E 356279 cfg=104 nodes= 65457 65464 65459 65454 0 0 0 0 0 0
E 356278 cfg=104 nodes= 65418 65462 65457 65417 0 0 0 0 0 0
E 356277 cfg=104 nodes= 64821 64820 65456 65461 0 0 0 0 0 0
E 356276 cfg=104 nodes= 65456 65452 65455 65460 0 0 0 0 0 0
E 356275 cfg=104 nodes= 65455 65451 65453 65458 0 0 0 0 0 0
E 356274 cfg=104 nodes= 65454 65459 65453 65450 0 0 0 0 0 0
E 356273 cfg=104 nodes= 65417 65457 65454 65416 0 0 0 0 0 0
E 356271 cfg=104 nodes= 65452 65448 65451 65455 0 0 0 0 0 0
E 356270 cfg=104 nodes= 64819 65449 65456 64820 0 0 0 0 0 0
E 356269 cfg=104 nodes= 65451 65447 65450 65453 0 0 0 0 0 0
E 356268 cfg=104 nodes= 65416 65454 65450 65415 0 0 0 0 0 0
E 356267 cfg=104 nodes= 65449 65446 65448 65452 0 0 0 0 0 0
E 356266 cfg=104 nodes= 65448 65445 65447 65451 0 0 0 0 0 0
E 356265 cfg=104 nodes= 65447 65414 65415 65450 0 0 0 0 0 0
E 356264 cfg=104 nodes= 64819 64818 65446 65449 0 0 0 0 0 0
E 356263 cfg=104 nodes= 65446 65444 65445 65448 0 0 0 0 0 0
E 356262 cfg=104 nodes= 65445 65413 65414 65447 0 0 0 0 0 0
E 356261 cfg=104 nodes= 64818 64817 65444 65446 0 0 0 0 0 0
E 356259 cfg=104 nodes= 65445 65443 65412 65413 0 0 0 0 0 0
E 356258 cfg=104 nodes= 65443 65444 64817 64816 0 0 0 0 0 0
E 356257 cfg=104 nodes= 65443 64816 65411 65412 0 0 0 0 0 0
E 356255 cfg=104 nodes= 65353 65352 65158 65157 0 0 0 0 0 0
E 356254 cfg=104 nodes= 65344 65353 65157 65156 0 0 0 0 0 0
E 356253 cfg=104 nodes= 65151 65150 65349 65351 0 0 0 0 0 0
E 356252 cfg=104 nodes= 65152 65151 65351 65345 0 0 0 0 0 0
E 356251 cfg=104 nodes= 65149 64845 64846 65350 0 0 0 0 0 0
E 356250 cfg=104 nodes= 65150 65149 65350 65349 0 0 0 0 0 0
E 356249 cfg=104 nodes= 65155 65154 65346 65348 0 0 0 0 0 0
E 356248 cfg=104 nodes= 65156 65155 65348 65344 0 0 0 0 0 0
E 356247 cfg=104 nodes= 65153 65152 65345 65347 0 0 0 0 0 0
E 356246 cfg=104 nodes= 65154 65153 65347 65346 0 0 0 0 0 0
E 356245 cfg=104 nodes= 65337 65336 65341 65343 0 0 0 0 0 0
E 356244 cfg=104 nodes= 65316 65337 65343 65317 0 0 0 0 0 0
E 356243 cfg=104 nodes= 65343 65341 65263 65262 0 0 0 0 0 0
E 356242 cfg=104 nodes= 65317 65343 65262 65261 0 0 0 0 0 0
E 356241 cfg=104 nodes= 65335 65173 65172 65342 0 0 0 0 0 0
E 356240 cfg=104 nodes= 65336 65335 65342 65341 0 0 0 0 0 0
E 356239 cfg=104 nodes= 65342 65172 65171 65264 0 0 0 0 0 0
E 356238 cfg=104 nodes= 65341 65342 65264 65263 0 0 0 0 0 0
E 356236 cfg=104 nodes= 65334 65340 65315 65314 0 0 0 0 0 0
E 356235 cfg=104 nodes= 65340 65338 65336 65337 0 0 0 0 0 0
E 356234 cfg=104 nodes= 65315 65340 65337 65316 0 0 0 0 0 0
E 356233 cfg=104 nodes= 65333 65175 65174 65339 0 0 0 0 0 0
E 356232 cfg=104 nodes= 65334 65333 65339 65338 0 0 0 0 0 0
E 356231 cfg=104 nodes= 65339 65174 65173 65335 0 0 0 0 0 0
E 356230 cfg=104 nodes= 65338 65339 65335 65336 0 0 0 0 0 0
E 356229 cfg=104 nodes= 65332 65326 65325 65330 0 0 0 0 0 0
E 356228 cfg=104 nodes= 65320 65319 65326 65332 0 0 0 0 0 0
E 356227 cfg=104 nodes= 64849 65332 65330 64850 0 0 0 0 0 0
E 356226 cfg=104 nodes= 64848 65320 65332 64849 0 0 0 0 0 0
E 356225 cfg=104 nodes= 65331 65324 65259 65258 0 0 0 0 0 0
E 356224 cfg=104 nodes= 65330 65325 65324 65331 0 0 0 0 0 0
E 356223 cfg=104 nodes= 64851 65331 65258 64852 0 0 0 0 0 0
E 356222 cfg=104 nodes= 64850 65330 65331 64851 0 0 0 0 0 0
E 356220 cfg=104 nodes= 65316 65329 65318 65315 0 0 0 0 0 0
E 356219 cfg=104 nodes= 65326 65329 65327 65325 0 0 0 0 0 0
E 356218 cfg=104 nodes= 65319 65318 65329 65326 0 0 0 0 0 0
E 356217 cfg=104 nodes= 65328 65317 65261 65260 0 0 0 0 0 0
E 356216 cfg=104 nodes= 65327 65316 65317 65328 0 0 0 0 0 0
E 356215 cfg=104 nodes= 65324 65328 65260 65259 0 0 0 0 0 0
E 356214 cfg=104 nodes= 65325 65327 65328 65324 0 0 0 0 0 0
E 356213 cfg=104 nodes= 65323 65321 65319 65320 0 0 0 0 0 0
E 356212 cfg=104 nodes= 64847 65323 65320 64848 0 0 0 0 0 0
E 356211 cfg=104 nodes= 65322 65314 65315 65318 0 0 0 0 0 0
E 356210 cfg=104 nodes= 65321 65322 65318 65319 0 0 0 0 0 0
E 356209 cfg=104 nodes= 65307 65306 65311 65313 0 0 0 0 0 0
E 356208 cfg=104 nodes= 65294 65307 65313 65295 0 0 0 0 0 0
E 356207 cfg=104 nodes= 65313 65311 65270 65269 0 0 0 0 0 0
E 356206 cfg=104 nodes= 65295 65313 65269 65268 0 0 0 0 0 0
E 356205 cfg=104 nodes= 65305 65169 65168 65312 0 0 0 0 0 0
E 356204 cfg=104 nodes= 65306 65305 65312 65311 0 0 0 0 0 0
E 356203 cfg=104 nodes= 65312 65168 65167 65271 0 0 0 0 0 0
E 356202 cfg=104 nodes= 65311 65312 65271 65270 0 0 0 0 0 0
E 356201 cfg=104 nodes= 65262 65263 65308 65310 0 0 0 0 0 0
E 356200 cfg=104 nodes= 65261 65262 65310 65293 0 0 0 0 0 0
E 356199 cfg=104 nodes= 65310 65308 65306 65307 0 0 0 0 0 0
E 356198 cfg=104 nodes= 65293 65310 65307 65294 0 0 0 0 0 0
E 356197 cfg=104 nodes= 65264 65171 65170 65309 0 0 0 0 0 0
E 356196 cfg=104 nodes= 65263 65264 65309 65308 0 0 0 0 0 0
E 356195 cfg=104 nodes= 65309 65170 65169 65305 0 0 0 0 0 0
E 356194 cfg=104 nodes= 65308 65309 65305 65306 0 0 0 0 0 0
E 356193 cfg=104 nodes= 65304 64855 64854 65298 0 0 0 0 0 0
E 356192 cfg=104 nodes= 65265 64856 64855 65304 0 0 0 0 0 0
E 356191 cfg=104 nodes= 65302 65304 65298 65297 0 0 0 0 0 0
E 356190 cfg=104 nodes= 65266 65265 65304 65302 0 0 0 0 0 0
E 356189 cfg=104 nodes= 65303 65302 65297 65296 0 0 0 0 0 0
E 356188 cfg=104 nodes= 65267 65266 65302 65303 0 0 0 0 0 0
E 356187 cfg=104 nodes= 65295 65303 65296 65294 0 0 0 0 0 0
E 356186 cfg=104 nodes= 65268 65267 65303 65295 0 0 0 0 0 0
E 356185 cfg=104 nodes= 65301 64853 64852 65258 0 0 0 0 0 0
E 356184 cfg=104 nodes= 65298 64854 64853 65301 0 0 0 0 0 0
E 356183 cfg=104 nodes= 65299 65301 65258 65259 0 0 0 0 0 0
E 356182 cfg=104 nodes= 65297 65298 65301 65299 0 0 0 0 0 0
E 356181 cfg=104 nodes= 65260 65261 65293 65300 0 0 0 0 0 0
E 356180 cfg=104 nodes= 65259 65260 65300 65299 0 0 0 0 0 0
E 356179 cfg=104 nodes= 65300 65293 65294 65296 0 0 0 0 0 0
E 356178 cfg=104 nodes= 65299 65300 65296 65297 0 0 0 0 0 0
E 356177 cfg=104 nodes= 65292 65286 65285 65290 0 0 0 0 0 0
E 356176 cfg=104 nodes= 65157 65158 65286 65292 0 0 0 0 0 0
E 356175 cfg=104 nodes= 65164 65292 65290 65165 0 0 0 0 0 0
E 356174 cfg=104 nodes= 65156 65157 65292 65164 0 0 0 0 0 0
E 356173 cfg=104 nodes= 65291 65284 65270 65271 0 0 0 0 0 0
E 356172 cfg=104 nodes= 65290 65285 65284 65291 0 0 0 0 0 0
E 356171 cfg=104 nodes= 65166 65291 65271 65167 0 0 0 0 0 0
E 356170 cfg=104 nodes= 65165 65290 65291 65166 0 0 0 0 0 0
E 356169 cfg=104 nodes= 65289 65274 65273 65287 0 0 0 0 0 0
E 356168 cfg=104 nodes= 65159 65160 65274 65289 0 0 0 0 0 0
E 356167 cfg=104 nodes= 65286 65289 65287 65285 0 0 0 0 0 0
E 356166 cfg=104 nodes= 65158 65159 65289 65286 0 0 0 0 0 0
E 356165 cfg=104 nodes= 65288 65272 65268 65269 0 0 0 0 0 0
E 356164 cfg=104 nodes= 65287 65273 65272 65288 0 0 0 0 0 0
E 356163 cfg=104 nodes= 65284 65288 65269 65270 0 0 0 0 0 0
E 356162 cfg=104 nodes= 65285 65287 65288 65284 0 0 0 0 0 0
E 356161 cfg=104 nodes= 65283 65277 65276 65281 0 0 0 0 0 0
E 356160 cfg=104 nodes= 65161 65162 65277 65283 0 0 0 0 0 0
E 356159 cfg=104 nodes= 65274 65283 65281 65273 0 0 0 0 0 0
E 356158 cfg=104 nodes= 65160 65161 65283 65274 0 0 0 0 0 0
E 356157 cfg=104 nodes= 65282 65275 65266 65267 0 0 0 0 0 0
E 356156 cfg=104 nodes= 65281 65276 65275 65282 0 0 0 0 0 0
E 356155 cfg=104 nodes= 65272 65282 65267 65268 0 0 0 0 0 0
E 356154 cfg=104 nodes= 65273 65281 65282 65272 0 0 0 0 0 0
E 356153 cfg=104 nodes= 65280 64859 64858 65278 0 0 0 0 0 0
E 356152 cfg=104 nodes= 65163 64860 64859 65280 0 0 0 0 0 0
E 356151 cfg=104 nodes= 65277 65280 65278 65276 0 0 0 0 0 0
E 356150 cfg=104 nodes= 65162 65163 65280 65277 0 0 0 0 0 0
E 356149 cfg=104 nodes= 65279 64857 64856 65265 0 0 0 0 0 0
E 356148 cfg=104 nodes= 65278 64858 64857 65279 0 0 0 0 0 0
E 356147 cfg=104 nodes= 65275 65279 65265 65266 0 0 0 0 0 0
E 356146 cfg=104 nodes= 65276 65278 65279 65275 0 0 0 0 0 0
E 356145 cfg=104 nodes= 65251 65250 65255 65257 0 0 0 0 0 0
E 356144 cfg=104 nodes= 65228 65251 65257 65229 0 0 0 0 0 0
E 356143 cfg=104 nodes= 65257 65255 65181 65180 0 0 0 0 0 0
E 356142 cfg=104 nodes= 65229 65257 65180 65179 0 0 0 0 0 0
E 356141 cfg=104 nodes= 65249 64836 64837 65256 0 0 0 0 0 0
E 356140 cfg=104 nodes= 65250 65249 65256 65255 0 0 0 0 0 0
E 356139 cfg=104 nodes= 65256 64837 64838 65182 0 0 0 0 0 0
E 356138 cfg=104 nodes= 65255 65256 65182 65181 0 0 0 0 0 0
E 356137 cfg=104 nodes= 65246 65245 65252 65254 0 0 0 0 0 0
E 356136 cfg=104 nodes= 65226 65246 65254 65227 0 0 0 0 0 0
E 356135 cfg=104 nodes= 65254 65252 65250 65251 0 0 0 0 0 0
E 356134 cfg=104 nodes= 65227 65254 65251 65228 0 0 0 0 0 0
E 356132 cfg=104 nodes= 64835 65253 65245 64834 0 0 0 0 0 0
E 356131 cfg=104 nodes= 65253 64835 64836 65249 0 0 0 0 0 0
E 356130 cfg=104 nodes= 65252 65253 65249 65250 0 0 0 0 0 0
E 356129 cfg=104 nodes= 65248 65247 65245 65246 0 0 0 0 0 0
E 356128 cfg=104 nodes= 65225 65248 65246 65226 0 0 0 0 0 0
E 356127 cfg=104 nodes= 64834 65245 65247 64833 0 0 0 0 0 0
E 356126 cfg=104 nodes= 65238 65237 65242 65244 0 0 0 0 0 0
E 356125 cfg=104 nodes= 65172 65238 65244 65171 0 0 0 0 0 0
E 356124 cfg=104 nodes= 65244 65242 65177 65176 0 0 0 0 0 0
E 356123 cfg=104 nodes= 65171 65244 65176 65170 0 0 0 0 0 0
E 356122 cfg=104 nodes= 65236 65228 65229 65243 0 0 0 0 0 0
E 356121 cfg=104 nodes= 65237 65236 65243 65242 0 0 0 0 0 0
E 356120 cfg=104 nodes= 65243 65229 65179 65178 0 0 0 0 0 0
E 356119 cfg=104 nodes= 65242 65243 65178 65177 0 0 0 0 0 0
E 356118 cfg=104 nodes= 65232 65231 65239 65241 0 0 0 0 0 0
E 356117 cfg=104 nodes= 65174 65232 65241 65173 0 0 0 0 0 0
E 356116 cfg=104 nodes= 65241 65239 65237 65238 0 0 0 0 0 0
E 356115 cfg=104 nodes= 65173 65241 65238 65172 0 0 0 0 0 0
E 356114 cfg=104 nodes= 65230 65226 65227 65240 0 0 0 0 0 0
E 356113 cfg=104 nodes= 65231 65230 65240 65239 0 0 0 0 0 0
E 356112 cfg=104 nodes= 65240 65227 65228 65236 0 0 0 0 0 0
E 356111 cfg=104 nodes= 65239 65240 65236 65237 0 0 0 0 0 0
E 356110 cfg=104 nodes= 65235 65233 65231 65232 0 0 0 0 0 0
E 356109 cfg=104 nodes= 65175 65235 65232 65174 0 0 0 0 0 0
E 356108 cfg=104 nodes= 65234 65225 65226 65230 0 0 0 0 0 0
E 356107 cfg=104 nodes= 65233 65234 65230 65231 0 0 0 0 0 0
E 356106 cfg=104 nodes= 65218 65217 65222 65224 0 0 0 0 0 0
E 356105 cfg=104 nodes= 65187 65218 65224 65188 0 0 0 0 0 0
E 356104 cfg=104 nodes= 65224 65222 65150 65151 0 0 0 0 0 0
E 356103 cfg=104 nodes= 65188 65224 65151 65152 0 0 0 0 0 0
E 356102 cfg=104 nodes= 65216 64843 64844 65223 0 0 0 0 0 0
E 356101 cfg=104 nodes= 65217 65216 65223 65222 0 0 0 0 0 0
E 356100 cfg=104 nodes= 65223 64844 64845 65149 0 0 0 0 0 0
E 356099 cfg=104 nodes= 65222 65223 65149 65150 0 0 0 0 0 0
E 356098 cfg=104 nodes= 65209 65208 65219 65221 0 0 0 0 0 0
E 356097 cfg=104 nodes= 65185 65209 65221 65186 0 0 0 0 0 0
E 356096 cfg=104 nodes= 65221 65219 65217 65218 0 0 0 0 0 0
E 356095 cfg=104 nodes= 65186 65221 65218 65187 0 0 0 0 0 0
E 356094 cfg=104 nodes= 65207 64841 64842 65220 0 0 0 0 0 0
E 356093 cfg=104 nodes= 65208 65207 65220 65219 0 0 0 0 0 0
E 356092 cfg=104 nodes= 65220 64842 64843 65216 0 0 0 0 0 0
E 356091 cfg=104 nodes= 65219 65220 65216 65217 0 0 0 0 0 0
E 356090 cfg=104 nodes= 65180 65181 65211 65215 0 0 0 0 0 0
E 356089 cfg=104 nodes= 65179 65180 65215 65183 0 0 0 0 0 0
E 356088 cfg=104 nodes= 65215 65211 65210 65214 0 0 0 0 0 0
E 356087 cfg=104 nodes= 65183 65215 65214 65184 0 0 0 0 0 0
E 356086 cfg=104 nodes= 65214 65210 65208 65209 0 0 0 0 0 0
E 356085 cfg=104 nodes= 65184 65214 65209 65185 0 0 0 0 0 0
E 356084 cfg=104 nodes= 65182 64838 64839 65213 0 0 0 0 0 0
E 356083 cfg=104 nodes= 65181 65182 65213 65211 0 0 0 0 0 0
E 356082 cfg=104 nodes= 65213 64839 64840 65212 0 0 0 0 0 0
E 356081 cfg=104 nodes= 65211 65213 65212 65210 0 0 0 0 0 0
E 356080 cfg=104 nodes= 65212 64840 64841 65207 0 0 0 0 0 0
E 356079 cfg=104 nodes= 65210 65212 65207 65208 0 0 0 0 0 0
E 356078 cfg=104 nodes= 65206 65164 65165 65200 0 0 0 0 0 0
E 356077 cfg=104 nodes= 65155 65156 65164 65206 0 0 0 0 0 0
E 356076 cfg=104 nodes= 65204 65206 65200 65199 0 0 0 0 0 0
E 356075 cfg=104 nodes= 65154 65155 65206 65204 0 0 0 0 0 0
E 356074 cfg=104 nodes= 65198 65187 65188 65205 0 0 0 0 0 0
E 356073 cfg=104 nodes= 65199 65198 65205 65204 0 0 0 0 0 0
E 356072 cfg=104 nodes= 65205 65188 65152 65153 0 0 0 0 0 0
E 356071 cfg=104 nodes= 65204 65205 65153 65154 0 0 0 0 0 0
E 356070 cfg=104 nodes= 65191 65190 65201 65203 0 0 0 0 0 0
E 356069 cfg=104 nodes= 65167 65191 65203 65166 0 0 0 0 0 0
E 356068 cfg=104 nodes= 65203 65201 65199 65200 0 0 0 0 0 0
E 356067 cfg=104 nodes= 65166 65203 65200 65165 0 0 0 0 0 0
E 356066 cfg=104 nodes= 65189 65185 65186 65202 0 0 0 0 0 0
E 356065 cfg=104 nodes= 65190 65189 65202 65201 0 0 0 0 0 0
E 356064 cfg=104 nodes= 65202 65186 65187 65198 0 0 0 0 0 0
E 356063 cfg=104 nodes= 65201 65202 65198 65199 0 0 0 0 0 0
E 356062 cfg=104 nodes= 65176 65177 65193 65197 0 0 0 0 0 0
E 356061 cfg=104 nodes= 65170 65176 65197 65169 0 0 0 0 0 0
E 356060 cfg=104 nodes= 65197 65193 65192 65196 0 0 0 0 0 0
E 356059 cfg=104 nodes= 65169 65197 65196 65168 0 0 0 0 0 0
E 356058 cfg=104 nodes= 65196 65192 65190 65191 0 0 0 0 0 0
E 356057 cfg=104 nodes= 65168 65196 65191 65167 0 0 0 0 0 0
E 356056 cfg=104 nodes= 65178 65179 65183 65195 0 0 0 0 0 0
E 356055 cfg=104 nodes= 65177 65178 65195 65193 0 0 0 0 0 0
E 356054 cfg=104 nodes= 65195 65183 65184 65194 0 0 0 0 0 0
E 356053 cfg=104 nodes= 65193 65195 65194 65192 0 0 0 0 0 0
E 356052 cfg=104 nodes= 65194 65184 65185 65189 0 0 0 0 0 0
E 356051 cfg=104 nodes= 65192 65194 65189 65190 0 0 0 0 0 0
E 356050 cfg=104 nodes= 65132 65131 65146 65148 0 0 0 0 0 0
E 356049 cfg=104 nodes= 65114 65132 65148 65115 0 0 0 0 0 0
E 356048 cfg=104 nodes= 65148 65146 65145 65147 0 0 0 0 0 0
E 356047 cfg=104 nodes= 65115 65148 65147 65116 0 0 0 0 0 0
E 356046 cfg=104 nodes= 65147 65145 65078 65077 0 0 0 0 0 0
E 356045 cfg=104 nodes= 65116 65147 65077 65076 0 0 0 0 0 0
E 356044 cfg=104 nodes= 65142 65146 65131 65130 0 0 0 0 0 0
E 356043 cfg=104 nodes= 65141 65145 65146 65142 0 0 0 0 0 0
E 356042 cfg=104 nodes= 65079 65078 65145 65141 0 0 0 0 0 0
E 356041 cfg=104 nodes= 65144 64998 64997 65143 0 0 0 0 0 0
E 356040 cfg=104 nodes= 65129 64999 64998 65144 0 0 0 0 0 0
E 356039 cfg=104 nodes= 65142 65144 65143 65141 0 0 0 0 0 0
E 356038 cfg=104 nodes= 65130 65129 65144 65142 0 0 0 0 0 0
E 356037 cfg=104 nodes= 65143 64997 64996 65080 0 0 0 0 0 0
E 356036 cfg=104 nodes= 65141 65143 65080 65079 0 0 0 0 0 0
E 356035 cfg=104 nodes= 64877 64876 65138 65139 0 0 0 0 0 0
E 356034 cfg=104 nodes= 64878 64877 65139 65113 0 0 0 0 0 0
E 356033 cfg=104 nodes= 65140 65137 65131 65132 0 0 0 0 0 0
E 356032 cfg=104 nodes= 65139 65138 65137 65140 0 0 0 0 0 0
E 356030 cfg=104 nodes= 65113 65140 65132 65114 0 0 0 0 0 0
E 356029 cfg=104 nodes= 65134 65138 64876 64875 0 0 0 0 0 0
E 356028 cfg=104 nodes= 65133 65137 65138 65134 0 0 0 0 0 0
E 356027 cfg=104 nodes= 65130 65131 65137 65133 0 0 0 0 0 0
E 356026 cfg=104 nodes= 65136 65001 65000 65135 0 0 0 0 0 0
E 356025 cfg=104 nodes= 64874 64873 65001 65136 0 0 0 0 0 0
E 356024 cfg=104 nodes= 65134 65136 65135 65133 0 0 0 0 0 0
E 356023 cfg=104 nodes= 64875 64874 65136 65134 0 0 0 0 0 0
E 356022 cfg=104 nodes= 65135 65000 64999 65129 0 0 0 0 0 0
E 356021 cfg=104 nodes= 65133 65135 65129 65130 0 0 0 0 0 0
E 356020 cfg=104 nodes= 65128 65124 65123 65127 0 0 0 0 0 0
E 356019 cfg=104 nodes= 65119 65118 65124 65128 0 0 0 0 0 0
E 356018 cfg=104 nodes= 64822 65128 65127 64821 0 0 0 0 0 0
E 356017 cfg=104 nodes= 64823 65119 65128 64822 0 0 0 0 0 0
E 356016 cfg=104 nodes= 65127 65123 65074 65073 0 0 0 0 0 0
E 356015 cfg=104 nodes= 64821 65127 65073 64820 0 0 0 0 0 0
E 356014 cfg=104 nodes= 65117 65114 65115 65126 0 0 0 0 0 0
E 356013 cfg=104 nodes= 65118 65117 65126 65124 0 0 0 0 0 0
E 356012 cfg=104 nodes= 65126 65115 65116 65125 0 0 0 0 0 0
E 356011 cfg=104 nodes= 65124 65126 65125 65123 0 0 0 0 0 0
E 356010 cfg=104 nodes= 65125 65116 65076 65075 0 0 0 0 0 0
E 356009 cfg=104 nodes= 65123 65125 65075 65074 0 0 0 0 0 0
E 356008 cfg=104 nodes= 65122 64824 64825 64881 0 0 0 0 0 0
E 356007 cfg=104 nodes= 65119 64823 64824 65122 0 0 0 0 0 0
E 356006 cfg=104 nodes= 65120 65122 64881 64880 0 0 0 0 0 0
E 356005 cfg=104 nodes= 65118 65119 65122 65120 0 0 0 0 0 0
E 356004 cfg=104 nodes= 64879 64878 65113 65121 0 0 0 0 0 0
E 356003 cfg=104 nodes= 64880 64879 65121 65120 0 0 0 0 0 0
E 356002 cfg=104 nodes= 65121 65113 65114 65117 0 0 0 0 0 0
E 356001 cfg=104 nodes= 65120 65121 65117 65118 0 0 0 0 0 0
E 356000 cfg=104 nodes= 65112 65110 65109 65111 0 0 0 0 0 0
E 355999 cfg=104 nodes= 65106 65105 65110 65112 0 0 0 0 0 0
E 355998 cfg=104 nodes= 65099 65112 65111 65100 0 0 0 0 0 0
E 355997 cfg=104 nodes= 65098 65106 65112 65099 0 0 0 0 0 0
E 355996 cfg=104 nodes= 65111 65109 64002 64001 0 0 0 0 0 0
E 355995 cfg=104 nodes= 65100 65111 64001 64000 0 0 0 0 0 0
E 355994 cfg=104 nodes= 64993 65110 65105 64994 0 0 0 0 0 0
E 355993 cfg=104 nodes= 64992 65109 65110 64993 0 0 0 0 0 0
E 355992 cfg=104 nodes= 64003 64002 65109 64992 0 0 0 0 0 0
E 355991 cfg=104 nodes= 65108 65097 65078 65079 0 0 0 0 0 0
E 355990 cfg=104 nodes= 65106 65098 65097 65108 0 0 0 0 0 0
E 355989 cfg=104 nodes= 65107 65108 65079 65080 0 0 0 0 0 0
E 355988 cfg=104 nodes= 65105 65106 65108 65107 0 0 0 0 0 0
E 355987 cfg=104 nodes= 64995 65107 65080 64996 0 0 0 0 0 0
E 355986 cfg=104 nodes= 64994 65105 65107 64995 0 0 0 0 0 0
E 355985 cfg=104 nodes= 65104 65084 65083 65103 0 0 0 0 0 0
E 355984 cfg=104 nodes= 63999 63998 65084 65104 0 0 0 0 0 0
E 355983 cfg=104 nodes= 65100 65104 65103 65099 0 0 0 0 0 0
E 355982 cfg=104 nodes= 64000 63999 65104 65100 0 0 0 0 0 0
E 355981 cfg=104 nodes= 65103 65083 65082 65101 0 0 0 0 0 0
E 355980 cfg=104 nodes= 65099 65103 65101 65098 0 0 0 0 0 0
E 355979 cfg=104 nodes= 65102 65081 65076 65077 0 0 0 0 0 0
E 355978 cfg=104 nodes= 65101 65082 65081 65102 0 0 0 0 0 0
E 355977 cfg=104 nodes= 65097 65102 65077 65078 0 0 0 0 0 0
E 355976 cfg=104 nodes= 65098 65101 65102 65097 0 0 0 0 0 0
E 355975 cfg=104 nodes= 65096 65092 65091 65095 0 0 0 0 0 0
E 355974 cfg=104 nodes= 65087 65086 65092 65096 0 0 0 0 0 0
E 355973 cfg=104 nodes= 64817 65096 65095 64816 0 0 0 0 0 0
E 355972 cfg=104 nodes= 64818 65087 65096 64817 0 0 0 0 0 0
E 355971 cfg=104 nodes= 65095 65091 63996 63995 0 0 0 0 0 0
E 355970 cfg=104 nodes= 64816 65095 63995 63994 0 0 0 0 0 0
E 355969 cfg=104 nodes= 65094 65083 65084 65093 0 0 0 0 0 0
E 355968 cfg=104 nodes= 65085 65082 65083 65094 0 0 0 0 0 0
E 355967 cfg=104 nodes= 65092 65094 65093 65091 0 0 0 0 0 0
E 355966 cfg=104 nodes= 65086 65085 65094 65092 0 0 0 0 0 0
E 355965 cfg=104 nodes= 65093 65084 63998 63997 0 0 0 0 0 0
E 355964 cfg=104 nodes= 65091 65093 63997 63996 0 0 0 0 0 0
E 355963 cfg=104 nodes= 65090 64819 64820 65073 0 0 0 0 0 0
E 355962 cfg=104 nodes= 65087 64818 64819 65090 0 0 0 0 0 0
E 355961 cfg=104 nodes= 65088 65090 65073 65074 0 0 0 0 0 0
E 355960 cfg=104 nodes= 65086 65087 65090 65088 0 0 0 0 0 0
E 355959 cfg=104 nodes= 65089 65088 65074 65075 0 0 0 0 0 0
E 355958 cfg=104 nodes= 65085 65086 65088 65089 0 0 0 0 0 0
E 355957 cfg=104 nodes= 65081 65089 65075 65076 0 0 0 0 0 0
E 355956 cfg=104 nodes= 65082 65085 65089 65081 0 0 0 0 0 0
E 355955 cfg=104 nodes= 65072 65068 65067 65071 0 0 0 0 0 0
E 355954 cfg=104 nodes= 65062 65061 65068 65072 0 0 0 0 0 0
E 355953 cfg=104 nodes= 65045 65072 65071 65046 0 0 0 0 0 0
E 355952 cfg=104 nodes= 65044 65062 65072 65045 0 0 0 0 0 0
E 355951 cfg=104 nodes= 65071 65067 65007 65006 0 0 0 0 0 0
E 355950 cfg=104 nodes= 65046 65071 65006 65005 0 0 0 0 0 0
E 355948 cfg=104 nodes= 64859 65070 65068 65061 0 0 0 0 0 0
E 355947 cfg=104 nodes= 65070 64860 64861 65069 0 0 0 0 0 0
E 355946 cfg=104 nodes= 65068 65070 65069 65067 0 0 0 0 0 0
E 355945 cfg=104 nodes= 65069 64861 64862 65008 0 0 0 0 0 0
E 355944 cfg=104 nodes= 65067 65069 65008 65007 0 0 0 0 0 0
E 355943 cfg=104 nodes= 65066 65064 65063 65065 0 0 0 0 0 0
E 355942 cfg=104 nodes= 64869 64868 65064 65066 0 0 0 0 0 0
E 355941 cfg=104 nodes= 65042 65066 65065 65043 0 0 0 0 0 0
E 355940 cfg=104 nodes= 64870 64869 65066 65042 0 0 0 0 0 0
E 355939 cfg=104 nodes= 65065 65063 65061 65062 0 0 0 0 0 0
E 355938 cfg=104 nodes= 65043 65065 65062 65044 0 0 0 0 0 0
E 355937 cfg=104 nodes= 64857 65064 64868 64856 0 0 0 0 0 0
E 355936 cfg=104 nodes= 64858 65063 65064 64857 0 0 0 0 0 0
E 355935 cfg=104 nodes= 64859 65061 65063 64858 0 0 0 0 0 0
E 355934 cfg=104 nodes= 65049 65048 65056 65060 0 0 0 0 0 0
E 355933 cfg=104 nodes= 64999 65049 65060 64998 0 0 0 0 0 0
E 355932 cfg=104 nodes= 65060 65056 65055 65059 0 0 0 0 0 0
E 355931 cfg=104 nodes= 64998 65060 65059 64997 0 0 0 0 0 0
E 355930 cfg=104 nodes= 65059 65055 65003 65002 0 0 0 0 0 0
E 355929 cfg=104 nodes= 64997 65059 65002 64996 0 0 0 0 0 0
E 355928 cfg=104 nodes= 65047 65044 65045 65058 0 0 0 0 0 0
E 355927 cfg=104 nodes= 65048 65047 65058 65056 0 0 0 0 0 0
E 355926 cfg=104 nodes= 65058 65045 65046 65057 0 0 0 0 0 0
E 355925 cfg=104 nodes= 65056 65058 65057 65055 0 0 0 0 0 0
E 355924 cfg=104 nodes= 65057 65046 65005 65004 0 0 0 0 0 0
E 355923 cfg=104 nodes= 65055 65057 65004 65003 0 0 0 0 0 0
E 355922 cfg=104 nodes= 65051 65001 64873 64872 0 0 0 0 0 0
E 355920 cfg=104 nodes= 65051 65054 65000 65001 0 0 0 0 0 0
E 355919 cfg=104 nodes= 65054 65050 65048 65049 0 0 0 0 0 0
E 355918 cfg=104 nodes= 65000 65054 65049 64999 0 0 0 0 0 0
E 355917 cfg=104 nodes= 64871 64870 65042 65053 0 0 0 0 0 0
E 355916 cfg=104 nodes= 64872 64871 65053 65051 0 0 0 0 0 0
E 355915 cfg=104 nodes= 65053 65042 65043 65052 0 0 0 0 0 0
E 355914 cfg=104 nodes= 65051 65053 65052 65050 0 0 0 0 0 0
E 355913 cfg=104 nodes= 65052 65043 65044 65047 0 0 0 0 0 0
E 355912 cfg=104 nodes= 65050 65052 65047 65048 0 0 0 0 0 0
E 355911 cfg=104 nodes= 65041 65035 65034 65040 0 0 0 0 0 0
E 355910 cfg=104 nodes= 65027 65026 65035 65041 0 0 0 0 0 0
E 355908 cfg=104 nodes= 65011 65041 65040 65012 0 0 0 0 0 0
E 355907 cfg=104 nodes= 65040 65034 64009 64008 0 0 0 0 0 0
E 355906 cfg=104 nodes= 65012 65040 64008 64007 0 0 0 0 0 0
E 355905 cfg=104 nodes= 65037 65036 65038 65039 0 0 0 0 0 0
E 355903 cfg=104 nodes= 64866 65039 65025 64865 0 0 0 0 0 0
E 355902 cfg=104 nodes= 65035 65038 65036 65034 0 0 0 0 0 0
E 355901 cfg=104 nodes= 65026 65025 65038 65035 0 0 0 0 0 0
E 355900 cfg=104 nodes= 65037 64867 64012 64011 0 0 0 0 0 0
E 355899 cfg=104 nodes= 65036 65037 64011 64010 0 0 0 0 0 0
E 355898 cfg=104 nodes= 65034 65036 64010 64009 0 0 0 0 0 0
E 355897 cfg=104 nodes= 65006 65007 65029 65033 0 0 0 0 0 0
E 355896 cfg=104 nodes= 65005 65006 65033 65009 0 0 0 0 0 0
E 355895 cfg=104 nodes= 65033 65029 65028 65032 0 0 0 0 0 0
E 355894 cfg=104 nodes= 65009 65033 65032 65010 0 0 0 0 0 0
E 355893 cfg=104 nodes= 65032 65028 65026 65027 0 0 0 0 0 0
E 355892 cfg=104 nodes= 65010 65032 65027 65011 0 0 0 0 0 0
E 355891 cfg=104 nodes= 65008 64862 64863 65031 0 0 0 0 0 0
E 355890 cfg=104 nodes= 65007 65008 65031 65029 0 0 0 0 0 0
E 355889 cfg=104 nodes= 65031 64863 64864 65030 0 0 0 0 0 0
E 355888 cfg=104 nodes= 65029 65031 65030 65028 0 0 0 0 0 0
E 355887 cfg=104 nodes= 65030 64864 64865 65025 0 0 0 0 0 0
E 355886 cfg=104 nodes= 65028 65030 65025 65026 0 0 0 0 0 0
E 355885 cfg=104 nodes= 65015 65014 65020 65024 0 0 0 0 0 0
E 355884 cfg=104 nodes= 64994 65015 65024 64993 0 0 0 0 0 0
E 355883 cfg=104 nodes= 65024 65020 65019 65023 0 0 0 0 0 0
E 355882 cfg=104 nodes= 64993 65024 65023 64992 0 0 0 0 0 0
E 355881 cfg=104 nodes= 65023 65019 64005 64004 0 0 0 0 0 0
E 355880 cfg=104 nodes= 64992 65023 64004 64003 0 0 0 0 0 0
E 355879 cfg=104 nodes= 65013 65010 65011 65022 0 0 0 0 0 0
E 355878 cfg=104 nodes= 65014 65013 65022 65020 0 0 0 0 0 0
E 355877 cfg=104 nodes= 65022 65011 65012 65021 0 0 0 0 0 0
E 355876 cfg=104 nodes= 65020 65022 65021 65019 0 0 0 0 0 0
E 355875 cfg=104 nodes= 65021 65012 64007 64006 0 0 0 0 0 0
E 355874 cfg=104 nodes= 65019 65021 64006 64005 0 0 0 0 0 0
E 355873 cfg=104 nodes= 65002 65003 65016 65018 0 0 0 0 0 0
E 355872 cfg=104 nodes= 64996 65002 65018 64995 0 0 0 0 0 0
E 355871 cfg=104 nodes= 65018 65016 65014 65015 0 0 0 0 0 0
E 355870 cfg=104 nodes= 64995 65018 65015 64994 0 0 0 0 0 0
E 355869 cfg=104 nodes= 65004 65005 65009 65017 0 0 0 0 0 0
E 355868 cfg=104 nodes= 65003 65004 65017 65016 0 0 0 0 0 0
E 355867 cfg=104 nodes= 65017 65009 65010 65013 0 0 0 0 0 0
E 355866 cfg=104 nodes= 65016 65017 65013 65014 0 0 0 0 0 0
E 355865 cfg=104 nodes= 64985 64984 64987 64990 0 0 0 0 0 0
E 355864 cfg=104 nodes= 64975 64985 64990 64976 0 0 0 0 0 0
E 355863 cfg=104 nodes= 64991 64986 64945 64944 0 0 0 0 0 0
E 355862 cfg=104 nodes= 64990 64987 64986 64991 0 0 0 0 0 0
E 355860 cfg=104 nodes= 64976 64991 64944 64943 0 0 0 0 0 0
E 355859 cfg=104 nodes= 64989 64888 64887 64988 0 0 0 0 0 0
E 355858 cfg=104 nodes= 64983 64889 64888 64989 0 0 0 0 0 0
E 355857 cfg=104 nodes= 64987 64989 64988 64986 0 0 0 0 0 0
E 355856 cfg=104 nodes= 64984 64983 64989 64987 0 0 0 0 0 0
E 355855 cfg=104 nodes= 64988 64887 64886 64946 0 0 0 0 0 0
E 355854 cfg=104 nodes= 64986 64988 64946 64945 0 0 0 0 0 0
E 355853 cfg=104 nodes= 64982 64978 64977 64981 0 0 0 0 0 0
E 355852 cfg=104 nodes= 64832 64982 64981 64831 0 0 0 0 0 0
E 355851 cfg=104 nodes= 64981 64977 64941 64940 0 0 0 0 0 0
E 355850 cfg=104 nodes= 64831 64981 64940 64830 0 0 0 0 0 0
E 355849 cfg=104 nodes= 64980 64975 64976 64979 0 0 0 0 0 0
E 355848 cfg=104 nodes= 64978 64980 64979 64977 0 0 0 0 0 0
E 355847 cfg=104 nodes= 64979 64976 64943 64942 0 0 0 0 0 0
E 355846 cfg=104 nodes= 64977 64979 64942 64941 0 0 0 0 0 0
E 355845 cfg=104 nodes= 64974 64970 64969 64973 0 0 0 0 0 0
E 355844 cfg=104 nodes= 64965 64964 64970 64974 0 0 0 0 0 0
E 355843 cfg=104 nodes= 64949 64974 64973 64950 0 0 0 0 0 0
E 355842 cfg=104 nodes= 64948 64965 64974 64949 0 0 0 0 0 0
E 355841 cfg=104 nodes= 64973 64969 64876 64877 0 0 0 0 0 0
E 355840 cfg=104 nodes= 64950 64973 64877 64878 0 0 0 0 0 0
E 355839 cfg=104 nodes= 64972 64883 64882 64971 0 0 0 0 0 0
E 355838 cfg=104 nodes= 64963 64884 64883 64972 0 0 0 0 0 0
E 355837 cfg=104 nodes= 64970 64972 64971 64969 0 0 0 0 0 0
E 355836 cfg=104 nodes= 64964 64963 64972 64970 0 0 0 0 0 0
E 355835 cfg=104 nodes= 64971 64882 64874 64875 0 0 0 0 0 0
E 355834 cfg=104 nodes= 64969 64971 64875 64876 0 0 0 0 0 0
E 355833 cfg=104 nodes= 64944 64945 64966 64968 0 0 0 0 0 0
E 355832 cfg=104 nodes= 64943 64944 64968 64947 0 0 0 0 0 0
E 355831 cfg=104 nodes= 64968 64966 64964 64965 0 0 0 0 0 0
E 355830 cfg=104 nodes= 64947 64968 64965 64948 0 0 0 0 0 0
E 355829 cfg=104 nodes= 64946 64886 64885 64967 0 0 0 0 0 0
E 355828 cfg=104 nodes= 64945 64946 64967 64966 0 0 0 0 0 0
E 355827 cfg=104 nodes= 64967 64885 64884 64963 0 0 0 0 0 0
E 355826 cfg=104 nodes= 64966 64967 64963 64964 0 0 0 0 0 0
E 355825 cfg=104 nodes= 64953 64952 64958 64962 0 0 0 0 0 0
E 355824 cfg=104 nodes= 64828 64953 64962 64827 0 0 0 0 0 0
E 355823 cfg=104 nodes= 64962 64958 64957 64961 0 0 0 0 0 0
E 355822 cfg=104 nodes= 64827 64962 64961 64826 0 0 0 0 0 0
E 355821 cfg=104 nodes= 64961 64957 64880 64881 0 0 0 0 0 0
E 355820 cfg=104 nodes= 64826 64961 64881 64825 0 0 0 0 0 0
E 355819 cfg=104 nodes= 64960 64949 64950 64959 0 0 0 0 0 0
E 355818 cfg=104 nodes= 64951 64948 64949 64960 0 0 0 0 0 0
E 355817 cfg=104 nodes= 64958 64960 64959 64957 0 0 0 0 0 0
E 355816 cfg=104 nodes= 64952 64951 64960 64958 0 0 0 0 0 0
E 355815 cfg=104 nodes= 64959 64950 64878 64879 0 0 0 0 0 0
E 355814 cfg=104 nodes= 64957 64959 64879 64880 0 0 0 0 0 0
E 355813 cfg=104 nodes= 64940 64941 64954 64956 0 0 0 0 0 0
E 355812 cfg=104 nodes= 64830 64940 64956 64829 0 0 0 0 0 0
E 355811 cfg=104 nodes= 64956 64954 64952 64953 0 0 0 0 0 0
E 355810 cfg=104 nodes= 64829 64956 64953 64828 0 0 0 0 0 0
E 355809 cfg=104 nodes= 64942 64943 64947 64955 0 0 0 0 0 0
E 355808 cfg=104 nodes= 64941 64942 64955 64954 0 0 0 0 0 0
E 355807 cfg=104 nodes= 64955 64947 64948 64951 0 0 0 0 0 0
E 355806 cfg=104 nodes= 64954 64955 64951 64952 0 0 0 0 0 0
E 355805 cfg=104 nodes= 64937 64936 64938 64939 0 0 0 0 0 0
E 355804 cfg=104 nodes= 64924 64937 64939 64925 0 0 0 0 0 0
E 355803 cfg=104 nodes= 64939 64938 64895 64894 0 0 0 0 0 0
E 355802 cfg=104 nodes= 64925 64939 64894 64893 0 0 0 0 0 0
E 355801 cfg=104 nodes= 64849 64938 64936 64848 0 0 0 0 0 0
E 355800 cfg=104 nodes= 64850 64895 64938 64849 0 0 0 0 0 0
E 355799 cfg=104 nodes= 64937 64924 64923 64935 0 0 0 0 0 0
E 355798 cfg=104 nodes= 64936 64937 64935 64934 0 0 0 0 0 0
E 355797 cfg=104 nodes= 64848 64936 64934 64847 0 0 0 0 0 0
E 355796 cfg=104 nodes= 64933 64929 64928 64932 0 0 0 0 0 0
E 355795 cfg=104 nodes= 64927 64926 64929 64933 0 0 0 0 0 0
E 355794 cfg=104 nodes= 64888 64933 64932 64887 0 0 0 0 0 0
E 355793 cfg=104 nodes= 64889 64927 64933 64888 0 0 0 0 0 0
E 355792 cfg=104 nodes= 64932 64928 64891 64890 0 0 0 0 0 0
E 355791 cfg=104 nodes= 64887 64932 64890 64886 0 0 0 0 0 0
E 355789 cfg=104 nodes= 64924 64931 64926 64923 0 0 0 0 0 0
E 355788 cfg=104 nodes= 64931 64924 64925 64930 0 0 0 0 0 0
E 355787 cfg=104 nodes= 64929 64931 64930 64928 0 0 0 0 0 0
E 355786 cfg=104 nodes= 64930 64925 64893 64892 0 0 0 0 0 0
E 355785 cfg=104 nodes= 64928 64930 64892 64891 0 0 0 0 0 0
E 355784 cfg=104 nodes= 64910 64909 64918 64921 0 0 0 0 0 0
E 355783 cfg=104 nodes= 64898 64910 64921 64899 0 0 0 0 0 0
E 355782 cfg=104 nodes= 64922 64917 64869 64870 0 0 0 0 0 0
E 355781 cfg=104 nodes= 64921 64918 64917 64922 0 0 0 0 0 0
E 355779 cfg=104 nodes= 64899 64922 64870 64871 0 0 0 0 0 0
E 355778 cfg=104 nodes= 64920 64854 64855 64919 0 0 0 0 0 0
E 355777 cfg=104 nodes= 64908 64853 64854 64920 0 0 0 0 0 0
E 355776 cfg=104 nodes= 64918 64920 64919 64917 0 0 0 0 0 0
E 355775 cfg=104 nodes= 64909 64908 64920 64918 0 0 0 0 0 0
E 355774 cfg=104 nodes= 64919 64855 64856 64868 0 0 0 0 0 0
E 355773 cfg=104 nodes= 64917 64919 64868 64869 0 0 0 0 0 0
E 355772 cfg=104 nodes= 64893 64894 64912 64916 0 0 0 0 0 0
E 355771 cfg=104 nodes= 64892 64893 64916 64896 0 0 0 0 0 0
E 355770 cfg=104 nodes= 64916 64912 64911 64915 0 0 0 0 0 0
E 355769 cfg=104 nodes= 64896 64916 64915 64897 0 0 0 0 0 0
E 355768 cfg=104 nodes= 64915 64911 64909 64910 0 0 0 0 0 0
E 355767 cfg=104 nodes= 64897 64915 64910 64898 0 0 0 0 0 0
E 355766 cfg=104 nodes= 64895 64850 64851 64914 0 0 0 0 0 0
E 355765 cfg=104 nodes= 64894 64895 64914 64912 0 0 0 0 0 0
E 355764 cfg=104 nodes= 64914 64851 64852 64913 0 0 0 0 0 0
E 355763 cfg=104 nodes= 64912 64914 64913 64911 0 0 0 0 0 0
E 355762 cfg=104 nodes= 64913 64852 64853 64908 0 0 0 0 0 0
E 355761 cfg=104 nodes= 64911 64913 64908 64909 0 0 0 0 0 0
E 355760 cfg=104 nodes= 64907 64905 64904 64906 0 0 0 0 0 0
E 355759 cfg=104 nodes= 64901 64900 64905 64907 0 0 0 0 0 0
E 355758 cfg=104 nodes= 64883 64907 64906 64882 0 0 0 0 0 0
E 355757 cfg=104 nodes= 64884 64901 64907 64883 0 0 0 0 0 0
E 355756 cfg=104 nodes= 64906 64904 64872 64873 0 0 0 0 0 0
E 355755 cfg=104 nodes= 64882 64906 64873 64874 0 0 0 0 0 0
E 355754 cfg=104 nodes= 64898 64905 64900 64897 0 0 0 0 0 0
E 355753 cfg=104 nodes= 64899 64904 64905 64898 0 0 0 0 0 0
E 355752 cfg=104 nodes= 64871 64872 64904 64899 0 0 0 0 0 0
E 355751 cfg=104 nodes= 64890 64891 64902 64903 0 0 0 0 0 0
E 355750 cfg=104 nodes= 64886 64890 64903 64885 0 0 0 0 0 0
E 355749 cfg=104 nodes= 64903 64902 64900 64901 0 0 0 0 0 0
E 355748 cfg=104 nodes= 64885 64903 64901 64884 0 0 0 0 0 0
E 355747 cfg=104 nodes= 64896 64902 64891 64892 0 0 0 0 0 0
E 355746 cfg=104 nodes= 64897 64900 64902 64896 0 0 0 0 0 0
E 355744 cfg=104 nodes= 63995 63996 63992 63993 0 0 0 0 0 0
E 355743 cfg=104 nodes= 63997 64815 63992 63996 0 0 0 0 0 0
E 355742 cfg=104 nodes= 63998 64814 64815 63997 0 0 0 0 0 0
E 355739 cfg=104 nodes= 64813 63999 64000 64812 0 0 0 0 0 0
E 355738 cfg=104 nodes= 64814 63998 64813 64811 0 0 0 0 0 0
E 355737 cfg=104 nodes= 64814 63990 63991 64815 0 0 0 0 0 0
E 355736 cfg=104 nodes= 64812 64000 64001 64810 0 0 0 0 0 0
E 355735 cfg=104 nodes= 64811 64813 64812 64809 0 0 0 0 0 0
E 355733 cfg=104 nodes= 64810 64001 64002 64807 0 0 0 0 0 0
E 355732 cfg=104 nodes= 64814 64808 63989 63990 0 0 0 0 0 0
E 355731 cfg=104 nodes= 64003 64806 64807 64002 0 0 0 0 0 0
E 355730 cfg=104 nodes= 64809 64812 64810 64804 0 0 0 0 0 0
E 355729 cfg=104 nodes= 64808 64811 64809 64803 0 0 0 0 0 0
E 355728 cfg=104 nodes= 64004 64805 64806 64003 0 0 0 0 0 0
E 355727 cfg=104 nodes= 64805 64004 64005 64802 0 0 0 0 0 0
E 355726 cfg=104 nodes= 64804 64810 64807 64800 0 0 0 0 0 0
E 355725 cfg=104 nodes= 64803 64809 64804 64799 0 0 0 0 0 0
E 355724 cfg=104 nodes= 63989 64808 64803 63988 0 0 0 0 0 0
E 355723 cfg=104 nodes= 64806 64801 64800 64807 0 0 0 0 0 0
E 355722 cfg=104 nodes= 64802 64005 64006 64798 0 0 0 0 0 0
E 355721 cfg=104 nodes= 64805 64797 64801 64806 0 0 0 0 0 0
E 355720 cfg=104 nodes= 64798 64006 64007 64796 0 0 0 0 0 0
E 355718 cfg=104 nodes= 64792 64797 64805 64802 0 0 0 0 0 0
E 355717 cfg=104 nodes= 63988 64803 64799 63987 0 0 0 0 0 0
E 355715 cfg=104 nodes= 64796 64007 64008 64793 0 0 0 0 0 0
E 355714 cfg=104 nodes= 64799 64804 64795 64790 0 0 0 0 0 0
E 355713 cfg=104 nodes= 64791 64793 64008 64009 0 0 0 0 0 0
E 355712 cfg=104 nodes= 64792 64802 64798 64788 0 0 0 0 0 0
E 355711 cfg=104 nodes= 64794 64801 64797 64789 0 0 0 0 0 0
E 355710 cfg=104 nodes= 64795 64800 64794 64787 0 0 0 0 0 0
E 355709 cfg=104 nodes= 64786 64791 64009 64010 0 0 0 0 0 0
E 355708 cfg=104 nodes= 64788 64798 64796 64785 0 0 0 0 0 0
E 355707 cfg=104 nodes= 64799 64790 63986 63987 0 0 0 0 0 0
E 355706 cfg=104 nodes= 64789 64797 64792 64782 0 0 0 0 0 0
E 355705 cfg=104 nodes= 64785 64796 64793 64784 0 0 0 0 0 0
E 355704 cfg=104 nodes= 64010 64011 64783 64786 0 0 0 0 0 0
E 355703 cfg=104 nodes= 64790 64795 64787 64780 0 0 0 0 0 0
E 355702 cfg=104 nodes= 64781 64784 64793 64791 0 0 0 0 0 0
E 355701 cfg=104 nodes= 64774 64787 64794 64789 0 0 0 0 0 0
E 355700 cfg=104 nodes= 64011 64012 64779 64783 0 0 0 0 0 0
E 355699 cfg=104 nodes= 64782 64792 64788 64776 0 0 0 0 0 0
E 355697 cfg=104 nodes= 64777 64781 64791 64786 0 0 0 0 0 0
E 355696 cfg=104 nodes= 63986 64790 64780 63985 0 0 0 0 0 0
E 355694 cfg=104 nodes= 64784 64775 64778 64785 0 0 0 0 0 0
E 355693 cfg=104 nodes= 64786 64783 64773 64777 0 0 0 0 0 0
E 355692 cfg=104 nodes= 64769 64774 64789 64782 0 0 0 0 0 0
E 355691 cfg=104 nodes= 64788 64778 64771 64776 0 0 0 0 0 0
E 355690 cfg=104 nodes= 64772 64775 64784 64781 0 0 0 0 0 0
E 355689 cfg=104 nodes= 64783 64779 64770 64773 0 0 0 0 0 0
E 355688 cfg=104 nodes= 64768 64772 64781 64777 0 0 0 0 0 0
E 355687 cfg=104 nodes= 64782 64776 64765 64769 0 0 0 0 0 0
E 355686 cfg=104 nodes= 64775 64767 64771 64778 0 0 0 0 0 0
E 355685 cfg=104 nodes= 64777 64773 64766 64768 0 0 0 0 0 0
E 355684 cfg=104 nodes= 64780 64762 63984 63985 0 0 0 0 0 0
E 355683 cfg=104 nodes= 64774 64760 64762 64780 0 0 0 0 0 0
E 355682 cfg=104 nodes= 64764 64767 64775 64772 0 0 0 0 0 0
E 355681 cfg=104 nodes= 64761 64765 64776 64771 0 0 0 0 0 0
E 355680 cfg=104 nodes= 64773 64770 64763 64766 0 0 0 0 0 0
E 355679 cfg=104 nodes= 64759 64764 64772 64768 0 0 0 0 0 0
E 355678 cfg=104 nodes= 64758 64760 64774 64769 0 0 0 0 0 0
E 355677 cfg=104 nodes= 64756 64761 64771 64767 0 0 0 0 0 0
E 355676 cfg=104 nodes= 64768 64766 64757 64759 0 0 0 0 0 0
E 355675 cfg=104 nodes= 64769 64765 64755 64758 0 0 0 0 0 0
E 355674 cfg=104 nodes= 64753 64756 64767 64764 0 0 0 0 0 0
E 355673 cfg=104 nodes= 64766 64763 64754 64757 0 0 0 0 0 0
E 355672 cfg=104 nodes= 63983 63984 64762 64752 0 0 0 0 0 0
E 355671 cfg=104 nodes= 64751 64755 64765 64761 0 0 0 0 0 0
E 355670 cfg=104 nodes= 64750 64753 64764 64759 0 0 0 0 0 0
E 355669 cfg=104 nodes= 64752 64762 64760 64749 0 0 0 0 0 0
E 355668 cfg=104 nodes= 64747 64751 64761 64756 0 0 0 0 0 0
E 355667 cfg=104 nodes= 64748 64750 64759 64757 0 0 0 0 0 0
E 355666 cfg=104 nodes= 64749 64760 64758 64746 0 0 0 0 0 0
E 355665 cfg=104 nodes= 64745 64748 64757 64754 0 0 0 0 0 0
E 355664 cfg=104 nodes= 64744 64747 64756 64753 0 0 0 0 0 0
E 355663 cfg=104 nodes= 64758 64755 64743 64746 0 0 0 0 0 0
E 355662 cfg=104 nodes= 64752 64742 63982 63983 0 0 0 0 0 0
E 355661 cfg=104 nodes= 64741 64744 64753 64750 0 0 0 0 0 0
E 355660 cfg=104 nodes= 64755 64751 64740 64743 0 0 0 0 0 0
E 355659 cfg=104 nodes= 64749 64739 64742 64752 0 0 0 0 0 0
E 355658 cfg=104 nodes= 64750 64748 64738 64741 0 0 0 0 0 0
E 355657 cfg=104 nodes= 64751 64747 64737 64740 0 0 0 0 0 0
E 355656 cfg=104 nodes= 64746 64736 64739 64749 0 0 0 0 0 0
E 355655 cfg=104 nodes= 64748 64745 64735 64738 0 0 0 0 0 0
E 355654 cfg=104 nodes= 64734 64737 64747 64744 0 0 0 0 0 0
E 355653 cfg=104 nodes= 64736 64746 64743 64733 0 0 0 0 0 0
E 355652 cfg=104 nodes= 64742 64732 63981 63982 0 0 0 0 0 0
E 355651 cfg=104 nodes= 64731 64734 64744 64741 0 0 0 0 0 0
E 355650 cfg=104 nodes= 64733 64743 64740 64730 0 0 0 0 0 0
E 355649 cfg=104 nodes= 64739 64729 64732 64742 0 0 0 0 0 0
E 355648 cfg=104 nodes= 64741 64738 64728 64731 0 0 0 0 0 0
E 355647 cfg=104 nodes= 64737 64727 64730 64740 0 0 0 0 0 0
E 355646 cfg=104 nodes= 64736 64725 64729 64739 0 0 0 0 0 0
E 355645 cfg=104 nodes= 64738 64735 64726 64728 0 0 0 0 0 0
E 355644 cfg=104 nodes= 64734 64724 64727 64737 0 0 0 0 0 0
E 355643 cfg=104 nodes= 64725 64736 64733 64723 0 0 0 0 0 0
E 355642 cfg=104 nodes= 63980 63981 64732 64722 0 0 0 0 0 0
E 355641 cfg=104 nodes= 64731 64721 64724 64734 0 0 0 0 0 0
E 355640 cfg=104 nodes= 64723 64733 64730 64720 0 0 0 0 0 0
E 355639 cfg=104 nodes= 64722 64732 64729 64718 0 0 0 0 0 0
E 355638 cfg=104 nodes= 64728 64719 64721 64731 0 0 0 0 0 0
E 355637 cfg=104 nodes= 64727 64717 64720 64730 0 0 0 0 0 0
E 355636 cfg=104 nodes= 64726 64716 64719 64728 0 0 0 0 0 0
E 355635 cfg=104 nodes= 64718 64729 64725 64715 0 0 0 0 0 0
E 355634 cfg=104 nodes= 64724 64714 64717 64727 0 0 0 0 0 0
E 355633 cfg=104 nodes= 64715 64725 64723 64712 0 0 0 0 0 0
E 355632 cfg=104 nodes= 63979 63980 64722 64710 0 0 0 0 0 0
E 355631 cfg=104 nodes= 64721 64711 64714 64724 0 0 0 0 0 0
E 355630 cfg=104 nodes= 64712 64723 64720 64707 0 0 0 0 0 0
E 355629 cfg=104 nodes= 64719 64709 64711 64721 0 0 0 0 0 0
E 355628 cfg=104 nodes= 64710 64722 64718 64706 0 0 0 0 0 0
E 355627 cfg=104 nodes= 64717 64704 64707 64720 0 0 0 0 0 0
E 355626 cfg=104 nodes= 64716 64705 64709 64719 0 0 0 0 0 0
E 355625 cfg=104 nodes= 64706 64718 64715 64703 0 0 0 0 0 0
E 355624 cfg=104 nodes= 64714 64701 64704 64717 0 0 0 0 0 0
E 355623 cfg=104 nodes= 64713 64700 64705 64716 0 0 0 0 0 0
E 355622 cfg=104 nodes= 64703 64715 64712 64698 0 0 0 0 0 0
E 355621 cfg=104 nodes= 64711 64699 64701 64714 0 0 0 0 0 0
E 355620 cfg=104 nodes= 63978 63979 64710 64697 0 0 0 0 0 0
E 355619 cfg=104 nodes= 64695 64700 64713 64708 0 0 0 0 0 0
E 355618 cfg=104 nodes= 64709 64694 64699 64711 0 0 0 0 0 0
E 355617 cfg=104 nodes= 64698 64712 64707 64693 0 0 0 0 0 0
E 355616 cfg=104 nodes= 64697 64710 64706 64692 0 0 0 0 0 0
E 355615 cfg=104 nodes= 64705 64691 64694 64709 0 0 0 0 0 0
E 355614 cfg=104 nodes= 64704 64690 64693 64707 0 0 0 0 0 0
E 355613 cfg=104 nodes= 64688 64695 64708 64702 0 0 0 0 0 0
E 355612 cfg=104 nodes= 64692 64706 64703 64686 0 0 0 0 0 0
E 355611 cfg=104 nodes= 64700 64687 64691 64705 0 0 0 0 0 0
E 355610 cfg=104 nodes= 64701 64685 64690 64704 0 0 0 0 0 0
E 355609 cfg=104 nodes= 64686 64703 64698 64683 0 0 0 0 0 0
E 355608 cfg=104 nodes= 64699 64684 64685 64701 0 0 0 0 0 0
E 355607 cfg=104 nodes= 64681 64688 64702 64696 0 0 0 0 0 0
E 355606 cfg=104 nodes= 63977 63978 64697 64680 0 0 0 0 0 0
E 355605 cfg=104 nodes= 64679 64687 64700 64695 0 0 0 0 0 0
E 355604 cfg=104 nodes= 64694 64678 64684 64699 0 0 0 0 0 0
E 355603 cfg=104 nodes= 64683 64698 64693 64677 0 0 0 0 0 0
E 355602 cfg=104 nodes= 64680 64697 64692 64675 0 0 0 0 0 0
E 355601 cfg=104 nodes= 64691 64676 64678 64694 0 0 0 0 0 0
E 355600 cfg=104 nodes= 64672 64681 64696 64689 0 0 0 0 0 0
E 355599 cfg=104 nodes= 64671 64679 64695 64688 0 0 0 0 0 0
E 355598 cfg=104 nodes= 64677 64693 64690 64668 0 0 0 0 0 0
E 355597 cfg=104 nodes= 64687 64670 64676 64691 0 0 0 0 0 0
E 355596 cfg=104 nodes= 64675 64692 64686 64669 0 0 0 0 0 0
E 355595 cfg=104 nodes= 64685 64673 64668 64690 0 0 0 0 0 0
E 355594 cfg=104 nodes= 64684 64667 64673 64685 0 0 0 0 0 0
E 355593 cfg=104 nodes= 64665 64672 64689 64682 0 0 0 0 0 0
E 355592 cfg=104 nodes= 64664 64671 64688 64681 0 0 0 0 0 0
E 355591 cfg=104 nodes= 64663 64670 64687 64679 0 0 0 0 0 0
E 355590 cfg=104 nodes= 64669 64686 64683 64662 0 0 0 0 0 0
E 355589 cfg=104 nodes= 63976 63977 64680 64660 0 0 0 0 0 0
E 355588 cfg=104 nodes= 64678 64661 64667 64684 0 0 0 0 0 0
E 355587 cfg=104 nodes= 64662 64683 64677 64656 0 0 0 0 0 0
E 355586 cfg=104 nodes= 64655 64665 64682 64674 0 0 0 0 0 0
E 355585 cfg=104 nodes= 64676 64658 64661 64678 0 0 0 0 0 0
E 355584 cfg=104 nodes= 64653 64664 64681 64672 0 0 0 0 0 0
E 355583 cfg=104 nodes= 64660 64680 64675 64654 0 0 0 0 0 0
E 355582 cfg=104 nodes= 64652 64663 64679 64671 0 0 0 0 0 0
E 355580 cfg=104 nodes= 64670 64651 64658 64676 0 0 0 0 0 0
E 355579 cfg=104 nodes= 64667 64650 64659 64673 0 0 0 0 0 0
E 355578 cfg=104 nodes= 64668 64648 64656 64677 0 0 0 0 0 0
E 355577 cfg=104 nodes= 64654 64675 64669 64649 0 0 0 0 0 0
E 355576 cfg=104 nodes= 64646 64655 64674 64666 0 0 0 0 0 0
E 355575 cfg=104 nodes= 64645 64653 64672 64665 0 0 0 0 0 0
E 355574 cfg=104 nodes= 64644 64652 64671 64664 0 0 0 0 0 0
E 355573 cfg=104 nodes= 64642 64651 64670 64663 0 0 0 0 0 0
E 355572 cfg=104 nodes= 64661 64643 64650 64667 0 0 0 0 0 0
E 355571 cfg=104 nodes= 64649 64669 64662 64640 0 0 0 0 0 0
E 355570 cfg=104 nodes= 64660 64641 63975 63976 0 0 0 0 0 0
E 355569 cfg=104 nodes= 64659 64639 64648 64668 0 0 0 0 0 0
E 355568 cfg=104 nodes= 64636 64646 64666 64657 0 0 0 0 0 0
E 355567 cfg=104 nodes= 64635 64645 64665 64655 0 0 0 0 0 0
E 355566 cfg=104 nodes= 64658 64637 64643 64661 0 0 0 0 0 0
E 355565 cfg=104 nodes= 64633 64644 64664 64653 0 0 0 0 0 0
E 355564 cfg=104 nodes= 64654 64634 64641 64660 0 0 0 0 0 0
E 355563 cfg=104 nodes= 64631 64642 64663 64652 0 0 0 0 0 0
E 355562 cfg=104 nodes= 64640 64662 64656 64632 0 0 0 0 0 0
E 355561 cfg=104 nodes= 64651 64630 64637 64658 0 0 0 0 0 0
E 355560 cfg=104 nodes= 64650 64629 64639 64659 0 0 0 0 0 0
E 355559 cfg=104 nodes= 64649 64627 64634 64654 0 0 0 0 0 0
E 355558 cfg=104 nodes= 64626 64636 64657 64647 0 0 0 0 0 0
E 355557 cfg=104 nodes= 64624 64635 64655 64646 0 0 0 0 0 0
E 355556 cfg=104 nodes= 64648 64625 64632 64656 0 0 0 0 0 0
E 355555 cfg=104 nodes= 64623 64633 64653 64645 0 0 0 0 0 0
E 355554 cfg=104 nodes= 64621 64631 64652 64644 0 0 0 0 0 0
E 355553 cfg=104 nodes= 64620 64630 64651 64642 0 0 0 0 0 0
E 355552 cfg=104 nodes= 64643 64622 64629 64650 0 0 0 0 0 0
E 355551 cfg=104 nodes= 64640 64618 64627 64649 0 0 0 0 0 0
E 355550 cfg=104 nodes= 64639 64617 64625 64648 0 0 0 0 0 0
E 355549 cfg=104 nodes= 63975 64641 64615 63974 0 0 0 0 0 0
E 355548 cfg=104 nodes= 64616 64626 64647 64638 0 0 0 0 0 0
E 355546 cfg=104 nodes= 64613 64624 64646 64636 0 0 0 0 0 0
E 355545 cfg=104 nodes= 64637 64614 64622 64643 0 0 0 0 0 0
E 355544 cfg=104 nodes= 64612 64623 64645 64635 0 0 0 0 0 0
E 355543 cfg=104 nodes= 64611 64621 64644 64633 0 0 0 0 0 0
E 355542 cfg=104 nodes= 64608 64620 64642 64631 0 0 0 0 0 0
E 355541 cfg=104 nodes= 64632 64610 64618 64640 0 0 0 0 0 0
E 355540 cfg=104 nodes= 64629 64607 64617 64639 0 0 0 0 0 0
E 355539 cfg=104 nodes= 64630 64606 64614 64637 0 0 0 0 0 0
E 355538 cfg=104 nodes= 64605 64616 64638 64628 0 0 0 0 0 0
E 355537 cfg=104 nodes= 64627 64604 64615 64634 0 0 0 0 0 0
E 355536 cfg=104 nodes= 64603 64613 64636 64626 0 0 0 0 0 0
E 355535 cfg=104 nodes= 64602 64612 64635 64624 0 0 0 0 0 0
E 355534 cfg=104 nodes= 64600 64611 64633 64623 0 0 0 0 0 0
E 355533 cfg=104 nodes= 64625 64601 64610 64632 0 0 0 0 0 0
E 355532 cfg=104 nodes= 64597 64608 64631 64621 0 0 0 0 0 0
E 355531 cfg=104 nodes= 64622 64598 64607 64629 0 0 0 0 0 0
E 355530 cfg=104 nodes= 64596 64606 64630 64620 0 0 0 0 0 0
E 355529 cfg=104 nodes= 64628 64619 64594 64605 0 0 0 0 0 0
E 355528 cfg=104 nodes= 64618 64595 64604 64627 0 0 0 0 0 0
E 355527 cfg=104 nodes= 64592 64603 64626 64616 0 0 0 0 0 0
E 355526 cfg=104 nodes= 64617 64593 64601 64625 0 0 0 0 0 0
E 355525 cfg=104 nodes= 64589 64602 64624 64613 0 0 0 0 0 0
E 355524 cfg=104 nodes= 64614 64591 64598 64622 0 0 0 0 0 0
E 355523 cfg=104 nodes= 64615 64588 63973 63974 0 0 0 0 0 0
E 355522 cfg=104 nodes= 64587 64600 64623 64612 0 0 0 0 0 0
E 355521 cfg=104 nodes= 64586 64597 64621 64611 0 0 0 0 0 0
E 355520 cfg=104 nodes= 64610 64585 64595 64618 0 0 0 0 0 0
E 355519 cfg=104 nodes= 64583 64596 64620 64608 0 0 0 0 0 0
E 355518 cfg=104 nodes= 64619 64609 64584 64594 0 0 0 0 0 0
E 355517 cfg=104 nodes= 64607 64582 64593 64617 0 0 0 0 0 0
E 355516 cfg=104 nodes= 64606 64581 64591 64614 0 0 0 0 0 0
E 355515 cfg=104 nodes= 64580 64592 64616 64605 0 0 0 0 0 0
E 355514 cfg=104 nodes= 64604 64579 64588 64615 0 0 0 0 0 0
E 355513 cfg=104 nodes= 64577 64589 64613 64603 0 0 0 0 0 0
E 355512 cfg=104 nodes= 64576 64587 64612 64602 0 0 0 0 0 0
E 355511 cfg=104 nodes= 64601 64575 64585 64610 0 0 0 0 0 0
E 355510 cfg=104 nodes= 64574 64586 64611 64600 0 0 0 0 0 0
E 355509 cfg=104 nodes= 64573 64584 64609 64599 0 0 0 0 0 0
E 355508 cfg=104 nodes= 64598 64572 64582 64607 0 0 0 0 0 0
E 355507 cfg=104 nodes= 64571 64583 64608 64597 0 0 0 0 0 0
E 355506 cfg=104 nodes= 64569 64581 64606 64596 0 0 0 0 0 0
E 355505 cfg=104 nodes= 64605 64594 64570 64580 0 0 0 0 0 0
E 355504 cfg=104 nodes= 64595 64568 64579 64604 0 0 0 0 0 0
E 355503 cfg=104 nodes= 64566 64577 64603 64592 0 0 0 0 0 0
E 355502 cfg=104 nodes= 64593 64565 64575 64601 0 0 0 0 0 0
E 355501 cfg=104 nodes= 64563 64576 64602 64589 0 0 0 0 0 0
E 355500 cfg=104 nodes= 64591 64564 64572 64598 0 0 0 0 0 0
E 355499 cfg=104 nodes= 64562 64573 64599 64590 0 0 0 0 0 0
E 355498 cfg=104 nodes= 64561 64574 64600 64587 0 0 0 0 0 0
E 355497 cfg=104 nodes= 64588 64560 63972 63973 0 0 0 0 0 0
E 355496 cfg=104 nodes= 64559 64571 64597 64586 0 0 0 0 0 0
E 355495 cfg=104 nodes= 64585 64558 64568 64595 0 0 0 0 0 0
E 355494 cfg=104 nodes= 64594 64584 64557 64570 0 0 0 0 0 0
E 355493 cfg=104 nodes= 64556 64569 64596 64583 0 0 0 0 0 0
E 355492 cfg=104 nodes= 64582 64554 64565 64593 0 0 0 0 0 0
E 355491 cfg=104 nodes= 64552 64566 64592 64580 0 0 0 0 0 0
E 355490 cfg=104 nodes= 64581 64553 64564 64591 0 0 0 0 0 0
E 355489 cfg=104 nodes= 64551 64562 64590 64578 0 0 0 0 0 0
E 355488 cfg=104 nodes= 64579 64550 64560 64588 0 0 0 0 0 0
E 355487 cfg=104 nodes= 64549 64563 64589 64577 0 0 0 0 0 0
E 355486 cfg=104 nodes= 64548 64561 64587 64576 0 0 0 0 0 0
E 355485 cfg=104 nodes= 64546 64559 64586 64574 0 0 0 0 0 0
E 355484 cfg=104 nodes= 64575 64547 64558 64585 0 0 0 0 0 0
E 355483 cfg=104 nodes= 64545 64557 64584 64573 0 0 0 0 0 0
E 355482 cfg=104 nodes= 64543 64556 64583 64571 0 0 0 0 0 0
E 355481 cfg=104 nodes= 64572 64544 64554 64582 0 0 0 0 0 0
E 355480 cfg=104 nodes= 64541 64553 64581 64569 0 0 0 0 0 0
E 355479 cfg=104 nodes= 64580 64570 64542 64552 0 0 0 0 0 0
E 355478 cfg=104 nodes= 64568 64540 64550 64579 0 0 0 0 0 0
E 355477 cfg=104 nodes= 64578 64567 64539 64551 0 0 0 0 0 0
E 355476 cfg=104 nodes= 64538 64549 64577 64566 0 0 0 0 0 0
E 355475 cfg=104 nodes= 64565 64537 64547 64575 0 0 0 0 0 0
E 355474 cfg=104 nodes= 64536 64548 64576 64563 0 0 0 0 0 0
E 355473 cfg=104 nodes= 64564 64535 64544 64572 0 0 0 0 0 0
E 355472 cfg=104 nodes= 64534 64545 64573 64562 0 0 0 0 0 0
E 355471 cfg=104 nodes= 64533 64546 64574 64561 0 0 0 0 0 0
E 355470 cfg=104 nodes= 64531 64543 64571 64559 0 0 0 0 0 0
E 355469 cfg=104 nodes= 64560 64532 63971 63972 0 0 0 0 0 0
E 355468 cfg=104 nodes= 64529 64542 64570 64557 0 0 0 0 0 0
E 355467 cfg=104 nodes= 64558 64530 64540 64568 0 0 0 0 0 0
E 355466 cfg=104 nodes= 64528 64541 64569 64556 0 0 0 0 0 0
E 355465 cfg=104 nodes= 64567 64555 64527 64539 0 0 0 0 0 0
E 355464 cfg=104 nodes= 64554 64526 64537 64565 0 0 0 0 0 0
E 355463 cfg=104 nodes= 64525 64538 64566 64552 0 0 0 0 0 0
E 355462 cfg=104 nodes= 64553 64524 64535 64564 0 0 0 0 0 0
E 355461 cfg=104 nodes= 64523 64536 64563 64549 0 0 0 0 0 0
E 355460 cfg=104 nodes= 64522 64534 64562 64551 0 0 0 0 0 0
E 355459 cfg=104 nodes= 64550 64521 64532 64560 0 0 0 0 0 0
E 355458 cfg=104 nodes= 64520 64533 64561 64548 0 0 0 0 0 0
E 355457 cfg=104 nodes= 64518 64531 64559 64546 0 0 0 0 0 0
E 355456 cfg=104 nodes= 64547 64519 64530 64558 0 0 0 0 0 0
E 355455 cfg=104 nodes= 64517 64529 64557 64545 0 0 0 0 0 0
E 355454 cfg=104 nodes= 64515 64528 64556 64543 0 0 0 0 0 0
E 355453 cfg=104 nodes= 64544 64516 64526 64554 0 0 0 0 0 0
E 355452 cfg=104 nodes= 64014 64527 64555 64013 0 0 0 0 0 0
E 355451 cfg=104 nodes= 64552 64542 64514 64525 0 0 0 0 0 0
E 355450 cfg=104 nodes= 64513 64524 64553 64541 0 0 0 0 0 0
E 355449 cfg=104 nodes= 64540 64512 64521 64550 0 0 0 0 0 0
E 355448 cfg=104 nodes= 64551 64539 64511 64522 0 0 0 0 0 0
E 355447 cfg=104 nodes= 64510 64523 64549 64538 0 0 0 0 0 0
E 355446 cfg=104 nodes= 64537 64509 64519 64547 0 0 0 0 0 0
E 355445 cfg=104 nodes= 64508 64520 64548 64536 0 0 0 0 0 0
E 355444 cfg=104 nodes= 64506 64518 64546 64533 0 0 0 0 0 0
E 355443 cfg=104 nodes= 64535 64507 64516 64544 0 0 0 0 0 0
E 355442 cfg=104 nodes= 64505 64517 64545 64534 0 0 0 0 0 0
E 355441 cfg=104 nodes= 64503 64515 64543 64531 0 0 0 0 0 0
E 355440 cfg=104 nodes= 64532 64504 63970 63971 0 0 0 0 0 0
E 355439 cfg=104 nodes= 64502 64514 64542 64529 0 0 0 0 0 0
E 355438 cfg=104 nodes= 64530 64501 64512 64540 0 0 0 0 0 0
E 355437 cfg=104 nodes= 64500 64513 64541 64528 0 0 0 0 0 0
E 355436 cfg=104 nodes= 64539 64527 64498 64511 0 0 0 0 0 0
E 355435 cfg=104 nodes= 64526 64499 64509 64537 0 0 0 0 0 0
E 355434 cfg=104 nodes= 64497 64510 64538 64525 0 0 0 0 0 0
E 355433 cfg=104 nodes= 64524 64496 64507 64535 0 0 0 0 0 0
E 355432 cfg=104 nodes= 64495 64508 64536 64523 0 0 0 0 0 0
E 355431 cfg=104 nodes= 64494 64505 64534 64522 0 0 0 0 0 0
E 355430 cfg=104 nodes= 64492 64506 64533 64520 0 0 0 0 0 0
E 355429 cfg=104 nodes= 64521 64493 64504 64532 0 0 0 0 0 0
E 355428 cfg=104 nodes= 64490 64503 64531 64518 0 0 0 0 0 0
E 355427 cfg=104 nodes= 64519 64491 64501 64530 0 0 0 0 0 0
E 355426 cfg=104 nodes= 64489 64502 64529 64517 0 0 0 0 0 0
E 355425 cfg=104 nodes= 64516 64488 64499 64526 0 0 0 0 0 0
E 355424 cfg=104 nodes= 64528 64515 64487 64500 0 0 0 0 0 0
E 355423 cfg=104 nodes= 64015 64498 64527 64014 0 0 0 0 0 0
E 355422 cfg=104 nodes= 64486 64497 64525 64514 0 0 0 0 0 0
E 355421 cfg=104 nodes= 64485 64496 64524 64513 0 0 0 0 0 0
E 355420 cfg=104 nodes= 64483 64495 64523 64510 0 0 0 0 0 0
E 355419 cfg=104 nodes= 64512 64484 64493 64521 0 0 0 0 0 0
E 355418 cfg=104 nodes= 64522 64511 64482 64494 0 0 0 0 0 0
E 355417 cfg=104 nodes= 64480 64492 64520 64508 0 0 0 0 0 0
E 355416 cfg=104 nodes= 64509 64481 64491 64519 0 0 0 0 0 0
E 355415 cfg=104 nodes= 64478 64490 64518 64506 0 0 0 0 0 0
E 355414 cfg=104 nodes= 64477 64489 64517 64505 0 0 0 0 0 0
E 355413 cfg=104 nodes= 64507 64479 64488 64516 0 0 0 0 0 0
E 355412 cfg=104 nodes= 64515 64503 64475 64487 0 0 0 0 0 0
E 355411 cfg=104 nodes= 64504 64476 63969 63970 0 0 0 0 0 0
E 355410 cfg=104 nodes= 64474 64486 64514 64502 0 0 0 0 0 0
E 355409 cfg=104 nodes= 64501 64473 64484 64512 0 0 0 0 0 0
E 355408 cfg=104 nodes= 64472 64485 64513 64500 0 0 0 0 0 0
E 355407 cfg=104 nodes= 64469 64482 64511 64498 0 0 0 0 0 0
E 355406 cfg=104 nodes= 64471 64483 64510 64497 0 0 0 0 0 0
E 355405 cfg=104 nodes= 64499 64470 64481 64509 0 0 0 0 0 0
E 355404 cfg=104 nodes= 64467 64480 64508 64495 0 0 0 0 0 0
E 355403 cfg=104 nodes= 64496 64468 64479 64507 0 0 0 0 0 0
E 355402 cfg=104 nodes= 64465 64477 64505 64494 0 0 0 0 0 0
E 355401 cfg=104 nodes= 64466 64478 64506 64492 0 0 0 0 0 0
E 355400 cfg=104 nodes= 64493 64464 64476 64504 0 0 0 0 0 0
E 355399 cfg=104 nodes= 64462 64475 64503 64490 0 0 0 0 0 0
E 355398 cfg=104 nodes= 64491 64463 64473 64501 0 0 0 0 0 0
E 355397 cfg=104 nodes= 64461 64474 64502 64489 0 0 0 0 0 0
E 355396 cfg=104 nodes= 64488 64460 64470 64499 0 0 0 0 0 0
E 355395 cfg=104 nodes= 64500 64487 64459 64472 0 0 0 0 0 0
E 355394 cfg=104 nodes= 64016 64469 64498 64015 0 0 0 0 0 0
E 355393 cfg=104 nodes= 64458 64471 64497 64486 0 0 0 0 0 0
E 355392 cfg=104 nodes= 64457 64468 64496 64485 0 0 0 0 0 0
E 355391 cfg=104 nodes= 64456 64467 64495 64483 0 0 0 0 0 0
E 355390 cfg=104 nodes= 64484 64455 64464 64493 0 0 0 0 0 0
E 355389 cfg=104 nodes= 64494 64482 64454 64465 0 0 0 0 0 0
E 355388 cfg=104 nodes= 64453 64466 64492 64480 0 0 0 0 0 0
E 355387 cfg=104 nodes= 64481 64452 64463 64491 0 0 0 0 0 0
E 355386 cfg=104 nodes= 64449 64462 64490 64478 0 0 0 0 0 0
E 355385 cfg=104 nodes= 64450 64461 64489 64477 0 0 0 0 0 0
E 355384 cfg=104 nodes= 64479 64451 64460 64488 0 0 0 0 0 0
E 355383 cfg=104 nodes= 64487 64475 64447 64459 0 0 0 0 0 0
E 355382 cfg=104 nodes= 64446 64458 64486 64474 0 0 0 0 0 0
E 355381 cfg=104 nodes= 64476 64448 63968 63969 0 0 0 0 0 0
E 355380 cfg=104 nodes= 64473 64445 64455 64484 0 0 0 0 0 0
E 355379 cfg=104 nodes= 64443 64457 64485 64472 0 0 0 0 0 0
E 355378 cfg=104 nodes= 64444 64456 64483 64471 0 0 0 0 0 0
E 355377 cfg=104 nodes= 64441 64454 64482 64469 0 0 0 0 0 0
E 355376 cfg=104 nodes= 64470 64442 64452 64481 0 0 0 0 0 0
E 355375 cfg=104 nodes= 64440 64453 64480 64467 0 0 0 0 0 0
E 355374 cfg=104 nodes= 64468 64439 64451 64479 0 0 0 0 0 0
E 355373 cfg=104 nodes= 64438 64450 64477 64465 0 0 0 0 0 0
E 355372 cfg=104 nodes= 64437 64449 64478 64466 0 0 0 0 0 0
E 355371 cfg=104 nodes= 64464 64436 64448 64476 0 0 0 0 0 0
E 355370 cfg=104 nodes= 64433 64447 64475 64462 0 0 0 0 0 0
E 355369 cfg=104 nodes= 64434 64446 64474 64461 0 0 0 0 0 0
E 355368 cfg=104 nodes= 64463 64435 64445 64473 0 0 0 0 0 0
E 355367 cfg=104 nodes= 64460 64432 64442 64470 0 0 0 0 0 0
E 355366 cfg=104 nodes= 64472 64459 64430 64443 0 0 0 0 0 0
E 355365 cfg=104 nodes= 64431 64444 64471 64458 0 0 0 0 0 0
E 355364 cfg=104 nodes= 64017 64441 64469 64016 0 0 0 0 0 0
E 355363 cfg=104 nodes= 64429 64440 64467 64456 0 0 0 0 0 0
E 355362 cfg=104 nodes= 64428 64439 64468 64457 0 0 0 0 0 0
E 355361 cfg=104 nodes= 64455 64427 64436 64464 0 0 0 0 0 0
E 355360 cfg=104 nodes= 64465 64454 64426 64438 0 0 0 0 0 0
E 355359 cfg=104 nodes= 64466 64453 64425 64437 0 0 0 0 0 0
E 355358 cfg=104 nodes= 64452 64424 64435 64463 0 0 0 0 0 0
E 355357 cfg=104 nodes= 64422 64434 64461 64450 0 0 0 0 0 0
E 355356 cfg=104 nodes= 64420 64433 64462 64449 0 0 0 0 0 0
E 355355 cfg=104 nodes= 64451 64423 64432 64460 0 0 0 0 0 0
E 355354 cfg=104 nodes= 64448 64421 63967 63968 0 0 0 0 0 0
E 355353 cfg=104 nodes= 64419 64431 64458 64446 0 0 0 0 0 0
E 355352 cfg=104 nodes= 64459 64447 64418 64430 0 0 0 0 0 0
E 355351 cfg=104 nodes= 64416 64429 64456 64444 0 0 0 0 0 0
E 355350 cfg=104 nodes= 64445 64417 64427 64455 0 0 0 0 0 0
E 355349 cfg=104 nodes= 64415 64428 64457 64443 0 0 0 0 0 0
E 355348 cfg=104 nodes= 64454 64441 64413 64426 0 0 0 0 0 0
E 355347 cfg=104 nodes= 64442 64414 64424 64452 0 0 0 0 0 0
E 355346 cfg=104 nodes= 64453 64440 64412 64425 0 0 0 0 0 0
E 355345 cfg=104 nodes= 64439 64411 64423 64451 0 0 0 0 0 0
E 355344 cfg=104 nodes= 64409 64422 64450 64438 0 0 0 0 0 0
E 355343 cfg=104 nodes= 64436 64410 64421 64448 0 0 0 0 0 0
E 355342 cfg=104 nodes= 64408 64420 64449 64437 0 0 0 0 0 0
E 355341 cfg=104 nodes= 64406 64419 64446 64434 0 0 0 0 0 0
E 355340 cfg=104 nodes= 64405 64418 64447 64433 0 0 0 0 0 0
E 355339 cfg=104 nodes= 64435 64407 64417 64445 0 0 0 0 0 0
E 355338 cfg=104 nodes= 64403 64416 64444 64431 0 0 0 0 0 0
E 355337 cfg=104 nodes= 64432 64404 64414 64442 0 0 0 0 0 0
E 355336 cfg=104 nodes= 64443 64430 64402 64415 0 0 0 0 0 0
E 355335 cfg=104 nodes= 64018 64413 64441 64017 0 0 0 0 0 0
E 355334 cfg=104 nodes= 64400 64412 64440 64429 0 0 0 0 0 0
E 355333 cfg=104 nodes= 64399 64411 64439 64428 0 0 0 0 0 0
E 355332 cfg=104 nodes= 64427 64401 64410 64436 0 0 0 0 0 0
E 355331 cfg=104 nodes= 64438 64426 64398 64409 0 0 0 0 0 0
E 355330 cfg=104 nodes= 64437 64425 64395 64408 0 0 0 0 0 0
E 355329 cfg=104 nodes= 64424 64396 64407 64435 0 0 0 0 0 0
E 355328 cfg=104 nodes= 64421 64397 63966 63967 0 0 0 0 0 0
E 355327 cfg=104 nodes= 64394 64406 64434 64422 0 0 0 0 0 0
E 355326 cfg=104 nodes= 64423 64393 64404 64432 0 0 0 0 0 0
E 355325 cfg=104 nodes= 64392 64405 64433 64420 0 0 0 0 0 0
E 355324 cfg=104 nodes= 64391 64403 64431 64419 0 0 0 0 0 0
E 355323 cfg=104 nodes= 64430 64418 64389 64402 0 0 0 0 0 0
E 355322 cfg=104 nodes= 64401 64427 64417 64390 0 0 0 0 0 0
E 355321 cfg=104 nodes= 64388 64400 64429 64416 0 0 0 0 0 0
E 355320 cfg=104 nodes= 64387 64399 64428 64415 0 0 0 0 0 0
E 355319 cfg=104 nodes= 64426 64413 64384 64398 0 0 0 0 0 0
E 355318 cfg=104 nodes= 64414 64386 64396 64424 0 0 0 0 0 0
E 355317 cfg=104 nodes= 64425 64412 64382 64395 0 0 0 0 0 0
E 355316 cfg=104 nodes= 64410 64385 64397 64421 0 0 0 0 0 0
E 355315 cfg=104 nodes= 64411 64383 64393 64423 0 0 0 0 0 0
E 355314 cfg=104 nodes= 64381 64394 64422 64409 0 0 0 0 0 0
E 355313 cfg=104 nodes= 64380 64392 64420 64408 0 0 0 0 0 0
E 355312 cfg=104 nodes= 64378 64391 64419 64406 0 0 0 0 0 0
E 355311 cfg=104 nodes= 64390 64417 64407 64379 0 0 0 0 0 0
E 355310 cfg=104 nodes= 64377 64389 64418 64405 0 0 0 0 0 0
E 355309 cfg=104 nodes= 64375 64388 64416 64403 0 0 0 0 0 0
E 355308 cfg=104 nodes= 64404 64376 64386 64414 0 0 0 0 0 0
E 355307 cfg=104 nodes= 64415 64402 64373 64387 0 0 0 0 0 0
E 355306 cfg=104 nodes= 64019 64384 64413 64018 0 0 0 0 0 0
E 355305 cfg=104 nodes= 64401 64374 64385 64410 0 0 0 0 0 0
E 355304 cfg=104 nodes= 64372 64383 64411 64399 0 0 0 0 0 0
E 355303 cfg=104 nodes= 64370 64382 64412 64400 0 0 0 0 0 0
E 355302 cfg=104 nodes= 64368 64381 64409 64398 0 0 0 0 0 0
E 355301 cfg=104 nodes= 64397 64371 63965 63966 0 0 0 0 0 0
E 355300 cfg=104 nodes= 64396 64369 64379 64407 0 0 0 0 0 0
E 355299 cfg=104 nodes= 64408 64395 64367 64380 0 0 0 0 0 0
E 355298 cfg=104 nodes= 64366 64378 64406 64394 0 0 0 0 0 0
E 355297 cfg=104 nodes= 64393 64365 64376 64404 0 0 0 0 0 0
E 355296 cfg=104 nodes= 64363 64377 64405 64392 0 0 0 0 0 0
E 355295 cfg=104 nodes= 64403 64391 64362 64375 0 0 0 0 0 0
E 355294 cfg=104 nodes= 64374 64401 64390 64364 0 0 0 0 0 0
E 355293 cfg=104 nodes= 64402 64389 64361 64373 0 0 0 0 0 0
E 355292 cfg=104 nodes= 64358 64370 64400 64388 0 0 0 0 0 0
E 355291 cfg=104 nodes= 64357 64372 64399 64387 0 0 0 0 0 0
E 355290 cfg=104 nodes= 64385 64360 64371 64397 0 0 0 0 0 0
E 355289 cfg=104 nodes= 64386 64359 64369 64396 0 0 0 0 0 0
E 355288 cfg=104 nodes= 64356 64368 64398 64384 0 0 0 0 0 0
E 355287 cfg=104 nodes= 64395 64382 64354 64367 0 0 0 0 0 0
E 355286 cfg=104 nodes= 64383 64355 64365 64393 0 0 0 0 0 0
E 355285 cfg=104 nodes= 64353 64366 64394 64381 0 0 0 0 0 0
E 355284 cfg=104 nodes= 64351 64363 64392 64380 0 0 0 0 0 0
E 355283 cfg=104 nodes= 64364 64390 64379 64352 0 0 0 0 0 0
E 355282 cfg=104 nodes= 64391 64378 64350 64362 0 0 0 0 0 0
E 355281 cfg=104 nodes= 64347 64361 64389 64377 0 0 0 0 0 0
E 355280 cfg=104 nodes= 64376 64348 64359 64386 0 0 0 0 0 0
E 355279 cfg=104 nodes= 64374 64349 64360 64385 0 0 0 0 0 0
E 355278 cfg=104 nodes= 64346 64358 64388 64375 0 0 0 0 0 0
E 355277 cfg=104 nodes= 64387 64373 64344 64357 0 0 0 0 0 0
E 355276 cfg=104 nodes= 64020 64356 64384 64019 0 0 0 0 0 0
E 355275 cfg=104 nodes= 64371 64345 63964 63965 0 0 0 0 0 0
E 355274 cfg=104 nodes= 64343 64355 64383 64372 0 0 0 0 0 0
E 355273 cfg=104 nodes= 64341 64354 64382 64370 0 0 0 0 0 0
E 355272 cfg=104 nodes= 64340 64353 64381 64368 0 0 0 0 0 0
E 355271 cfg=104 nodes= 64369 64342 64352 64379 0 0 0 0 0 0
E 355270 cfg=104 nodes= 64380 64367 64339 64351 0 0 0 0 0 0
E 355269 cfg=104 nodes= 64338 64350 64378 64366 0 0 0 0 0 0
E 355268 cfg=104 nodes= 64365 64337 64348 64376 0 0 0 0 0 0
E 355267 cfg=104 nodes= 64349 64374 64364 64336 0 0 0 0 0 0
E 355266 cfg=104 nodes= 64335 64347 64377 64363 0 0 0 0 0 0
E 355265 cfg=104 nodes= 64375 64362 64334 64346 0 0 0 0 0 0
E 355264 cfg=104 nodes= 64373 64361 64332 64344 0 0 0 0 0 0
E 355263 cfg=104 nodes= 64360 64333 64345 64371 0 0 0 0 0 0
E 355262 cfg=104 nodes= 64359 64331 64342 64369 0 0 0 0 0 0
E 355261 cfg=104 nodes= 64329 64343 64372 64357 0 0 0 0 0 0
E 355260 cfg=104 nodes= 64330 64341 64370 64358 0 0 0 0 0 0
E 355259 cfg=104 nodes= 64328 64340 64368 64356 0 0 0 0 0 0
E 355258 cfg=104 nodes= 64355 64327 64337 64365 0 0 0 0 0 0
E 355257 cfg=104 nodes= 64367 64354 64325 64339 0 0 0 0 0 0
E 355256 cfg=104 nodes= 64324 64338 64366 64353 0 0 0 0 0 0
E 355255 cfg=104 nodes= 64336 64364 64352 64326 0 0 0 0 0 0
E 355254 cfg=104 nodes= 64322 64335 64363 64351 0 0 0 0 0 0
E 355253 cfg=104 nodes= 64362 64350 64321 64334 0 0 0 0 0 0
E 355252 cfg=104 nodes= 64349 64323 64333 64360 0 0 0 0 0 0
E 355251 cfg=104 nodes= 64318 64332 64361 64347 0 0 0 0 0 0
E 355250 cfg=104 nodes= 64348 64319 64331 64359 0 0 0 0 0 0
E 355249 cfg=104 nodes= 64345 64320 63963 63964 0 0 0 0 0 0
E 355248 cfg=104 nodes= 64317 64330 64358 64346 0 0 0 0 0 0
E 355247 cfg=104 nodes= 64357 64344 64316 64329 0 0 0 0 0 0
E 355246 cfg=104 nodes= 64021 64328 64356 64020 0 0 0 0 0 0
E 355245 cfg=104 nodes= 64314 64327 64355 64343 0 0 0 0 0 0
E 355244 cfg=104 nodes= 64342 64315 64326 64352 0 0 0 0 0 0
E 355243 cfg=104 nodes= 64313 64325 64354 64341 0 0 0 0 0 0
E 355242 cfg=104 nodes= 64312 64324 64353 64340 0 0 0 0 0 0
E 355241 cfg=104 nodes= 64351 64339 64308 64322 0 0 0 0 0 0
E 355240 cfg=104 nodes= 64310 64321 64350 64338 0 0 0 0 0 0
E 355239 cfg=104 nodes= 64323 64349 64336 64311 0 0 0 0 0 0
E 355238 cfg=104 nodes= 64337 64309 64319 64348 0 0 0 0 0 0
E 355237 cfg=104 nodes= 64306 64318 64347 64335 0 0 0 0 0 0
E 355236 cfg=104 nodes= 64333 64307 64320 64345 0 0 0 0 0 0
E 355235 cfg=104 nodes= 64346 64334 64305 64317 0 0 0 0 0 0
E 355234 cfg=104 nodes= 64344 64332 64302 64316 0 0 0 0 0 0
E 355233 cfg=104 nodes= 64331 64304 64315 64342 0 0 0 0 0 0
E 355232 cfg=104 nodes= 64301 64314 64343 64329 0 0 0 0 0 0
E 355231 cfg=104 nodes= 64300 64313 64341 64330 0 0 0 0 0 0
E 355230 cfg=104 nodes= 64299 64312 64340 64328 0 0 0 0 0 0
E 355229 cfg=104 nodes= 64311 64336 64326 64298 0 0 0 0 0 0
E 355228 cfg=104 nodes= 64327 64297 64309 64337 0 0 0 0 0 0
E 355227 cfg=104 nodes= 64296 64310 64338 64324 0 0 0 0 0 0
E 355226 cfg=104 nodes= 64339 64325 64295 64308 0 0 0 0 0 0
E 355225 cfg=104 nodes= 64320 64303 63962 63963 0 0 0 0 0 0
E 355224 cfg=104 nodes= 64323 64294 64307 64333 0 0 0 0 0 0
E 355223 cfg=104 nodes= 64291 64306 64335 64322 0 0 0 0 0 0
E 355222 cfg=104 nodes= 64334 64321 64292 64305 0 0 0 0 0 0
E 355221 cfg=104 nodes= 64319 64290 64304 64331 0 0 0 0 0 0
E 355220 cfg=104 nodes= 64289 64302 64332 64318 0 0 0 0 0 0
E 355219 cfg=104 nodes= 64288 64300 64330 64317 0 0 0 0 0 0
E 355218 cfg=104 nodes= 64329 64316 64287 64301 0 0 0 0 0 0
E 355217 cfg=104 nodes= 64022 64299 64328 64021 0 0 0 0 0 0
E 355216 cfg=104 nodes= 64315 64286 64298 64326 0 0 0 0 0 0
E 355215 cfg=104 nodes= 64285 64297 64327 64314 0 0 0 0 0 0
E 355213 cfg=104 nodes= 64283 64296 64324 64312 0 0 0 0 0 0
E 355212 cfg=104 nodes= 64282 64295 64325 64313 0 0 0 0 0 0
E 355211 cfg=104 nodes= 64311 64284 64294 64323 0 0 0 0 0 0
E 355210 cfg=104 nodes= 64280 64292 64321 64310 0 0 0 0 0 0
E 355209 cfg=104 nodes= 64322 64308 64278 64291 0 0 0 0 0 0
E 355208 cfg=104 nodes= 64309 64279 64290 64319 0 0 0 0 0 0
E 355207 cfg=104 nodes= 64293 64320 64307 64281 0 0 0 0 0 0
E 355206 cfg=104 nodes= 64276 64289 64318 64306 0 0 0 0 0 0
E 355205 cfg=104 nodes= 64317 64305 64275 64288 0 0 0 0 0 0
E 355204 cfg=104 nodes= 64304 64274 64286 64315 0 0 0 0 0 0
E 355203 cfg=104 nodes= 64316 64302 64273 64287 0 0 0 0 0 0
E 355202 cfg=104 nodes= 63961 63962 64303 64277 0 0 0 0 0 0
E 355201 cfg=104 nodes= 64271 64285 64314 64301 0 0 0 0 0 0
E 355200 cfg=104 nodes= 64270 64282 64313 64300 0 0 0 0 0 0
E 355199 cfg=104 nodes= 64269 64283 64312 64299 0 0 0 0 0 0
E 355198 cfg=104 nodes= 64298 64272 64284 64311 0 0 0 0 0 0
E 355197 cfg=104 nodes= 64297 64268 64279 64309 0 0 0 0 0 0
E 355196 cfg=104 nodes= 64266 64280 64310 64296 0 0 0 0 0 0
E 355195 cfg=104 nodes= 64281 64307 64294 64267 0 0 0 0 0 0
E 355194 cfg=104 nodes= 64308 64295 64264 64278 0 0 0 0 0 0
E 355193 cfg=104 nodes= 64277 64303 64293 64265 0 0 0 0 0 0
E 355192 cfg=104 nodes= 64305 64292 64263 64275 0 0 0 0 0 0
E 355191 cfg=104 nodes= 64261 64276 64306 64291 0 0 0 0 0 0
E 355190 cfg=104 nodes= 64290 64262 64274 64304 0 0 0 0 0 0
E 355189 cfg=104 nodes= 64260 64273 64302 64289 0 0 0 0 0 0
E 355188 cfg=104 nodes= 64258 64270 64300 64288 0 0 0 0 0 0
E 355187 cfg=104 nodes= 64301 64287 64257 64271 0 0 0 0 0 0
E 355186 cfg=104 nodes= 64286 64259 64272 64298 0 0 0 0 0 0
E 355185 cfg=104 nodes= 64023 64269 64299 64022 0 0 0 0 0 0
E 355184 cfg=104 nodes= 64254 64268 64297 64285 0 0 0 0 0 0
E 355183 cfg=104 nodes= 64267 64294 64284 64256 0 0 0 0 0 0
E 355182 cfg=104 nodes= 64252 64266 64296 64283 0 0 0 0 0 0
E 355181 cfg=104 nodes= 64251 64264 64295 64282 0 0 0 0 0 0
E 355180 cfg=104 nodes= 64265 64293 64281 64253 0 0 0 0 0 0
E 355179 cfg=104 nodes= 64277 64255 63960 63961 0 0 0 0 0 0
E 355178 cfg=104 nodes= 64250 64263 64292 64280 0 0 0 0 0 0
E 355177 cfg=104 nodes= 64279 64249 64262 64290 0 0 0 0 0 0
E 355176 cfg=104 nodes= 64291 64278 64248 64261 0 0 0 0 0 0
E 355175 cfg=104 nodes= 64246 64260 64289 64276 0 0 0 0 0 0
E 355174 cfg=104 nodes= 64288 64275 64245 64258 0 0 0 0 0 0
E 355173 cfg=104 nodes= 64274 64247 64259 64286 0 0 0 0 0 0
E 355172 cfg=104 nodes= 64287 64273 64243 64257 0 0 0 0 0 0
E 355171 cfg=104 nodes= 64256 64284 64272 64244 0 0 0 0 0 0
E 355170 cfg=104 nodes= 64240 64254 64285 64271 0 0 0 0 0 0
E 355169 cfg=104 nodes= 64238 64252 64283 64269 0 0 0 0 0 0
E 355168 cfg=104 nodes= 64239 64251 64282 64270 0 0 0 0 0 0
E 355167 cfg=104 nodes= 64253 64281 64267 64241 0 0 0 0 0 0
E 355166 cfg=104 nodes= 64265 64242 64255 64277 0 0 0 0 0 0
E 355165 cfg=104 nodes= 64268 64237 64249 64279 0 0 0 0 0 0
E 355164 cfg=104 nodes= 64236 64250 64280 64266 0 0 0 0 0 0
E 355163 cfg=104 nodes= 64278 64264 64235 64248 0 0 0 0 0 0
E 355162 cfg=104 nodes= 64275 64263 64233 64245 0 0 0 0 0 0
E 355161 cfg=104 nodes= 64262 64234 64247 64274 0 0 0 0 0 0
E 355160 cfg=104 nodes= 64232 64246 64276 64261 0 0 0 0 0 0
E 355159 cfg=104 nodes= 64230 64243 64273 64260 0 0 0 0 0 0
E 355158 cfg=104 nodes= 64259 64231 64244 64272 0 0 0 0 0 0
E 355157 cfg=104 nodes= 64255 56100 56101 63960 0 0 0 0 0 0
E 355156 cfg=104 nodes= 64227 64239 64270 64258 0 0 0 0 0 0
E 355155 cfg=104 nodes= 64271 64257 64226 64240 0 0 0 0 0 0
E 355154 cfg=104 nodes= 64241 64267 64256 64229 0 0 0 0 0 0
E 355153 cfg=104 nodes= 64024 64238 64269 64023 0 0 0 0 0 0
E 355152 cfg=104 nodes= 64253 64228 64242 64265 0 0 0 0 0 0
E 355151 cfg=104 nodes= 64225 64237 64268 64254 0 0 0 0 0 0
E 355150 cfg=104 nodes= 64224 64236 64266 64252 0 0 0 0 0 0
E 355149 cfg=104 nodes= 64221 64235 64264 64251 0 0 0 0 0 0
E 355148 cfg=104 nodes= 64223 64233 64263 64250 0 0 0 0 0 0
E 355147 cfg=104 nodes= 64249 64222 64234 64262 0 0 0 0 0 0
E 355146 cfg=104 nodes= 64261 64248 64220 64232 0 0 0 0 0 0
E 355145 cfg=104 nodes= 64247 64219 64231 64259 0 0 0 0 0 0
E 355144 cfg=104 nodes= 64216 64230 64260 64246 0 0 0 0 0 0
E 355143 cfg=104 nodes= 64258 64245 64217 64227 0 0 0 0 0 0
E 355142 cfg=104 nodes= 64242 56099 56100 64255 0 0 0 0 0 0
E 355141 cfg=104 nodes= 64229 64256 64244 64218 0 0 0 0 0 0
E 355140 cfg=104 nodes= 64257 64243 64214 64226 0 0 0 0 0 0
E 355139 cfg=104 nodes= 64241 64215 64228 64253 0 0 0 0 0 0
E 355138 cfg=104 nodes= 64212 64225 64254 64240 0 0 0 0 0 0
E 355137 cfg=104 nodes= 64211 64224 64252 64238 0 0 0 0 0 0
E 355136 cfg=104 nodes= 64210 64221 64251 64239 0 0 0 0 0 0
E 355135 cfg=104 nodes= 64236 64213 64223 64250 0 0 0 0 0 0
E 355134 cfg=104 nodes= 64237 64209 64222 64249 0 0 0 0 0 0
E 355133 cfg=104 nodes= 64248 64235 64207 64220 0 0 0 0 0 0
E 355132 cfg=104 nodes= 64219 64247 64234 64208 0 0 0 0 0 0
E 355131 cfg=104 nodes= 64245 64233 64205 64217 0 0 0 0 0 0
E 355130 cfg=104 nodes= 64202 64216 64246 64232 0 0 0 0 0 0
E 355129 cfg=104 nodes= 64231 64204 64218 64244 0 0 0 0 0 0
E 355128 cfg=104 nodes= 64228 56098 56099 64242 0 0 0 0 0 0
E 355127 cfg=104 nodes= 64229 64203 64215 64241 0 0 0 0 0 0
E 355126 cfg=104 nodes= 64201 64214 64243 64230 0 0 0 0 0 0
E 355125 cfg=104 nodes= 64240 64226 64199 64212 0 0 0 0 0 0
E 355124 cfg=104 nodes= 64200 64210 64239 64227 0 0 0 0 0 0
E 355122 cfg=104 nodes= 64025 64211 64238 64024 0 0 0 0 0 0
E 355121 cfg=104 nodes= 64198 64209 64237 64225 0 0 0 0 0 0
E 355120 cfg=104 nodes= 64197 64206 64236 64224 0 0 0 0 0 0
E 355119 cfg=104 nodes= 64208 64234 64222 64196 0 0 0 0 0 0
E 355118 cfg=104 nodes= 64194 64207 64235 64221 0 0 0 0 0 0
E 355117 cfg=104 nodes= 64195 64205 64233 64223 0 0 0 0 0 0
E 355116 cfg=104 nodes= 64219 64193 64204 64231 0 0 0 0 0 0
E 355115 cfg=104 nodes= 64232 64220 64191 64202 0 0 0 0 0 0
E 355114 cfg=104 nodes= 64215 56097 56098 64228 0 0 0 0 0 0
E 355113 cfg=104 nodes= 64218 64192 64203 64229 0 0 0 0 0 0
E 355112 cfg=104 nodes= 64189 64201 64230 64216 0 0 0 0 0 0
E 355111 cfg=104 nodes= 64227 64217 64190 64200 0 0 0 0 0 0
E 355110 cfg=104 nodes= 64226 64214 64188 64199 0 0 0 0 0 0
E 355109 cfg=104 nodes= 64186 64198 64225 64212 0 0 0 0 0 0
E 355108 cfg=104 nodes= 64223 64213 64187 64195 0 0 0 0 0 0
E 355107 cfg=104 nodes= 64183 64197 64224 64211 0 0 0 0 0 0
E 355106 cfg=104 nodes= 64196 64222 64209 64184 0 0 0 0 0 0
E 355105 cfg=104 nodes= 64185 64194 64221 64210 0 0 0 0 0 0
E 355104 cfg=104 nodes= 64193 64219 64208 64182 0 0 0 0 0 0
E 355103 cfg=104 nodes= 64220 64207 64179 64191 0 0 0 0 0 0
E 355102 cfg=104 nodes= 64204 64181 64192 64218 0 0 0 0 0 0
E 355101 cfg=104 nodes= 64203 56096 56097 64215 0 0 0 0 0 0
E 355100 cfg=104 nodes= 64217 64205 64180 64190 0 0 0 0 0 0
E 355099 cfg=104 nodes= 64178 64189 64216 64202 0 0 0 0 0 0
E 355098 cfg=104 nodes= 64213 64206 64177 64187 0 0 0 0 0 0
E 355097 cfg=104 nodes= 64176 64188 64214 64201 0 0 0 0 0 0
E 355096 cfg=104 nodes= 64212 64199 64174 64186 0 0 0 0 0 0
E 355095 cfg=104 nodes= 64175 64185 64210 64200 0 0 0 0 0 0
E 355094 cfg=104 nodes= 64026 64183 64211 64025 0 0 0 0 0 0
E 355093 cfg=104 nodes= 64173 64184 64209 64198 0 0 0 0 0 0
E 355092 cfg=104 nodes= 64182 64208 64196 64172 0 0 0 0 0 0
E 355091 cfg=104 nodes= 64171 64180 64205 64195 0 0 0 0 0 0
E 355090 cfg=104 nodes= 64168 64179 64207 64194 0 0 0 0 0 0
E 355089 cfg=104 nodes= 64169 64177 64206 64197 0 0 0 0 0 0
E 355088 cfg=104 nodes= 64193 64170 64181 64204 0 0 0 0 0 0
E 355087 cfg=104 nodes= 64192 56095 56096 64203 0 0 0 0 0 0
E 355086 cfg=104 nodes= 64202 64191 64167 64178 0 0 0 0 0 0
E 355085 cfg=104 nodes= 64165 64176 64201 64189 0 0 0 0 0 0
E 355084 cfg=104 nodes= 64200 64190 64166 64175 0 0 0 0 0 0
E 355083 cfg=104 nodes= 64199 64188 64164 64174 0 0 0 0 0 0
E 355082 cfg=104 nodes= 64162 64173 64198 64186 0 0 0 0 0 0
E 355081 cfg=104 nodes= 64195 64187 64163 64171 0 0 0 0 0 0
E 355080 cfg=104 nodes= 64172 64196 64184 64161 0 0 0 0 0 0
E 355079 cfg=104 nodes= 64159 64169 64197 64183 0 0 0 0 0 0
E 355078 cfg=104 nodes= 64160 64168 64194 64185 0 0 0 0 0 0
E 355077 cfg=104 nodes= 64182 64158 64170 64193 0 0 0 0 0 0
E 355076 cfg=104 nodes= 64181 56094 56095 64192 0 0 0 0 0 0
E 355075 cfg=104 nodes= 64191 64179 64156 64167 0 0 0 0 0 0
E 355074 cfg=104 nodes= 64190 64180 64157 64166 0 0 0 0 0 0
E 355073 cfg=104 nodes= 64155 64165 64189 64178 0 0 0 0 0 0
E 355072 cfg=104 nodes= 64187 64177 64154 64163 0 0 0 0 0 0
E 355071 cfg=104 nodes= 64153 64164 64188 64176 0 0 0 0 0 0
E 355070 cfg=104 nodes= 64186 64174 64151 64162 0 0 0 0 0 0
E 355069 cfg=104 nodes= 64152 64160 64185 64175 0 0 0 0 0 0
E 355068 cfg=104 nodes= 64150 64161 64184 64173 0 0 0 0 0 0
E 355067 cfg=104 nodes= 64027 64159 64183 64026 0 0 0 0 0 0
E 355066 cfg=104 nodes= 64172 64149 64158 64182 0 0 0 0 0 0
E 355065 cfg=104 nodes= 64170 56093 56094 64181 0 0 0 0 0 0
E 355064 cfg=104 nodes= 64148 64157 64180 64171 0 0 0 0 0 0
E 355063 cfg=104 nodes= 64147 64156 64179 64168 0 0 0 0 0 0
E 355062 cfg=104 nodes= 64146 64154 64177 64169 0 0 0 0 0 0
E 355061 cfg=104 nodes= 64178 64167 64145 64155 0 0 0 0 0 0
E 355060 cfg=104 nodes= 64175 64166 64144 64152 0 0 0 0 0 0
E 355059 cfg=104 nodes= 64143 64153 64176 64165 0 0 0 0 0 0
E 355058 cfg=104 nodes= 64174 64164 64142 64151 0 0 0 0 0 0
E 355057 cfg=104 nodes= 64140 64150 64173 64162 0 0 0 0 0 0
E 355056 cfg=104 nodes= 64171 64163 64141 64148 0 0 0 0 0 0
E 355055 cfg=104 nodes= 64161 64139 64149 64172 0 0 0 0 0 0
E 355054 cfg=104 nodes= 64158 56092 56093 64170 0 0 0 0 0 0
E 355053 cfg=104 nodes= 64138 64147 64168 64160 0 0 0 0 0 0
E 355052 cfg=104 nodes= 64137 64146 64169 64159 0 0 0 0 0 0
E 355051 cfg=104 nodes= 64166 64157 64136 64144 0 0 0 0 0 0
E 355050 cfg=104 nodes= 64167 64156 64135 64145 0 0 0 0 0 0
E 355049 cfg=104 nodes= 64134 64143 64165 64155 0 0 0 0 0 0
E 355048 cfg=104 nodes= 64132 64142 64164 64153 0 0 0 0 0 0
E 355047 cfg=104 nodes= 64163 64154 64133 64141 0 0 0 0 0 0
E 355046 cfg=104 nodes= 64162 64151 64130 64140 0 0 0 0 0 0
E 355045 cfg=104 nodes= 64131 64138 64160 64152 0 0 0 0 0 0
E 355044 cfg=104 nodes= 64129 64139 64161 64150 0 0 0 0 0 0
E 355043 cfg=104 nodes= 64028 64137 64159 64027 0 0 0 0 0 0
E 355042 cfg=104 nodes= 64149 56091 56092 64158 0 0 0 0 0 0
E 355041 cfg=104 nodes= 64128 64136 64157 64148 0 0 0 0 0 0
E 355040 cfg=104 nodes= 64127 64135 64156 64147 0 0 0 0 0 0
E 355039 cfg=104 nodes= 64126 64133 64154 64146 0 0 0 0 0 0
E 355038 cfg=104 nodes= 64155 64145 64124 64134 0 0 0 0 0 0
E 355037 cfg=104 nodes= 64152 64144 64125 64131 0 0 0 0 0 0
E 355036 cfg=104 nodes= 64123 64132 64153 64143 0 0 0 0 0 0
E 355035 cfg=104 nodes= 64151 64142 64122 64130 0 0 0 0 0 0
E 355034 cfg=104 nodes= 64120 64129 64150 64140 0 0 0 0 0 0
E 355033 cfg=104 nodes= 64121 64128 64148 64141 0 0 0 0 0 0
E 355032 cfg=104 nodes= 64139 56090 56091 64149 0 0 0 0 0 0
E 355031 cfg=104 nodes= 64119 64127 64147 64138 0 0 0 0 0 0
E 355030 cfg=104 nodes= 64118 64126 64146 64137 0 0 0 0 0 0
E 355029 cfg=104 nodes= 64144 64136 64117 64125 0 0 0 0 0 0
E 355028 cfg=104 nodes= 64145 64135 64116 64124 0 0 0 0 0 0
E 355027 cfg=104 nodes= 64114 64123 64143 64134 0 0 0 0 0 0
E 355026 cfg=104 nodes= 64115 64121 64141 64133 0 0 0 0 0 0
E 355025 cfg=104 nodes= 64113 64122 64142 64132 0 0 0 0 0 0
E 355024 cfg=104 nodes= 64140 64130 64111 64120 0 0 0 0 0 0
E 355023 cfg=104 nodes= 64112 64119 64138 64131 0 0 0 0 0 0
E 355022 cfg=104 nodes= 56089 56090 64139 64129 0 0 0 0 0 0
E 355021 cfg=104 nodes= 64029 64118 64137 64028 0 0 0 0 0 0
E 355020 cfg=104 nodes= 64110 64117 64136 64128 0 0 0 0 0 0
E 355019 cfg=104 nodes= 64108 64116 64135 64127 0 0 0 0 0 0
E 355018 cfg=104 nodes= 64109 64115 64133 64126 0 0 0 0 0 0
E 355017 cfg=104 nodes= 64134 64124 64106 64114 0 0 0 0 0 0
E 355016 cfg=104 nodes= 64131 64125 64107 64112 0 0 0 0 0 0
E 355015 cfg=104 nodes= 64105 64113 64132 64123 0 0 0 0 0 0
E 355014 cfg=104 nodes= 64130 64122 64103 64111 0 0 0 0 0 0
E 355013 cfg=104 nodes= 64104 64110 64128 64121 0 0 0 0 0 0
E 355012 cfg=104 nodes= 56088 56089 64129 64120 0 0 0 0 0 0
E 355011 cfg=104 nodes= 64102 64108 64127 64119 0 0 0 0 0 0
E 355010 cfg=104 nodes= 64100 64109 64126 64118 0 0 0 0 0 0
E 355009 cfg=104 nodes= 64125 64117 64101 64107 0 0 0 0 0 0
E 355008 cfg=104 nodes= 64124 64116 64099 64106 0 0 0 0 0 0
E 355007 cfg=104 nodes= 64097 64105 64123 64114 0 0 0 0 0 0
E 355006 cfg=104 nodes= 64098 64104 64121 64115 0 0 0 0 0 0
E 355005 cfg=104 nodes= 64095 64103 64122 64113 0 0 0 0 0 0
E 355004 cfg=104 nodes= 64120 64111 56087 56088 0 0 0 0 0 0
E 355003 cfg=104 nodes= 64096 64102 64119 64112 0 0 0 0 0 0
E 355002 cfg=104 nodes= 64094 64101 64117 64110 0 0 0 0 0 0
E 355001 cfg=104 nodes= 64030 64100 64118 64029 0 0 0 0 0 0
E 355000 cfg=104 nodes= 64091 64099 64116 64108 0 0 0 0 0 0
E 354999 cfg=104 nodes= 64115 64109 64093 64098 0 0 0 0 0 0
E 354998 cfg=104 nodes= 64114 64106 64090 64097 0 0 0 0 0 0
E 354997 cfg=104 nodes= 64112 64107 64092 64096 0 0 0 0 0 0
E 354996 cfg=104 nodes= 64088 64095 64113 64105 0 0 0 0 0 0
E 354995 cfg=104 nodes= 64089 64094 64110 64104 0 0 0 0 0 0
E 354994 cfg=104 nodes= 64111 64103 56086 56087 0 0 0 0 0 0
E 354993 cfg=104 nodes= 64085 64091 64108 64102 0 0 0 0 0 0
E 354992 cfg=104 nodes= 64107 64101 64087 64092 0 0 0 0 0 0
E 354991 cfg=104 nodes= 64109 64100 64086 64093 0 0 0 0 0 0
E 354990 cfg=104 nodes= 64106 64099 64083 64090 0 0 0 0 0 0
E 354989 cfg=104 nodes= 64084 64089 64104 64098 0 0 0 0 0 0
E 354988 cfg=104 nodes= 64082 64088 64105 64097 0 0 0 0 0 0
E 354987 cfg=104 nodes= 56085 56086 64103 64095 0 0 0 0 0 0
E 354986 cfg=104 nodes= 64081 64087 64101 64094 0 0 0 0 0 0
E 354985 cfg=104 nodes= 64080 64085 64102 64096 0 0 0 0 0 0
E 354984 cfg=104 nodes= 64031 64086 64100 64030 0 0 0 0 0 0
E 354983 cfg=104 nodes= 64098 64093 64079 64084 0 0 0 0 0 0
E 354982 cfg=104 nodes= 64078 64083 64099 64091 0 0 0 0 0 0
E 354981 cfg=104 nodes= 64097 64090 64076 64082 0 0 0 0 0 0
E 354980 cfg=104 nodes= 64096 64092 64077 64080 0 0 0 0 0 0
E 354979 cfg=104 nodes= 64094 64089 64075 64081 0 0 0 0 0 0
E 354978 cfg=104 nodes= 56084 56085 64095 64088 0 0 0 0 0 0
E 354977 cfg=104 nodes= 64093 64086 64073 64079 0 0 0 0 0 0
E 354976 cfg=104 nodes= 64092 64087 64074 64077 0 0 0 0 0 0
E 354975 cfg=104 nodes= 64072 64078 64091 64085 0 0 0 0 0 0
E 354974 cfg=104 nodes= 64089 64084 64071 64075 0 0 0 0 0 0
E 354973 cfg=104 nodes= 64090 64083 64070 64076 0 0 0 0 0 0
E 354972 cfg=104 nodes= 56083 56084 64088 64082 0 0 0 0 0 0
E 354971 cfg=104 nodes= 64069 64074 64087 64081 0 0 0 0 0 0
E 354970 cfg=104 nodes= 64032 64073 64086 64031 0 0 0 0 0 0
E 354969 cfg=104 nodes= 64068 64072 64085 64080 0 0 0 0 0 0
E 354968 cfg=104 nodes= 64084 64079 64067 64071 0 0 0 0 0 0
E 354967 cfg=104 nodes= 64066 64070 64083 64078 0 0 0 0 0 0
E 354966 cfg=104 nodes= 64081 64075 64065 64069 0 0 0 0 0 0
E 354965 cfg=104 nodes= 64082 64076 56082 56083 0 0 0 0 0 0
E 354964 cfg=104 nodes= 64080 64077 64064 64068 0 0 0 0 0 0
E 354963 cfg=104 nodes= 64062 64067 64079 64073 0 0 0 0 0 0
E 354962 cfg=104 nodes= 64077 64074 64063 64064 0 0 0 0 0 0
E 354961 cfg=104 nodes= 64061 64066 64078 64072 0 0 0 0 0 0
E 354960 cfg=104 nodes= 64075 64071 64060 64065 0 0 0 0 0 0
E 354959 cfg=104 nodes= 64076 64070 56081 56082 0 0 0 0 0 0
E 354958 cfg=104 nodes= 64059 64063 64074 64069 0 0 0 0 0 0
E 354957 cfg=104 nodes= 64033 64062 64073 64032 0 0 0 0 0 0
E 354956 cfg=104 nodes= 64057 64061 64072 64068 0 0 0 0 0 0
E 354955 cfg=104 nodes= 64071 64067 64056 64060 0 0 0 0 0 0
E 354954 cfg=104 nodes= 56080 56081 64070 64066 0 0 0 0 0 0
E 354953 cfg=104 nodes= 64055 64059 64069 64065 0 0 0 0 0 0
E 354952 cfg=104 nodes= 64064 64058 64057 64068 0 0 0 0 0 0
E 354951 cfg=104 nodes= 64064 64063 64054 64058 0 0 0 0 0 0
E 354950 cfg=104 nodes= 64053 64056 64067 64062 0 0 0 0 0 0
E 354949 cfg=104 nodes= 64052 64055 64065 64060 0 0 0 0 0 0
E 354948 cfg=104 nodes= 56079 56080 64066 64061 0 0 0 0 0 0
E 354947 cfg=104 nodes= 64050 64054 64063 64059 0 0 0 0 0 0
E 354945 cfg=104 nodes= 64034 64053 64062 64033 0 0 0 0 0 0
E 354944 cfg=104 nodes= 64060 64056 64049 64052 0 0 0 0 0 0
E 354943 cfg=104 nodes= 56078 56079 64061 64057 0 0 0 0 0 0
E 354942 cfg=104 nodes= 64048 64050 64059 64055 0 0 0 0 0 0
E 354941 cfg=104 nodes= 64058 64054 64047 64051 0 0 0 0 0 0
E 354940 cfg=104 nodes= 64056 64053 64046 64049 0 0 0 0 0 0
E 354939 cfg=104 nodes= 64045 64048 64055 64052 0 0 0 0 0 0
E 354938 cfg=104 nodes= 64057 64051 56077 56078 0 0 0 0 0 0
E 354937 cfg=104 nodes= 64044 64047 64054 64050 0 0 0 0 0 0
E 354936 cfg=104 nodes= 64035 64046 64053 64034 0 0 0 0 0 0
E 354935 cfg=104 nodes= 64052 64049 64043 64045 0 0 0 0 0 0
E 354934 cfg=104 nodes= 64042 64044 64050 64048 0 0 0 0 0 0
E 354933 cfg=104 nodes= 64051 64047 56076 56077 0 0 0 0 0 0
E 354932 cfg=104 nodes= 64049 64046 64041 64043 0 0 0 0 0 0
E 354931 cfg=104 nodes= 64040 64042 64048 64045 0 0 0 0 0 0
E 354930 cfg=104 nodes= 56075 56076 64047 64044 0 0 0 0 0 0
E 354929 cfg=104 nodes= 64036 64041 64046 64035 0 0 0 0 0 0
E 354928 cfg=104 nodes= 64039 64040 64045 64043 0 0 0 0 0 0
E 354927 cfg=104 nodes= 56074 56075 64044 64042 0 0 0 0 0 0
E 354926 cfg=104 nodes= 64038 64039 64043 64041 0 0 0 0 0 0
E 354925 cfg=104 nodes= 56073 56074 64042 64040 0 0 0 0 0 0
E 354924 cfg=104 nodes= 64037 64038 64041 64036 0 0 0 0 0 0
E 354923 cfg=104 nodes= 56072 56073 64040 64039 0 0 0 0 0 0
E 354922 cfg=104 nodes= 56071 56072 64039 64038 0 0 0 0 0 0
E 354921 cfg=104 nodes= 56070 56071 64038 64037 0 0 0 0 0 0
E 354920 cfg=104 nodes= 64861 64860 65163 63927 0 0 0 0 0 0
E 354919 cfg=104 nodes= 63927 65163 65162 63924 0 0 0 0 0 0
E 354918 cfg=104 nodes= 65161 63926 63924 65162 0 0 0 0 0 0
E 354917 cfg=104 nodes= 63926 65161 65160 63925 0 0 0 0 0 0
E 354916 cfg=104 nodes= 63925 65160 65159 63923 0 0 0 0 0 0
E 354915 cfg=104 nodes= 63923 65159 65158 65352 0 0 0 0 0 0
E 354913 cfg=104 nodes= 64862 64861 63927 63921 0 0 0 0 0 0
E 354912 cfg=104 nodes= 63922 63926 63925 63920 0 0 0 0 0 0
E 354911 cfg=104 nodes= 63920 63925 63923 63919 0 0 0 0 0 0
E 354910 cfg=104 nodes= 63921 63927 63924 63917 0 0 0 0 0 0
E 354909 cfg=104 nodes= 63919 63923 65352 63918 0 0 0 0 0 0
E 354908 cfg=104 nodes= 63916 63918 65352 65353 0 0 0 0 0 0
E 354907 cfg=104 nodes= 63915 63916 65353 65344 0 0 0 0 0 0
E 354906 cfg=104 nodes= 63917 63924 63922 63914 0 0 0 0 0 0
E 354905 cfg=104 nodes= 63913 63915 65344 65348 0 0 0 0 0 0
E 354904 cfg=104 nodes= 63912 63913 65348 65346 0 0 0 0 0 0
E 354903 cfg=104 nodes= 64863 64862 63921 63911 0 0 0 0 0 0
E 354902 cfg=104 nodes= 63909 63912 65346 65347 0 0 0 0 0 0
E 354901 cfg=104 nodes= 63920 63910 63914 63922 0 0 0 0 0 0
E 354900 cfg=104 nodes= 63907 63909 65347 65345 0 0 0 0 0 0
E 354899 cfg=104 nodes= 63919 63908 63910 63920 0 0 0 0 0 0
E 354898 cfg=104 nodes= 63905 63907 65345 65351 0 0 0 0 0 0
E 354897 cfg=104 nodes= 63911 63921 63917 63906 0 0 0 0 0 0
E 354896 cfg=104 nodes= 63903 63905 65351 65349 0 0 0 0 0 0
E 354895 cfg=104 nodes= 63908 63919 63918 63904 0 0 0 0 0 0
E 354894 cfg=104 nodes= 63900 63903 65349 65350 0 0 0 0 0 0
E 354893 cfg=104 nodes= 63902 63904 63918 63916 0 0 0 0 0 0
E 354892 cfg=104 nodes= 63906 63917 63914 63901 0 0 0 0 0 0
E 354891 cfg=104 nodes= 63899 63902 63916 63915 0 0 0 0 0 0
E 354890 cfg=104 nodes= 63644 63900 65350 64846 0 0 0 0 0 0
E 354889 cfg=104 nodes= 63896 63899 63915 63913 0 0 0 0 0 0
E 354888 cfg=104 nodes= 64864 64863 63911 63897 0 0 0 0 0 0
E 354887 cfg=104 nodes= 63910 63898 63901 63914 0 0 0 0 0 0
E 354886 cfg=104 nodes= 63895 63896 63913 63912 0 0 0 0 0 0
E 354885 cfg=104 nodes= 63908 63894 63898 63910 0 0 0 0 0 0
E 354884 cfg=104 nodes= 63892 63895 63912 63909 0 0 0 0 0 0
E 354883 cfg=104 nodes= 63897 63911 63906 63893 0 0 0 0 0 0
E 354882 cfg=104 nodes= 63890 63892 63909 63907 0 0 0 0 0 0
E 354881 cfg=104 nodes= 63894 63908 63904 63891 0 0 0 0 0 0
E 354880 cfg=104 nodes= 63893 63906 63901 63889 0 0 0 0 0 0
E 354879 cfg=104 nodes= 63887 63890 63907 63905 0 0 0 0 0 0
E 354878 cfg=104 nodes= 63888 63891 63904 63902 0 0 0 0 0 0
E 354877 cfg=104 nodes= 63884 63887 63905 63903 0 0 0 0 0 0
E 354876 cfg=104 nodes= 63885 63888 63902 63899 0 0 0 0 0 0
E 354875 cfg=104 nodes= 63889 63901 63898 63886 0 0 0 0 0 0
E 354874 cfg=104 nodes= 64865 64864 63897 63883 0 0 0 0 0 0
E 354873 cfg=104 nodes= 63882 63884 63903 63900 0 0 0 0 0 0
E 354872 cfg=104 nodes= 63899 63896 63881 63885 0 0 0 0 0 0
E 354871 cfg=104 nodes= 63645 63882 63900 63644 0 0 0 0 0 0
E 354870 cfg=104 nodes= 63886 63898 63894 63880 0 0 0 0 0 0
E 354869 cfg=104 nodes= 63883 63897 63893 63879 0 0 0 0 0 0
E 354868 cfg=104 nodes= 63896 63895 63878 63881 0 0 0 0 0 0
E 354867 cfg=104 nodes= 63880 63894 63891 63877 0 0 0 0 0 0
E 354866 cfg=104 nodes= 63875 63878 63895 63892 0 0 0 0 0 0
E 354865 cfg=104 nodes= 63879 63893 63889 63876 0 0 0 0 0 0
E 354864 cfg=104 nodes= 63872 63874 63892 63890 0 0 0 0 0 0
E 354863 cfg=104 nodes= 63873 63877 63891 63888 0 0 0 0 0 0
E 354861 cfg=104 nodes= 63876 63889 63886 63871 0 0 0 0 0 0
E 354860 cfg=104 nodes= 63868 63872 63890 63887 0 0 0 0 0 0
E 354859 cfg=104 nodes= 64866 64865 63883 63870 0 0 0 0 0 0
E 354858 cfg=104 nodes= 63869 63873 63888 63885 0 0 0 0 0 0
E 354857 cfg=104 nodes= 63866 63868 63887 63884 0 0 0 0 0 0
E 354856 cfg=104 nodes= 63871 63886 63880 63867 0 0 0 0 0 0
E 354855 cfg=104 nodes= 63885 63881 63864 63869 0 0 0 0 0 0
E 354854 cfg=104 nodes= 63870 63883 63879 63865 0 0 0 0 0 0
E 354853 cfg=104 nodes= 63863 63866 63884 63882 0 0 0 0 0 0
E 354852 cfg=104 nodes= 63881 63878 63862 63864 0 0 0 0 0 0
E 354851 cfg=104 nodes= 63867 63880 63877 63861 0 0 0 0 0 0
E 354850 cfg=104 nodes= 63646 63863 63882 63645 0 0 0 0 0 0
E 354849 cfg=104 nodes= 63865 63879 63876 63860 0 0 0 0 0 0
E 354848 cfg=104 nodes= 63859 63862 63878 63875 0 0 0 0 0 0
E 354847 cfg=104 nodes= 64866 64867 65037 65039 0 0 0 0 0 0
E 354846 cfg=104 nodes= 63858 63861 63877 63873 0 0 0 0 0 0
E 354845 cfg=104 nodes= 63860 63876 63871 63857 0 0 0 0 0 0
E 354844 cfg=104 nodes= 63875 63874 63856 63859 0 0 0 0 0 0
E 354843 cfg=104 nodes= 64867 64866 63870 63855 0 0 0 0 0 0
E 354842 cfg=104 nodes= 63874 63872 63853 63856 0 0 0 0 0 0
E 354841 cfg=104 nodes= 63854 63858 63873 63869 0 0 0 0 0 0
E 354840 cfg=104 nodes= 63857 63871 63867 63852 0 0 0 0 0 0
E 354839 cfg=104 nodes= 63850 63853 63872 63868 0 0 0 0 0 0
E 354838 cfg=104 nodes= 63855 63870 63865 63851 0 0 0 0 0 0
E 354837 cfg=104 nodes= 63869 63864 63849 63854 0 0 0 0 0 0
E 354836 cfg=104 nodes= 63848 63850 63868 63866 0 0 0 0 0 0
E 354835 cfg=104 nodes= 63852 63867 63861 63847 0 0 0 0 0 0
E 354834 cfg=104 nodes= 63851 63865 63860 63846 0 0 0 0 0 0
E 354833 cfg=104 nodes= 63864 63862 63845 63849 0 0 0 0 0 0
E 354832 cfg=104 nodes= 63844 63848 63866 63863 0 0 0 0 0 0
E 354831 cfg=104 nodes= 63843 63847 63861 63858 0 0 0 0 0 0
E 354830 cfg=104 nodes= 63647 63844 63863 63646 0 0 0 0 0 0
E 354829 cfg=104 nodes= 63840 63845 63862 63859 0 0 0 0 0 0
E 354828 cfg=104 nodes= 63846 63860 63857 63842 0 0 0 0 0 0
E 354827 cfg=104 nodes= 64012 64867 63855 63841 0 0 0 0 0 0
E 354826 cfg=104 nodes= 63859 63856 63838 63840 0 0 0 0 0 0
E 354825 cfg=104 nodes= 63839 63843 63858 63854 0 0 0 0 0 0
E 354824 cfg=104 nodes= 63842 63857 63852 63837 0 0 0 0 0 0
E 354823 cfg=104 nodes= 63841 63855 63851 63836 0 0 0 0 0 0
E 354822 cfg=104 nodes= 63856 63853 63835 63838 0 0 0 0 0 0
E 354821 cfg=104 nodes= 63834 63839 63854 63849 0 0 0 0 0 0
E 354820 cfg=104 nodes= 63831 63835 63853 63850 0 0 0 0 0 0
E 354819 cfg=104 nodes= 63837 63852 63847 63833 0 0 0 0 0 0
E 354818 cfg=104 nodes= 63836 63851 63846 63832 0 0 0 0 0 0
E 354817 cfg=104 nodes= 63850 63848 63828 63831 0 0 0 0 0 0
E 354816 cfg=104 nodes= 63830 63834 63849 63845 0 0 0 0 0 0
E 354815 cfg=104 nodes= 63826 63833 63847 63843 0 0 0 0 0 0
E 354814 cfg=104 nodes= 63832 63846 63842 63827 0 0 0 0 0 0
E 354813 cfg=104 nodes= 64779 64012 63841 63829 0 0 0 0 0 0
E 354812 cfg=104 nodes= 63848 63844 63824 63828 0 0 0 0 0 0
E 354811 cfg=104 nodes= 63823 63830 63845 63840 0 0 0 0 0 0
E 354810 cfg=104 nodes= 63829 63841 63836 63825 0 0 0 0 0 0
E 354809 cfg=104 nodes= 63648 63824 63844 63647 0 0 0 0 0 0
E 354808 cfg=104 nodes= 63821 63826 63843 63839 0 0 0 0 0 0
E 354807 cfg=104 nodes= 63827 63842 63837 63822 0 0 0 0 0 0
E 354806 cfg=104 nodes= 63840 63838 63820 63823 0 0 0 0 0 0
E 354805 cfg=104 nodes= 63825 63836 63832 63819 0 0 0 0 0 0
E 354804 cfg=104 nodes= 63817 63821 63839 63834 0 0 0 0 0 0
E 354803 cfg=104 nodes= 63822 63837 63833 63818 0 0 0 0 0 0
E 354802 cfg=104 nodes= 63838 63835 63816 63820 0 0 0 0 0 0
E 354801 cfg=104 nodes= 63813 63816 63835 63831 0 0 0 0 0 0
E 354800 cfg=104 nodes= 63819 63832 63827 63815 0 0 0 0 0 0
E 354799 cfg=104 nodes= 63811 63817 63834 63830 0 0 0 0 0 0
E 354798 cfg=104 nodes= 63812 63818 63833 63826 0 0 0 0 0 0
E 354796 cfg=104 nodes= 64770 64779 63829 63810 0 0 0 0 0 0
E 354795 cfg=104 nodes= 63831 63828 63809 63813 0 0 0 0 0 0
E 354794 cfg=104 nodes= 63815 63827 63822 63808 0 0 0 0 0 0
E 354793 cfg=104 nodes= 63807 63811 63830 63823 0 0 0 0 0 0
E 354792 cfg=104 nodes= 63806 63812 63826 63821 0 0 0 0 0 0
E 354791 cfg=104 nodes= 63828 63824 63804 63809 0 0 0 0 0 0
E 354790 cfg=104 nodes= 63814 63825 63819 63805 0 0 0 0 0 0
E 354789 cfg=104 nodes= 63649 63804 63824 63648 0 0 0 0 0 0
E 354788 cfg=104 nodes= 63808 63822 63818 63802 0 0 0 0 0 0
E 354787 cfg=104 nodes= 63829 63814 63800 63810 0 0 0 0 0 0
E 354786 cfg=104 nodes= 63801 63803 63823 63820 0 0 0 0 0 0
E 354785 cfg=104 nodes= 63799 63806 63821 63817 0 0 0 0 0 0
E 354783 cfg=104 nodes= 63805 63819 63815 63798 0 0 0 0 0 0
E 354782 cfg=104 nodes= 63820 63816 63797 63801 0 0 0 0 0 0
E 354781 cfg=104 nodes= 63796 63802 63818 63812 0 0 0 0 0 0
E 354780 cfg=104 nodes= 63795 63799 63817 63811 0 0 0 0 0 0
E 354779 cfg=104 nodes= 64763 64770 63810 63794 0 0 0 0 0 0
E 354778 cfg=104 nodes= 63816 63813 63792 63797 0 0 0 0 0 0
E 354777 cfg=104 nodes= 63798 63815 63808 63793 0 0 0 0 0 0
E 354776 cfg=104 nodes= 63800 63814 63805 63791 0 0 0 0 0 0
E 354775 cfg=104 nodes= 63790 63796 63812 63806 0 0 0 0 0 0
E 354774 cfg=104 nodes= 63789 63795 63811 63807 0 0 0 0 0 0
E 354773 cfg=104 nodes= 63813 63809 63788 63792 0 0 0 0 0 0
E 354772 cfg=104 nodes= 63793 63808 63802 63787 0 0 0 0 0 0
E 354771 cfg=104 nodes= 63794 63810 63800 63786 0 0 0 0 0 0
E 354770 cfg=104 nodes= 63809 63804 63783 63788 0 0 0 0 0 0
E 354769 cfg=104 nodes= 63807 63803 63784 63789 0 0 0 0 0 0
E 354768 cfg=104 nodes= 63798 63785 63791 63805 0 0 0 0 0 0
E 354767 cfg=104 nodes= 63782 63790 63806 63799 0 0 0 0 0 0
E 354766 cfg=104 nodes= 63803 63801 63781 63784 0 0 0 0 0 0
E 354765 cfg=104 nodes= 63650 63783 63804 63649 0 0 0 0 0 0
E 354764 cfg=104 nodes= 63780 63787 63802 63796 0 0 0 0 0 0
E 354763 cfg=104 nodes= 64754 64763 63794 63779 0 0 0 0 0 0
E 354762 cfg=104 nodes= 63776 63782 63799 63795 0 0 0 0 0 0
E 354761 cfg=104 nodes= 63786 63800 63791 63777 0 0 0 0 0 0
E 354760 cfg=104 nodes= 63793 63778 63785 63798 0 0 0 0 0 0
E 354759 cfg=104 nodes= 63801 63797 63775 63781 0 0 0 0 0 0
E 354758 cfg=104 nodes= 63774 63780 63796 63790 0 0 0 0 0 0
E 354757 cfg=104 nodes= 63797 63792 63773 63775 0 0 0 0 0 0
E 354756 cfg=104 nodes= 63771 63776 63795 63789 0 0 0 0 0 0
E 354755 cfg=104 nodes= 63779 63794 63786 63772 0 0 0 0 0 0
E 354754 cfg=104 nodes= 63778 63793 63787 63770 0 0 0 0 0 0
E 354753 cfg=104 nodes= 63785 63769 63777 63791 0 0 0 0 0 0
E 354752 cfg=104 nodes= 63792 63788 63768 63773 0 0 0 0 0 0
E 354751 cfg=104 nodes= 63767 63774 63790 63782 0 0 0 0 0 0
E 354750 cfg=104 nodes= 63789 63784 63766 63771 0 0 0 0 0 0
E 354749 cfg=104 nodes= 63788 63783 63762 63768 0 0 0 0 0 0
E 354748 cfg=104 nodes= 63765 63770 63787 63780 0 0 0 0 0 0
E 354747 cfg=104 nodes= 63772 63786 63777 63764 0 0 0 0 0 0
E 354746 cfg=104 nodes= 63778 63763 63769 63785 0 0 0 0 0 0
E 354745 cfg=104 nodes= 64745 64754 63779 63761 0 0 0 0 0 0
E 354744 cfg=104 nodes= 63784 63781 63760 63766 0 0 0 0 0 0
E 354743 cfg=104 nodes= 63759 63767 63782 63776 0 0 0 0 0 0
E 354742 cfg=104 nodes= 63651 63762 63783 63650 0 0 0 0 0 0
E 354741 cfg=104 nodes= 63758 63765 63780 63774 0 0 0 0 0 0
E 354740 cfg=104 nodes= 63757 63760 63781 63775 0 0 0 0 0 0
E 354739 cfg=104 nodes= 63761 63779 63772 63755 0 0 0 0 0 0
E 354738 cfg=104 nodes= 63764 63777 63769 63756 0 0 0 0 0 0
E 354737 cfg=104 nodes= 63763 63778 63770 63754 0 0 0 0 0 0
E 354736 cfg=104 nodes= 63753 63759 63776 63771 0 0 0 0 0 0
E 354735 cfg=104 nodes= 63775 63773 63752 63757 0 0 0 0 0 0
E 354734 cfg=104 nodes= 63751 63758 63774 63767 0 0 0 0 0 0
E 354733 cfg=104 nodes= 63771 63766 63749 63753 0 0 0 0 0 0
E 354732 cfg=104 nodes= 63750 63754 63770 63765 0 0 0 0 0 0
E 354731 cfg=104 nodes= 63755 63772 63764 63748 0 0 0 0 0 0
E 354730 cfg=104 nodes= 63756 63769 63763 63747 0 0 0 0 0 0
E 354729 cfg=104 nodes= 63773 63768 63745 63752 0 0 0 0 0 0
E 354728 cfg=104 nodes= 64735 64745 63761 63746 0 0 0 0 0 0
E 354727 cfg=104 nodes= 63744 63751 63767 63759 0 0 0 0 0 0
E 354726 cfg=104 nodes= 63766 63760 63743 63749 0 0 0 0 0 0
E 354725 cfg=104 nodes= 63768 63762 63742 63745 0 0 0 0 0 0
E 354724 cfg=104 nodes= 63741 63750 63765 63758 0 0 0 0 0 0
E 354723 cfg=104 nodes= 63748 63764 63756 63740 0 0 0 0 0 0
E 354722 cfg=104 nodes= 63747 63763 63754 63739 0 0 0 0 0 0
E 354721 cfg=104 nodes= 63746 63761 63755 63738 0 0 0 0 0 0
E 354720 cfg=104 nodes= 63762 63651 63652 63742 0 0 0 0 0 0
E 354719 cfg=104 nodes= 63736 63743 63760 63757 0 0 0 0 0 0
E 354718 cfg=104 nodes= 63737 63744 63759 63753 0 0 0 0 0 0
E 354717 cfg=104 nodes= 63735 63741 63758 63751 0 0 0 0 0 0
E 354716 cfg=104 nodes= 63740 63756 63747 63733 0 0 0 0 0 0
E 354715 cfg=104 nodes= 63731 63739 63754 63750 0 0 0 0 0 0
E 354714 cfg=104 nodes= 63738 63755 63748 63732 0 0 0 0 0 0
E 354713 cfg=104 nodes= 63757 63752 63730 63736 0 0 0 0 0 0
E 354712 cfg=104 nodes= 63749 63734 63737 63753 0 0 0 0 0 0
E 354711 cfg=104 nodes= 64726 64735 63746 63729 0 0 0 0 0 0
E 354710 cfg=104 nodes= 63727 63735 63751 63744 0 0 0 0 0 0
E 354709 cfg=104 nodes= 63752 63745 63726 63730 0 0 0 0 0 0
E 354708 cfg=104 nodes= 63725 63731 63750 63741 0 0 0 0 0 0
E 354707 cfg=104 nodes= 63732 63748 63740 63724 0 0 0 0 0 0
E 354705 cfg=104 nodes= 63733 63747 63739 63723 0 0 0 0 0 0
E 354704 cfg=104 nodes= 63729 63746 63738 63722 0 0 0 0 0 0
E 354703 cfg=104 nodes= 63749 63743 63721 63728 0 0 0 0 0 0
E 354702 cfg=104 nodes= 63745 63742 63719 63726 0 0 0 0 0 0
E 354701 cfg=104 nodes= 63720 63727 63744 63737 0 0 0 0 0 0
E 354700 cfg=104 nodes= 63718 63725 63741 63735 0 0 0 0 0 0
E 354699 cfg=104 nodes= 63743 63736 63714 63721 0 0 0 0 0 0
E 354698 cfg=104 nodes= 63724 63740 63733 63717 0 0 0 0 0 0
E 354697 cfg=104 nodes= 63715 63723 63739 63731 0 0 0 0 0 0
E 354696 cfg=104 nodes= 63722 63738 63732 63716 0 0 0 0 0 0
E 354695 cfg=104 nodes= 63742 63652 63653 63719 0 0 0 0 0 0
E 354694 cfg=104 nodes= 63737 63734 63713 63720 0 0 0 0 0 0
E 354693 cfg=104 nodes= 64716 64726 63729 64713 0 0 0 0 0 0
E 354692 cfg=104 nodes= 63736 63730 63711 63714 0 0 0 0 0 0
E 354691 cfg=104 nodes= 63712 63718 63735 63727 0 0 0 0 0 0
E 354690 cfg=104 nodes= 63734 63728 63707 63713 0 0 0 0 0 0
E 354689 cfg=104 nodes= 63709 63715 63731 63725 0 0 0 0 0 0
E 354688 cfg=104 nodes= 63716 63732 63724 63710 0 0 0 0 0 0
E 354687 cfg=104 nodes= 63717 63733 63723 63708 0 0 0 0 0 0
E 354686 cfg=104 nodes= 64713 63729 63722 64708 0 0 0 0 0 0
E 354685 cfg=104 nodes= 63730 63726 63706 63711 0 0 0 0 0 0
E 354684 cfg=104 nodes= 63705 63712 63727 63720 0 0 0 0 0 0
E 354683 cfg=104 nodes= 63728 63721 63704 63707 0 0 0 0 0 0
E 354682 cfg=104 nodes= 63703 63709 63725 63718 0 0 0 0 0 0
E 354681 cfg=104 nodes= 63710 63724 63717 63702 0 0 0 0 0 0
E 354680 cfg=104 nodes= 63701 63708 63723 63715 0 0 0 0 0 0
E 354679 cfg=104 nodes= 64708 63722 63716 64702 0 0 0 0 0 0
E 354678 cfg=104 nodes= 63726 63719 63699 63706 0 0 0 0 0 0
E 354677 cfg=104 nodes= 63720 63713 63700 63705 0 0 0 0 0 0
E 354676 cfg=104 nodes= 63721 63714 63698 63704 0 0 0 0 0 0
E 354675 cfg=104 nodes= 63697 63703 63718 63712 0 0 0 0 0 0
E 354674 cfg=104 nodes= 63719 63653 63654 63699 0 0 0 0 0 0
E 354673 cfg=104 nodes= 63702 63717 63708 63696 0 0 0 0 0 0
E 354672 cfg=104 nodes= 64702 63716 63710 64696 0 0 0 0 0 0
E 354671 cfg=104 nodes= 63695 63701 63715 63709 0 0 0 0 0 0
E 354670 cfg=104 nodes= 63713 63707 63694 63700 0 0 0 0 0 0
E 354669 cfg=104 nodes= 63714 63711 63693 63698 0 0 0 0 0 0
E 354668 cfg=104 nodes= 63691 63697 63712 63705 0 0 0 0 0 0
E 354667 cfg=104 nodes= 63707 63704 63692 63694 0 0 0 0 0 0
E 354666 cfg=104 nodes= 64696 63710 63702 64689 0 0 0 0 0 0
E 354665 cfg=104 nodes= 63690 63695 63709 63703 0 0 0 0 0 0
E 354664 cfg=104 nodes= 63689 63696 63708 63701 0 0 0 0 0 0
E 354663 cfg=104 nodes= 63711 63706 63688 63693 0 0 0 0 0 0
E 354662 cfg=104 nodes= 63705 63700 63687 63691 0 0 0 0 0 0
E 354661 cfg=104 nodes= 63706 63699 63683 63688 0 0 0 0 0 0
E 354660 cfg=104 nodes= 63686 63690 63703 63697 0 0 0 0 0 0
E 354659 cfg=104 nodes= 63681 63692 63704 63698 0 0 0 0 0 0
E 354658 cfg=104 nodes= 64689 63702 63696 64682 0 0 0 0 0 0
E 354657 cfg=104 nodes= 63685 63689 63701 63695 0 0 0 0 0 0
E 354656 cfg=104 nodes= 63700 63694 63684 63687 0 0 0 0 0 0
E 354655 cfg=104 nodes= 63699 63654 63655 63683 0 0 0 0 0 0
E 354654 cfg=104 nodes= 63694 63692 63682 63684 0 0 0 0 0 0
E 354653 cfg=104 nodes= 63680 63686 63697 63691 0 0 0 0 0 0
E 354652 cfg=104 nodes= 64674 64682 63696 63689 0 0 0 0 0 0
E 354651 cfg=104 nodes= 63679 63685 63695 63690 0 0 0 0 0 0
E 354650 cfg=104 nodes= 63698 63693 63678 63681 0 0 0 0 0 0
E 354648 cfg=104 nodes= 63691 63687 63677 63680 0 0 0 0 0 0
E 354647 cfg=104 nodes= 63693 63688 63674 63678 0 0 0 0 0 0
E 354646 cfg=104 nodes= 63676 63679 63690 63686 0 0 0 0 0 0
E 354645 cfg=104 nodes= 64666 64674 63689 63685 0 0 0 0 0 0
E 354644 cfg=104 nodes= 63687 63684 63675 63677 0 0 0 0 0 0
E 354643 cfg=104 nodes= 63688 63683 63671 63674 0 0 0 0 0 0
E 354642 cfg=104 nodes= 63684 63682 63673 63675 0 0 0 0 0 0
E 354641 cfg=104 nodes= 63672 63676 63686 63680 0 0 0 0 0 0
E 354640 cfg=104 nodes= 64657 64666 63685 63679 0 0 0 0 0 0
E 354639 cfg=104 nodes= 63682 63681 63670 63673 0 0 0 0 0 0
E 354638 cfg=104 nodes= 63683 63655 63656 63671 0 0 0 0 0 0
E 354637 cfg=104 nodes= 63677 63669 63672 63680 0 0 0 0 0 0
E 354636 cfg=104 nodes= 63681 63678 63667 63670 0 0 0 0 0 0
E 354635 cfg=104 nodes= 64647 64657 63679 63676 0 0 0 0 0 0
E 354633 cfg=104 nodes= 63666 63668 63677 63675 0 0 0 0 0 0
E 354632 cfg=104 nodes= 63678 63674 63665 63667 0 0 0 0 0 0
E 354631 cfg=104 nodes= 64638 64647 63676 63672 0 0 0 0 0 0
E 354630 cfg=104 nodes= 63675 63673 63664 63666 0 0 0 0 0 0
E 354629 cfg=104 nodes= 63674 63671 63663 63665 0 0 0 0 0 0
E 354628 cfg=104 nodes= 63672 63669 64628 64638 0 0 0 0 0 0
E 354627 cfg=104 nodes= 63673 63670 63662 63664 0 0 0 0 0 0
E 354626 cfg=104 nodes= 63669 63668 64619 64628 0 0 0 0 0 0
E 354625 cfg=104 nodes= 63671 63656 63657 63663 0 0 0 0 0 0
E 354624 cfg=104 nodes= 63670 63667 63661 63662 0 0 0 0 0 0
E 354623 cfg=104 nodes= 64609 64619 63668 63666 0 0 0 0 0 0
E 354622 cfg=104 nodes= 63667 63665 63660 63661 0 0 0 0 0 0
E 354621 cfg=104 nodes= 63666 63664 64599 64609 0 0 0 0 0 0
E 354620 cfg=104 nodes= 63665 63663 63659 63660 0 0 0 0 0 0
E 354619 cfg=104 nodes= 63664 63662 64590 64599 0 0 0 0 0 0
E 354618 cfg=104 nodes= 63663 63657 63658 63659 0 0 0 0 0 0
E 354617 cfg=104 nodes= 63662 63661 64578 64590 0 0 0 0 0 0
E 354616 cfg=104 nodes= 63661 63660 64567 64578 0 0 0 0 0 0
E 354615 cfg=104 nodes= 63660 63659 64555 64567 0 0 0 0 0 0
E 354614 cfg=104 nodes= 63659 63658 64013 64555 0 0 0 0 0 0
E 354613 cfg=104 nodes= 63277 63475 65995 66026 0 0 0 0 0 0
E 354612 cfg=104 nodes= 63276 63474 63475 63277 0 0 0 0 0 0
E 354611 cfg=104 nodes= 63275 63473 63474 63276 0 0 0 0 0 0
E 354610 cfg=104 nodes= 63274 63472 63473 63275 0 0 0 0 0 0
E 354609 cfg=104 nodes= 63273 63471 63472 63274 0 0 0 0 0 0
E 354608 cfg=104 nodes= 63272 63470 63471 63273 0 0 0 0 0 0
E 354607 cfg=104 nodes= 63271 63469 63470 63272 0 0 0 0 0 0
E 354606 cfg=104 nodes= 63270 63468 63469 63271 0 0 0 0 0 0
E 354605 cfg=104 nodes= 63269 63467 63468 63270 0 0 0 0 0 0
E 354604 cfg=104 nodes= 63268 63466 63467 63269 0 0 0 0 0 0
E 354603 cfg=104 nodes= 63267 63465 63466 63268 0 0 0 0 0 0
E 354602 cfg=104 nodes= 63266 63464 63465 63267 0 0 0 0 0 0
E 354601 cfg=104 nodes= 63265 63463 63464 63266 0 0 0 0 0 0
E 354600 cfg=104 nodes= 63264 63462 63463 63265 0 0 0 0 0 0
E 354599 cfg=104 nodes= 63263 63461 63462 63264 0 0 0 0 0 0
E 354598 cfg=104 nodes= 63262 63460 63461 63263 0 0 0 0 0 0
E 354597 cfg=104 nodes= 63261 63459 63460 63262 0 0 0 0 0 0
E 354596 cfg=104 nodes= 63260 63458 63459 63261 0 0 0 0 0 0
E 354595 cfg=104 nodes= 63259 63457 63458 63260 0 0 0 0 0 0
E 354594 cfg=104 nodes= 63258 63456 63457 63259 0 0 0 0 0 0
E 354593 cfg=104 nodes= 63257 63455 63456 63258 0 0 0 0 0 0
E 354592 cfg=104 nodes= 63256 63454 63455 63257 0 0 0 0 0 0
E 354591 cfg=104 nodes= 63255 63453 63454 63256 0 0 0 0 0 0
E 354590 cfg=104 nodes= 63254 63452 63453 63255 0 0 0 0 0 0
E 354589 cfg=104 nodes= 63246 63248 63452 63254 0 0 0 0 0 0
E 354588 cfg=104 nodes= 63643 65730 65739 65770 0 0 0 0 0 0
E 354587 cfg=104 nodes= 63642 65720 65730 63643 0 0 0 0 0 0
E 354586 cfg=104 nodes= 63641 65712 65720 63642 0 0 0 0 0 0
E 354585 cfg=104 nodes= 63640 64832 65712 63641 0 0 0 0 0 0
E 354584 cfg=104 nodes= 63639 64982 64832 63640 0 0 0 0 0 0
E 354583 cfg=104 nodes= 63638 64978 64982 63639 0 0 0 0 0 0
E 354582 cfg=104 nodes= 63637 64980 64978 63638 0 0 0 0 0 0
E 354581 cfg=104 nodes= 63636 64975 64980 63637 0 0 0 0 0 0
E 354580 cfg=104 nodes= 63635 64985 64975 63636 0 0 0 0 0 0
E 354579 cfg=104 nodes= 63634 64984 64985 63635 0 0 0 0 0 0
E 354578 cfg=104 nodes= 63633 64983 64984 63634 0 0 0 0 0 0
E 354577 cfg=104 nodes= 63632 64889 64983 63633 0 0 0 0 0 0
E 354576 cfg=104 nodes= 63631 64927 64889 63632 0 0 0 0 0 0
E 354575 cfg=104 nodes= 63630 64926 64927 63631 0 0 0 0 0 0
E 354574 cfg=104 nodes= 63629 64923 64926 63630 0 0 0 0 0 0
E 354573 cfg=104 nodes= 63628 64935 64923 63629 0 0 0 0 0 0
E 354572 cfg=104 nodes= 63627 64934 64935 63628 0 0 0 0 0 0
E 354571 cfg=104 nodes= 63626 64847 64934 63627 0 0 0 0 0 0
E 354570 cfg=104 nodes= 63625 65323 64847 63626 0 0 0 0 0 0
E 354569 cfg=104 nodes= 63624 65321 65323 63625 0 0 0 0 0 0
E 354568 cfg=104 nodes= 63623 65322 65321 63624 0 0 0 0 0 0
E 354567 cfg=104 nodes= 63622 65314 65322 63623 0 0 0 0 0 0
E 354566 cfg=104 nodes= 63621 65334 65314 63622 0 0 0 0 0 0
E 354565 cfg=104 nodes= 63620 65333 65334 63621 0 0 0 0 0 0
E 354564 cfg=104 nodes= 63451 65175 65333 63620 0 0 0 0 0 0
E 354563 cfg=104 nodes= 63619 63643 65770 65801 0 0 0 0 0 0
E 354562 cfg=104 nodes= 63618 63642 63643 63619 0 0 0 0 0 0
E 354561 cfg=104 nodes= 63617 63641 63642 63618 0 0 0 0 0 0
E 354560 cfg=104 nodes= 63616 63640 63641 63617 0 0 0 0 0 0
E 354559 cfg=104 nodes= 63615 63639 63640 63616 0 0 0 0 0 0
E 354558 cfg=104 nodes= 63614 63638 63639 63615 0 0 0 0 0 0
E 354557 cfg=104 nodes= 63613 63637 63638 63614 0 0 0 0 0 0
E 354556 cfg=104 nodes= 63612 63636 63637 63613 0 0 0 0 0 0
E 354555 cfg=104 nodes= 63611 63635 63636 63612 0 0 0 0 0 0
E 354554 cfg=104 nodes= 63610 63634 63635 63611 0 0 0 0 0 0
E 354553 cfg=104 nodes= 63609 63633 63634 63610 0 0 0 0 0 0
E 354552 cfg=104 nodes= 63608 63632 63633 63609 0 0 0 0 0 0
E 354551 cfg=104 nodes= 63607 63631 63632 63608 0 0 0 0 0 0
E 354550 cfg=104 nodes= 63606 63630 63631 63607 0 0 0 0 0 0
E 354549 cfg=104 nodes= 63605 63629 63630 63606 0 0 0 0 0 0
E 354548 cfg=104 nodes= 63604 63628 63629 63605 0 0 0 0 0 0
E 354547 cfg=104 nodes= 63603 63627 63628 63604 0 0 0 0 0 0
E 354546 cfg=104 nodes= 63602 63626 63627 63603 0 0 0 0 0 0
E 354545 cfg=104 nodes= 63601 63625 63626 63602 0 0 0 0 0 0
E 354544 cfg=104 nodes= 63600 63624 63625 63601 0 0 0 0 0 0
E 354543 cfg=104 nodes= 63599 63623 63624 63600 0 0 0 0 0 0
E 354542 cfg=104 nodes= 63598 63622 63623 63599 0 0 0 0 0 0
E 354541 cfg=104 nodes= 63597 63621 63622 63598 0 0 0 0 0 0
E 354540 cfg=104 nodes= 63596 63620 63621 63597 0 0 0 0 0 0
E 354539 cfg=104 nodes= 63450 63451 63620 63596 0 0 0 0 0 0
E 354538 cfg=104 nodes= 63595 63619 65801 65832 0 0 0 0 0 0
E 354537 cfg=104 nodes= 63594 63618 63619 63595 0 0 0 0 0 0
E 354536 cfg=104 nodes= 63593 63617 63618 63594 0 0 0 0 0 0
E 354535 cfg=104 nodes= 63592 63616 63617 63593 0 0 0 0 0 0
E 354534 cfg=104 nodes= 63591 63615 63616 63592 0 0 0 0 0 0
E 354533 cfg=104 nodes= 63590 63614 63615 63591 0 0 0 0 0 0
E 354532 cfg=104 nodes= 63589 63613 63614 63590 0 0 0 0 0 0
E 354531 cfg=104 nodes= 63588 63612 63613 63589 0 0 0 0 0 0
E 354530 cfg=104 nodes= 63587 63611 63612 63588 0 0 0 0 0 0
E 354529 cfg=104 nodes= 63586 63610 63611 63587 0 0 0 0 0 0
E 354528 cfg=104 nodes= 63585 63609 63610 63586 0 0 0 0 0 0
E 354527 cfg=104 nodes= 63584 63608 63609 63585 0 0 0 0 0 0
E 354526 cfg=104 nodes= 63583 63607 63608 63584 0 0 0 0 0 0
E 354525 cfg=104 nodes= 63582 63606 63607 63583 0 0 0 0 0 0
E 354524 cfg=104 nodes= 63581 63605 63606 63582 0 0 0 0 0 0
E 354523 cfg=104 nodes= 63580 63604 63605 63581 0 0 0 0 0 0
E 354522 cfg=104 nodes= 63579 63603 63604 63580 0 0 0 0 0 0
E 354521 cfg=104 nodes= 63578 63602 63603 63579 0 0 0 0 0 0
E 354520 cfg=104 nodes= 63577 63601 63602 63578 0 0 0 0 0 0
E 354519 cfg=104 nodes= 63576 63600 63601 63577 0 0 0 0 0 0
E 354518 cfg=104 nodes= 63575 63599 63600 63576 0 0 0 0 0 0
E 354517 cfg=104 nodes= 63574 63598 63599 63575 0 0 0 0 0 0
E 354516 cfg=104 nodes= 63573 63597 63598 63574 0 0 0 0 0 0
E 354515 cfg=104 nodes= 63572 63596 63597 63573 0 0 0 0 0 0
E 354514 cfg=104 nodes= 63449 63450 63596 63572 0 0 0 0 0 0
E 354513 cfg=104 nodes= 63571 63595 65832 65867 0 0 0 0 0 0
E 354512 cfg=104 nodes= 63570 63594 63595 63571 0 0 0 0 0 0
E 354511 cfg=104 nodes= 63569 63593 63594 63570 0 0 0 0 0 0
E 354510 cfg=104 nodes= 63568 63592 63593 63569 0 0 0 0 0 0
E 354509 cfg=104 nodes= 63567 63591 63592 63568 0 0 0 0 0 0
E 354508 cfg=104 nodes= 63566 63590 63591 63567 0 0 0 0 0 0
E 354507 cfg=104 nodes= 63565 63589 63590 63566 0 0 0 0 0 0
E 354506 cfg=104 nodes= 63564 63588 63589 63565 0 0 0 0 0 0
E 354505 cfg=104 nodes= 63563 63587 63588 63564 0 0 0 0 0 0
E 354504 cfg=104 nodes= 63562 63586 63587 63563 0 0 0 0 0 0
E 354503 cfg=104 nodes= 63561 63585 63586 63562 0 0 0 0 0 0
E 354502 cfg=104 nodes= 63560 63584 63585 63561 0 0 0 0 0 0
E 354501 cfg=104 nodes= 63559 63583 63584 63560 0 0 0 0 0 0
E 354500 cfg=104 nodes= 63558 63582 63583 63559 0 0 0 0 0 0
E 354499 cfg=104 nodes= 63557 63581 63582 63558 0 0 0 0 0 0
E 354498 cfg=104 nodes= 63556 63580 63581 63557 0 0 0 0 0 0
E 354497 cfg=104 nodes= 63555 63579 63580 63556 0 0 0 0 0 0
E 354496 cfg=104 nodes= 63554 63578 63579 63555 0 0 0 0 0 0
E 354495 cfg=104 nodes= 63553 63577 63578 63554 0 0 0 0 0 0
E 354494 cfg=104 nodes= 63552 63576 63577 63553 0 0 0 0 0 0
E 354493 cfg=104 nodes= 63551 63575 63576 63552 0 0 0 0 0 0
E 354492 cfg=104 nodes= 63550 63574 63575 63551 0 0 0 0 0 0
E 354491 cfg=104 nodes= 63549 63573 63574 63550 0 0 0 0 0 0
E 354490 cfg=104 nodes= 63548 63572 63573 63549 0 0 0 0 0 0
E 354489 cfg=104 nodes= 63448 63449 63572 63548 0 0 0 0 0 0
E 354488 cfg=104 nodes= 63547 63571 65867 65902 0 0 0 0 0 0
E 354487 cfg=104 nodes= 63546 63570 63571 63547 0 0 0 0 0 0
E 354486 cfg=104 nodes= 63545 63569 63570 63546 0 0 0 0 0 0
E 354485 cfg=104 nodes= 63544 63568 63569 63545 0 0 0 0 0 0
E 354484 cfg=104 nodes= 63543 63567 63568 63544 0 0 0 0 0 0
E 354483 cfg=104 nodes= 63542 63566 63567 63543 0 0 0 0 0 0
E 354482 cfg=104 nodes= 63541 63565 63566 63542 0 0 0 0 0 0
E 354481 cfg=104 nodes= 63540 63564 63565 63541 0 0 0 0 0 0
E 354480 cfg=104 nodes= 63539 63563 63564 63540 0 0 0 0 0 0
E 354479 cfg=104 nodes= 63538 63562 63563 63539 0 0 0 0 0 0
E 354478 cfg=104 nodes= 63537 63561 63562 63538 0 0 0 0 0 0
E 354477 cfg=104 nodes= 63536 63560 63561 63537 0 0 0 0 0 0
E 354476 cfg=104 nodes= 63535 63559 63560 63536 0 0 0 0 0 0
E 354475 cfg=104 nodes= 63534 63558 63559 63535 0 0 0 0 0 0
E 354474 cfg=104 nodes= 63533 63557 63558 63534 0 0 0 0 0 0
E 354473 cfg=104 nodes= 63532 63556 63557 63533 0 0 0 0 0 0
E 354472 cfg=104 nodes= 63531 63555 63556 63532 0 0 0 0 0 0
E 354471 cfg=104 nodes= 63530 63554 63555 63531 0 0 0 0 0 0
E 354470 cfg=104 nodes= 63529 63553 63554 63530 0 0 0 0 0 0
E 354469 cfg=104 nodes= 63528 63552 63553 63529 0 0 0 0 0 0
E 354468 cfg=104 nodes= 63527 63551 63552 63528 0 0 0 0 0 0
E 354467 cfg=104 nodes= 63526 63550 63551 63527 0 0 0 0 0 0
E 354466 cfg=104 nodes= 63525 63549 63550 63526 0 0 0 0 0 0
E 354465 cfg=104 nodes= 63524 63548 63549 63525 0 0 0 0 0 0
E 354464 cfg=104 nodes= 63447 63448 63548 63524 0 0 0 0 0 0
E 354463 cfg=104 nodes= 63523 63547 65902 65932 0 0 0 0 0 0
E 354462 cfg=104 nodes= 63522 63546 63547 63523 0 0 0 0 0 0
E 354461 cfg=104 nodes= 63521 63545 63546 63522 0 0 0 0 0 0
E 354460 cfg=104 nodes= 63520 63544 63545 63521 0 0 0 0 0 0
E 354459 cfg=104 nodes= 63519 63543 63544 63520 0 0 0 0 0 0
E 354458 cfg=104 nodes= 63518 63542 63543 63519 0 0 0 0 0 0
E 354457 cfg=104 nodes= 63517 63541 63542 63518 0 0 0 0 0 0
E 354456 cfg=104 nodes= 63516 63540 63541 63517 0 0 0 0 0 0
E 354455 cfg=104 nodes= 63515 63539 63540 63516 0 0 0 0 0 0
E 354454 cfg=104 nodes= 63514 63538 63539 63515 0 0 0 0 0 0
E 354453 cfg=104 nodes= 63513 63537 63538 63514 0 0 0 0 0 0
E 354452 cfg=104 nodes= 63512 63536 63537 63513 0 0 0 0 0 0
E 354451 cfg=104 nodes= 63511 63535 63536 63512 0 0 0 0 0 0
E 354450 cfg=104 nodes= 63510 63534 63535 63511 0 0 0 0 0 0
E 354449 cfg=104 nodes= 63509 63533 63534 63510 0 0 0 0 0 0
E 354448 cfg=104 nodes= 63508 63532 63533 63509 0 0 0 0 0 0
E 354447 cfg=104 nodes= 63507 63531 63532 63508 0 0 0 0 0 0
E 354446 cfg=104 nodes= 63506 63530 63531 63507 0 0 0 0 0 0
E 354445 cfg=104 nodes= 63505 63529 63530 63506 0 0 0 0 0 0
E 354444 cfg=104 nodes= 63504 63528 63529 63505 0 0 0 0 0 0
E 354443 cfg=104 nodes= 63503 63527 63528 63504 0 0 0 0 0 0
E 354442 cfg=104 nodes= 63502 63526 63527 63503 0 0 0 0 0 0
E 354441 cfg=104 nodes= 63501 63525 63526 63502 0 0 0 0 0 0
E 354440 cfg=104 nodes= 63500 63524 63525 63501 0 0 0 0 0 0
E 354439 cfg=104 nodes= 63446 63447 63524 63500 0 0 0 0 0 0
E 354438 cfg=104 nodes= 63499 63523 65932 65964 0 0 0 0 0 0
E 354437 cfg=104 nodes= 63498 63522 63523 63499 0 0 0 0 0 0
E 354436 cfg=104 nodes= 63497 63521 63522 63498 0 0 0 0 0 0
E 354435 cfg=104 nodes= 63496 63520 63521 63497 0 0 0 0 0 0
E 354434 cfg=104 nodes= 63495 63519 63520 63496 0 0 0 0 0 0
E 354433 cfg=104 nodes= 63494 63518 63519 63495 0 0 0 0 0 0
E 354432 cfg=104 nodes= 63493 63517 63518 63494 0 0 0 0 0 0
E 354431 cfg=104 nodes= 63492 63516 63517 63493 0 0 0 0 0 0
E 354430 cfg=104 nodes= 63491 63515 63516 63492 0 0 0 0 0 0
E 354429 cfg=104 nodes= 63490 63514 63515 63491 0 0 0 0 0 0
E 354428 cfg=104 nodes= 63489 63513 63514 63490 0 0 0 0 0 0
E 354427 cfg=104 nodes= 63488 63512 63513 63489 0 0 0 0 0 0
E 354426 cfg=104 nodes= 63487 63511 63512 63488 0 0 0 0 0 0
E 354425 cfg=104 nodes= 63486 63510 63511 63487 0 0 0 0 0 0
E 354424 cfg=104 nodes= 63485 63509 63510 63486 0 0 0 0 0 0
E 354423 cfg=104 nodes= 63484 63508 63509 63485 0 0 0 0 0 0
E 354422 cfg=104 nodes= 63483 63507 63508 63484 0 0 0 0 0 0
E 354421 cfg=104 nodes= 63482 63506 63507 63483 0 0 0 0 0 0
E 354420 cfg=104 nodes= 63481 63505 63506 63482 0 0 0 0 0 0
E 354419 cfg=104 nodes= 63480 63504 63505 63481 0 0 0 0 0 0
E 354418 cfg=104 nodes= 63479 63503 63504 63480 0 0 0 0 0 0
E 354417 cfg=104 nodes= 63478 63502 63503 63479 0 0 0 0 0 0
E 354416 cfg=104 nodes= 63477 63501 63502 63478 0 0 0 0 0 0
E 354415 cfg=104 nodes= 63476 63500 63501 63477 0 0 0 0 0 0
E 354414 cfg=104 nodes= 63445 63446 63500 63476 0 0 0 0 0 0
E 354413 cfg=104 nodes= 63475 63499 65964 65995 0 0 0 0 0 0
E 354412 cfg=104 nodes= 63474 63498 63499 63475 0 0 0 0 0 0
E 354411 cfg=104 nodes= 63473 63497 63498 63474 0 0 0 0 0 0
E 354410 cfg=104 nodes= 63472 63496 63497 63473 0 0 0 0 0 0
E 354409 cfg=104 nodes= 63471 63495 63496 63472 0 0 0 0 0 0
E 354408 cfg=104 nodes= 63470 63494 63495 63471 0 0 0 0 0 0
E 354407 cfg=104 nodes= 63469 63493 63494 63470 0 0 0 0 0 0
E 354406 cfg=104 nodes= 63468 63492 63493 63469 0 0 0 0 0 0
E 354405 cfg=104 nodes= 63467 63491 63492 63468 0 0 0 0 0 0
E 354404 cfg=104 nodes= 63466 63490 63491 63467 0 0 0 0 0 0
E 354403 cfg=104 nodes= 63465 63489 63490 63466 0 0 0 0 0 0
E 354402 cfg=104 nodes= 63464 63488 63489 63465 0 0 0 0 0 0
E 354401 cfg=104 nodes= 63463 63487 63488 63464 0 0 0 0 0 0
E 354400 cfg=104 nodes= 63462 63486 63487 63463 0 0 0 0 0 0
E 354399 cfg=104 nodes= 63461 63485 63486 63462 0 0 0 0 0 0
E 354398 cfg=104 nodes= 63460 63484 63485 63461 0 0 0 0 0 0
E 354397 cfg=104 nodes= 63459 63483 63484 63460 0 0 0 0 0 0
E 354396 cfg=104 nodes= 63458 63482 63483 63459 0 0 0 0 0 0
E 354395 cfg=104 nodes= 63457 63481 63482 63458 0 0 0 0 0 0
E 354394 cfg=104 nodes= 63456 63480 63481 63457 0 0 0 0 0 0
E 354393 cfg=104 nodes= 63455 63479 63480 63456 0 0 0 0 0 0
E 354392 cfg=104 nodes= 63454 63478 63479 63455 0 0 0 0 0 0
E 354391 cfg=104 nodes= 63453 63477 63478 63454 0 0 0 0 0 0
E 354390 cfg=104 nodes= 63452 63476 63477 63453 0 0 0 0 0 0
E 354389 cfg=104 nodes= 63248 63445 63476 63452 0 0 0 0 0 0
E 354388 cfg=104 nodes= 63451 63409 65235 65175 0 0 0 0 0 0
E 354387 cfg=104 nodes= 63450 63408 63409 63451 0 0 0 0 0 0
E 354386 cfg=104 nodes= 63449 63407 63408 63450 0 0 0 0 0 0
E 354385 cfg=104 nodes= 63448 63406 63407 63449 0 0 0 0 0 0
E 354384 cfg=104 nodes= 63447 63405 63406 63448 0 0 0 0 0 0
E 354383 cfg=104 nodes= 63446 63404 63405 63447 0 0 0 0 0 0
E 354382 cfg=104 nodes= 63445 63403 63404 63446 0 0 0 0 0 0
E 354381 cfg=104 nodes= 63248 63247 63403 63445 0 0 0 0 0 0
E 354380 cfg=104 nodes= 63444 63245 64833 65247 0 0 0 0 0 0
E 354379 cfg=104 nodes= 63443 63244 63245 63444 0 0 0 0 0 0
E 354378 cfg=104 nodes= 63442 63243 63244 63443 0 0 0 0 0 0
E 354377 cfg=104 nodes= 63441 63242 63243 63442 0 0 0 0 0 0
E 354376 cfg=104 nodes= 63440 63241 63242 63441 0 0 0 0 0 0
E 354375 cfg=104 nodes= 63439 63240 63241 63440 0 0 0 0 0 0
E 354374 cfg=104 nodes= 63438 63239 63240 63439 0 0 0 0 0 0
E 354373 cfg=104 nodes= 63402 63238 63239 63438 0 0 0 0 0 0
E 354372 cfg=104 nodes= 63437 63444 65247 65248 0 0 0 0 0 0
E 354371 cfg=104 nodes= 63436 63443 63444 63437 0 0 0 0 0 0
E 354370 cfg=104 nodes= 63435 63442 63443 63436 0 0 0 0 0 0
E 354369 cfg=104 nodes= 63434 63441 63442 63435 0 0 0 0 0 0
E 354368 cfg=104 nodes= 63433 63440 63441 63434 0 0 0 0 0 0
E 354367 cfg=104 nodes= 63432 63439 63440 63433 0 0 0 0 0 0
E 354366 cfg=104 nodes= 63431 63438 63439 63432 0 0 0 0 0 0
E 354365 cfg=104 nodes= 63401 63402 63438 63431 0 0 0 0 0 0
E 354364 cfg=104 nodes= 63430 63437 65248 65225 0 0 0 0 0 0
E 354363 cfg=104 nodes= 63429 63436 63437 63430 0 0 0 0 0 0
E 354362 cfg=104 nodes= 63428 63435 63436 63429 0 0 0 0 0 0
E 354361 cfg=104 nodes= 63427 63434 63435 63428 0 0 0 0 0 0
E 354360 cfg=104 nodes= 63426 63433 63434 63427 0 0 0 0 0 0
E 354359 cfg=104 nodes= 63425 63432 63433 63426 0 0 0 0 0 0
E 354358 cfg=104 nodes= 63424 63431 63432 63425 0 0 0 0 0 0
E 354357 cfg=104 nodes= 63400 63401 63431 63424 0 0 0 0 0 0
E 354356 cfg=104 nodes= 63423 63430 65225 65234 0 0 0 0 0 0
E 354355 cfg=104 nodes= 63422 63429 63430 63423 0 0 0 0 0 0
E 354354 cfg=104 nodes= 63421 63428 63429 63422 0 0 0 0 0 0
E 354353 cfg=104 nodes= 63420 63427 63428 63421 0 0 0 0 0 0
E 354352 cfg=104 nodes= 63419 63426 63427 63420 0 0 0 0 0 0
E 354351 cfg=104 nodes= 63418 63425 63426 63419 0 0 0 0 0 0
E 354350 cfg=104 nodes= 63417 63424 63425 63418 0 0 0 0 0 0
E 354349 cfg=104 nodes= 63399 63400 63424 63417 0 0 0 0 0 0
E 354348 cfg=104 nodes= 63416 63423 65234 65233 0 0 0 0 0 0
E 354347 cfg=104 nodes= 63415 63422 63423 63416 0 0 0 0 0 0
E 354346 cfg=104 nodes= 63414 63421 63422 63415 0 0 0 0 0 0
E 354345 cfg=104 nodes= 63413 63420 63421 63414 0 0 0 0 0 0
E 354344 cfg=104 nodes= 63412 63419 63420 63413 0 0 0 0 0 0
E 354343 cfg=104 nodes= 63411 63418 63419 63412 0 0 0 0 0 0
E 354342 cfg=104 nodes= 63410 63417 63418 63411 0 0 0 0 0 0
E 354341 cfg=104 nodes= 63398 63399 63417 63410 0 0 0 0 0 0
E 354340 cfg=104 nodes= 63409 63416 65233 65235 0 0 0 0 0 0
E 354339 cfg=104 nodes= 63408 63415 63416 63409 0 0 0 0 0 0
E 354338 cfg=104 nodes= 63407 63414 63415 63408 0 0 0 0 0 0
E 354337 cfg=104 nodes= 63406 63413 63414 63407 0 0 0 0 0 0
E 354336 cfg=104 nodes= 63405 63412 63413 63406 0 0 0 0 0 0
E 354335 cfg=104 nodes= 63404 63411 63412 63405 0 0 0 0 0 0
E 354334 cfg=104 nodes= 63403 63410 63411 63404 0 0 0 0 0 0
E 354333 cfg=104 nodes= 63247 63398 63410 63403 0 0 0 0 0 0
E 354332 cfg=104 nodes= 63402 63253 63237 63238 0 0 0 0 0 0
E 354331 cfg=104 nodes= 63401 63252 63253 63402 0 0 0 0 0 0
E 354330 cfg=104 nodes= 63400 63251 63252 63401 0 0 0 0 0 0
E 354329 cfg=104 nodes= 63399 63250 63251 63400 0 0 0 0 0 0
E 354328 cfg=104 nodes= 63398 63249 63250 63399 0 0 0 0 0 0
E 354327 cfg=104 nodes= 63247 63246 63249 63398 0 0 0 0 0 0
E 354325 cfg=104 nodes= 63397 66183 65410 63213 0 0 0 0 0 0
E 354324 cfg=104 nodes= 63396 66149 66183 63397 0 0 0 0 0 0
E 354323 cfg=104 nodes= 63395 66115 66149 63396 0 0 0 0 0 0
E 354322 cfg=104 nodes= 63394 66085 66115 63395 0 0 0 0 0 0
E 354321 cfg=104 nodes= 63393 66054 66085 63394 0 0 0 0 0 0
E 354320 cfg=104 nodes= 63277 66026 66054 63393 0 0 0 0 0 0
E 354319 cfg=104 nodes= 63392 63397 63213 63214 0 0 0 0 0 0
E 354318 cfg=104 nodes= 63391 63396 63397 63392 0 0 0 0 0 0
E 354317 cfg=104 nodes= 63390 63395 63396 63391 0 0 0 0 0 0
E 354316 cfg=104 nodes= 63389 63394 63395 63390 0 0 0 0 0 0
E 354315 cfg=104 nodes= 63388 63393 63394 63389 0 0 0 0 0 0
E 354314 cfg=104 nodes= 63276 63277 63393 63388 0 0 0 0 0 0
E 354313 cfg=104 nodes= 63387 63392 63214 63215 0 0 0 0 0 0
E 354312 cfg=104 nodes= 63386 63391 63392 63387 0 0 0 0 0 0
E 354311 cfg=104 nodes= 63385 63390 63391 63386 0 0 0 0 0 0
E 354310 cfg=104 nodes= 63384 63389 63390 63385 0 0 0 0 0 0
E 354309 cfg=104 nodes= 63383 63388 63389 63384 0 0 0 0 0 0
E 354308 cfg=104 nodes= 63275 63276 63388 63383 0 0 0 0 0 0
E 354307 cfg=104 nodes= 63382 63387 63215 63216 0 0 0 0 0 0
E 354306 cfg=104 nodes= 63381 63386 63387 63382 0 0 0 0 0 0
E 354305 cfg=104 nodes= 63380 63385 63386 63381 0 0 0 0 0 0
E 354304 cfg=104 nodes= 63379 63384 63385 63380 0 0 0 0 0 0
E 354303 cfg=104 nodes= 63378 63383 63384 63379 0 0 0 0 0 0
E 354302 cfg=104 nodes= 63274 63275 63383 63378 0 0 0 0 0 0
E 354301 cfg=104 nodes= 63377 63382 63216 63217 0 0 0 0 0 0
E 354300 cfg=104 nodes= 63376 63381 63382 63377 0 0 0 0 0 0
E 354299 cfg=104 nodes= 63375 63380 63381 63376 0 0 0 0 0 0
E 354298 cfg=104 nodes= 63374 63379 63380 63375 0 0 0 0 0 0
E 354297 cfg=104 nodes= 63373 63378 63379 63374 0 0 0 0 0 0
E 354296 cfg=104 nodes= 63273 63274 63378 63373 0 0 0 0 0 0
E 354295 cfg=104 nodes= 63372 63377 63217 63218 0 0 0 0 0 0
E 354294 cfg=104 nodes= 63371 63376 63377 63372 0 0 0 0 0 0
E 354293 cfg=104 nodes= 63370 63375 63376 63371 0 0 0 0 0 0
E 354292 cfg=104 nodes= 63369 63374 63375 63370 0 0 0 0 0 0
E 354291 cfg=104 nodes= 63368 63373 63374 63369 0 0 0 0 0 0
E 354290 cfg=104 nodes= 63272 63273 63373 63368 0 0 0 0 0 0
E 354289 cfg=104 nodes= 63367 63372 63218 63219 0 0 0 0 0 0
E 354288 cfg=104 nodes= 63366 63371 63372 63367 0 0 0 0 0 0
E 354287 cfg=104 nodes= 63365 63370 63371 63366 0 0 0 0 0 0
E 354286 cfg=104 nodes= 63364 63369 63370 63365 0 0 0 0 0 0
E 354285 cfg=104 nodes= 63363 63368 63369 63364 0 0 0 0 0 0
E 354284 cfg=104 nodes= 63271 63272 63368 63363 0 0 0 0 0 0
E 354283 cfg=104 nodes= 63362 63367 63219 63220 0 0 0 0 0 0
E 354282 cfg=104 nodes= 63361 63366 63367 63362 0 0 0 0 0 0
E 354281 cfg=104 nodes= 63360 63365 63366 63361 0 0 0 0 0 0
E 354280 cfg=104 nodes= 63359 63364 63365 63360 0 0 0 0 0 0
E 354279 cfg=104 nodes= 63358 63363 63364 63359 0 0 0 0 0 0
E 354278 cfg=104 nodes= 63270 63271 63363 63358 0 0 0 0 0 0
E 354277 cfg=104 nodes= 63357 63362 63220 63221 0 0 0 0 0 0
E 354276 cfg=104 nodes= 63356 63361 63362 63357 0 0 0 0 0 0
E 354275 cfg=104 nodes= 63355 63360 63361 63356 0 0 0 0 0 0
E 354274 cfg=104 nodes= 63354 63359 63360 63355 0 0 0 0 0 0
E 354273 cfg=104 nodes= 63353 63358 63359 63354 0 0 0 0 0 0
E 354272 cfg=104 nodes= 63269 63270 63358 63353 0 0 0 0 0 0
E 354271 cfg=104 nodes= 63352 63357 63221 63222 0 0 0 0 0 0
E 354270 cfg=104 nodes= 63351 63356 63357 63352 0 0 0 0 0 0
E 354269 cfg=104 nodes= 63350 63355 63356 63351 0 0 0 0 0 0
E 354268 cfg=104 nodes= 63349 63354 63355 63350 0 0 0 0 0 0
E 354267 cfg=104 nodes= 63348 63353 63354 63349 0 0 0 0 0 0
E 354266 cfg=104 nodes= 63268 63269 63353 63348 0 0 0 0 0 0
E 354265 cfg=104 nodes= 63347 63352 63222 63223 0 0 0 0 0 0
E 354264 cfg=104 nodes= 63346 63351 63352 63347 0 0 0 0 0 0
E 354263 cfg=104 nodes= 63345 63350 63351 63346 0 0 0 0 0 0
E 354262 cfg=104 nodes= 63344 63349 63350 63345 0 0 0 0 0 0
E 354261 cfg=104 nodes= 63343 63348 63349 63344 0 0 0 0 0 0
E 354260 cfg=104 nodes= 63267 63268 63348 63343 0 0 0 0 0 0
E 354259 cfg=104 nodes= 63342 63347 63223 63224 0 0 0 0 0 0
E 354258 cfg=104 nodes= 63341 63346 63347 63342 0 0 0 0 0 0
E 354257 cfg=104 nodes= 63340 63345 63346 63341 0 0 0 0 0 0
E 354256 cfg=104 nodes= 63339 63344 63345 63340 0 0 0 0 0 0
E 354255 cfg=104 nodes= 63338 63343 63344 63339 0 0 0 0 0 0
E 354254 cfg=104 nodes= 63266 63267 63343 63338 0 0 0 0 0 0
E 354253 cfg=104 nodes= 63337 63342 63224 63225 0 0 0 0 0 0
E 354252 cfg=104 nodes= 63336 63341 63342 63337 0 0 0 0 0 0
E 354251 cfg=104 nodes= 63335 63340 63341 63336 0 0 0 0 0 0
E 354250 cfg=104 nodes= 63334 63339 63340 63335 0 0 0 0 0 0
E 354249 cfg=104 nodes= 63333 63338 63339 63334 0 0 0 0 0 0
E 354248 cfg=104 nodes= 63265 63266 63338 63333 0 0 0 0 0 0
E 354247 cfg=104 nodes= 63332 63337 63225 63226 0 0 0 0 0 0
E 354246 cfg=104 nodes= 63331 63336 63337 63332 0 0 0 0 0 0
E 354245 cfg=104 nodes= 63330 63335 63336 63331 0 0 0 0 0 0
E 354244 cfg=104 nodes= 63329 63334 63335 63330 0 0 0 0 0 0
E 354243 cfg=104 nodes= 63328 63333 63334 63329 0 0 0 0 0 0
E 354242 cfg=104 nodes= 63264 63265 63333 63328 0 0 0 0 0 0
E 354241 cfg=104 nodes= 63327 63332 63226 63227 0 0 0 0 0 0
E 354240 cfg=104 nodes= 63326 63331 63332 63327 0 0 0 0 0 0
E 354239 cfg=104 nodes= 63325 63330 63331 63326 0 0 0 0 0 0
E 354238 cfg=104 nodes= 63324 63329 63330 63325 0 0 0 0 0 0
E 354237 cfg=104 nodes= 63323 63328 63329 63324 0 0 0 0 0 0
E 354236 cfg=104 nodes= 63263 63264 63328 63323 0 0 0 0 0 0
E 354235 cfg=104 nodes= 63322 63327 63227 63228 0 0 0 0 0 0
E 354234 cfg=104 nodes= 63321 63326 63327 63322 0 0 0 0 0 0
E 354233 cfg=104 nodes= 63320 63325 63326 63321 0 0 0 0 0 0
E 354232 cfg=104 nodes= 63319 63324 63325 63320 0 0 0 0 0 0
E 354231 cfg=104 nodes= 63318 63323 63324 63319 0 0 0 0 0 0
E 354230 cfg=104 nodes= 63262 63263 63323 63318 0 0 0 0 0 0
E 354229 cfg=104 nodes= 63317 63322 63228 63229 0 0 0 0 0 0
E 354228 cfg=104 nodes= 63316 63321 63322 63317 0 0 0 0 0 0
E 354227 cfg=104 nodes= 63315 63320 63321 63316 0 0 0 0 0 0
E 354226 cfg=104 nodes= 63314 63319 63320 63315 0 0 0 0 0 0
E 354225 cfg=104 nodes= 63313 63318 63319 63314 0 0 0 0 0 0
E 354224 cfg=104 nodes= 63261 63262 63318 63313 0 0 0 0 0 0
E 354223 cfg=104 nodes= 63312 63317 63229 63230 0 0 0 0 0 0
E 354222 cfg=104 nodes= 63311 63316 63317 63312 0 0 0 0 0 0
E 354221 cfg=104 nodes= 63310 63315 63316 63311 0 0 0 0 0 0
E 354220 cfg=104 nodes= 63309 63314 63315 63310 0 0 0 0 0 0
E 354219 cfg=104 nodes= 63308 63313 63314 63309 0 0 0 0 0 0
E 354218 cfg=104 nodes= 63260 63261 63313 63308 0 0 0 0 0 0
E 354217 cfg=104 nodes= 63307 63312 63230 63231 0 0 0 0 0 0
E 354216 cfg=104 nodes= 63306 63311 63312 63307 0 0 0 0 0 0
E 354215 cfg=104 nodes= 63305 63310 63311 63306 0 0 0 0 0 0
E 354214 cfg=104 nodes= 63304 63309 63310 63305 0 0 0 0 0 0
E 354213 cfg=104 nodes= 63303 63308 63309 63304 0 0 0 0 0 0
E 354212 cfg=104 nodes= 63259 63260 63308 63303 0 0 0 0 0 0
E 354211 cfg=104 nodes= 63302 63307 63231 63232 0 0 0 0 0 0
E 354210 cfg=104 nodes= 63301 63306 63307 63302 0 0 0 0 0 0
E 354209 cfg=104 nodes= 63300 63305 63306 63301 0 0 0 0 0 0
E 354208 cfg=104 nodes= 63299 63304 63305 63300 0 0 0 0 0 0
E 354207 cfg=104 nodes= 63298 63303 63304 63299 0 0 0 0 0 0
E 354206 cfg=104 nodes= 63258 63259 63303 63298 0 0 0 0 0 0
E 354205 cfg=104 nodes= 63297 63302 63232 63233 0 0 0 0 0 0
E 354204 cfg=104 nodes= 63296 63301 63302 63297 0 0 0 0 0 0
E 354203 cfg=104 nodes= 63295 63300 63301 63296 0 0 0 0 0 0
E 354202 cfg=104 nodes= 63294 63299 63300 63295 0 0 0 0 0 0
E 354201 cfg=104 nodes= 63293 63298 63299 63294 0 0 0 0 0 0
E 354200 cfg=104 nodes= 63257 63258 63298 63293 0 0 0 0 0 0
E 354199 cfg=104 nodes= 63292 63297 63233 63234 0 0 0 0 0 0
E 354198 cfg=104 nodes= 63291 63296 63297 63292 0 0 0 0 0 0
E 354197 cfg=104 nodes= 63290 63295 63296 63291 0 0 0 0 0 0
E 354196 cfg=104 nodes= 63289 63294 63295 63290 0 0 0 0 0 0
E 354195 cfg=104 nodes= 63288 63293 63294 63289 0 0 0 0 0 0
E 354194 cfg=104 nodes= 63256 63257 63293 63288 0 0 0 0 0 0
E 354193 cfg=104 nodes= 63287 63292 63234 63235 0 0 0 0 0 0
E 354192 cfg=104 nodes= 63286 63291 63292 63287 0 0 0 0 0 0
E 354191 cfg=104 nodes= 63285 63290 63291 63286 0 0 0 0 0 0
E 354190 cfg=104 nodes= 63284 63289 63290 63285 0 0 0 0 0 0
E 354189 cfg=104 nodes= 63283 63288 63289 63284 0 0 0 0 0 0
E 354188 cfg=104 nodes= 63255 63256 63288 63283 0 0 0 0 0 0
E 354187 cfg=104 nodes= 63282 63287 63235 63236 0 0 0 0 0 0
E 354186 cfg=104 nodes= 63281 63286 63287 63282 0 0 0 0 0 0
E 354185 cfg=104 nodes= 63280 63285 63286 63281 0 0 0 0 0 0
E 354184 cfg=104 nodes= 63279 63284 63285 63280 0 0 0 0 0 0
E 354183 cfg=104 nodes= 63278 63283 63284 63279 0 0 0 0 0 0
E 354182 cfg=104 nodes= 63254 63255 63283 63278 0 0 0 0 0 0
E 354181 cfg=104 nodes= 63253 63282 63236 63237 0 0 0 0 0 0
E 354180 cfg=104 nodes= 63252 63281 63282 63253 0 0 0 0 0 0
E 354179 cfg=104 nodes= 63251 63280 63281 63252 0 0 0 0 0 0
E 354178 cfg=104 nodes= 63250 63279 63280 63251 0 0 0 0 0 0
E 354177 cfg=104 nodes= 63249 63278 63279 63250 0 0 0 0 0 0
E 354176 cfg=104 nodes= 63246 63254 63278 63249 0 0 0 0 0 0
